6000
0.02	0.0	0.0	-4.19182E-06
0.04	0.0	0.0	-9.11937E-06
0.06	0.0	0.0	-1.47906E-05
0.08	0.0	0.0	-2.12108E-05
0.1	0.0	0.0	-2.83821E-05
0.12	0.0	0.0	-3.63037E-05
0.14	0.0	0.0	-4.49715E-05
0.16	0.0	0.0	-5.43784E-05
0.18	0.0	0.0	-6.45134E-05
0.2	0.0	0.0	-7.53623E-05
0.22	0.0	0.0	-8.6907E-05
0.24	0.0	0.0	-9.91259E-05
0.26	0.0	0.0	-0.000111994
0.28	0.0	0.0	-0.00012548
0.3	0.0	0.0	-0.000139553
0.32	0.0	0.0	-0.000154174
0.34	0.0	0.0	-0.000169301
0.36	0.0	0.0	-0.00018489
0.38	0.0	0.0	-0.000200889
0.4	0.0	0.0	-0.000217246
0.42	0.0	0.0	-0.000233902
0.44	0.0	0.0	-0.000250795
0.46	0.0	0.0	-0.000267858
0.48	0.0	0.0	-0.00028502
0.5	0.0	0.0	-0.000302208
0.52	0.0	0.0	-0.00030706
0.54	0.0	0.0	-0.000311426
0.56	0.0	0.0	-0.000315283
0.58	0.0	0.0	-0.000318604
0.6	0.0	0.0	-0.000321366
0.62	0.0	0.0	-0.000323545
0.64	0.0	0.0	-0.000325117
0.66	0.0	0.0	-0.000326059
0.68	0.0	0.0	-0.000326349
0.7	0.0	0.0	-0.000325965
0.72	0.0	0.0	-0.000324887
0.74	0.0	0.0	-0.000323093
0.76	0.0	0.0	-0.000320566
0.78	0.0	0.0	-0.000317286
0.8	0.0	0.0	-0.000313237
0.82	0.0	0.0	-0.000308401
0.84	0.0	0.0	-0.000302765
0.86	0.0	0.0	-0.000296314
0.88	0.0	0.0	-0.000289036
0.9	0.0	0.0	-0.00028092
0.92	0.0	0.0	-0.000271956
0.94	0.0	0.0	-0.000262135
0.96	0.0	0.0	-0.000251451
0.98	0.0	0.0	-0.0002399
1	0.0	0.0	-0.000227477
1.02	0.0	0.0	-0.000214182
1.04	0.0	0.0	-0.000200013
1.06	0.0	0.0	-0.000184974
1.08	0.0	0.0	-0.000169069
1.1	0.0	0.0	-0.000152303
1.12	0.0	0.0	-0.000134684
1.14	0.0	0.0	-0.000116223
1.16	0.0	0.0	-9.69307E-05
1.18	0.0	0.0	-7.68226E-05
1.2	0.0	0.0	-5.59147E-05
1.22	0.0	0.0	-3.42257E-05
1.24	0.0	0.0	-1.17766E-05
1.26	0.0	0.0	1.14095E-05
1.28	0.0	0.0	3.5307E-05
1.3	0.0	0.0	5.98881E-05
1.32	0.0	0.0	8.51229E-05
1.34	0.0	0.0	0.000110979
1.36	0.0	0.0	0.000137421
1.38	0.0	0.0	0.000164412
1.4	0.0	0.0	0.000191914
1.42	0.0	0.0	0.000219883
1.44	0.0	0.0	0.000248277
1.46	0.0	0.0	0.000277048
1.48	0.0	0.0	0.000306149
1.5	0.0	0.0	0.000335528
1.52	0.0	0.0	0.000365134
1.54	0.0	0.0	0.000394909
1.56	0.0	0.0	0.000424799
1.58	0.0	0.0	0.000454743
1.6	0.0	0.0	0.000484681
1.62	0.0	0.0	0.000514549
1.64	0.0	0.0	0.000544284
1.66	0.0	0.0	0.000573818
1.68	0.0	0.0	0.000603084
1.7	0.0	0.0	0.000632013
1.72	0.0	0.0	0.000660532
1.74	0.0	0.0	0.000688571
1.76	0.0	0.0	0.000716055
1.78	0.0	0.0	0.00074291
1.8	0.0	0.0	0.00076906
1.82	0.0	0.0	0.00079443
1.84	0.0	0.0	0.000818942
1.86	0.0	0.0	0.000842518
1.88	0.0	0.0	0.000865081
1.9	0.0	0.0	0.000886552
1.92	0.0	0.0	0.000906854
1.94	0.0	0.0	0.000925908
1.96	0.0	0.0	0.000943636
1.98	0.0	0.0	0.00095996
2	0.0	0.0	0.000974804
2.02	0.0	0.0	0.000988091
2.04	0.0	0.0	0.000999747
2.06	0.0	0.0	0.001009697
2.08	0.0	0.0	0.001017869
2.1	0.0	0.0	0.001024192
2.12	0.0	0.0	0.001028595
2.14	0.0	0.0	0.001031013
2.16	0.0	0.0	0.001031379
2.18	0.0	0.0	0.001029631
2.2	0.0	0.0	0.001025708
2.22	0.0	0.0	0.001019553
2.24	0.0	0.0	0.00101111
2.26	0.0	0.0	0.00100033
2.28	0.0	0.0	0.000987162
2.3	0.0	0.0	0.000971564
2.32	0.0	0.0	0.000953493
2.34	0.0	0.0	0.000932914
2.36	0.0	0.0	0.000909793
2.38	0.0	0.0	0.000884103
2.4	0.0	0.0	0.000855819
2.42	0.0	0.0	0.000824923
2.44	0.0	0.0	0.0007914
2.46	0.0	0.0	0.000755241
2.48	0.0	0.0	0.000716443
2.5	0.0	0.0	0.000675008
2.52	0.0	0.0	0.000630942
2.54	0.0	0.0	0.000584258
2.56	0.0	0.0	0.000534976
2.58	0.0	0.0	0.00048312
2.6	0.0	0.0	0.000428722
2.62	0.0	0.0	0.000371817
2.64	0.0	0.0	0.000312451
2.66	0.0	0.0	0.000250673
2.68	0.0	0.0	0.000186538
2.7	0.0	0.0	0.000120112
2.72	0.0	0.0	5.14621E-05
2.74	0.0	0.0	-1.93338E-05
2.76	0.0	0.0	-9.21929E-05
2.78	0.0	0.0	-0.000167025
2.8	0.0	0.0	-0.000243735
2.82	0.0	0.0	-0.000322217
2.84	0.0	0.0	-0.000402362
2.86	0.0	0.0	-0.000484054
2.88	0.0	0.0	-0.000567169
2.9	0.0	0.0	-0.000651576
2.92	0.0	0.0	-0.000737139
2.94	0.0	0.0	-0.000823716
2.96	0.0	0.0	-0.000911157
2.98	0.0	0.0	-0.000999306
3	0.0	0.0	-0.001088003
3.02	0.0	0.0	-0.001177081
3.04	0.0	0.0	-0.001266366
3.06	0.0	0.0	-0.00135568
3.08	0.0	0.0	-0.00144484
3.1	0.0	0.0	-0.001533658
3.12	0.0	0.0	-0.001621941
3.14	0.0	0.0	-0.00170949
3.16	0.0	0.0	-0.001796104
3.18	0.0	0.0	-0.001881578
3.2	0.0	0.0	-0.001965702
3.22	0.0	0.0	-0.002048265
3.24	0.0	0.0	-0.00212905
3.26	0.0	0.0	-0.002207841
3.28	0.0	0.0	-0.002284418
3.3	0.0	0.0	-0.002358558
3.32	0.0	0.0	-0.00243004
3.34	0.0	0.0	-0.00249864
3.36	0.0	0.0	-0.002564134
3.38	0.0	0.0	-0.002626299
3.4	0.0	0.0	-0.00268491
3.42	0.0	0.0	-0.002739747
3.44	0.0	0.0	-0.002790587
3.46	0.0	0.0	-0.002837213
3.48	0.0	0.0	-0.002879407
3.5	0.0	0.0	-0.002916958
3.52	0.0	0.0	-0.002949656
3.54	0.0	0.0	-0.002977294
3.56	0.0	0.0	-0.002999674
3.58	0.0	0.0	-0.003016599
3.6	0.0	0.0	-0.003027879
3.62	0.0	0.0	-0.003033331
3.64	0.0	0.0	-0.00303278
3.66	0.0	0.0	-0.003026056
3.68	0.0	0.0	-0.003012999
3.7	0.0	0.0	-0.002993455
3.72	0.0	0.0	-0.002967284
3.74	0.0	0.0	-0.00293435
3.76	0.0	0.0	-0.002894531
3.78	0.0	0.0	-0.002847714
3.8	0.0	0.0	-0.0027938
3.82	0.0	0.0	-0.002732699
3.84	0.0	0.0	-0.002664334
3.86	0.0	0.0	-0.002588642
3.88	0.0	0.0	-0.002505572
3.9	0.0	0.0	-0.002415089
3.92	0.0	0.0	-0.002317169
3.94	0.0	0.0	-0.002211805
3.96	0.0	0.0	-0.002099007
3.98	0.0	0.0	-0.001978795
4	0.0	0.0	-0.001851211
4.02	0.0	0.0	-0.00171631
4.04	0.0	0.0	-0.001574164
4.06	0.0	0.0	-0.001424863
4.08	0.0	0.0	-0.001268513
4.1	0.0	0.0	-0.001105238
4.12	0.0	0.0	-0.00093518
4.14	0.0	0.0	-0.000758498
4.16	0.0	0.0	-0.000575371
4.18	0.0	0.0	-0.000385994
4.2	0.0	0.0	-0.000190582
4.22	0.0	0.0	1.06342E-05
4.24	0.0	0.0	0.000217402
4.26	0.0	0.0	0.000429454
4.28	0.0	0.0	0.000646501
4.3	0.0	0.0	0.000868239
4.32	0.0	0.0	0.001094344
4.34	0.0	0.0	0.001324475
4.36	0.0	0.0	0.001558272
4.38	0.0	0.0	0.00179536
4.4	0.0	0.0	0.002035346
4.42	0.0	0.0	0.00227782
4.44	0.0	0.0	0.002522356
4.46	0.0	0.0	0.002768512
4.48	0.0	0.0	0.00301583
4.5	0.0	0.0	0.00326384
4.52	0.0	0.0	0.003512056
4.54	0.0	0.0	0.003759977
4.56	0.0	0.0	0.004007092
4.58	0.0	0.0	0.004252876
4.6	0.0	0.0	0.004496794
4.62	0.0	0.0	0.004738298
4.64	0.0	0.0	0.004976834
4.66	0.0	0.0	0.005211835
4.68	0.0	0.0	0.00544273
4.7	0.0	0.0	0.005668939
4.72	0.0	0.0	0.005889876
4.74	0.0	0.0	0.00610495
4.76	0.0	0.0	0.006313569
4.78	0.0	0.0	0.006515136
4.8	0.0	0.0	0.006709052
4.82	0.0	0.0	0.006894719
4.84	0.0	0.0	0.00707154
4.86	0.0	0.0	0.00723892
4.88	0.0	0.0	0.007396269
4.9	0.0	0.0	0.007542999
4.92	0.0	0.0	0.007678531
4.94	0.0	0.0	0.007802291
4.96	0.0	0.0	0.007913717
4.98	0.0	0.0	0.008012256
5	0.0	0.0	0.008097366
5.02	0.0	0.0	0.008168519
5.04	0.0	0.0	0.008225201
5.06	0.0	0.0	0.008266916
5.08	0.0	0.0	0.008293185
5.1	0.0	0.0	0.008303545
5.12	0.0	0.0	0.008297559
5.14	0.0	0.0	0.008274806
5.16	0.0	0.0	0.008234893
5.18	0.0	0.0	0.008177449
5.2	0.0	0.0	0.00810213
5.22	0.0	0.0	0.008008621
5.24	0.0	0.0	0.007896634
5.26	0.0	0.0	0.007765912
5.28	0.0	0.0	0.00761623
5.3	0.0	0.0	0.007447394
5.32	0.0	0.0	0.007259247
5.34	0.0	0.0	0.007051666
5.36	0.0	0.0	0.006824564
5.38	0.0	0.0	0.006577892
5.4	0.0	0.0	0.00631164
5.42	0.0	0.0	0.006025837
5.44	0.0	0.0	0.005720553
5.46	0.0	0.0	0.0053959
5.48	0.0	0.0	0.005052032
5.5	0.0	0.0	0.004689146
5.52	0.0	0.0	0.004307483
5.54	0.0	0.0	0.003907328
5.56	0.0	0.0	0.003489011
5.58	0.0	0.0	0.003052909
5.6	0.0	0.0	0.002599443
5.62	0.0	0.0	0.002129081
5.64	0.0	0.0	0.001642337
5.66	0.0	0.0	0.001139771
5.68	0.0	0.0	0.000621991
5.7	0.0	0.0	8.96507E-05
5.72	0.0	0.0	-0.000456551
5.74	0.0	0.0	-0.001015868
5.76	0.0	0.0	-0.00158751
5.78	0.0	0.0	-0.002170639
5.8	0.0	0.0	-0.002764375
5.82	0.0	0.0	-0.003367794
5.84	0.0	0.0	-0.003979928
5.86	0.0	0.0	-0.004599767
5.88	0.0	0.0	-0.00522626
5.9	0.0	0.0	-0.005858316
5.92	0.0	0.0	-0.006494806
5.94	0.0	0.0	-0.007134564
5.96	0.0	0.0	-0.007776385
5.98	0.0	0.0	-0.008419035
6	0.0	0.0	-0.009061241
6.02	0.0	0.0	-0.009701705
6.04	0.0	0.0	-0.010339097
6.06	0.0	0.0	-0.01097206
6.08	0.0	0.0	-0.011599214
6.1	0.0	0.0	-0.012219154
6.12	0.0	0.0	-0.012830457
6.14	0.0	0.0	-0.013431681
6.16	0.0	0.0	-0.014021368
6.18	0.0	0.0	-0.01459805
6.2	0.0	0.0	-0.015160245
6.22	0.0	0.0	-0.015706468
6.24	0.0	0.0	-0.016235226
6.26	0.0	0.0	-0.016745027
6.28	0.0	0.0	-0.01723438
6.3	0.0	0.0	-0.017701798
6.32	0.0	0.0	-0.018145802
6.34	0.0	0.0	-0.018564926
6.36	0.0	0.0	-0.018957715
6.38	0.0	0.0	-0.019322734
6.4	0.0	0.0	-0.01965857
6.42	0.0	0.0	-0.019963831
6.44	0.0	0.0	-0.020237156
6.46	0.0	0.0	-0.020477215
6.48	0.0	0.0	-0.020682711
6.5	0.0	0.0	-0.020852386
6.52	0.0	0.0	-0.020985025
6.54	0.0	0.0	-0.021079458
6.56	0.0	0.0	-0.021134563
6.58	0.0	0.0	-0.021149271
6.6	0.0	0.0	-0.021122568
6.62	0.0	0.0	-0.0210535
6.64	0.0	0.0	-0.020941175
6.66	0.0	0.0	-0.020784766
6.68	0.0	0.0	-0.020583517
6.7	0.0	0.0	-0.020336743
6.72	0.0	0.0	-0.020043834
6.74	0.0	0.0	-0.019704261
6.76	0.0	0.0	-0.019317572
6.78	0.0	0.0	-0.018883404
6.8	0.0	0.0	-0.018401477
6.82	0.0	0.0	-0.017871604
6.84	0.0	0.0	-0.017293689
6.86	0.0	0.0	-0.016667728
6.88	0.0	0.0	-0.015993818
6.9	0.0	0.0	-0.015272152
6.92	0.0	0.0	-0.014503025
6.94	0.0	0.0	-0.013686834
6.96	0.0	0.0	-0.012824081
6.98	0.0	0.0	-0.011915374
7	0.0	0.0	-0.010961426
7.02	0.0	0.0	-0.00996306
7.04	0.0	0.0	-0.008921207
7.06	0.0	0.0	-0.007836907
7.08	0.0	0.0	-0.00671131
7.1	0.0	0.0	-0.005545678
7.12	0.0	0.0	-0.004341382
7.14	0.0	0.0	-0.003099902
7.16	0.0	0.0	-0.001822828
7.18	0.0	0.0	-0.00051186
7.2	0.0	0.0	0.000831194
7.22	0.0	0.0	0.002204422
7.24	0.0	0.0	0.003605803
7.26	0.0	0.0	0.005033216
7.28	0.0	0.0	0.006484434
7.3	0.0	0.0	0.007957133
7.32	0.0	0.0	0.009448892
7.34	0.0	0.0	0.010957195
7.36	0.0	0.0	0.012479434
7.38	0.0	0.0	0.014012913
7.4	0.0	0.0	0.01555485
7.42	0.0	0.0	0.017102383
7.44	0.0	0.0	0.018652573
7.46	0.0	0.0	0.020202406
7.48	0.0	0.0	0.021748801
7.5	0.0	0.0	0.023288612
7.52	0.0	0.0	0.024818634
7.54	0.0	0.0	0.026335608
7.56	0.0	0.0	0.027836228
7.58	0.0	0.0	0.029317143
7.6	0.0	0.0	0.030774965
7.62	0.0	0.0	0.032206275
7.64	0.0	0.0	0.03360763
7.66	0.0	0.0	0.034975568
7.68	0.0	0.0	0.036306615
7.7	0.0	0.0	0.03759729
7.72	0.0	0.0	0.038844118
7.74	0.0	0.0	0.040043629
7.76	0.0	0.0	0.041192371
7.78	0.0	0.0	0.042286914
7.8	0.0	0.0	0.04332386
7.82	0.0	0.0	0.04429985
7.84	0.0	0.0	0.045211569
7.86	0.0	0.0	0.046055758
7.88	0.0	0.0	0.046829218
7.9	0.0	0.0	0.047528822
7.92	0.0	0.0	0.048151516
7.94	0.0	0.0	0.048694337
7.96	0.0	0.0	0.04915441
7.98	0.0	0.0	0.049528964
8	0.0	0.0	0.049815335
8.02	0.0	0.0	0.050010978
8.04	0.0	0.0	0.050113471
8.06	0.0	0.0	0.050120524
8.08	0.0	0.0	0.050029987
8.1	0.0	0.0	0.049839857
8.12	0.0	0.0	0.049548284
8.14	0.0	0.0	0.049153583
8.16	0.0	0.0	0.048654233
8.18	0.0	0.0	0.048048891
8.2	0.0	0.0	0.047336396
8.22	0.0	0.0	0.046515772
8.24	0.0	0.0	0.045586242
8.26	0.0	0.0	0.044547224
8.28	0.0	0.0	0.043398346
8.3	0.0	0.0	0.042139443
8.32	0.0	0.0	0.040770567
8.34	0.0	0.0	0.039291992
8.36	0.0	0.0	0.037704213
8.38	0.0	0.0	0.036007958
8.4	0.0	0.0	0.034204183
8.42	0.0	0.0	0.03229408
8.44	0.0	0.0	0.03027908
8.46	0.0	0.0	0.028160852
8.48	0.0	0.0	0.025941309
8.5	0.0	0.0	0.023622604
8.52	0.0	0.0	0.021207137
8.54	0.0	0.0	0.01869755
8.56	0.0	0.0	0.016096732
8.58	0.0	0.0	0.013407814
8.6	0.0	0.0	0.010634169
8.62	0.0	0.0	0.007779413
8.64	0.0	0.0	0.004847401
8.66	0.0	0.0	0.001842221
8.68	0.0	0.0	-0.001231801
8.7	0.0	0.0	-0.004370113
8.72	0.0	0.0	-0.007567936
8.74	0.0	0.0	-0.010820273
8.76	0.0	0.0	-0.014121909
8.78	0.0	0.0	-0.017467422
8.8	0.0	0.0	-0.020851186
8.82	0.0	0.0	-0.024267382
8.84	0.0	0.0	-0.02771
8.86	0.0	0.0	-0.031172851
8.88	0.0	0.0	-0.034649576
8.9	0.0	0.0	-0.038133653
8.92	0.0	0.0	-0.041618407
8.94	0.0	0.0	-0.045097022
8.96	0.0	0.0	-0.048562549
8.98	0.0	0.0	-0.052007921
9	0.0	0.0	-0.055425959
9.02	0.0	0.0	-0.058809392
9.04	0.0	0.0	-0.06215086
9.06	0.0	0.0	-0.065442937
9.08	0.0	0.0	-0.068678134
9.1	0.0	0.0	-0.071848924
9.12	0.0	0.0	-0.074947746
9.14	0.0	0.0	-0.077967027
9.16	0.0	0.0	-0.080899192
9.18	0.0	0.0	-0.083736683
9.2	0.0	0.0	-0.086471969
9.22	0.0	0.0	-0.089097569
9.24	0.0	0.0	-0.091606063
9.26	0.0	0.0	-0.093990108
9.28	0.0	0.0	-0.096242457
9.3	0.0	0.0	-0.098355974
9.32	0.0	0.0	-0.10032365
9.34	0.0	0.0	-0.10213862
9.36	0.0	0.0	-0.103794181
9.38	0.0	0.0	-0.105283807
9.4	0.0	0.0	-0.106601167
9.42	0.0	0.0	-0.10774014
9.44	0.0	0.0	-0.108694832
9.46	0.0	0.0	-0.109459595
9.48	0.0	0.0	-0.110029039
9.5	0.0	0.0	-0.11039805
9.52	0.0	0.0	-0.110561809
9.54	0.0	0.0	-0.110515801
9.56	0.0	0.0	-0.110255836
9.58	0.0	0.0	-0.109778059
9.6	0.0	0.0	-0.10907897
9.62	0.0	0.0	-0.108155433
9.64	0.0	0.0	-0.107004693
9.66	0.0	0.0	-0.105624387
9.68	0.0	0.0	-0.104012558
9.7	0.0	0.0	-0.102167666
9.72	0.0	0.0	-0.1000886
9.74	0.0	0.0	-0.097774688
9.76	0.0	0.0	-0.095225709
9.78	0.0	0.0	-0.0924419
9.8	0.0	0.0	-0.089423966
9.82	0.0	0.0	-0.086173087
9.84	0.0	0.0	-0.082690926
9.86	0.0	0.0	-0.078979636
9.88	0.0	0.0	-0.075041862
9.9	0.0	0.0	-0.070880749
9.92	0.0	0.0	-0.066499945
9.94	0.0	0.0	-0.0619036
9.96	0.0	0.0	-0.057096373
9.98	0.0	0.0	-0.052083431
10	0.0	0.0	-0.046870443
10.02	0.0	0.0	-0.041463589
10.04	0.0	0.0	-0.035869547
10.06	0.0	0.0	-0.030095499
10.08	0.0	0.0	-0.024149119
10.1	0.0	0.0	-0.01803857
10.12	0.0	0.0	-0.011772498
10.14	0.0	0.0	-0.005360026
10.16	0.0	0.0	0.001189262
10.18	0.0	0.0	0.007865323
10.2	0.0	0.0	0.01465767
10.22	0.0	0.0	0.021555385
10.24	0.0	0.0	0.02854713
10.26	0.0	0.0	0.035621165
10.28	0.0	0.0	0.042765358
10.3	0.0	0.0	0.049967209
10.32	0.0	0.0	0.05721386
10.34	0.0	0.0	0.06449212
10.36	0.0	0.0	0.071788481
10.38	0.0	0.0	0.079089141
10.4	0.0	0.0	0.086380025
10.42	0.0	0.0	0.093646807
10.44	0.0	0.0	0.100874934
10.46	0.0	0.0	0.108049653
10.48	0.0	0.0	0.115156034
10.5	0.0	0.0	0.122178994
10.52	0.0	0.0	0.129103331
10.54	0.0	0.0	0.135913746
10.56	0.0	0.0	0.142594872
10.58	0.0	0.0	0.149131306
10.6	0.0	0.0	0.155507639
10.62	0.0	0.0	0.161708482
10.64	0.0	0.0	0.167718501
10.66	0.0	0.0	0.173522448
10.68	0.0	0.0	0.179105192
10.7	0.0	0.0	0.18445175
10.72	0.0	0.0	0.189547322
10.74	0.0	0.0	0.194377322
10.76	0.0	0.0	0.198927413
10.78	0.0	0.0	0.203183536
10.8	0.0	0.0	0.207131946
10.82	0.0	0.0	0.210759247
10.84	0.0	0.0	0.21405242
10.86	0.0	0.0	0.216998859
10.88	0.0	0.0	0.219586403
10.9	0.0	0.0	0.221803367
10.92	0.0	0.0	0.223638578
10.94	0.0	0.0	0.225081401
10.96	0.0	0.0	0.226121772
10.98	0.0	0.0	0.226750231
11	0.0	0.0	0.226957948
11.02	0.0	0.0	0.226736755
11.04	0.0	0.0	0.226079171
11.06	0.0	0.0	0.224978431
11.08	0.0	0.0	0.223428515
11.1	0.0	0.0	0.221424169
11.12	0.0	0.0	0.218960931
11.14	0.0	0.0	0.216035155
11.16	0.0	0.0	0.212644031
11.18	0.0	0.0	0.208785609
11.2	0.0	0.0	0.204458814
11.22	0.0	0.0	0.199663469
11.24	0.0	0.0	0.194400304
11.26	0.0	0.0	0.18867098
11.28	0.0	0.0	0.182478094
11.3	0.0	0.0	0.175825198
11.32	0.0	0.0	0.168716802
11.34	0.0	0.0	0.161158387
11.36	0.0	0.0	0.153156411
11.38	0.0	0.0	0.144718311
11.4	0.0	0.0	0.135852508
11.42	0.0	0.0	0.126568406
11.44	0.0	0.0	0.116876394
11.46	0.0	0.0	0.10678784
11.48	0.0	0.0	0.096315084
11.5	0.0	0.0	0.085471439
11.52	0.0	0.0	0.07427117
11.54	0.0	0.0	0.062729494
11.56	0.0	0.0	0.050862558
11.58	0.0	0.0	0.038687428
11.6	0.0	0.0	0.026222073
11.62	0.0	0.0	0.013485338
11.64	0.0	0.0	0.00049693
11.66	0.0	0.0	-0.012722609
11.68	0.0	0.0	-0.02615193
11.7	0.0	0.0	-0.039768902
11.72	0.0	0.0	-0.053550642
11.74	0.0	0.0	-0.06747355
11.76	0.0	0.0	-0.081513341
11.78	0.0	0.0	-0.095645081
11.8	0.0	0.0	-0.109843225
11.82	0.0	0.0	-0.124081657
11.84	0.0	0.0	-0.138333733
11.86	0.0	0.0	-0.152572322
11.88	0.0	0.0	-0.166769852
11.9	0.0	0.0	-0.180898357
11.92	0.0	0.0	-0.194929527
11.94	0.0	0.0	-0.208834755
11.96	0.0	0.0	-0.222585187
11.98	0.0	0.0	-0.236151781
12	0.0	0.0	-0.249505354
12.02	0.0	0.0	-0.262616641
12.04	0.0	0.0	-0.27545635
12.06	0.0	0.0	-0.287995219
12.08	0.0	0.0	-0.300204074
12.1	0.0	0.0	-0.312053889
12.12	0.0	0.0	-0.323515843
12.14	0.0	0.0	-0.334561382
12.16	0.0	0.0	-0.345162282
12.18	0.0	0.0	-0.355290704
12.2	0.0	0.0	-0.36491926
12.22	0.0	0.0	-0.374021072
12.24	0.0	0.0	-0.382569834
12.26	0.0	0.0	-0.390539873
12.28	0.0	0.0	-0.397906213
12.3	0.0	0.0	-0.404644627
12.32	0.0	0.0	-0.410731709
12.34	0.0	0.0	-0.416144921
12.36	0.0	0.0	-0.420862663
12.38	0.0	0.0	-0.424864323
12.4	0.0	0.0	-0.428130335
12.42	0.0	0.0	-0.430642239
12.44	0.0	0.0	-0.432382729
12.46	0.0	0.0	-0.43333571
12.48	0.0	0.0	-0.43348635
12.5	0.0	0.0	-0.432821125
12.52	0.0	0.0	-0.431327871
12.54	0.0	0.0	-0.428995831
12.56	0.0	0.0	-0.425815692
12.58	0.0	0.0	-0.421779634
12.6	0.0	0.0	-0.416881368
12.62	0.0	0.0	-0.411116168
12.64	0.0	0.0	-0.404480914
12.66	0.0	0.0	-0.396974114
12.68	0.0	0.0	-0.388595942
12.7	0.0	0.0	-0.37934826
12.72	0.0	0.0	-0.36923464
12.74	0.0	0.0	-0.358260389
12.76	0.0	0.0	-0.346432561
12.78	0.0	0.0	-0.333759976
12.8	0.0	0.0	-0.320253228
12.82	0.0	0.0	-0.305924691
12.84	0.0	0.0	-0.290788527
12.86	0.0	0.0	-0.274860683
12.88	0.0	0.0	-0.258158892
12.9	0.0	0.0	-0.24070266
12.92	0.0	0.0	-0.222513264
12.94	0.0	0.0	-0.20361373
12.96	0.0	0.0	-0.184028823
12.98	0.0	0.0	-0.163785018
13	0.0	0.0	-0.142910483
13.02	0.0	0.0	-0.121435044
13.04	0.0	0.0	-0.099390156
13.06	0.0	0.0	-0.076808867
13.08	0.0	0.0	-0.053725774
13.1	0.0	0.0	-0.030176984
13.12	0.0	0.0	-0.006200067
13.14	0.0	0.0	0.018166
13.16	0.0	0.0	0.042880881
13.18	0.0	0.0	0.067902943
13.2	0.0	0.0	0.093189318
13.22	0.0	0.0	0.118695964
13.24	0.0	0.0	0.144377735
13.26	0.0	0.0	0.170188454
13.28	0.0	0.0	0.196080983
13.3	0.0	0.0	0.222007307
13.32	0.0	0.0	0.247918607
13.34	0.0	0.0	0.273765349
13.36	0.0	0.0	0.299497366
13.38	0.0	0.0	0.325063949
13.4	0.0	0.0	0.350413936
13.42	0.0	0.0	0.375495804
13.44	0.0	0.0	0.400257769
13.46	0.0	0.0	0.424647877
13.48	0.0	0.0	0.448614106
13.5	0.0	0.0	0.472104468
13.52	0.0	0.0	0.495067106
13.54	0.0	0.0	0.517450401
13.56	0.0	0.0	0.539203076
13.58	0.0	0.0	0.560274299
13.6	0.0	0.0	0.580613791
13.62	0.0	0.0	0.600171931
13.64	0.0	0.0	0.618899861
13.66	0.0	0.0	0.636749596
13.68	0.0	0.0	0.653674127
13.7	0.0	0.0	0.66962753
13.72	0.0	0.0	0.684565068
13.74	0.0	0.0	0.698443299
13.76	0.0	0.0	0.711220177
13.78	0.0	0.0	0.722855155
13.8	0.0	0.0	0.733309286
13.82	0.0	0.0	0.742545325
13.84	0.0	0.0	0.75052782
13.86	0.0	0.0	0.757223212
13.88	0.0	0.0	0.762599926
13.9	0.0	0.0	0.766628463
13.92	0.0	0.0	0.769281483
13.94	0.0	0.0	0.770533894
13.96	0.0	0.0	0.770362933
13.98	0.0	0.0	0.768748238
14	0.0	0.0	0.765671929
14.02	0.0	0.0	0.761118675
14.04	0.0	0.0	0.75507576
14.06	0.0	0.0	0.747533146
14.08	0.0	0.0	0.738483531
14.1	0.0	0.0	0.727922399
14.12	0.0	0.0	0.715848074
14.14	0.0	0.0	0.702261757
14.16	0.0	0.0	0.687167569
14.18	0.0	0.0	0.670572582
14.2	0.0	0.0	0.652486848
14.22	0.0	0.0	0.632923418
14.24	0.0	0.0	0.611898366
14.26	0.0	0.0	0.589430791
14.28	0.0	0.0	0.56554283
14.3	0.0	0.0	0.54025965
14.32	0.0	0.0	0.51360945
14.34	0.0	0.0	0.48562344
14.36	0.0	0.0	0.456335826
14.38	0.0	0.0	0.425783787
14.4	0.0	0.0	0.39400744
14.42	0.0	0.0	0.361049804
14.44	0.0	0.0	0.326956758
14.46	0.0	0.0	0.291776989
14.48	0.0	0.0	0.255561937
14.5	0.0	0.0	0.218365734
14.52	0.0	0.0	0.180245134
14.54	0.0	0.0	0.141259438
14.56	0.0	0.0	0.101470416
14.58	0.0	0.0	0.060942219
14.6	0.0	0.0	0.019741289
14.62	0.0	0.0	-0.022063742
14.64	0.0	0.0	-0.064402154
14.66	0.0	0.0	-0.107201247
14.68	0.0	0.0	-0.150386458
14.7	0.0	0.0	-0.193881476
14.72	0.0	0.0	-0.237608371
14.74	0.0	0.0	-0.281487722
14.76	0.0	0.0	-0.325438751
14.78	0.0	0.0	-0.369379458
14.8	0.0	0.0	-0.413226771
14.82	0.0	0.0	-0.456896686
14.84	0.0	0.0	-0.500304419
14.86	0.0	0.0	-0.543364564
14.88	0.0	0.0	-0.585991243
14.9	0.0	0.0	-0.628098273
14.92	0.0	0.0	-0.669599325
14.94	0.0	0.0	-0.71040809
14.96	0.0	0.0	-0.750438447
14.98	0.0	0.0	-0.78960463
15	0.0	0.0	-0.827821402
15.02	0.0	0.0	-0.865004226
15.04	0.0	0.0	-0.901069433
15.06	0.0	0.0	-0.935934404
15.08	0.0	0.0	-0.969517733
15.1	0.0	0.0	-1.001739411
15.12	0.0	0.0	-1.032520989
15.14	0.0	0.0	-1.061785755
15.16	0.0	0.0	-1.089458906
15.18	0.0	0.0	-1.115467712
15.2	0.0	0.0	-1.139741686
15.22	0.0	0.0	-1.162212752
15.24	0.0	0.0	-1.182815399
15.26	0.0	0.0	-1.20148685
15.28	0.0	0.0	-1.218167209
15.3	0.0	0.0	-1.232799621
15.32	0.0	0.0	-1.245330414
15.34	0.0	0.0	-1.255709246
15.36	0.0	0.0	-1.263889244
15.38	0.0	0.0	-1.269827137
15.4	0.0	0.0	-1.273483385
15.42	0.0	0.0	-1.274822303
15.44	0.0	0.0	-1.273812175
15.46	0.0	0.0	-1.270425369
15.48	0.0	0.0	-1.264638437
15.5	0.0	0.0	-1.256432214
15.52	0.0	0.0	-1.245791908
15.54	0.0	0.0	-1.23270718
15.56	0.0	0.0	-1.217172224
15.58	0.0	0.0	-1.199185828
15.6	0.0	0.0	-1.178751436
15.62	0.0	0.0	-1.155877197
15.64	0.0	0.0	-1.130576008
15.66	0.0	0.0	-1.102865545
15.68	0.0	0.0	-1.072768288
15.7	0.0	0.0	-1.040311535
15.72	0.0	0.0	-1.00552741
15.74	0.0	0.0	-0.968452856
15.76	0.0	0.0	-0.929129624
15.78	0.0	0.0	-0.887604248
15.8	0.0	0.0	-0.843928016
15.82	0.0	0.0	-0.798156925
15.84	0.0	0.0	-0.750351629
15.86	0.0	0.0	-0.700577383
15.88	0.0	0.0	-0.648903962
15.9	0.0	0.0	-0.595405589
15.92	0.0	0.0	-0.540160842
15.94	0.0	0.0	-0.48325255
15.96	0.0	0.0	-0.424767689
15.98	0.0	0.0	-0.364797261
16	0.0	0.0	-0.303436164
16.02	0.0	0.0	-0.240783058
16.04	0.0	0.0	-0.176940216
16.06	0.0	0.0	-0.112013372
16.08	0.0	0.0	-0.046111553
16.1	0.0	0.0	0.020653086
16.12	0.0	0.0	0.088165448
16.14	0.0	0.0	0.156307681
16.16	0.0	0.0	0.224959367
16.18	0.0	0.0	0.293997732
16.2	0.0	0.0	0.363297853
16.22	0.0	0.0	0.43273287
16.24	0.0	0.0	0.502174213
16.26	0.0	0.0	0.571491828
16.28	0.0	0.0	0.64055441
16.3	0.0	0.0	0.709229642
16.32	0.0	0.0	0.777384439
16.34	0.0	0.0	0.844885194
16.36	0.0	0.0	0.911598028
16.38	0.0	0.0	0.977389049
16.4	0.0	0.0	1.042124604
16.42	0.0	0.0	1.105671542
16.44	0.0	0.0	1.167897476
16.46	0.0	0.0	1.228671042
16.48	0.0	0.0	1.287862169
16.5	0.0	0.0	1.345342337
16.52	0.0	0.0	1.400984848
16.54	0.0	0.0	1.454665082
16.56	0.0	0.0	1.506260767
16.58	0.0	0.0	1.555652234
16.6	0.0	0.0	1.602722677
16.62	0.0	0.0	1.647358411
16.64	0.0	0.0	1.689449122
16.66	0.0	0.0	1.728888115
16.68	0.0	0.0	1.765572562
16.7	0.0	0.0	1.799403736
16.72	0.0	0.0	1.830287249
16.74	0.0	0.0	1.858133279
16.76	0.0	0.0	1.88285679
16.78	0.0	0.0	1.904377748
16.8	0.0	0.0	1.922621327
16.82	0.0	0.0	1.937518111
16.84	0.0	0.0	1.949004281
16.86	0.0	0.0	1.957021798
16.88	0.0	0.0	1.961518577
16.9	0.0	0.0	1.962448649
16.92	0.0	0.0	1.959772312
16.94	0.0	0.0	1.953456277
16.96	0.0	0.0	1.943473793
16.98	0.0	0.0	1.929804773
17	0.0	0.0	1.912435898
17.02	0.0	0.0	1.891360714
17.04	0.0	0.0	1.866579714
17.06	0.0	0.0	1.838100413
17.08	0.0	0.0	1.805937401
17.1	0.0	0.0	1.770112393
17.12	0.0	0.0	1.730654256
17.14	0.0	0.0	1.687599028
17.16	0.0	0.0	1.640989923
17.18	0.0	0.0	1.590877323
17.2	0.0	0.0	1.53731875
17.22	0.0	0.0	1.480378832
17.24	0.0	0.0	1.420129247
17.26	0.0	0.0	1.356648661
17.28	0.0	0.0	1.290022645
17.3	0.0	0.0	1.22034358
17.32	0.0	0.0	1.147710551
17.34	0.0	0.0	1.072229219
17.36	0.0	0.0	0.994011688
17.38	0.0	0.0	0.913176355
17.4	0.0	0.0	0.829847742
17.42	0.0	0.0	0.744156318
17.44	0.0	0.0	0.656238312
17.46	0.0	0.0	0.566235506
17.48	0.0	0.0	0.474295014
17.5	0.0	0.0	0.380569061
17.52	0.0	0.0	0.285214734
17.54	0.0	0.0	0.188393731
17.56	0.0	0.0	0.090272097
17.58	0.0	0.0	-0.008980052
17.6	0.0	0.0	-0.109188819
17.62	0.0	0.0	-0.210176817
17.64	0.0	0.0	-0.311763478
17.66	0.0	0.0	-0.413765367
17.68	0.0	0.0	-0.515996508
17.7	0.0	0.0	-0.618268713
17.72	0.0	0.0	-0.720391923
17.74	0.0	0.0	-0.822174552
17.76	0.0	0.0	-0.923423841
17.78	0.0	0.0	-1.023946215
17.8	0.0	0.0	-1.123547643
17.82	0.0	0.0	-1.222034011
17.84	0.0	0.0	-1.319211486
17.86	0.0	0.0	-1.414886893
17.88	0.0	0.0	-1.50886809
17.9	0.0	0.0	-1.600964343
17.92	0.0	0.0	-1.690986707
17.94	0.0	0.0	-1.778748399
17.96	0.0	0.0	-1.864065181
17.98	0.0	0.0	-1.946755729
18	0.0	0.0	-2.02664201
18.02	0.0	0.0	-2.103549653
18.04	0.0	0.0	-2.177308313
18.06	0.0	0.0	-2.247752032
18.08	0.0	0.0	-2.314719599
18.1	0.0	0.0	-2.3780549
18.12	0.0	0.0	-2.437607259
18.14	0.0	0.0	-2.493231776
18.16	0.0	0.0	-2.544789659
18.18	0.0	0.0	-2.592148538
18.2	0.0	0.0	-2.635182776
18.22	0.0	0.0	-2.67377377
18.24	0.0	0.0	-2.70781024
18.26	0.0	0.0	-2.737188503
18.28	0.0	0.0	-2.761812738
18.3	0.0	0.0	-2.781595242
18.32	0.0	0.0	-2.796456662
18.34	0.0	0.0	-2.806326222
18.36	0.0	0.0	-2.811141932
18.38	0.0	0.0	-2.810850782
18.4	0.0	0.0	-2.805408921
18.42	0.0	0.0	-2.794781819
18.44	0.0	0.0	-2.77894441
18.46	0.0	0.0	-2.757881226
18.48	0.0	0.0	-2.731586501
18.5	0.0	0.0	-2.700064271
18.52	0.0	0.0	-2.663328444
18.54	0.0	0.0	-2.621402861
18.56	0.0	0.0	-2.574321329
18.58	0.0	0.0	-2.522127643
18.6	0.0	0.0	-2.464875586
18.62	0.0	0.0	-2.402628907
18.64	0.0	0.0	-2.335461285
18.66	0.0	0.0	-2.263456269
18.68	0.0	0.0	-2.186707198
18.7	0.0	0.0	-2.10531711
18.72	0.0	0.0	-2.019398615
18.74	0.0	0.0	-1.929073767
18.76	0.0	0.0	-1.834473905
18.78	0.0	0.0	-1.735739478
18.8	0.0	0.0	-1.633019848
18.82	0.0	0.0	-1.526473082
18.84	0.0	0.0	-1.41626572
18.86	0.0	0.0	-1.302572521
18.88	0.0	0.0	-1.1855762
18.9	0.0	0.0	-1.065467142
18.92	0.0	0.0	-0.942443097
18.94	0.0	0.0	-0.816708867
18.96	0.0	0.0	-0.688475967
18.98	0.0	0.0	-0.557962276
19	0.0	0.0	-0.425391673
19.02	0.0	0.0	-0.290993654
19.04	0.0	0.0	-0.155002942
19.06	0.0	0.0	-0.01765908
19.08	0.0	0.0	0.120793992
19.1	0.0	0.0	0.26010836
19.12	0.0	0.0	0.400032585
19.14	0.0	0.0	0.540312153
19.16	0.0	0.0	0.680689933
19.18	0.0	0.0	0.82090665
19.2	0.0	0.0	0.96070136
19.22	0.0	0.0	1.099811937
19.24	0.0	0.0	1.23797556
19.26	0.0	0.0	1.374929209
19.28	0.0	0.0	1.510410167
19.3	0.0	0.0	1.644156518
19.32	0.0	0.0	1.775907653
19.34	0.0	0.0	1.905404776
19.36	0.0	0.0	2.032391409
19.38	0.0	0.0	2.156613899
19.4	0.0	0.0	2.277821916
19.42	0.0	0.0	2.395768961
19.44	0.0	0.0	2.510212857
19.46	0.0	0.0	2.620916242
19.48	0.0	0.0	2.727647055
19.5	0.0	0.0	2.830179019
19.52	0.0	0.0	2.928292107
19.54	0.0	0.0	3.021773008
19.56	0.0	0.0	3.110415581
19.58	0.0	0.0	3.194021296
19.6	0.0	0.0	3.272399665
19.62	0.0	0.0	3.345368662
19.64	0.0	0.0	3.412755128
19.66	0.0	0.0	3.47439516
19.68	0.0	0.0	3.530134489
19.7	0.0	0.0	3.579828838
19.72	0.0	0.0	3.623344268
19.74	0.0	0.0	3.6605575
19.76	0.0	0.0	3.691356224
19.78	0.0	0.0	3.715639386
19.8	0.0	0.0	3.733317459
19.82	0.0	0.0	3.744312687
19.84	0.0	0.0	3.748559317
19.86	0.0	0.0	3.746003798
19.88	0.0	0.0	3.73660497
19.9	0.0	0.0	3.720334222
19.92	0.0	0.0	3.69717563
19.94	0.0	0.0	3.667126071
19.96	0.0	0.0	3.630195311
19.98	0.0	0.0	3.586406077
20	0.0	0.0	3.53579409
20.02	0.0	0.0	3.478408088
20.04	0.0	0.0	3.414309816
20.06	0.0	0.0	3.343573991
20.08	0.0	0.0	3.266288243
20.1	0.0	0.0	3.182553037
20.12	0.0	0.0	3.092481556
20.14	0.0	0.0	2.996199572
20.16	0.0	0.0	2.893845284
20.18	0.0	0.0	2.785569136
20.2	0.0	0.0	2.671533608
20.22	0.0	0.0	2.55191298
20.24	0.0	0.0	2.426893078
20.26	0.0	0.0	2.296670989
20.28	0.0	0.0	2.161454761
20.3	0.0	0.0	2.021463072
20.32	0.0	0.0	1.876924879
20.34	0.0	0.0	1.728079051
20.36	0.0	0.0	1.57517397
20.38	0.0	0.0	1.418467123
20.4	0.0	0.0	1.258224662
20.42	0.0	0.0	1.094720955
20.44	0.0	0.0	0.928238115
20.46	0.0	0.0	0.759065506
20.48	0.0	0.0	0.587499243
20.5	0.0	0.0	0.413841667
20.52	0.0	0.0	0.238400805
20.54	0.0	0.0	0.061489825
20.56	0.0	0.0	-0.116573531
20.58	0.0	0.0	-0.295467525
20.6	0.0	0.0	-0.474867007
20.62	0.0	0.0	-0.654444012
20.64	0.0	0.0	-0.833868371
20.66	0.0	0.0	-1.012808317
20.68	0.0	0.0	-1.19093111
20.7	0.0	0.0	-1.367903661
20.72	0.0	0.0	-1.543393159
20.74	0.0	0.0	-1.71706771
20.76	0.0	0.0	-1.888596963
20.78	0.0	0.0	-2.057652751
20.8	0.0	0.0	-2.22390972
20.82	0.0	0.0	-2.387045967
20.84	0.0	0.0	-2.546743662
20.86	0.0	0.0	-2.702689676
20.88	0.0	0.0	-2.854576202
20.9	0.0	0.0	-3.002101362
20.92	0.0	0.0	-3.14496981
20.94	0.0	0.0	-3.282893334
20.96	0.0	0.0	-3.415591431
20.98	0.0	0.0	-3.542791883
21	0.0	0.0	-3.664231315
21.02	0.0	0.0	-3.779655742
21.04	0.0	0.0	-3.888821096
21.06	0.0	0.0	-3.991493739
21.08	0.0	0.0	-4.087450963
21.1	0.0	0.0	-4.176481462
21.12	0.0	0.0	-4.258385796
21.14	0.0	0.0	-4.332976822
21.16	0.0	0.0	-4.400080117
21.18	0.0	0.0	-4.459534365
21.2	0.0	0.0	-4.511191734
21.22	0.0	0.0	-4.554918217
21.24	0.0	0.0	-4.590593959
21.26	0.0	0.0	-4.618113547
21.28	0.0	0.0	-4.637386285
21.3	0.0	0.0	-4.648336436
21.32	0.0	0.0	-4.650903436
21.34	0.0	0.0	-4.64504208
21.36	0.0	0.0	-4.630722685
21.38	0.0	0.0	-4.607931215
21.4	0.0	0.0	-4.576669385
21.42	0.0	0.0	-4.53695473
21.44	0.0	0.0	-4.488820644
21.46	0.0	0.0	-4.432316393
21.48	0.0	0.0	-4.367507094
21.5	0.0	0.0	-4.294473663
21.52	0.0	0.0	-4.213312736
21.54	0.0	0.0	-4.124136555
21.56	0.0	0.0	-4.027072828
21.58	0.0	0.0	-3.922264557
21.6	0.0	0.0	-3.809869832
21.62	0.0	0.0	-3.690061602
21.64	0.0	0.0	-3.563027413
21.66	0.0	0.0	-3.428969117
21.68	0.0	0.0	-3.288102549
21.7	0.0	0.0	-3.140657185
21.72	0.0	0.0	-2.986875761
21.74	0.0	0.0	-2.827013876
21.76	0.0	0.0	-2.661339557
21.78	0.0	0.0	-2.490132811
21.8	0.0	0.0	-2.31368514
21.82	0.0	0.0	-2.132299041
21.84	0.0	0.0	-1.94628748
21.86	0.0	0.0	-1.755973342
21.88	0.0	0.0	-1.561688859
21.9	0.0	0.0	-1.363775023
21.92	0.0	0.0	-1.162580978
21.94	0.0	0.0	-0.958463386
21.96	0.0	0.0	-0.751785792
21.98	0.0	0.0	-0.542917954
22	0.0	0.0	-0.332235178
22.02	0.0	0.0	-0.120117622
22.04	0.0	0.0	0.093050397
22.06	0.0	0.0	0.306881119
22.08	0.0	0.0	0.520984054
22.1	0.0	0.0	0.734966719
22.12	0.0	0.0	0.948435362
22.14	0.0	0.0	1.160995709
22.16	0.0	0.0	1.372253704
22.18	0.0	0.0	1.581816254
22.2	0.0	0.0	1.789291976
22.22	0.0	0.0	1.994291943
22.24	0.0	0.0	2.19643043
22.26	0.0	0.0	2.395325648
22.28	0.0	0.0	2.590600486
22.3	0.0	0.0	2.781883237
22.32	0.0	0.0	2.96880832
22.34	0.0	0.0	3.151016991
22.36	0.0	0.0	3.328158045
22.38	0.0	0.0	3.499888506
22.4	0.0	0.0	3.665874302
22.42	0.0	0.0	3.825790928
22.44	0.0	0.0	3.979324088
22.46	0.0	0.0	4.126170327
22.48	0.0	0.0	4.266037635
22.5	0.0	0.0	4.39864604
22.52	0.0	0.0	4.523728176
22.54	0.0	0.0	4.641029824
22.56	0.0	0.0	4.750310441
22.58	0.0	0.0	4.851343654
22.6	0.0	0.0	4.943917732
22.62	0.0	0.0	5.027836033
22.64	0.0	0.0	5.10291742
22.66	0.0	0.0	5.168996655
22.68	0.0	0.0	5.225924755
22.7	0.0	0.0	5.273569326
22.72	0.0	0.0	5.311814859
22.74	0.0	0.0	5.340563004
22.76	0.0	0.0	5.359732801
22.78	0.0	0.0	5.369260884
22.8	0.0	0.0	5.369101657
22.82	0.0	0.0	5.359227425
22.84	0.0	0.0	5.3396285
22.86	0.0	0.0	5.310313271
22.88	0.0	0.0	5.271308236
22.9	0.0	0.0	5.222658006
22.92	0.0	0.0	5.164425267
22.94	0.0	0.0	5.096690712
22.96	0.0	0.0	5.019552938
22.98	0.0	0.0	4.933128307
23	0.0	0.0	4.837550775
23.02	0.0	0.0	4.73297168
23.04	0.0	0.0	4.619559509
23.06	0.0	0.0	4.497499619
23.08	0.0	0.0	4.366993932
23.1	0.0	0.0	4.228260593
23.12	0.0	0.0	4.081533604
23.14	0.0	0.0	3.927062417
23.16	0.0	0.0	3.765111501
23.18	0.0	0.0	3.595959882
23.2	0.0	0.0	3.419900651
23.22	0.0	0.0	3.237240442
23.24	0.0	0.0	3.048298887
23.26	0.0	0.0	2.853408041
23.28	0.0	0.0	2.652911787
23.3	0.0	0.0	2.447165212
23.32	0.0	0.0	2.236533963
23.34	0.0	0.0	2.02139358
23.36	0.0	0.0	1.802128809
23.38	0.0	0.0	1.579132898
23.4	0.0	0.0	1.35280687
23.42	0.0	0.0	1.123558788
23.44	0.0	0.0	0.891802995
23.46	0.0	0.0	0.657959348
23.48	0.0	0.0	0.422452436
23.5	0.0	0.0	0.185710793
23.52	0.0	0.0	-0.051833909
23.54	0.0	0.0	-0.289747662
23.56	0.0	0.0	-0.52759494
23.58	0.0	0.0	-0.764939515
23.6	0.0	0.0	-1.001345279
23.62	0.0	0.0	-1.236377065
23.64	0.0	0.0	-1.469601472
23.66	0.0	0.0	-1.700587684
23.68	0.0	0.0	-1.928908286
23.7	0.0	0.0	-2.154140076
23.72	0.0	0.0	-2.375864871
23.74	0.0	0.0	-2.593670303
23.76	0.0	0.0	-2.807150606
23.78	0.0	0.0	-3.015907392
23.8	0.0	0.0	-3.219550414
23.82	0.0	0.0	-3.417698315
23.84	0.0	0.0	-3.609979358
23.86	0.0	0.0	-3.796032147
23.88	0.0	0.0	-3.975506317
23.9	0.0	0.0	-4.148063215
23.92	0.0	0.0	-4.313376555
23.94	0.0	0.0	-4.47113305
23.96	0.0	0.0	-4.62103302
23.98	0.0	0.0	-4.762790977
24	0.0	0.0	-4.896136181
24.02	0.0	0.0	-5.020813171
24.04	0.0	0.0	-5.136582264
24.06	0.0	0.0	-5.243220031
24.08	0.0	0.0	-5.340519735
24.1	0.0	0.0	-5.428291739
24.12	0.0	0.0	-5.506363891
24.14	0.0	0.0	-5.574581862
24.16	0.0	0.0	-5.63280946
24.18	0.0	0.0	-5.680928908
24.2	0.0	0.0	-5.718841083
24.22	0.0	0.0	-5.746465726
24.24	0.0	0.0	-5.76374161
24.26	0.0	0.0	-5.770626678
24.28	0.0	0.0	-5.767098139
24.3	0.0	0.0	-5.753152529
24.32	0.0	0.0	-5.728805736
24.34	0.0	0.0	-5.694092991
24.36	0.0	0.0	-5.649068814
24.38	0.0	0.0	-5.593806931
24.4	0.0	0.0	-5.528400152
24.42	0.0	0.0	-5.452960206
24.44	0.0	0.0	-5.367617554
24.46	0.0	0.0	-5.272521149
24.48	0.0	0.0	-5.167838175
24.5	0.0	0.0	-5.053753743
24.52	0.0	0.0	-4.930470553
24.54	0.0	0.0	-4.798208526
24.56	0.0	0.0	-4.6572044
24.58	0.0	0.0	-4.507711294
24.6	0.0	0.0	-4.34999824
24.62	0.0	0.0	-4.184349687
24.64	0.0	0.0	-4.011064969
24.66	0.0	0.0	-3.830457758
24.68	0.0	0.0	-3.642855467
24.7	0.0	0.0	-3.448598652
24.72	0.0	0.0	-3.248040367
24.74	0.0	0.0	-3.04154551
24.76	0.0	0.0	-2.829490137
24.78	0.0	0.0	-2.612260759
24.8	0.0	0.0	-2.390253617
24.82	0.0	0.0	-2.163873938
24.84	0.0	0.0	-1.933535176
24.86	0.0	0.0	-1.699658235
24.88	0.0	0.0	-1.462670676
24.9	0.0	0.0	-1.223005915
24.92	0.0	0.0	-0.981102407
24.94	0.0	0.0	-0.737402824
24.96	0.0	0.0	-0.492353217
24.98	0.0	0.0	-0.246402178
25	0.0	0.0	-5.4729E-12
25.02	0.0	0.0	0.246402178
25.04	0.0	0.0	0.492353217
25.06	0.0	0.0	0.737402824
25.08	0.0	0.0	0.981102407
25.1	0.0	0.0	1.223005915
25.12	0.0	0.0	1.462670676
25.14	0.0	0.0	1.699658235
25.16	0.0	0.0	1.933535176
25.18	0.0	0.0	2.163873938
25.2	0.0	0.0	2.390253617
25.22	0.0	0.0	2.612260759
25.24	0.0	0.0	2.829490137
25.26	0.0	0.0	3.04154551
25.28	0.0	0.0	3.248040367
25.3	0.0	0.0	3.448598651
25.32	0.0	0.0	3.642855467
25.34	0.0	0.0	3.830457758
25.36	0.0	0.0	4.011064969
25.38	0.0	0.0	4.184349687
25.4	0.0	0.0	4.34999824
25.42	0.0	0.0	4.507711294
25.44	0.0	0.0	4.6572044
25.46	0.0	0.0	4.798208526
25.48	0.0	0.0	4.930470553
25.5	0.0	0.0	5.053753743
25.52	0.0	0.0	5.167838175
25.54	0.0	0.0	5.272521149
25.56	0.0	0.0	5.367617554
25.58	0.0	0.0	5.452960206
25.6	0.0	0.0	5.528400152
25.62	0.0	0.0	5.593806931
25.64	0.0	0.0	5.649068814
25.66	0.0	0.0	5.694092991
25.68	0.0	0.0	5.728805736
25.7	0.0	0.0	5.753152529
25.72	0.0	0.0	5.767098139
25.74	0.0	0.0	5.770626678
25.76	0.0	0.0	5.76374161
25.78	0.0	0.0	5.746465726
25.8	0.0	0.0	5.718841083
25.82	0.0	0.0	5.680928908
25.84	0.0	0.0	5.63280946
25.86	0.0	0.0	5.574581862
25.88	0.0	0.0	5.506363891
25.9	0.0	0.0	5.428291739
25.92	0.0	0.0	5.340519735
25.94	0.0	0.0	5.243220031
25.96	0.0	0.0	5.136582264
25.98	0.0	0.0	5.020813171
26	0.0	0.0	4.896136181
26.02	0.0	0.0	4.762790977
26.04	0.0	0.0	4.62103302
26.06	0.0	0.0	4.47113305
26.08	0.0	0.0	4.313376555
26.1	0.0	0.0	4.148063215
26.12	0.0	0.0	3.975506317
26.14	0.0	0.0	3.796032147
26.16	0.0	0.0	3.609979358
26.18	0.0	0.0	3.417698315
26.2	0.0	0.0	3.219550414
26.22	0.0	0.0	3.015907392
26.24	0.0	0.0	2.807150606
26.26	0.0	0.0	2.593670303
26.28	0.0	0.0	2.375864871
26.3	0.0	0.0	2.154140076
26.32	0.0	0.0	1.928908286
26.34	0.0	0.0	1.700587684
26.36	0.0	0.0	1.469601472
26.38	0.0	0.0	1.236377065
26.4	0.0	0.0	1.001345279
26.42	0.0	0.0	0.764939515
26.44	0.0	0.0	0.52759494
26.46	0.0	0.0	0.289747662
26.48	0.0	0.0	0.051833909
26.5	0.0	0.0	-0.185710793
26.52	0.0	0.0	-0.422452436
26.54	0.0	0.0	-0.657959348
26.56	0.0	0.0	-0.891802995
26.58	0.0	0.0	-1.123558788
26.6	0.0	0.0	-1.35280687
26.62	0.0	0.0	-1.579132898
26.64	0.0	0.0	-1.802128809
26.66	0.0	0.0	-2.02139358
26.68	0.0	0.0	-2.236533963
26.7	0.0	0.0	-2.447165212
26.72	0.0	0.0	-2.652911786
26.74	0.0	0.0	-2.853408041
26.76	0.0	0.0	-3.048298887
26.78	0.0	0.0	-3.237240442
26.8	0.0	0.0	-3.419900651
26.82	0.0	0.0	-3.595959882
26.84	0.0	0.0	-3.765111501
26.86	0.0	0.0	-3.927062417
26.88	0.0	0.0	-4.081533604
26.9	0.0	0.0	-4.228260593
26.92	0.0	0.0	-4.366993932
26.94	0.0	0.0	-4.497499619
26.96	0.0	0.0	-4.619559509
26.98	0.0	0.0	-4.73297168
27	0.0	0.0	-4.837550775
27.02	0.0	0.0	-4.933128307
27.04	0.0	0.0	-5.019552938
27.06	0.0	0.0	-5.096690712
27.08	0.0	0.0	-5.164425267
27.1	0.0	0.0	-5.222658006
27.12	0.0	0.0	-5.271308236
27.14	0.0	0.0	-5.310313271
27.16	0.0	0.0	-5.3396285
27.18	0.0	0.0	-5.359227425
27.2	0.0	0.0	-5.369101657
27.22	0.0	0.0	-5.369260884
27.24	0.0	0.0	-5.359732801
27.26	0.0	0.0	-5.340563004
27.28	0.0	0.0	-5.311814859
27.3	0.0	0.0	-5.273569326
27.32	0.0	0.0	-5.225924755
27.34	0.0	0.0	-5.168996655
27.36	0.0	0.0	-5.10291742
27.38	0.0	0.0	-5.027836033
27.4	0.0	0.0	-4.943917732
27.42	0.0	0.0	-4.851343654
27.44	0.0	0.0	-4.750310441
27.46	0.0	0.0	-4.641029824
27.48	0.0	0.0	-4.523728176
27.5	0.0	0.0	-4.39864604
27.52	0.0	0.0	-4.266037635
27.54	0.0	0.0	-4.126170327
27.56	0.0	0.0	-3.979324088
27.58	0.0	0.0	-3.825790928
27.6	0.0	0.0	-3.665874302
27.62	0.0	0.0	-3.499888506
27.64	0.0	0.0	-3.328158045
27.66	0.0	0.0	-3.151016991
27.68	0.0	0.0	-2.96880832
27.7	0.0	0.0	-2.781883237
27.72	0.0	0.0	-2.590600486
27.74	0.0	0.0	-2.395325648
27.76	0.0	0.0	-2.19643043
27.78	0.0	0.0	-1.994291943
27.8	0.0	0.0	-1.789291976
27.82	0.0	0.0	-1.581816254
27.84	0.0	0.0	-1.372253704
27.86	0.0	0.0	-1.160995709
27.88	0.0	0.0	-0.948435362
27.9	0.0	0.0	-0.734966719
27.92	0.0	0.0	-0.520984054
27.94	0.0	0.0	-0.306881119
27.96	0.0	0.0	-0.093050397
27.98	0.0	0.0	0.120117622
28	0.0	0.0	0.332235178
28.02	0.0	0.0	0.542917954
28.04	0.0	0.0	0.751785792
28.06	0.0	0.0	0.958463386
28.08	0.0	0.0	1.162580978
28.1	0.0	0.0	1.363775023
28.12	0.0	0.0	1.561688859
28.14	0.0	0.0	1.755973342
28.16	0.0	0.0	1.94628748
28.18	0.0	0.0	2.132299041
28.2	0.0	0.0	2.31368514
28.22	0.0	0.0	2.490132811
28.24	0.0	0.0	2.661339557
28.26	0.0	0.0	2.827013876
28.28	0.0	0.0	2.986875761
28.3	0.0	0.0	3.140657185
28.32	0.0	0.0	3.288102549
28.34	0.0	0.0	3.428969117
28.36	0.0	0.0	3.563027413
28.38	0.0	0.0	3.690061602
28.4	0.0	0.0	3.809869832
28.42	0.0	0.0	3.922264557
28.44	0.0	0.0	4.027072828
28.46	0.0	0.0	4.124136555
28.48	0.0	0.0	4.213312736
28.5	0.0	0.0	4.294473663
28.52	0.0	0.0	4.367507094
28.54	0.0	0.0	4.432316393
28.56	0.0	0.0	4.488820644
28.58	0.0	0.0	4.53695473
28.6	0.0	0.0	4.576669385
28.62	0.0	0.0	4.607931215
28.64	0.0	0.0	4.630722685
28.66	0.0	0.0	4.64504208
28.68	0.0	0.0	4.650903436
28.7	0.0	0.0	4.648336436
28.72	0.0	0.0	4.637386285
28.74	0.0	0.0	4.618113547
28.76	0.0	0.0	4.590593959
28.78	0.0	0.0	4.554918217
28.8	0.0	0.0	4.511191734
28.82	0.0	0.0	4.459534365
28.84	0.0	0.0	4.400080117
28.86	0.0	0.0	4.332976822
28.88	0.0	0.0	4.258385796
28.9	0.0	0.0	4.176481462
28.92	0.0	0.0	4.087450963
28.94	0.0	0.0	3.991493739
28.96	0.0	0.0	3.888821096
28.98	0.0	0.0	3.779655742
29	0.0	0.0	3.664231315
29.02	0.0	0.0	3.542791883
29.04	0.0	0.0	3.415591431
29.06	0.0	0.0	3.282893334
29.08	0.0	0.0	3.14496981
29.1	0.0	0.0	3.002101362
29.12	0.0	0.0	2.854576202
29.14	0.0	0.0	2.702689676
29.16	0.0	0.0	2.546743662
29.18	0.0	0.0	2.387045967
29.2	0.0	0.0	2.22390972
29.22	0.0	0.0	2.057652751
29.24	0.0	0.0	1.888596963
29.26	0.0	0.0	1.71706771
29.28	0.0	0.0	1.543393159
29.3	0.0	0.0	1.367903661
29.32	0.0	0.0	1.19093111
29.34	0.0	0.0	1.012808317
29.36	0.0	0.0	0.833868371
29.38	0.0	0.0	0.654444013
29.4	0.0	0.0	0.474867007
29.42	0.0	0.0	0.295467525
29.44	0.0	0.0	0.116573531
29.46	0.0	0.0	-0.061489825
29.48	0.0	0.0	-0.238400805
29.5	0.0	0.0	-0.413841667
29.52	0.0	0.0	-0.587499243
29.54	0.0	0.0	-0.759065506
29.56	0.0	0.0	-0.928238115
29.58	0.0	0.0	-1.094720955
29.6	0.0	0.0	-1.258224662
29.62	0.0	0.0	-1.418467123
29.64	0.0	0.0	-1.57517397
29.66	0.0	0.0	-1.728079051
29.68	0.0	0.0	-1.876924879
29.7	0.0	0.0	-2.021463072
29.72	0.0	0.0	-2.161454761
29.74	0.0	0.0	-2.296670989
29.76	0.0	0.0	-2.426893078
29.78	0.0	0.0	-2.55191298
29.8	0.0	0.0	-2.671533608
29.82	0.0	0.0	-2.785569136
29.84	0.0	0.0	-2.893845284
29.86	0.0	0.0	-2.996199572
29.88	0.0	0.0	-3.092481556
29.9	0.0	0.0	-3.182553037
29.92	0.0	0.0	-3.266288243
29.94	0.0	0.0	-3.343573991
29.96	0.0	0.0	-3.414309816
29.98	0.0	0.0	-3.478408088
30	0.0	0.0	-3.53579409
30.02	0.0	0.0	-3.586406077
30.04	0.0	0.0	-3.630195311
30.06	0.0	0.0	-3.667126071
30.08	0.0	0.0	-3.69717563
30.1	0.0	0.0	-3.720334222
30.12	0.0	0.0	-3.73660497
30.14	0.0	0.0	-3.746003798
30.16	0.0	0.0	-3.748559317
30.18	0.0	0.0	-3.744312687
30.2	0.0	0.0	-3.733317459
30.22	0.0	0.0	-3.715639386
30.24	0.0	0.0	-3.691356224
30.26	0.0	0.0	-3.6605575
30.28	0.0	0.0	-3.623344268
30.3	0.0	0.0	-3.579828838
30.32	0.0	0.0	-3.530134489
30.34	0.0	0.0	-3.47439516
30.36	0.0	0.0	-3.412755128
30.38	0.0	0.0	-3.345368662
30.4	0.0	0.0	-3.272399665
30.42	0.0	0.0	-3.194021296
30.44	0.0	0.0	-3.110415581
30.46	0.0	0.0	-3.021773008
30.48	0.0	0.0	-2.928292107
30.5	0.0	0.0	-2.830179019
30.52	0.0	0.0	-2.727647055
30.54	0.0	0.0	-2.620916242
30.56	0.0	0.0	-2.510212857
30.58	0.0	0.0	-2.395768961
30.6	0.0	0.0	-2.277821916
30.62	0.0	0.0	-2.156613899
30.64	0.0	0.0	-2.032391409
30.66	0.0	0.0	-1.905404776
30.68	0.0	0.0	-1.775907653
30.7	0.0	0.0	-1.644156518
30.72	0.0	0.0	-1.510410167
30.74	0.0	0.0	-1.374929209
30.76	0.0	0.0	-1.23797556
30.78	0.0	0.0	-1.099811937
30.8	0.0	0.0	-0.96070136
30.82	0.0	0.0	-0.82090665
30.84	0.0	0.0	-0.680689934
30.86	0.0	0.0	-0.540312153
30.88	0.0	0.0	-0.400032585
30.9	0.0	0.0	-0.26010836
30.92	0.0	0.0	-0.120793992
30.94	0.0	0.0	0.01765908
30.96	0.0	0.0	0.155002942
30.98	0.0	0.0	0.290993654
31	0.0	0.0	0.425391673
31.02	0.0	0.0	0.557962276
31.04	0.0	0.0	0.688475967
31.06	0.0	0.0	0.816708867
31.08	0.0	0.0	0.942443097
31.1	0.0	0.0	1.065467142
31.12	0.0	0.0	1.1855762
31.14	0.0	0.0	1.302572521
31.16	0.0	0.0	1.41626572
31.18	0.0	0.0	1.526473082
31.2	0.0	0.0	1.633019848
31.22	0.0	0.0	1.735739478
31.24	0.0	0.0	1.834473905
31.26	0.0	0.0	1.929073767
31.28	0.0	0.0	2.019398615
31.3	0.0	0.0	2.10531711
31.32	0.0	0.0	2.186707198
31.34	0.0	0.0	2.263456269
31.36	0.0	0.0	2.335461285
31.38	0.0	0.0	2.402628907
31.4	0.0	0.0	2.464875586
31.42	0.0	0.0	2.522127643
31.44	0.0	0.0	2.574321329
31.46	0.0	0.0	2.621402861
31.48	0.0	0.0	2.663328444
31.5	0.0	0.0	2.700064271
31.52	0.0	0.0	2.731586501
31.54	0.0	0.0	2.757881226
31.56	0.0	0.0	2.77894441
31.58	0.0	0.0	2.794781819
31.6	0.0	0.0	2.805408921
31.62	0.0	0.0	2.810850782
31.64	0.0	0.0	2.811141932
31.66	0.0	0.0	2.806326222
31.68	0.0	0.0	2.796456662
31.7	0.0	0.0	2.781595242
31.72	0.0	0.0	2.761812738
31.74	0.0	0.0	2.737188503
31.76	0.0	0.0	2.70781024
31.78	0.0	0.0	2.67377377
31.8	0.0	0.0	2.635182776
31.82	0.0	0.0	2.592148538
31.84	0.0	0.0	2.544789659
31.86	0.0	0.0	2.493231776
31.88	0.0	0.0	2.437607259
31.9	0.0	0.0	2.3780549
31.92	0.0	0.0	2.314719599
31.94	0.0	0.0	2.247752032
31.96	0.0	0.0	2.177308313
31.98	0.0	0.0	2.103549653
32	0.0	0.0	2.02664201
32.02	0.0	0.0	1.946755729
32.04	0.0	0.0	1.864065181
32.06	0.0	0.0	1.778748399
32.08	0.0	0.0	1.690986707
32.1	0.0	0.0	1.600964343
32.12	0.0	0.0	1.50886809
32.14	0.0	0.0	1.414886893
32.16	0.0	0.0	1.319211486
32.18	0.0	0.0	1.222034011
32.2	0.0	0.0	1.123547643
32.22	0.0	0.0	1.023946215
32.24	0.0	0.0	0.923423841
32.26	0.0	0.0	0.822174552
32.28	0.0	0.0	0.720391923
32.3	0.0	0.0	0.618268713
32.32	0.0	0.0	0.515996508
32.34	0.0	0.0	0.413765367
32.36	0.0	0.0	0.311763478
32.38	0.0	0.0	0.210176817
32.4	0.0	0.0	0.109188819
32.42	0.0	0.0	0.008980052
32.44	0.0	0.0	-0.090272097
32.46	0.0	0.0	-0.188393731
32.48	0.0	0.0	-0.285214734
32.5	0.0	0.0	-0.380569061
32.52	0.0	0.0	-0.474295014
32.54	0.0	0.0	-0.566235506
32.56	0.0	0.0	-0.656238312
32.58	0.0	0.0	-0.744156318
32.6	0.0	0.0	-0.829847742
32.62	0.0	0.0	-0.913176355
32.64	0.0	0.0	-0.994011688
32.66	0.0	0.0	-1.072229219
32.68	0.0	0.0	-1.147710551
32.7	0.0	0.0	-1.22034358
32.72	0.0	0.0	-1.290022645
32.74	0.0	0.0	-1.356648661
32.76	0.0	0.0	-1.420129247
32.78	0.0	0.0	-1.480378832
32.8	0.0	0.0	-1.53731875
32.82	0.0	0.0	-1.590877323
32.84	0.0	0.0	-1.640989923
32.86	0.0	0.0	-1.687599028
32.88	0.0	0.0	-1.730654256
32.9	0.0	0.0	-1.770112393
32.92	0.0	0.0	-1.805937401
32.94	0.0	0.0	-1.838100413
32.96	0.0	0.0	-1.866579714
32.98	0.0	0.0	-1.891360714
33	0.0	0.0	-1.912435898
33.02	0.0	0.0	-1.929804773
33.04	0.0	0.0	-1.943473793
33.06	0.0	0.0	-1.953456277
33.08	0.0	0.0	-1.959772312
33.1	0.0	0.0	-1.962448649
33.12	0.0	0.0	-1.961518577
33.14	0.0	0.0	-1.957021798
33.16	0.0	0.0	-1.949004281
33.18	0.0	0.0	-1.937518111
33.2	0.0	0.0	-1.922621327
33.22	0.0	0.0	-1.904377748
33.24	0.0	0.0	-1.88285679
33.26	0.0	0.0	-1.858133279
33.28	0.0	0.0	-1.830287249
33.3	0.0	0.0	-1.799403736
33.32	0.0	0.0	-1.765572562
33.34	0.0	0.0	-1.728888115
33.36	0.0	0.0	-1.689449122
33.38	0.0	0.0	-1.647358411
33.4	0.0	0.0	-1.602722677
33.42	0.0	0.0	-1.555652234
33.44	0.0	0.0	-1.506260767
33.46	0.0	0.0	-1.454665082
33.48	0.0	0.0	-1.400984848
33.5	0.0	0.0	-1.345342337
33.52	0.0	0.0	-1.287862169
33.54	0.0	0.0	-1.228671042
33.56	0.0	0.0	-1.167897476
33.58	0.0	0.0	-1.105671542
33.6	0.0	0.0	-1.042124604
33.62	0.0	0.0	-0.977389049
33.64	0.0	0.0	-0.911598028
33.66	0.0	0.0	-0.844885194
33.68	0.0	0.0	-0.777384439
33.7	0.0	0.0	-0.709229642
33.72	0.0	0.0	-0.64055441
33.74	0.0	0.0	-0.571491828
33.76	0.0	0.0	-0.502174213
33.78	0.0	0.0	-0.43273287
33.8	0.0	0.0	-0.363297853
33.82	0.0	0.0	-0.293997732
33.84	0.0	0.0	-0.224959367
33.86	0.0	0.0	-0.156307681
33.88	0.0	0.0	-0.088165449
33.9	0.0	0.0	-0.020653086
33.92	0.0	0.0	0.046111553
33.94	0.0	0.0	0.112013372
33.96	0.0	0.0	0.176940216
33.98	0.0	0.0	0.240783058
34	0.0	0.0	0.303436164
34.02	0.0	0.0	0.364797261
34.04	0.0	0.0	0.424767689
34.06	0.0	0.0	0.48325255
34.08	0.0	0.0	0.540160842
34.1	0.0	0.0	0.595405589
34.12	0.0	0.0	0.648903962
34.14	0.0	0.0	0.700577383
34.16	0.0	0.0	0.750351629
34.18	0.0	0.0	0.798156924
34.2	0.0	0.0	0.843928016
34.22	0.0	0.0	0.887604248
34.24	0.0	0.0	0.929129624
34.26	0.0	0.0	0.968452856
34.28	0.0	0.0	1.00552741
34.3	0.0	0.0	1.040311535
34.32	0.0	0.0	1.072768288
34.34	0.0	0.0	1.102865545
34.36	0.0	0.0	1.130576008
34.38	0.0	0.0	1.155877197
34.4	0.0	0.0	1.178751436
34.42	0.0	0.0	1.199185828
34.44	0.0	0.0	1.217172224
34.46	0.0	0.0	1.23270718
34.48	0.0	0.0	1.245791908
34.5	0.0	0.0	1.256432214
34.52	0.0	0.0	1.264638437
34.54	0.0	0.0	1.270425369
34.56	0.0	0.0	1.273812175
34.58	0.0	0.0	1.274822303
34.6	0.0	0.0	1.273483385
34.62	0.0	0.0	1.269827137
34.64	0.0	0.0	1.263889244
34.66	0.0	0.0	1.255709246
34.68	0.0	0.0	1.245330414
34.7	0.0	0.0	1.232799621
34.72	0.0	0.0	1.218167209
34.74	0.0	0.0	1.20148685
34.76	0.0	0.0	1.182815399
34.78	0.0	0.0	1.162212752
34.8	0.0	0.0	1.139741686
34.82	0.0	0.0	1.115467712
34.84	0.0	0.0	1.089458906
34.86	0.0	0.0	1.061785755
34.88	0.0	0.0	1.032520989
34.9	0.0	0.0	1.001739411
34.92	0.0	0.0	0.969517733
34.94	0.0	0.0	0.935934404
34.96	0.0	0.0	0.901069433
34.98	0.0	0.0	0.865004226
35	0.0	0.0	0.827821402
35.02	0.0	0.0	0.78960463
35.04	0.0	0.0	0.750438447
35.06	0.0	0.0	0.71040809
35.08	0.0	0.0	0.669599325
35.1	0.0	0.0	0.628098273
35.12	0.0	0.0	0.585991243
35.14	0.0	0.0	0.543364564
35.16	0.0	0.0	0.500304419
35.18	0.0	0.0	0.456896686
35.2	0.0	0.0	0.413226771
35.22	0.0	0.0	0.369379458
35.24	0.0	0.0	0.325438751
35.26	0.0	0.0	0.281487722
35.28	0.0	0.0	0.237608371
35.3	0.0	0.0	0.193881476
35.32	0.0	0.0	0.150386458
35.34	0.0	0.0	0.107201247
35.36	0.0	0.0	0.064402154
35.38	0.0	0.0	0.022063742
35.4	0.0	0.0	-0.019741289
35.42	0.0	0.0	-0.060942219
35.44	0.0	0.0	-0.101470416
35.46	0.0	0.0	-0.141259438
35.48	0.0	0.0	-0.180245134
35.5	0.0	0.0	-0.218365734
35.52	0.0	0.0	-0.255561937
35.54	0.0	0.0	-0.291776989
35.56	0.0	0.0	-0.326956758
35.58	0.0	0.0	-0.361049804
35.6	0.0	0.0	-0.39400744
35.62	0.0	0.0	-0.425783787
35.64	0.0	0.0	-0.456335826
35.66	0.0	0.0	-0.48562344
35.68	0.0	0.0	-0.51360945
35.7	0.0	0.0	-0.54025965
35.72	0.0	0.0	-0.56554283
35.74	0.0	0.0	-0.589430791
35.76	0.0	0.0	-0.611898366
35.78	0.0	0.0	-0.632923418
35.8	0.0	0.0	-0.652486848
35.82	0.0	0.0	-0.670572582
35.84	0.0	0.0	-0.687167569
35.86	0.0	0.0	-0.702261757
35.88	0.0	0.0	-0.715848074
35.9	0.0	0.0	-0.727922399
35.92	0.0	0.0	-0.738483531
35.94	0.0	0.0	-0.747533146
35.96	0.0	0.0	-0.75507576
35.98	0.0	0.0	-0.761118675
36	0.0	0.0	-0.765671929
36.02	0.0	0.0	-0.768748238
36.04	0.0	0.0	-0.770362933
36.06	0.0	0.0	-0.770533894
36.08	0.0	0.0	-0.769281483
36.1	0.0	0.0	-0.766628463
36.12	0.0	0.0	-0.762599926
36.14	0.0	0.0	-0.757223212
36.16	0.0	0.0	-0.75052782
36.18	0.0	0.0	-0.742545325
36.2	0.0	0.0	-0.733309286
36.22	0.0	0.0	-0.722855155
36.24	0.0	0.0	-0.711220177
36.26	0.0	0.0	-0.698443299
36.28	0.0	0.0	-0.684565068
36.3	0.0	0.0	-0.66962753
36.32	0.0	0.0	-0.653674127
36.34	0.0	0.0	-0.636749596
36.36	0.0	0.0	-0.618899861
36.38	0.0	0.0	-0.600171931
36.4	0.0	0.0	-0.580613791
36.42	0.0	0.0	-0.560274299
36.44	0.0	0.0	-0.539203076
36.46	0.0	0.0	-0.517450401
36.48	0.0	0.0	-0.495067106
36.5	0.0	0.0	-0.472104468
36.52	0.0	0.0	-0.448614106
36.54	0.0	0.0	-0.424647877
36.56	0.0	0.0	-0.400257769
36.58	0.0	0.0	-0.375495804
36.6	0.0	0.0	-0.350413936
36.62	0.0	0.0	-0.325063949
36.64	0.0	0.0	-0.299497366
36.66	0.0	0.0	-0.273765349
36.68	0.0	0.0	-0.247918607
36.7	0.0	0.0	-0.222007307
36.72	0.0	0.0	-0.196080983
36.74	0.0	0.0	-0.170188454
36.76	0.0	0.0	-0.144377735
36.78	0.0	0.0	-0.118695964
36.8	0.0	0.0	-0.093189318
36.82	0.0	0.0	-0.067902943
36.84	0.0	0.0	-0.042880881
36.86	0.0	0.0	-0.018166
36.88	0.0	0.0	0.006200067
36.9	0.0	0.0	0.030176984
36.92	0.0	0.0	0.053725774
36.94	0.0	0.0	0.076808867
36.96	0.0	0.0	0.099390156
36.98	0.0	0.0	0.121435044
37	0.0	0.0	0.142910483
37.02	0.0	0.0	0.163785018
37.04	0.0	0.0	0.184028823
37.06	0.0	0.0	0.20361373
37.08	0.0	0.0	0.222513264
37.1	0.0	0.0	0.24070266
37.12	0.0	0.0	0.258158892
37.14	0.0	0.0	0.274860683
37.16	0.0	0.0	0.290788527
37.18	0.0	0.0	0.305924691
37.2	0.0	0.0	0.320253228
37.22	0.0	0.0	0.333759976
37.24	0.0	0.0	0.346432561
37.26	0.0	0.0	0.358260389
37.28	0.0	0.0	0.36923464
37.3	0.0	0.0	0.37934826
37.32	0.0	0.0	0.388595942
37.34	0.0	0.0	0.396974114
37.36	0.0	0.0	0.404480914
37.38	0.0	0.0	0.411116168
37.4	0.0	0.0	0.416881368
37.42	0.0	0.0	0.421779634
37.44	0.0	0.0	0.425815692
37.46	0.0	0.0	0.428995831
37.48	0.0	0.0	0.431327871
37.5	0.0	0.0	0.432821125
37.52	0.0	0.0	0.43348635
37.54	0.0	0.0	0.43333571
37.56	0.0	0.0	0.432382729
37.58	0.0	0.0	0.430642239
37.6	0.0	0.0	0.428130335
37.62	0.0	0.0	0.424864323
37.64	0.0	0.0	0.420862663
37.66	0.0	0.0	0.416144921
37.68	0.0	0.0	0.410731709
37.7	0.0	0.0	0.404644627
37.72	0.0	0.0	0.397906213
37.74	0.0	0.0	0.390539873
37.76	0.0	0.0	0.382569834
37.78	0.0	0.0	0.374021072
37.8	0.0	0.0	0.36491926
37.82	0.0	0.0	0.355290704
37.84	0.0	0.0	0.345162282
37.86	0.0	0.0	0.334561382
37.88	0.0	0.0	0.323515843
37.9	0.0	0.0	0.312053889
37.92	0.0	0.0	0.300204074
37.94	0.0	0.0	0.287995219
37.96	0.0	0.0	0.27545635
37.98	0.0	0.0	0.262616641
38	0.0	0.0	0.249505354
38.02	0.0	0.0	0.236151781
38.04	0.0	0.0	0.222585187
38.06	0.0	0.0	0.208834755
38.08	0.0	0.0	0.194929527
38.1	0.0	0.0	0.180898357
38.12	0.0	0.0	0.166769852
38.14	0.0	0.0	0.152572322
38.16	0.0	0.0	0.138333733
38.18	0.0	0.0	0.124081657
38.2	0.0	0.0	0.109843225
38.22	0.0	0.0	0.095645081
38.24	0.0	0.0	0.081513341
38.26	0.0	0.0	0.06747355
38.28	0.0	0.0	0.053550642
38.3	0.0	0.0	0.039768902
38.32	0.0	0.0	0.02615193
38.34	0.0	0.0	0.012722609
38.36	0.0	0.0	-0.00049693
38.38	0.0	0.0	-0.013485338
38.4	0.0	0.0	-0.026222073
38.42	0.0	0.0	-0.038687428
38.44	0.0	0.0	-0.050862558
38.46	0.0	0.0	-0.062729494
38.48	0.0	0.0	-0.07427117
38.5	0.0	0.0	-0.085471439
38.52	0.0	0.0	-0.096315084
38.54	0.0	0.0	-0.10678784
38.56	0.0	0.0	-0.116876394
38.58	0.0	0.0	-0.126568406
38.6	0.0	0.0	-0.135852508
38.62	0.0	0.0	-0.144718311
38.64	0.0	0.0	-0.153156411
38.66	0.0	0.0	-0.161158387
38.68	0.0	0.0	-0.168716802
38.7	0.0	0.0	-0.175825198
38.72	0.0	0.0	-0.182478094
38.74	0.0	0.0	-0.18867098
38.76	0.0	0.0	-0.194400304
38.78	0.0	0.0	-0.199663469
38.8	0.0	0.0	-0.204458814
38.82	0.0	0.0	-0.208785609
38.84	0.0	0.0	-0.212644031
38.86	0.0	0.0	-0.216035155
38.88	0.0	0.0	-0.218960931
38.9	0.0	0.0	-0.221424169
38.92	0.0	0.0	-0.223428515
38.94	0.0	0.0	-0.224978431
38.96	0.0	0.0	-0.226079171
38.98	0.0	0.0	-0.226736755
39	0.0	0.0	-0.226957948
39.02	0.0	0.0	-0.226750231
39.04	0.0	0.0	-0.226121772
39.06	0.0	0.0	-0.225081401
39.08	0.0	0.0	-0.223638578
39.1	0.0	0.0	-0.221803367
39.12	0.0	0.0	-0.219586403
39.14	0.0	0.0	-0.216998859
39.16	0.0	0.0	-0.21405242
39.18	0.0	0.0	-0.210759247
39.2	0.0	0.0	-0.207131946
39.22	0.0	0.0	-0.203183536
39.24	0.0	0.0	-0.198927413
39.26	0.0	0.0	-0.194377322
39.28	0.0	0.0	-0.189547322
39.3	0.0	0.0	-0.18445175
39.32	0.0	0.0	-0.179105192
39.34	0.0	0.0	-0.173522448
39.36	0.0	0.0	-0.167718501
39.38	0.0	0.0	-0.161708482
39.4	0.0	0.0	-0.155507639
39.42	0.0	0.0	-0.149131306
39.44	0.0	0.0	-0.142594872
39.46	0.0	0.0	-0.135913746
39.48	0.0	0.0	-0.129103331
39.5	0.0	0.0	-0.122178994
39.52	0.0	0.0	-0.115156034
39.54	0.0	0.0	-0.108049653
39.56	0.0	0.0	-0.100874934
39.58	0.0	0.0	-0.093646807
39.6	0.0	0.0	-0.086380025
39.62	0.0	0.0	-0.079089141
39.64	0.0	0.0	-0.071788481
39.66	0.0	0.0	-0.06449212
39.68	0.0	0.0	-0.05721386
39.7	0.0	0.0	-0.049967209
39.72	0.0	0.0	-0.042765358
39.74	0.0	0.0	-0.035621165
39.76	0.0	0.0	-0.02854713
39.78	0.0	0.0	-0.021555385
39.8	0.0	0.0	-0.01465767
39.82	0.0	0.0	-0.007865323
39.84	0.0	0.0	-0.001189262
39.86	0.0	0.0	0.005360026
39.88	0.0	0.0	0.011772498
39.9	0.0	0.0	0.01803857
39.92	0.0	0.0	0.024149119
39.94	0.0	0.0	0.030095499
39.96	0.0	0.0	0.035869547
39.98	0.0	0.0	0.041463589
40	0.0	0.0	0.046870443
40.02	0.0	0.0	0.052083431
40.04	0.0	0.0	0.057096373
40.06	0.0	0.0	0.0619036
40.08	0.0	0.0	0.066499945
40.1	0.0	0.0	0.070880749
40.12	0.0	0.0	0.075041862
40.14	0.0	0.0	0.078979636
40.16	0.0	0.0	0.082690926
40.18	0.0	0.0	0.086173087
40.2	0.0	0.0	0.089423966
40.22	0.0	0.0	0.0924419
40.24	0.0	0.0	0.095225709
40.26	0.0	0.0	0.097774688
40.28	0.0	0.0	0.1000886
40.3	0.0	0.0	0.102167666
40.32	0.0	0.0	0.104012558
40.34	0.0	0.0	0.105624387
40.36	0.0	0.0	0.107004693
40.38	0.0	0.0	0.108155433
40.4	0.0	0.0	0.10907897
40.42	0.0	0.0	0.109778059
40.44	0.0	0.0	0.110255836
40.46	0.0	0.0	0.110515801
40.48	0.0	0.0	0.110561809
40.5	0.0	0.0	0.11039805
40.52	0.0	0.0	0.110029039
40.54	0.0	0.0	0.109459595
40.56	0.0	0.0	0.108694832
40.58	0.0	0.0	0.10774014
40.6	0.0	0.0	0.106601167
40.62	0.0	0.0	0.105283807
40.64	0.0	0.0	0.103794181
40.66	0.0	0.0	0.10213862
40.68	0.0	0.0	0.10032365
40.7	0.0	0.0	0.098355974
40.72	0.0	0.0	0.096242457
40.74	0.0	0.0	0.093990108
40.76	0.0	0.0	0.091606063
40.78	0.0	0.0	0.089097569
40.8	0.0	0.0	0.086471969
40.82	0.0	0.0	0.083736683
40.84	0.0	0.0	0.080899192
40.86	0.0	0.0	0.077967027
40.88	0.0	0.0	0.074947746
40.9	0.0	0.0	0.071848924
40.92	0.0	0.0	0.068678134
40.94	0.0	0.0	0.065442937
40.96	0.0	0.0	0.06215086
40.98	0.0	0.0	0.058809392
41	0.0	0.0	0.055425959
41.02	0.0	0.0	0.052007921
41.04	0.0	0.0	0.048562549
41.06	0.0	0.0	0.045097022
41.08	0.0	0.0	0.041618407
41.1	0.0	0.0	0.038133653
41.12	0.0	0.0	0.034649576
41.14	0.0	0.0	0.031172851
41.16	0.0	0.0	0.02771
41.18	0.0	0.0	0.024267382
41.2	0.0	0.0	0.020851186
41.22	0.0	0.0	0.017467422
41.24	0.0	0.0	0.014121909
41.26	0.0	0.0	0.010820273
41.28	0.0	0.0	0.007567936
41.3	0.0	0.0	0.004370113
41.32	0.0	0.0	0.001231801
41.34	0.0	0.0	-0.001842221
41.36	0.0	0.0	-0.004847401
41.38	0.0	0.0	-0.007779413
41.4	0.0	0.0	-0.010634169
41.42	0.0	0.0	-0.013407814
41.44	0.0	0.0	-0.016096732
41.46	0.0	0.0	-0.01869755
41.48	0.0	0.0	-0.021207137
41.5	0.0	0.0	-0.023622604
41.52	0.0	0.0	-0.025941309
41.54	0.0	0.0	-0.028160852
41.56	0.0	0.0	-0.03027908
41.58	0.0	0.0	-0.03229408
41.6	0.0	0.0	-0.034204183
41.62	0.0	0.0	-0.036007958
41.64	0.0	0.0	-0.037704213
41.66	0.0	0.0	-0.039291992
41.68	0.0	0.0	-0.040770567
41.7	0.0	0.0	-0.042139443
41.72	0.0	0.0	-0.043398346
41.74	0.0	0.0	-0.044547224
41.76	0.0	0.0	-0.045586242
41.78	0.0	0.0	-0.046515772
41.8	0.0	0.0	-0.047336396
41.82	0.0	0.0	-0.048048891
41.84	0.0	0.0	-0.048654233
41.86	0.0	0.0	-0.049153583
41.88	0.0	0.0	-0.049548284
41.9	0.0	0.0	-0.049839857
41.92	0.0	0.0	-0.050029987
41.94	0.0	0.0	-0.050120524
41.96	0.0	0.0	-0.050113471
41.98	0.0	0.0	-0.050010978
42	0.0	0.0	-0.049815335
42.02	0.0	0.0	-0.049528964
42.04	0.0	0.0	-0.04915441
42.06	0.0	0.0	-0.048694337
42.08	0.0	0.0	-0.048151516
42.1	0.0	0.0	-0.047528822
42.12	0.0	0.0	-0.046829218
42.14	0.0	0.0	-0.046055758
42.16	0.0	0.0	-0.045211569
42.18	0.0	0.0	-0.04429985
42.2	0.0	0.0	-0.04332386
42.22	0.0	0.0	-0.042286914
42.24	0.0	0.0	-0.041192371
42.26	0.0	0.0	-0.040043629
42.28	0.0	0.0	-0.038844118
42.3	0.0	0.0	-0.03759729
42.32	0.0	0.0	-0.036306615
42.34	0.0	0.0	-0.034975568
42.36	0.0	0.0	-0.03360763
42.38	0.0	0.0	-0.032206275
42.4	0.0	0.0	-0.030774965
42.42	0.0	0.0	-0.029317143
42.44	0.0	0.0	-0.027836228
42.46	0.0	0.0	-0.026335608
42.48	0.0	0.0	-0.024818634
42.5	0.0	0.0	-0.023288612
42.52	0.0	0.0	-0.021748801
42.54	0.0	0.0	-0.020202406
42.56	0.0	0.0	-0.018652573
42.58	0.0	0.0	-0.017102383
42.6	0.0	0.0	-0.01555485
42.62	0.0	0.0	-0.014012913
42.64	0.0	0.0	-0.012479434
42.66	0.0	0.0	-0.010957195
42.68	0.0	0.0	-0.009448892
42.7	0.0	0.0	-0.007957133
42.72	0.0	0.0	-0.006484434
42.74	0.0	0.0	-0.005033216
42.76	0.0	0.0	-0.003605803
42.78	0.0	0.0	-0.002204422
42.8	0.0	0.0	-0.000831194
42.82	0.0	0.0	0.00051186
42.84	0.0	0.0	0.001822828
42.86	0.0	0.0	0.003099902
42.88	0.0	0.0	0.004341382
42.9	0.0	0.0	0.005545678
42.92	0.0	0.0	0.00671131
42.94	0.0	0.0	0.007836907
42.96	0.0	0.0	0.008921207
42.98	0.0	0.0	0.00996306
43	0.0	0.0	0.010961426
43.02	0.0	0.0	0.011915374
43.04	0.0	0.0	0.012824081
43.06	0.0	0.0	0.013686834
43.08	0.0	0.0	0.014503025
43.1	0.0	0.0	0.015272152
43.12	0.0	0.0	0.015993818
43.14	0.0	0.0	0.016667728
43.16	0.0	0.0	0.017293689
43.18	0.0	0.0	0.017871604
43.2	0.0	0.0	0.018401477
43.22	0.0	0.0	0.018883404
43.24	0.0	0.0	0.019317572
43.26	0.0	0.0	0.019704261
43.28	0.0	0.0	0.020043834
43.3	0.0	0.0	0.020336743
43.32	0.0	0.0	0.020583517
43.34	0.0	0.0	0.020784766
43.36	0.0	0.0	0.020941175
43.38	0.0	0.0	0.0210535
43.4	0.0	0.0	0.021122568
43.42	0.0	0.0	0.021149271
43.44	0.0	0.0	0.021134563
43.46	0.0	0.0	0.021079458
43.48	0.0	0.0	0.020985025
43.5	0.0	0.0	0.020852386
43.52	0.0	0.0	0.020682711
43.54	0.0	0.0	0.020477215
43.56	0.0	0.0	0.020237156
43.58	0.0	0.0	0.019963831
43.6	0.0	0.0	0.01965857
43.62	0.0	0.0	0.019322734
43.64	0.0	0.0	0.018957715
43.66	0.0	0.0	0.018564926
43.68	0.0	0.0	0.018145802
43.7	0.0	0.0	0.017701798
43.72	0.0	0.0	0.01723438
43.74	0.0	0.0	0.016745027
43.76	0.0	0.0	0.016235226
43.78	0.0	0.0	0.015706468
43.8	0.0	0.0	0.015160245
43.82	0.0	0.0	0.01459805
43.84	0.0	0.0	0.014021368
43.86	0.0	0.0	0.013431681
43.88	0.0	0.0	0.012830457
43.9	0.0	0.0	0.012219154
43.92	0.0	0.0	0.011599214
43.94	0.0	0.0	0.01097206
43.96	0.0	0.0	0.010339097
43.98	0.0	0.0	0.009701705
44	0.0	0.0	0.009061241
44.02	0.0	0.0	0.008419035
44.04	0.0	0.0	0.007776385
44.06	0.0	0.0	0.007134564
44.08	0.0	0.0	0.006494806
44.1	0.0	0.0	0.005858316
44.12	0.0	0.0	0.00522626
44.14	0.0	0.0	0.004599767
44.16	0.0	0.0	0.003979928
44.18	0.0	0.0	0.003367794
44.2	0.0	0.0	0.002764375
44.22	0.0	0.0	0.002170639
44.24	0.0	0.0	0.00158751
44.26	0.0	0.0	0.001015868
44.28	0.0	0.0	0.000456551
44.3	0.0	0.0	-8.96507E-05
44.32	0.0	0.0	-0.000621991
44.34	0.0	0.0	-0.001139771
44.36	0.0	0.0	-0.001642337
44.38	0.0	0.0	-0.002129081
44.4	0.0	0.0	-0.002599443
44.42	0.0	0.0	-0.003052909
44.44	0.0	0.0	-0.003489011
44.46	0.0	0.0	-0.003907328
44.48	0.0	0.0	-0.004307483
44.5	0.0	0.0	-0.004689146
44.52	0.0	0.0	-0.005052032
44.54	0.0	0.0	-0.0053959
44.56	0.0	0.0	-0.005720553
44.58	0.0	0.0	-0.006025837
44.6	0.0	0.0	-0.00631164
44.62	0.0	0.0	-0.006577892
44.64	0.0	0.0	-0.006824564
44.66	0.0	0.0	-0.007051666
44.68	0.0	0.0	-0.007259247
44.7	0.0	0.0	-0.007447394
44.72	0.0	0.0	-0.00761623
44.74	0.0	0.0	-0.007765912
44.76	0.0	0.0	-0.007896634
44.78	0.0	0.0	-0.008008621
44.8	0.0	0.0	-0.00810213
44.82	0.0	0.0	-0.008177449
44.84	0.0	0.0	-0.008234893
44.86	0.0	0.0	-0.008274806
44.88	0.0	0.0	-0.008297559
44.9	0.0	0.0	-0.008303545
44.92	0.0	0.0	-0.008293185
44.94	0.0	0.0	-0.008266916
44.96	0.0	0.0	-0.008225201
44.98	0.0	0.0	-0.008168519
45	0.0	0.0	-0.008097366
45.02	0.0	0.0	-0.008012256
45.04	0.0	0.0	-0.007913717
45.06	0.0	0.0	-0.007802291
45.08	0.0	0.0	-0.007678531
45.1	0.0	0.0	-0.007542999
45.12	0.0	0.0	-0.007396269
45.14	0.0	0.0	-0.00723892
45.16	0.0	0.0	-0.00707154
45.18	0.0	0.0	-0.006894719
45.2	0.0	0.0	-0.006709052
45.22	0.0	0.0	-0.006515136
45.24	0.0	0.0	-0.006313569
45.26	0.0	0.0	-0.00610495
45.28	0.0	0.0	-0.005889876
45.3	0.0	0.0	-0.005668939
45.32	0.0	0.0	-0.00544273
45.34	0.0	0.0	-0.005211835
45.36	0.0	0.0	-0.004976834
45.38	0.0	0.0	-0.004738298
45.4	0.0	0.0	-0.004496794
45.42	0.0	0.0	-0.004252876
45.44	0.0	0.0	-0.004007092
45.46	0.0	0.0	-0.003759977
45.48	0.0	0.0	-0.003512056
45.5	0.0	0.0	-0.00326384
45.52	0.0	0.0	-0.00301583
45.54	0.0	0.0	-0.002768512
45.56	0.0	0.0	-0.002522356
45.58	0.0	0.0	-0.00227782
45.6	0.0	0.0	-0.002035346
45.62	0.0	0.0	-0.00179536
45.64	0.0	0.0	-0.001558272
45.66	0.0	0.0	-0.001324475
45.68	0.0	0.0	-0.001094344
45.7	0.0	0.0	-0.000868239
45.72	0.0	0.0	-0.000646501
45.74	0.0	0.0	-0.000429454
45.76	0.0	0.0	-0.000217402
45.78	0.0	0.0	-1.06342E-05
45.8	0.0	0.0	0.000190582
45.82	0.0	0.0	0.000385994
45.84	0.0	0.0	0.000575371
45.86	0.0	0.0	0.000758498
45.88	0.0	0.0	0.00093518
45.9	0.0	0.0	0.001105238
45.92	0.0	0.0	0.001268513
45.94	0.0	0.0	0.001424863
45.96	0.0	0.0	0.001574164
45.98	0.0	0.0	0.00171631
46	0.0	0.0	0.001851211
46.02	0.0	0.0	0.001978795
46.04	0.0	0.0	0.002099007
46.06	0.0	0.0	0.002211805
46.08	0.0	0.0	0.002317169
46.1	0.0	0.0	0.002415089
46.12	0.0	0.0	0.002505572
46.14	0.0	0.0	0.002588642
46.16	0.0	0.0	0.002664334
46.18	0.0	0.0	0.002732699
46.2	0.0	0.0	0.0027938
46.22	0.0	0.0	0.002847714
46.24	0.0	0.0	0.002894531
46.26	0.0	0.0	0.00293435
46.28	0.0	0.0	0.002967284
46.3	0.0	0.0	0.002993455
46.32	0.0	0.0	0.003012999
46.34	0.0	0.0	0.003026056
46.36	0.0	0.0	0.00303278
46.38	0.0	0.0	0.003033331
46.4	0.0	0.0	0.003027879
46.42	0.0	0.0	0.003016599
46.44	0.0	0.0	0.002999674
46.46	0.0	0.0	0.002977294
46.48	0.0	0.0	0.002949656
46.5	0.0	0.0	0.002916958
46.52	0.0	0.0	0.002879407
46.54	0.0	0.0	0.002837213
46.56	0.0	0.0	0.002790587
46.58	0.0	0.0	0.002739747
46.6	0.0	0.0	0.00268491
46.62	0.0	0.0	0.002626299
46.64	0.0	0.0	0.002564134
46.66	0.0	0.0	0.00249864
46.68	0.0	0.0	0.00243004
46.7	0.0	0.0	0.002358558
46.72	0.0	0.0	0.002284418
46.74	0.0	0.0	0.002207841
46.76	0.0	0.0	0.00212905
46.78	0.0	0.0	0.002048265
46.8	0.0	0.0	0.001965702
46.82	0.0	0.0	0.001881578
46.84	0.0	0.0	0.001796104
46.86	0.0	0.0	0.00170949
46.88	0.0	0.0	0.001621941
46.9	0.0	0.0	0.001533658
46.92	0.0	0.0	0.00144484
46.94	0.0	0.0	0.00135568
46.96	0.0	0.0	0.001266366
46.98	0.0	0.0	0.001177081
47	0.0	0.0	0.001088003
47.02	0.0	0.0	0.000999306
47.04	0.0	0.0	0.000911157
47.06	0.0	0.0	0.000823716
47.08	0.0	0.0	0.000737139
47.1	0.0	0.0	0.000651576
47.12	0.0	0.0	0.000567169
47.14	0.0	0.0	0.000484054
47.16	0.0	0.0	0.000402362
47.18	0.0	0.0	0.000322217
47.2	0.0	0.0	0.000243735
47.22	0.0	0.0	0.000167025
47.24	0.0	0.0	9.21929E-05
47.26	0.0	0.0	1.93338E-05
47.28	0.0	0.0	-5.14621E-05
47.3	0.0	0.0	-0.000120112
47.32	0.0	0.0	-0.000186538
47.34	0.0	0.0	-0.000250673
47.36	0.0	0.0	-0.000312451
47.38	0.0	0.0	-0.000371817
47.4	0.0	0.0	-0.000428722
47.42	0.0	0.0	-0.00048312
47.44	0.0	0.0	-0.000534976
47.46	0.0	0.0	-0.000584258
47.48	0.0	0.0	-0.000630942
47.5	0.0	0.0	-0.000675008
47.52	0.0	0.0	-0.000716443
47.54	0.0	0.0	-0.000755241
47.56	0.0	0.0	-0.0007914
47.58	0.0	0.0	-0.000824923
47.6	0.0	0.0	-0.000855819
47.62	0.0	0.0	-0.000884103
47.64	0.0	0.0	-0.000909793
47.66	0.0	0.0	-0.000932914
47.68	0.0	0.0	-0.000953493
47.7	0.0	0.0	-0.000971564
47.72	0.0	0.0	-0.000987162
47.74	0.0	0.0	-0.00100033
47.76	0.0	0.0	-0.00101111
47.78	0.0	0.0	-0.001019553
47.8	0.0	0.0	-0.001025708
47.82	0.0	0.0	-0.001029631
47.84	0.0	0.0	-0.001031379
47.86	0.0	0.0	-0.001031013
47.88	0.0	0.0	-0.001028595
47.9	0.0	0.0	-0.001024192
47.92	0.0	0.0	-0.001017869
47.94	0.0	0.0	-0.001009697
47.96	0.0	0.0	-0.000999747
47.98	0.0	0.0	-0.000988091
48	0.0	0.0	-0.000974804
48.02	0.0	0.0	-0.00095996
48.04	0.0	0.0	-0.000943636
48.06	0.0	0.0	-0.000925908
48.08	0.0	0.0	-0.000906854
48.1	0.0	0.0	-0.000886552
48.12	0.0	0.0	-0.000865081
48.14	0.0	0.0	-0.000842518
48.16	0.0	0.0	-0.000818942
48.18	0.0	0.0	-0.00079443
48.2	0.0	0.0	-0.00076906
48.22	0.0	0.0	-0.00074291
48.24	0.0	0.0	-0.000716055
48.26	0.0	0.0	-0.000688571
48.28	0.0	0.0	-0.000660532
48.3	0.0	0.0	-0.000632013
48.32	0.0	0.0	-0.000603084
48.34	0.0	0.0	-0.000573818
48.36	0.0	0.0	-0.000544284
48.38	0.0	0.0	-0.000514549
48.4	0.0	0.0	-0.000484681
48.42	0.0	0.0	-0.000454743
48.44	0.0	0.0	-0.000424799
48.46	0.0	0.0	-0.000394909
48.48	0.0	0.0	-0.000365134
48.5	0.0	0.0	-0.000335528
48.52	0.0	0.0	-0.000306149
48.54	0.0	0.0	-0.000277048
48.56	0.0	0.0	-0.000248277
48.58	0.0	0.0	-0.000219883
48.6	0.0	0.0	-0.000191914
48.62	0.0	0.0	-0.000164412
48.64	0.0	0.0	-0.000137421
48.66	0.0	0.0	-0.000110979
48.68	0.0	0.0	-8.51229E-05
48.7	0.0	0.0	-5.98881E-05
48.72	0.0	0.0	-3.5307E-05
48.74	0.0	0.0	-1.14095E-05
48.76	0.0	0.0	1.17766E-05
48.78	0.0	0.0	3.42257E-05
48.8	0.0	0.0	5.59147E-05
48.82	0.0	0.0	7.68226E-05
48.84	0.0	0.0	9.69307E-05
48.86	0.0	0.0	0.000116223
48.88	0.0	0.0	0.000134684
48.9	0.0	0.0	0.000152303
48.92	0.0	0.0	0.000169069
48.94	0.0	0.0	0.000184974
48.96	0.0	0.0	0.000200013
48.98	0.0	0.0	0.000214182
49	0.0	0.0	0.000227477
49.02	0.0	0.0	0.0002399
49.04	0.0	0.0	0.000251451
49.06	0.0	0.0	0.000262135
49.08	0.0	0.0	0.000271956
49.1	0.0	0.0	0.00028092
49.12	0.0	0.0	0.000289036
49.14	0.0	0.0	0.000296314
49.16	0.0	0.0	0.000302765
49.18	0.0	0.0	0.000308401
49.2	0.0	0.0	0.000313237
49.22	0.0	0.0	0.000317286
49.24	0.0	0.0	0.000320566
49.26	0.0	0.0	0.000323093
49.28	0.0	0.0	0.000324887
49.3	0.0	0.0	0.000325965
49.32	0.0	0.0	0.000326349
49.34	0.0	0.0	0.000326059
49.36	0.0	0.0	0.000325117
49.38	0.0	0.0	0.000323545
49.4	0.0	0.0	0.000321366
49.42	0.0	0.0	0.000318604
49.44	0.0	0.0	0.000315283
49.46	0.0	0.0	0.000311426
49.48	0.0	0.0	0.00030706
49.5	0.0	0.0	0.000302208
49.52	0.0	0.0	0.000296896
49.54	0.0	0.0	0.00029115
49.56	0.0	0.0	0.000284994
49.58	0.0	0.0	0.000278455
49.6	0.0	0.0	0.000271558
49.62	0.0	0.0	0.000264328
49.64	0.0	0.0	0.000256791
49.66	0.0	0.0	0.000248972
49.68	0.0	0.0	0.000240896
49.7	0.0	0.0	0.000232588
49.72	0.0	0.0	0.000224072
49.74	0.0	0.0	0.000215372
49.76	0.0	0.0	0.000206512
49.78	0.0	0.0	0.000197516
49.8	0.0	0.0	0.000188406
49.82	0.0	0.0	0.000179204
49.84	0.0	0.0	0.000169932
49.86	0.0	0.0	0.000160613
49.88	0.0	0.0	0.000151265
49.9	0.0	0.0	0.00014191
49.92	0.0	0.0	0.000132567
49.94	0.0	0.0	0.000123255
49.96	0.0	0.0	0.000113992
49.98	0.0	0.0	0.000104796
50	0.0	0.0	9.56824E-05
50.02	0.0	0.0	8.66685E-05
50.04	0.0	0.0	7.77695E-05
50.06	0.0	0.0	6.89999E-05
50.08	0.0	0.0	6.03737E-05
50.1	0.0	0.0	5.1904E-05
50.12	0.0	0.0	4.36033E-05
50.14	0.0	0.0	3.54831E-05
50.16	0.0	0.0	2.75545E-05
50.18	0.0	0.0	1.98275E-05
50.2	0.0	0.0	1.23117E-05
50.22	0.0	0.0	5.01564E-06
50.24	0.0	0.0	-2.05268E-06
50.26	0.0	0.0	-8.88606E-06
50.28	0.0	0.0	-1.5478E-05
50.3	0.0	0.0	-2.18228E-05
50.32	0.0	0.0	-2.79153E-05
50.34	0.0	0.0	-3.37511E-05
50.36	0.0	0.0	-3.93265E-05
50.38	0.0	0.0	-4.46386E-05
50.4	0.0	0.0	-4.96849E-05
50.42	0.0	0.0	-5.44636E-05
50.44	0.0	0.0	-5.89736E-05
50.46	0.0	0.0	-6.32143E-05
50.48	0.0	0.0	-6.71858E-05
50.5	0.0	0.0	-7.08887E-05
50.52	0.0	0.0	-7.43241E-05
50.54	0.0	0.0	-7.74936E-05
50.56	0.0	0.0	-8.03995E-05
50.58	0.0	0.0	-8.30443E-05
50.6	0.0	0.0	-8.54311E-05
50.62	0.0	0.0	-8.75636E-05
50.64	0.0	0.0	-8.94456E-05
50.66	0.0	0.0	-9.10815E-05
50.68	0.0	0.0	-9.24761E-05
50.7	0.0	0.0	-9.36343E-05
50.72	0.0	0.0	-9.45616E-05
50.74	0.0	0.0	-9.52636E-05
50.76	0.0	0.0	-9.57465E-05
50.78	0.0	0.0	-9.60164E-05
50.8	0.0	0.0	-9.60798E-05
50.82	0.0	0.0	-9.59434E-05
50.84	0.0	0.0	-9.56142E-05
50.86	0.0	0.0	-9.50992E-05
50.88	0.0	0.0	-9.44057E-05
50.9	0.0	0.0	-9.3541E-05
50.92	0.0	0.0	-9.25126E-05
50.94	0.0	0.0	-9.13282E-05
50.96	0.0	0.0	-8.99953E-05
50.98	0.0	0.0	-8.85217E-05
51	0.0	0.0	-8.69152E-05
51.02	0.0	0.0	-8.51836E-05
51.04	0.0	0.0	-8.33345E-05
51.06	0.0	0.0	-8.13758E-05
51.08	0.0	0.0	-7.93153E-05
51.1	0.0	0.0	-7.71606E-05
51.12	0.0	0.0	-7.49194E-05
51.14	0.0	0.0	-7.25992E-05
51.16	0.0	0.0	-7.02076E-05
51.18	0.0	0.0	-6.77519E-05
51.2	0.0	0.0	-6.52394E-05
51.22	0.0	0.0	-6.26772E-05
51.24	0.0	0.0	-6.00724E-05
51.26	0.0	0.0	-5.74317E-05
51.28	0.0	0.0	-5.4762E-05
51.3	0.0	0.0	-5.20698E-05
51.32	0.0	0.0	-4.93615E-05
51.34	0.0	0.0	-4.66432E-05
51.36	0.0	0.0	-4.39209E-05
51.38	0.0	0.0	-4.12005E-05
51.4	0.0	0.0	-3.84876E-05
51.42	0.0	0.0	-3.57877E-05
51.44	0.0	0.0	-3.31058E-05
51.46	0.0	0.0	-3.0447E-05
51.48	0.0	0.0	-2.78161E-05
51.5	0.0	0.0	-2.52176E-05
51.52	0.0	0.0	-2.26558E-05
51.54	0.0	0.0	-2.01349E-05
51.56	0.0	0.0	-1.76587E-05
51.58	0.0	0.0	-1.52308E-05
51.6	0.0	0.0	-1.28548E-05
51.62	0.0	0.0	-1.05338E-05
51.64	0.0	0.0	-8.27082E-06
51.66	0.0	0.0	-6.06854E-06
51.68	0.0	0.0	-3.92954E-06
51.7	0.0	0.0	-1.85612E-06
51.72	0.0	0.0	1.49619E-07
51.74	0.0	0.0	2.0858E-06
51.76	0.0	0.0	3.95076E-06
51.78	0.0	0.0	5.74302E-06
51.8	0.0	0.0	7.46134E-06
51.82	0.0	0.0	9.10466E-06
51.84	0.0	0.0	1.06721E-05
51.86	0.0	0.0	1.2163E-05
51.88	0.0	0.0	1.35769E-05
51.9	0.0	0.0	1.49134E-05
51.92	0.0	0.0	1.61725E-05
51.94	0.0	0.0	1.73541E-05
51.96	0.0	0.0	1.84585E-05
51.98	0.0	0.0	1.9486E-05
52	0.0	0.0	2.04371E-05
52.02	0.0	0.0	2.13125E-05
52.04	0.0	0.0	2.21129E-05
52.06	0.0	0.0	2.28393E-05
52.08	0.0	0.0	2.34927E-05
52.1	0.0	0.0	2.40743E-05
52.12	0.0	0.0	2.45853E-05
52.14	0.0	0.0	2.50272E-05
52.16	0.0	0.0	2.54014E-05
52.18	0.0	0.0	2.57095E-05
52.2	0.0	0.0	2.59531E-05
52.22	0.0	0.0	2.61341E-05
52.24	0.0	0.0	2.62541E-05
52.26	0.0	0.0	2.6315E-05
52.28	0.0	0.0	2.63189E-05
52.3	0.0	0.0	2.62677E-05
52.32	0.0	0.0	2.61634E-05
52.34	0.0	0.0	2.60081E-05
52.36	0.0	0.0	2.5804E-05
52.38	0.0	0.0	2.55531E-05
52.4	0.0	0.0	2.52577E-05
52.42	0.0	0.0	2.49199E-05
52.44	0.0	0.0	2.45419E-05
52.46	0.0	0.0	2.4126E-05
52.48	0.0	0.0	2.36744E-05
52.5	0.0	0.0	2.31892E-05
52.52	0.0	0.0	2.26728E-05
52.54	0.0	0.0	2.21272E-05
52.56	0.0	0.0	2.15547E-05
52.58	0.0	0.0	2.09574E-05
52.6	0.0	0.0	2.03375E-05
52.62	0.0	0.0	1.9697E-05
52.64	0.0	0.0	1.90381E-05
52.66	0.0	0.0	1.83628E-05
52.68	0.0	0.0	1.76732E-05
52.7	0.0	0.0	1.69711E-05
52.72	0.0	0.0	1.62585E-05
52.74	0.0	0.0	1.55373E-05
52.76	0.0	0.0	1.48094E-05
52.78	0.0	0.0	1.40764E-05
52.8	0.0	0.0	1.33402E-05
52.82	0.0	0.0	1.26024E-05
52.84	0.0	0.0	1.18646E-05
52.86	0.0	0.0	1.11284E-05
52.88	0.0	0.0	1.03954E-05
52.9	0.0	0.0	9.66682E-06
52.92	0.0	0.0	8.9442E-06
52.94	0.0	0.0	8.22882E-06
52.96	0.0	0.0	7.52194E-06
52.98	0.0	0.0	6.82476E-06
53	0.0	0.0	6.1384E-06
53.02	0.0	0.0	5.46393E-06
53.04	0.0	0.0	4.80236E-06
53.06	0.0	0.0	4.15463E-06
53.08	0.0	0.0	3.52161E-06
53.1	0.0	0.0	2.90412E-06
53.12	0.0	0.0	2.30292E-06
53.14	0.0	0.0	1.71868E-06
53.16	0.0	0.0	1.15205E-06
53.18	0.0	0.0	6.03585E-07
53.2	0.0	0.0	7.37983E-08
53.22	0.0	0.0	-4.36859E-07
53.24	0.0	0.0	-9.27992E-07
53.26	0.0	0.0	-1.39926E-06
53.28	0.0	0.0	-1.85039E-06
53.3	0.0	0.0	-2.28115E-06
53.32	0.0	0.0	-2.69135E-06
53.34	0.0	0.0	-3.08088E-06
53.36	0.0	0.0	-3.44965E-06
53.38	0.0	0.0	-3.79764E-06
53.4	0.0	0.0	-4.12485E-06
53.42	0.0	0.0	-4.43135E-06
53.44	0.0	0.0	-4.71725E-06
53.46	0.0	0.0	-4.98267E-06
53.48	0.0	0.0	-5.22781E-06
53.5	0.0	0.0	-5.45288E-06
53.52	0.0	0.0	-5.65813E-06
53.54	0.0	0.0	-5.84385E-06
53.56	0.0	0.0	-6.01037E-06
53.58	0.0	0.0	-6.15802E-06
53.6	0.0	0.0	-6.28719E-06
53.62	0.0	0.0	-6.39827E-06
53.64	0.0	0.0	-6.4917E-06
53.66	0.0	0.0	-6.56792E-06
53.68	0.0	0.0	-6.6274E-06
53.7	0.0	0.0	-6.67063E-06
53.72	0.0	0.0	-6.69811E-06
53.74	0.0	0.0	-6.71037E-06
53.76	0.0	0.0	-6.70794E-06
53.78	0.0	0.0	-6.69137E-06
53.8	0.0	0.0	-6.66122E-06
53.82	0.0	0.0	-6.61804E-06
53.84	0.0	0.0	-6.56242E-06
53.86	0.0	0.0	-6.49494E-06
53.88	0.0	0.0	-6.41617E-06
53.9	0.0	0.0	-6.32671E-06
53.92	0.0	0.0	-6.22714E-06
53.94	0.0	0.0	-6.11805E-06
53.96	0.0	0.0	-6.00003E-06
53.98	0.0	0.0	-5.87366E-06
54	0.0	0.0	-5.73952E-06
54.02	0.0	0.0	-5.59819E-06
54.04	0.0	0.0	-5.45024E-06
54.06	0.0	0.0	-5.29624E-06
54.08	0.0	0.0	-5.13674E-06
54.1	0.0	0.0	-4.97228E-06
54.12	0.0	0.0	-4.80341E-06
54.14	0.0	0.0	-4.63065E-06
54.16	0.0	0.0	-4.45452E-06
54.18	0.0	0.0	-4.27552E-06
54.2	0.0	0.0	-4.09415E-06
54.22	0.0	0.0	-3.91088E-06
54.24	0.0	0.0	-3.72618E-06
54.26	0.0	0.0	-3.5405E-06
54.28	0.0	0.0	-3.35428E-06
54.3	0.0	0.0	-3.16793E-06
54.32	0.0	0.0	-2.98187E-06
54.34	0.0	0.0	-2.79647E-06
54.36	0.0	0.0	-2.61212E-06
54.38	0.0	0.0	-2.42917E-06
54.4	0.0	0.0	-2.24797E-06
54.42	0.0	0.0	-2.06884E-06
54.44	0.0	0.0	-1.89208E-06
54.46	0.0	0.0	-1.71799E-06
54.48	0.0	0.0	-1.54684E-06
54.5	0.0	0.0	-1.37889E-06
54.52	0.0	0.0	-1.21438E-06
54.54	0.0	0.0	-1.05354E-06
54.56	0.0	0.0	-8.96572E-07
54.58	0.0	0.0	-7.43667E-07
54.6	0.0	0.0	-5.95004E-07
54.62	0.0	0.0	-4.50742E-07
54.64	0.0	0.0	-3.11025E-07
54.66	0.0	0.0	-1.75982E-07
54.68	0.0	0.0	-4.5728E-08
54.7	0.0	0.0	7.96388E-08
54.72	0.0	0.0	2.00033E-07
54.74	0.0	0.0	3.15385E-07
54.76	0.0	0.0	4.25636E-07
54.78	0.0	0.0	5.30743E-07
54.8	0.0	0.0	6.30675E-07
54.82	0.0	0.0	7.25413E-07
54.84	0.0	0.0	8.14952E-07
54.86	0.0	0.0	8.99295E-07
54.88	0.0	0.0	9.7846E-07
54.9	0.0	0.0	1.05247E-06
54.92	0.0	0.0	1.12137E-06
54.94	0.0	0.0	1.1852E-06
54.96	0.0	0.0	1.24402E-06
54.98	0.0	0.0	1.29789E-06
55	0.0	0.0	1.34689E-06
55.02	0.0	0.0	1.3911E-06
55.04	0.0	0.0	1.4306E-06
55.06	0.0	0.0	1.4655E-06
55.08	0.0	0.0	1.49589E-06
55.1	0.0	0.0	1.52188E-06
55.12	0.0	0.0	1.54358E-06
55.14	0.0	0.0	1.56112E-06
55.16	0.0	0.0	1.57461E-06
55.18	0.0	0.0	1.58418E-06
55.2	0.0	0.0	1.58997E-06
55.22	0.0	0.0	1.59211E-06
55.24	0.0	0.0	1.59073E-06
55.26	0.0	0.0	1.58597E-06
55.28	0.0	0.0	1.57798E-06
55.3	0.0	0.0	1.56689E-06
55.32	0.0	0.0	1.55286E-06
55.34	0.0	0.0	1.53602E-06
55.36	0.0	0.0	1.51653E-06
55.38	0.0	0.0	1.49452E-06
55.4	0.0	0.0	1.47014E-06
55.42	0.0	0.0	1.44355E-06
55.44	0.0	0.0	1.41488E-06
55.46	0.0	0.0	1.38427E-06
55.48	0.0	0.0	1.35188E-06
55.5	0.0	0.0	1.31783E-06
55.52	0.0	0.0	1.28227E-06
55.54	0.0	0.0	1.24534E-06
55.56	0.0	0.0	1.20716E-06
55.58	0.0	0.0	1.16788E-06
55.6	0.0	0.0	1.12762E-06
55.62	0.0	0.0	1.0865E-06
55.64	0.0	0.0	1.04465E-06
55.66	0.0	0.0	1.00219E-06
55.68	0.0	0.0	9.59236E-07
55.7	0.0	0.0	9.15903E-07
55.72	0.0	0.0	8.72298E-07
55.74	0.0	0.0	8.28528E-07
55.76	0.0	0.0	7.84695E-07
55.78	0.0	0.0	7.40897E-07
55.8	0.0	0.0	6.97229E-07
55.82	0.0	0.0	6.53781E-07
55.84	0.0	0.0	6.1064E-07
55.86	0.0	0.0	5.67887E-07
55.88	0.0	0.0	5.256E-07
55.9	0.0	0.0	4.83855E-07
55.92	0.0	0.0	4.4272E-07
55.94	0.0	0.0	4.02263E-07
55.96	0.0	0.0	3.62543E-07
55.98	0.0	0.0	3.2362E-07
56	0.0	0.0	2.85547E-07
56.02	0.0	0.0	2.48374E-07
56.04	0.0	0.0	2.12146E-07
56.06	0.0	0.0	1.76905E-07
56.08	0.0	0.0	1.42689E-07
56.1	0.0	0.0	1.09533E-07
56.12	0.0	0.0	7.74665E-08
56.14	0.0	0.0	4.65173E-08
56.16	0.0	0.0	1.67083E-08
56.18	0.0	0.0	-1.19404E-08
56.2	0.0	0.0	-3.94122E-08
56.22	0.0	0.0	-6.56939E-08
56.24	0.0	0.0	-9.07752E-08
56.26	0.0	0.0	-1.14649E-07
56.28	0.0	0.0	-1.37311E-07
56.3	0.0	0.0	-1.58761E-07
56.32	0.0	0.0	-1.78999E-07
56.34	0.0	0.0	-1.9803E-07
56.36	0.0	0.0	-2.1586E-07
56.38	0.0	0.0	-2.32498E-07
56.4	0.0	0.0	-2.47956E-07
56.42	0.0	0.0	-2.62246E-07
56.44	0.0	0.0	-2.75385E-07
56.46	0.0	0.0	-2.8739E-07
56.48	0.0	0.0	-2.9828E-07
56.5	0.0	0.0	-3.08076E-07
56.52	0.0	0.0	-3.168E-07
56.54	0.0	0.0	-3.24477E-07
56.56	0.0	0.0	-3.31132E-07
56.58	0.0	0.0	-3.36792E-07
56.6	0.0	0.0	-3.41483E-07
56.62	0.0	0.0	-3.45236E-07
56.64	0.0	0.0	-3.4808E-07
56.66	0.0	0.0	-3.50045E-07
56.68	0.0	0.0	-3.51163E-07
56.7	0.0	0.0	-3.51465E-07
56.72	0.0	0.0	-3.50984E-07
56.74	0.0	0.0	-3.49753E-07
56.76	0.0	0.0	-3.47805E-07
56.78	0.0	0.0	-3.45173E-07
56.8	0.0	0.0	-3.41892E-07
56.82	0.0	0.0	-3.37994E-07
56.84	0.0	0.0	-3.33514E-07
56.86	0.0	0.0	-3.28485E-07
56.88	0.0	0.0	-3.22941E-07
56.9	0.0	0.0	-3.16914E-07
56.92	0.0	0.0	-3.10439E-07
56.94	0.0	0.0	-3.03547E-07
56.96	0.0	0.0	-2.96272E-07
56.98	0.0	0.0	-2.88644E-07
57	0.0	0.0	-2.80695E-07
57.02	0.0	0.0	-2.72456E-07
57.04	0.0	0.0	-2.63957E-07
57.06	0.0	0.0	-2.55228E-07
57.08	0.0	0.0	-2.46297E-07
57.1	0.0	0.0	-2.37192E-07
57.12	0.0	0.0	-2.27941E-07
57.14	0.0	0.0	-2.1857E-07
57.16	0.0	0.0	-2.09106E-07
57.18	0.0	0.0	-1.99572E-07
57.2	0.0	0.0	-1.89993E-07
57.22	0.0	0.0	-1.80393E-07
57.24	0.0	0.0	-1.70792E-07
57.26	0.0	0.0	-1.61213E-07
57.28	0.0	0.0	-1.51676E-07
57.3	0.0	0.0	-1.42201E-07
57.32	0.0	0.0	-1.32806E-07
57.34	0.0	0.0	-1.23508E-07
57.36	0.0	0.0	-1.14324E-07
57.38	0.0	0.0	-1.05271E-07
57.4	0.0	0.0	-9.63617E-08
57.42	0.0	0.0	-8.76114E-08
57.44	0.0	0.0	-7.90324E-08
57.46	0.0	0.0	-7.0637E-08
57.48	0.0	0.0	-6.2436E-08
57.5	0.0	0.0	-5.44398E-08
57.52	0.0	0.0	-4.66575E-08
57.54	0.0	0.0	-3.90978E-08
57.56	0.0	0.0	-3.17681E-08
57.58	0.0	0.0	-2.46752E-08
57.6	0.0	0.0	-1.78251E-08
57.62	0.0	0.0	-1.1223E-08
57.64	0.0	0.0	-4.87314E-09
57.66	0.0	0.0	1.22074E-09
57.68	0.0	0.0	7.05574E-09
57.7	0.0	0.0	1.26297E-08
57.72	0.0	0.0	1.7941E-08
57.74	0.0	0.0	2.29888E-08
57.76	0.0	0.0	2.77729E-08
57.78	0.0	0.0	3.22937E-08
57.8	0.0	0.0	3.6552E-08
57.82	0.0	0.0	4.05493E-08
57.84	0.0	0.0	4.42877E-08
57.86	0.0	0.0	4.77697E-08
57.88	0.0	0.0	5.09983E-08
57.9	0.0	0.0	5.39769E-08
57.92	0.0	0.0	5.67093E-08
57.94	0.0	0.0	5.91998E-08
57.96	0.0	0.0	6.1453E-08
57.98	0.0	0.0	6.34739E-08
58	0.0	0.0	6.52678E-08
58.02	0.0	0.0	6.68401E-08
58.04	0.0	0.0	6.81968E-08
58.06	0.0	0.0	6.93439E-08
58.08	0.0	0.0	7.02877E-08
58.1	0.0	0.0	7.10346E-08
58.12	0.0	0.0	7.15914E-08
58.14	0.0	0.0	7.19649E-08
58.16	0.0	0.0	7.21619E-08
58.18	0.0	0.0	7.21895E-08
58.2	0.0	0.0	7.20549E-08
58.22	0.0	0.0	7.17652E-08
58.24	0.0	0.0	7.13277E-08
58.26	0.0	0.0	7.07496E-08
58.28	0.0	0.0	7.00382E-08
58.3	0.0	0.0	6.92009E-08
58.32	0.0	0.0	6.82448E-08
58.34	0.0	0.0	6.71771E-08
58.36	0.0	0.0	6.6005E-08
58.38	0.0	0.0	6.47357E-08
58.4	0.0	0.0	6.33761E-08
58.42	0.0	0.0	6.19331E-08
58.44	0.0	0.0	6.04136E-08
58.46	0.0	0.0	5.88242E-08
58.48	0.0	0.0	5.71715E-08
58.5	0.0	0.0	5.5462E-08
58.52	0.0	0.0	5.37019E-08
58.54	0.0	0.0	5.18974E-08
58.56	0.0	0.0	5.00544E-08
58.58	0.0	0.0	4.81789E-08
58.6	0.0	0.0	4.62763E-08
58.62	0.0	0.0	4.43521E-08
58.64	0.0	0.0	4.24117E-08
58.66	0.0	0.0	4.04601E-08
58.68	0.0	0.0	3.85022E-08
58.7	0.0	0.0	3.65427E-08
58.72	0.0	0.0	3.4586E-08
58.74	0.0	0.0	3.26366E-08
58.76	0.0	0.0	3.06984E-08
58.78	0.0	0.0	2.87755E-08
58.8	0.0	0.0	2.68713E-08
58.82	0.0	0.0	2.49896E-08
58.84	0.0	0.0	2.31335E-08
58.86	0.0	0.0	2.13062E-08
58.88	0.0	0.0	1.95105E-08
58.9	0.0	0.0	1.77492E-08
58.92	0.0	0.0	1.60247E-08
58.94	0.0	0.0	1.43393E-08
58.96	0.0	0.0	1.26952E-08
58.98	0.0	0.0	1.10944E-08
59	0.0	0.0	9.53846E-09
59.02	0.0	0.0	8.02909E-09
59.04	0.0	0.0	6.56764E-09
59.06	0.0	0.0	5.15537E-09
59.08	0.0	0.0	3.79332E-09
59.1	0.0	0.0	2.48241E-09
59.12	0.0	0.0	1.22338E-09
59.14	0.0	0.0	1.68203E-11
59.16	0.0	0.0	-1.13681E-09
59.18	0.0	0.0	-2.23719E-09
59.2	0.0	0.0	-3.28417E-09
59.22	0.0	0.0	-4.27769E-09
59.24	0.0	0.0	-5.21782E-09
59.26	0.0	0.0	-6.10478E-09
59.28	0.0	0.0	-6.93886E-09
59.3	0.0	0.0	-7.7205E-09
59.32	0.0	0.0	-8.4502E-09
59.34	0.0	0.0	-9.12859E-09
59.36	0.0	0.0	-9.75638E-09
59.38	0.0	0.0	-1.03343E-08
59.4	0.0	0.0	-1.08634E-08
59.42	0.0	0.0	-1.13444E-08
59.44	0.0	0.0	-1.17785E-08
59.46	0.0	0.0	-1.21666E-08
59.48	0.0	0.0	-1.251E-08
59.5	0.0	0.0	-1.28098E-08
59.52	0.0	0.0	-1.30673E-08
59.54	0.0	0.0	-1.32837E-08
59.56	0.0	0.0	-1.34604E-08
59.58	0.0	0.0	-1.35986E-08
59.6	0.0	0.0	-1.36999E-08
59.62	0.0	0.0	-1.37656E-08
59.64	0.0	0.0	-1.37971E-08
59.66	0.0	0.0	-1.37959E-08
59.68	0.0	0.0	-1.37633E-08
59.7	0.0	0.0	-1.3701E-08
59.72	0.0	0.0	-1.36103E-08
59.74	0.0	0.0	-1.34927E-08
59.76	0.0	0.0	-1.33497E-08
59.78	0.0	0.0	-1.31827E-08
59.8	0.0	0.0	-1.29932E-08
59.82	0.0	0.0	-1.27826E-08
59.84	0.0	0.0	-1.25523E-08
59.86	0.0	0.0	-1.23037E-08
59.88	0.0	0.0	-1.20383E-08
59.9	0.0	0.0	-1.17574E-08
59.92	0.0	0.0	-1.14622E-08
59.94	0.0	0.0	-1.11542E-08
59.96	0.0	0.0	-1.08346E-08
59.98	0.0	0.0	-1.05047E-08
60	0.0	0.0	-1.01656E-08
60.02	0.0	0.0	-9.81864E-09
60.04	0.0	0.0	-9.46485E-09
60.06	0.0	0.0	-9.10539E-09
60.08	0.0	0.0	-8.74134E-09
60.1	0.0	0.0	-8.37375E-09
60.12	0.0	0.0	-8.0036E-09
60.14	0.0	0.0	-7.63188E-09
60.16	0.0	0.0	-7.25951E-09
60.18	0.0	0.0	-6.88737E-09
60.2	0.0	0.0	-6.5163E-09
60.22	0.0	0.0	-6.14712E-09
60.24	0.0	0.0	-5.78059E-09
60.26	0.0	0.0	-5.41742E-09
60.28	0.0	0.0	-5.05832E-09
60.3	0.0	0.0	-4.70391E-09
60.32	0.0	0.0	-4.35481E-09
60.34	0.0	0.0	-4.01158E-09
60.36	0.0	0.0	-3.67474E-09
60.38	0.0	0.0	-3.34479E-09
60.4	0.0	0.0	-3.02217E-09
60.42	0.0	0.0	-2.70729E-09
60.44	0.0	0.0	-2.40054E-09
60.46	0.0	0.0	-2.10225E-09
60.48	0.0	0.0	-1.81272E-09
60.5	0.0	0.0	-1.53223E-09
60.52	0.0	0.0	-1.26102E-09
60.54	0.0	0.0	-9.9929E-10
60.56	0.0	0.0	-7.47214E-10
60.58	0.0	0.0	-5.04937E-10
60.6	0.0	0.0	-2.72573E-10
60.62	0.0	0.0	-5.021E-11
60.64	0.0	0.0	1.62094E-10
60.66	0.0	0.0	3.64305E-10
60.68	0.0	0.0	5.56416E-10
60.7	0.0	0.0	7.38441E-10
60.72	0.0	0.0	9.1042E-10
60.74	0.0	0.0	1.07241E-09
60.76	0.0	0.0	1.2245E-09
60.78	0.0	0.0	1.36678E-09
60.8	0.0	0.0	1.49938E-09
60.82	0.0	0.0	1.62242E-09
60.84	0.0	0.0	1.73606E-09
60.86	0.0	0.0	1.84048E-09
60.88	0.0	0.0	1.93583E-09
60.9	0.0	0.0	2.02233E-09
60.92	0.0	0.0	2.10018E-09
60.94	0.0	0.0	2.16959E-09
60.96	0.0	0.0	2.23079E-09
60.98	0.0	0.0	2.28401E-09
61	0.0	0.0	2.3295E-09
61.02	0.0	0.0	2.36751E-09
61.04	0.0	0.0	2.39829E-09
61.06	0.0	0.0	2.4221E-09
61.08	0.0	0.0	2.43921E-09
61.1	0.0	0.0	2.44989E-09
61.12	0.0	0.0	2.45441E-09
61.14	0.0	0.0	2.45304E-09
61.16	0.0	0.0	2.44606E-09
61.18	0.0	0.0	2.43375E-09
61.2	0.0	0.0	2.41637E-09
61.22	0.0	0.0	2.39421E-09
61.24	0.0	0.0	2.36753E-09
61.26	0.0	0.0	2.33661E-09
61.28	0.0	0.0	2.30171E-09
61.3	0.0	0.0	2.26311E-09
61.32	0.0	0.0	2.22106E-09
61.34	0.0	0.0	2.17581E-09
61.36	0.0	0.0	2.12764E-09
61.38	0.0	0.0	2.07678E-09
61.4	0.0	0.0	2.02347E-09
61.42	0.0	0.0	1.96796E-09
61.44	0.0	0.0	1.91047E-09
61.46	0.0	0.0	1.85124E-09
61.48	0.0	0.0	1.79048E-09
61.5	0.0	0.0	1.7284E-09
61.52	0.0	0.0	1.66522E-09
61.54	0.0	0.0	1.60113E-09
61.56	0.0	0.0	1.53632E-09
61.58	0.0	0.0	1.47098E-09
61.6	0.0	0.0	1.40529E-09
61.62	0.0	0.0	1.33941E-09
61.64	0.0	0.0	1.27352E-09
61.66	0.0	0.0	1.20775E-09
61.68	0.0	0.0	1.14227E-09
61.7	0.0	0.0	1.07721E-09
61.72	0.0	0.0	1.01271E-09
61.74	0.0	0.0	9.4889E-10
61.76	0.0	0.0	8.85866E-10
61.78	0.0	0.0	8.2375E-10
61.8	0.0	0.0	7.62645E-10
61.82	0.0	0.0	7.02647E-10
61.84	0.0	0.0	6.43846E-10
61.86	0.0	0.0	5.86322E-10
61.88	0.0	0.0	5.30151E-10
61.9	0.0	0.0	4.75401E-10
61.92	0.0	0.0	4.22134E-10
61.94	0.0	0.0	3.70404E-10
61.96	0.0	0.0	3.20262E-10
61.98	0.0	0.0	2.71749E-10
62	0.0	0.0	2.24904E-10
62.02	0.0	0.0	1.79757E-10
62.04	0.0	0.0	1.36335E-10
62.06	0.0	0.0	9.46574E-11
62.08	0.0	0.0	5.47409E-11
62.1	0.0	0.0	1.65958E-11
62.12	0.0	0.0	-1.97719E-11
62.14	0.0	0.0	-5.43609E-11
62.16	0.0	0.0	-8.71739E-11
62.18	0.0	0.0	-1.18218E-10
62.2	0.0	0.0	-1.47503E-10
62.22	0.0	0.0	-1.75045E-10
62.24	0.0	0.0	-2.00861E-10
62.26	0.0	0.0	-2.24971E-10
62.28	0.0	0.0	-2.47401E-10
62.3	0.0	0.0	-2.68178E-10
62.32	0.0	0.0	-2.8733E-10
62.34	0.0	0.0	-3.0489E-10
62.36	0.0	0.0	-3.20893E-10
62.38	0.0	0.0	-3.35375E-10
62.4	0.0	0.0	-3.48374E-10
62.42	0.0	0.0	-3.5993E-10
62.44	0.0	0.0	-3.70085E-10
62.46	0.0	0.0	-3.78881E-10
62.48	0.0	0.0	-3.86364E-10
62.5	0.0	0.0	-3.92578E-10
62.52	0.0	0.0	-3.97568E-10
62.54	0.0	0.0	-4.01382E-10
62.56	0.0	0.0	-4.04068E-10
62.58	0.0	0.0	-4.05672E-10
62.6	0.0	0.0	-4.06243E-10
62.62	0.0	0.0	-4.05829E-10
62.64	0.0	0.0	-4.04478E-10
62.66	0.0	0.0	-4.02239E-10
62.68	0.0	0.0	-3.99159E-10
62.7	0.0	0.0	-3.95286E-10
62.72	0.0	0.0	-3.90668E-10
62.74	0.0	0.0	-3.85351E-10
62.76	0.0	0.0	-3.79382E-10
62.78	0.0	0.0	-3.72806E-10
62.8	0.0	0.0	-3.65668E-10
62.82	0.0	0.0	-3.58012E-10
62.84	0.0	0.0	-3.49882E-10
62.86	0.0	0.0	-3.41319E-10
62.88	0.0	0.0	-3.32364E-10
62.9	0.0	0.0	-3.23059E-10
62.92	0.0	0.0	-3.13442E-10
62.94	0.0	0.0	-3.0355E-10
62.96	0.0	0.0	-2.93422E-10
62.98	0.0	0.0	-2.83092E-10
63	0.0	0.0	-2.72595E-10
63.02	0.0	0.0	-2.61963E-10
63.04	0.0	0.0	-2.51229E-10
63.06	0.0	0.0	-2.40424E-10
63.08	0.0	0.0	-2.29576E-10
63.1	0.0	0.0	-2.18713E-10
63.12	0.0	0.0	-2.07863E-10
63.14	0.0	0.0	-1.9705E-10
63.16	0.0	0.0	-1.86298E-10
63.18	0.0	0.0	-1.7563E-10
63.2	0.0	0.0	-1.65067E-10
63.22	0.0	0.0	-1.5463E-10
63.24	0.0	0.0	-1.44337E-10
63.26	0.0	0.0	-1.34205E-10
63.28	0.0	0.0	-1.24252E-10
63.3	0.0	0.0	-1.14492E-10
63.32	0.0	0.0	-1.04939E-10
63.34	0.0	0.0	-9.56063E-11
63.36	0.0	0.0	-8.65046E-11
63.38	0.0	0.0	-7.76448E-11
63.4	0.0	0.0	-6.90361E-11
63.42	0.0	0.0	-6.06869E-11
63.44	0.0	0.0	-5.26045E-11
63.46	0.0	0.0	-4.47952E-11
63.48	0.0	0.0	-3.72642E-11
63.5	0.0	0.0	-3.0016E-11
63.52	0.0	0.0	-2.3054E-11
63.54	0.0	0.0	-1.63808E-11
63.56	0.0	0.0	-9.9984E-12
63.58	0.0	0.0	-3.90764E-12
63.6	0.0	0.0	1.89117E-12
63.62	0.0	0.0	7.39849E-12
63.64	0.0	0.0	1.26154E-11
63.66	0.0	0.0	1.75438E-11
63.68	0.0	0.0	2.2186E-11
63.7	0.0	0.0	2.6545E-11
63.72	0.0	0.0	3.06242E-11
63.74	0.0	0.0	3.44277E-11
63.76	0.0	0.0	3.796E-11
63.78	0.0	0.0	4.1226E-11
63.8	0.0	0.0	4.42309E-11
63.82	0.0	0.0	4.69805E-11
63.84	0.0	0.0	4.94808E-11
63.86	0.0	0.0	5.17381E-11
63.88	0.0	0.0	5.37591E-11
63.9	0.0	0.0	5.55504E-11
63.92	0.0	0.0	5.71194E-11
63.94	0.0	0.0	5.84731E-11
63.96	0.0	0.0	5.9619E-11
63.98	0.0	0.0	6.05648E-11
64	0.0	0.0	6.13179E-11
64.02	0.0	0.0	6.18863E-11
64.04	0.0	0.0	6.22776E-11
64.06	0.0	0.0	6.24999E-11
64.08	0.0	0.0	6.25609E-11
64.1	0.0	0.0	6.24686E-11
64.12	0.0	0.0	6.22308E-11
64.14	0.0	0.0	6.18554E-11
64.16	0.0	0.0	6.135E-11
64.18	0.0	0.0	6.07225E-11
64.2	0.0	0.0	5.99805E-11
64.22	0.0	0.0	5.91314E-11
64.24	0.0	0.0	5.81826E-11
64.26	0.0	0.0	5.71415E-11
64.28	0.0	0.0	5.60152E-11
64.3	0.0	0.0	5.48107E-11
64.32	0.0	0.0	5.35348E-11
64.34	0.0	0.0	5.21942E-11
64.36	0.0	0.0	5.07953E-11
64.38	0.0	0.0	4.93446E-11
64.4	0.0	0.0	4.7848E-11
64.42	0.0	0.0	4.63116E-11
64.44	0.0	0.0	4.4741E-11
64.46	0.0	0.0	4.31418E-11
64.48	0.0	0.0	4.15193E-11
64.5	0.0	0.0	3.98786E-11
64.52	0.0	0.0	3.82247E-11
64.54	0.0	0.0	3.65621E-11
64.56	0.0	0.0	3.48954E-11
64.58	0.0	0.0	3.32289E-11
64.6	0.0	0.0	3.15665E-11
64.62	0.0	0.0	2.99121E-11
64.64	0.0	0.0	2.82693E-11
64.66	0.0	0.0	2.66415E-11
64.68	0.0	0.0	2.5032E-11
64.7	0.0	0.0	2.34436E-11
64.72	0.0	0.0	2.18793E-11
64.74	0.0	0.0	2.03416E-11
64.76	0.0	0.0	1.88329E-11
64.78	0.0	0.0	1.73554E-11
64.8	0.0	0.0	1.59111E-11
64.82	0.0	0.0	1.45019E-11
64.84	0.0	0.0	1.31293E-11
64.86	0.0	0.0	1.1795E-11
64.88	0.0	0.0	1.05002E-11
64.9	0.0	0.0	9.24602E-12
64.92	0.0	0.0	8.03351E-12
64.94	0.0	0.0	6.8635E-12
64.96	0.0	0.0	5.73667E-12
64.98	0.0	0.0	4.65358E-12
65	0.0	0.0	3.61464E-12
65.02	0.0	0.0	2.62015E-12
65.04	0.0	0.0	1.67026E-12
65.06	0.0	0.0	7.65031E-13
65.08	0.0	0.0	-9.56114E-14
65.1	0.0	0.0	-9.11838E-13
65.12	0.0	0.0	-1.68392E-12
65.14	0.0	0.0	-2.41223E-12
65.16	0.0	0.0	-3.09722E-12
65.18	0.0	0.0	-3.73942E-12
65.2	0.0	0.0	-4.33946E-12
65.22	0.0	0.0	-4.89803E-12
65.24	0.0	0.0	-5.41588E-12
65.26	0.0	0.0	-5.89384E-12
65.28	0.0	0.0	-6.33277E-12
65.3	0.0	0.0	-6.7336E-12
65.32	0.0	0.0	-7.0973E-12
65.34	0.0	0.0	-7.4249E-12
65.36	0.0	0.0	-7.71743E-12
65.38	0.0	0.0	-7.97599E-12
65.4	0.0	0.0	-8.20169E-12
65.42	0.0	0.0	-8.39566E-12
65.44	0.0	0.0	-8.55907E-12
65.46	0.0	0.0	-8.69308E-12
65.48	0.0	0.0	-8.79888E-12
65.5	0.0	0.0	-8.87767E-12
65.52	0.0	0.0	-8.93064E-12
65.54	0.0	0.0	-8.95899E-12
65.56	0.0	0.0	-8.96394E-12
65.58	0.0	0.0	-8.94667E-12
65.6	0.0	0.0	-8.90838E-12
65.62	0.0	0.0	-8.85024E-12
65.64	0.0	0.0	-8.77343E-12
65.66	0.0	0.0	-8.6791E-12
65.68	0.0	0.0	-8.5684E-12
65.7	0.0	0.0	-8.44244E-12
65.72	0.0	0.0	-8.30232E-12
65.74	0.0	0.0	-8.14913E-12
65.76	0.0	0.0	-7.98392E-12
65.78	0.0	0.0	-7.80772E-12
65.8	0.0	0.0	-7.62154E-12
65.82	0.0	0.0	-7.42636E-12
65.84	0.0	0.0	-7.22312E-12
65.86	0.0	0.0	-7.01274E-12
65.88	0.0	0.0	-6.79613E-12
65.9	0.0	0.0	-6.57413E-12
65.92	0.0	0.0	-6.34758E-12
65.94	0.0	0.0	-6.11728E-12
65.96	0.0	0.0	-5.88398E-12
65.98	0.0	0.0	-5.64842E-12
66	0.0	0.0	-5.41131E-12
66.02	0.0	0.0	-5.17331E-12
66.04	0.0	0.0	-4.93506E-12
66.06	0.0	0.0	-4.69716E-12
66.08	0.0	0.0	-4.46018E-12
66.1	0.0	0.0	-4.22465E-12
66.12	0.0	0.0	-3.9911E-12
66.14	0.0	0.0	-3.75999E-12
66.16	0.0	0.0	-3.53176E-12
66.18	0.0	0.0	-3.30684E-12
66.2	0.0	0.0	-3.08561E-12
66.22	0.0	0.0	-2.86842E-12
66.24	0.0	0.0	-2.6556E-12
66.26	0.0	0.0	-2.44745E-12
66.28	0.0	0.0	-2.24424E-12
66.3	0.0	0.0	-2.04622E-12
66.32	0.0	0.0	-1.8536E-12
66.34	0.0	0.0	-1.66658E-12
66.36	0.0	0.0	-1.48533E-12
66.38	0.0	0.0	-1.30999E-12
66.4	0.0	0.0	-1.1407E-12
66.42	0.0	0.0	-9.77553E-13
66.44	0.0	0.0	-8.2063E-13
66.46	0.0	0.0	-6.69996E-13
66.48	0.0	0.0	-5.25692E-13
66.5	0.0	0.0	-3.87745E-13
66.52	0.0	0.0	-2.56162E-13
66.54	0.0	0.0	-1.30935E-13
66.56	0.0	0.0	-1.20391E-14
66.58	0.0	0.0	1.00563E-13
66.6	0.0	0.0	2.06925E-13
66.62	0.0	0.0	3.0711E-13
66.64	0.0	0.0	4.01197E-13
66.66	0.0	0.0	4.89274E-13
66.68	0.0	0.0	5.7144E-13
66.7	0.0	0.0	6.47803E-13
66.72	0.0	0.0	7.1848E-13
66.74	0.0	0.0	7.83597E-13
66.76	0.0	0.0	8.43286E-13
66.78	0.0	0.0	8.97687E-13
66.8	0.0	0.0	9.46944E-13
66.82	0.0	0.0	9.91209E-13
66.84	0.0	0.0	1.03064E-12
66.86	0.0	0.0	1.06538E-12
66.88	0.0	0.0	1.09562E-12
66.9	0.0	0.0	1.1215E-12
66.92	0.0	0.0	1.14319E-12
66.94	0.0	0.0	1.16087E-12
66.96	0.0	0.0	1.17471E-12
66.98	0.0	0.0	1.18487E-12
67	0.0	0.0	1.19153E-12
67.02	0.0	0.0	1.19485E-12
67.04	0.0	0.0	1.19501E-12
67.06	0.0	0.0	1.19218E-12
67.08	0.0	0.0	1.18652E-12
67.1	0.0	0.0	1.17819E-12
67.12	0.0	0.0	1.16737E-12
67.14	0.0	0.0	1.15422E-12
67.16	0.0	0.0	1.13888E-12
67.18	0.0	0.0	1.12152E-12
67.2	0.0	0.0	1.10229E-12
67.22	0.0	0.0	1.08134E-12
67.24	0.0	0.0	1.05881E-12
67.26	0.0	0.0	1.03484E-12
67.28	0.0	0.0	1.00958E-12
67.3	0.0	0.0	9.83153E-13
67.32	0.0	0.0	9.5569E-13
67.34	0.0	0.0	9.27316E-13
67.36	0.0	0.0	8.98153E-13
67.38	0.0	0.0	8.68316E-13
67.4	0.0	0.0	8.37917E-13
67.42	0.0	0.0	8.07062E-13
67.44	0.0	0.0	7.75854E-13
67.46	0.0	0.0	7.44391E-13
67.48	0.0	0.0	7.12766E-13
67.5	0.0	0.0	6.81068E-13
67.52	0.0	0.0	6.4938E-13
67.54	0.0	0.0	6.17781E-13
67.56	0.0	0.0	5.86348E-13
67.58	0.0	0.0	5.55151E-13
67.6	0.0	0.0	5.24254E-13
67.62	0.0	0.0	4.93721E-13
67.64	0.0	0.0	4.63609E-13
67.66	0.0	0.0	4.33971E-13
67.68	0.0	0.0	4.04856E-13
67.7	0.0	0.0	3.76309E-13
67.72	0.0	0.0	3.48373E-13
67.74	0.0	0.0	3.21084E-13
67.76	0.0	0.0	2.94476E-13
67.78	0.0	0.0	2.68581E-13
67.8	0.0	0.0	2.43424E-13
67.82	0.0	0.0	2.19029E-13
67.84	0.0	0.0	1.95416E-13
67.86	0.0	0.0	1.72604E-13
67.88	0.0	0.0	1.50605E-13
67.9	0.0	0.0	1.29432E-13
67.92	0.0	0.0	1.09093E-13
67.94	0.0	0.0	8.95943E-14
67.96	0.0	0.0	7.09393E-14
67.98	0.0	0.0	5.31295E-14
68	0.0	0.0	3.61638E-14
68.02	0.0	0.0	2.00392E-14
68.04	0.0	0.0	4.75076E-15
68.06	0.0	0.0	-9.70854E-15
68.08	0.0	0.0	-2.33473E-14
68.1	0.0	0.0	-3.61758E-14
68.12	0.0	0.0	-4.82057E-14
68.14	0.0	0.0	-5.94504E-14
68.16	0.0	0.0	-6.99241E-14
68.18	0.0	0.0	-7.96426E-14
68.2	0.0	0.0	-8.86226E-14
68.22	0.0	0.0	-9.68817E-14
68.24	0.0	0.0	-1.04439E-13
68.26	0.0	0.0	-1.11313E-13
68.28	0.0	0.0	-1.17524E-13
68.3	0.0	0.0	-1.23092E-13
68.32	0.0	0.0	-1.2804E-13
68.34	0.0	0.0	-1.32389E-13
68.36	0.0	0.0	-1.36159E-13
68.38	0.0	0.0	-1.39375E-13
68.4	0.0	0.0	-1.42057E-13
68.42	0.0	0.0	-1.44229E-13
68.44	0.0	0.0	-1.45914E-13
68.46	0.0	0.0	-1.47133E-13
68.48	0.0	0.0	-1.4791E-13
68.5	0.0	0.0	-1.48266E-13
68.52	0.0	0.0	-1.48225E-13
68.54	0.0	0.0	-1.47809E-13
68.56	0.0	0.0	-1.47038E-13
68.58	0.0	0.0	-1.45936E-13
68.6	0.0	0.0	-1.44522E-13
68.62	0.0	0.0	-1.42819E-13
68.64	0.0	0.0	-1.40846E-13
68.66	0.0	0.0	-1.38623E-13
68.68	0.0	0.0	-1.3617E-13
68.7	0.0	0.0	-1.33506E-13
68.72	0.0	0.0	-1.3065E-13
68.74	0.0	0.0	-1.27619E-13
68.76	0.0	0.0	-1.24431E-13
68.78	0.0	0.0	-1.21104E-13
68.8	0.0	0.0	-1.17652E-13
68.82	0.0	0.0	-1.14093E-13
68.84	0.0	0.0	-1.10441E-13
68.86	0.0	0.0	-1.06711E-13
68.88	0.0	0.0	-1.02916E-13
68.9	0.0	0.0	-9.90706E-14
68.92	0.0	0.0	-9.51869E-14
68.94	0.0	0.0	-9.12772E-14
68.96	0.0	0.0	-8.73529E-14
68.98	0.0	0.0	-8.34249E-14
69	0.0	0.0	-7.95037E-14
69.02	0.0	0.0	-7.55988E-14
69.04	0.0	0.0	-7.17195E-14
69.06	0.0	0.0	-6.78744E-14
69.08	0.0	0.0	-6.40713E-14
69.1	0.0	0.0	-6.03178E-14
69.12	0.0	0.0	-5.66208E-14
69.14	0.0	0.0	-5.29866E-14
69.16	0.0	0.0	-4.94211E-14
69.18	0.0	0.0	-4.59296E-14
69.2	0.0	0.0	-4.2517E-14
69.22	0.0	0.0	-3.91877E-14
69.24	0.0	0.0	-3.59456E-14
69.26	0.0	0.0	-3.27942E-14
69.28	0.0	0.0	-2.97365E-14
69.3	0.0	0.0	-2.67751E-14
69.32	0.0	0.0	-2.39123E-14
69.34	0.0	0.0	-2.115E-14
69.36	0.0	0.0	-1.84895E-14
69.38	0.0	0.0	-1.59321E-14
69.4	0.0	0.0	-1.34786E-14
69.42	0.0	0.0	-1.11295E-14
69.44	0.0	0.0	-8.8849E-15
69.46	0.0	0.0	-6.74477E-15
69.48	0.0	0.0	-4.70875E-15
69.5	0.0	0.0	-2.77623E-15
69.52	0.0	0.0	-9.46379E-16
69.54	0.0	0.0	7.81877E-16
69.56	0.0	0.0	2.4098E-15
69.58	0.0	0.0	3.93885E-15
69.6	0.0	0.0	5.37065E-15
69.62	0.0	0.0	6.707E-15
69.64	0.0	0.0	7.94984E-15
69.66	0.0	0.0	9.10125E-15
69.68	0.0	0.0	1.01634E-14
69.7	0.0	0.0	1.11387E-14
69.72	0.0	0.0	1.20294E-14
69.74	0.0	0.0	1.2838E-14
69.76	0.0	0.0	1.35672E-14
69.78	0.0	0.0	1.42195E-14
69.8	0.0	0.0	1.47976E-14
69.82	0.0	0.0	1.53043E-14
69.84	0.0	0.0	1.57422E-14
69.86	0.0	0.0	1.61142E-14
69.88	0.0	0.0	1.64231E-14
69.9	0.0	0.0	1.66716E-14
69.92	0.0	0.0	1.68625E-14
69.94	0.0	0.0	1.69986E-14
69.96	0.0	0.0	1.70828E-14
69.98	0.0	0.0	1.71177E-14
70	0.0	0.0	1.7106E-14
70.02	0.0	0.0	1.70506E-14
70.04	0.0	0.0	1.69539E-14
70.06	0.0	0.0	1.68186E-14
70.08	0.0	0.0	1.66474E-14
70.1	0.0	0.0	1.64426E-14
70.12	0.0	0.0	1.62068E-14
70.14	0.0	0.0	1.59423E-14
70.16	0.0	0.0	1.56515E-14
70.18	0.0	0.0	1.53367E-14
70.2	0.0	0.0	1.5E-14
70.22	0.0	0.0	1.46436E-14
70.24	0.0	0.0	1.42696E-14
70.26	0.0	0.0	1.38799E-14
70.28	0.0	0.0	1.34765E-14
70.3	0.0	0.0	1.30612E-14
70.32	0.0	0.0	1.26358E-14
70.34	0.0	0.0	1.22019E-14
70.36	0.0	0.0	1.17613E-14
70.38	0.0	0.0	1.13155E-14
70.4	0.0	0.0	1.08658E-14
70.42	0.0	0.0	1.04138E-14
70.44	0.0	0.0	9.96079E-15
70.46	0.0	0.0	9.50794E-15
70.48	0.0	0.0	9.05647E-15
70.5	0.0	0.0	8.60749E-15
70.52	0.0	0.0	8.16203E-15
70.54	0.0	0.0	7.72106E-15
70.56	0.0	0.0	7.28548E-15
70.58	0.0	0.0	6.85612E-15
70.6	0.0	0.0	6.43376E-15
70.62	0.0	0.0	6.0191E-15
70.64	0.0	0.0	5.61279E-15
70.66	0.0	0.0	5.21541E-15
70.68	0.0	0.0	4.82749E-15
70.7	0.0	0.0	4.4495E-15
70.72	0.0	0.0	4.08187E-15
70.74	0.0	0.0	3.72496E-15
70.76	0.0	0.0	3.3791E-15
70.78	0.0	0.0	3.04454E-15
70.8	0.0	0.0	2.72153E-15
70.82	0.0	0.0	2.41023E-15
70.84	0.0	0.0	2.11079E-15
70.86	0.0	0.0	1.82331E-15
70.88	0.0	0.0	1.54785E-15
70.9	0.0	0.0	1.28444E-15
70.92	0.0	0.0	1.03307E-15
70.94	0.0	0.0	7.93715E-16
70.96	0.0	0.0	5.66295E-16
70.98	0.0	0.0	3.50718E-16
71	0.0	0.0	1.46864E-16
71.02	0.0	0.0	-4.54121E-17
71.04	0.0	0.0	-2.26279E-16
71.06	0.0	0.0	-3.95923E-16
71.08	0.0	0.0	-5.54553E-16
71.1	0.0	0.0	-7.02391E-16
71.12	0.0	0.0	-8.39678E-16
71.14	0.0	0.0	-9.66668E-16
71.16	0.0	0.0	-1.08363E-15
71.18	0.0	0.0	-1.19083E-15
71.2	0.0	0.0	-1.28857E-15
71.22	0.0	0.0	-1.37714E-15
71.24	0.0	0.0	-1.45685E-15
71.26	0.0	0.0	-1.52799E-15
71.28	0.0	0.0	-1.59089E-15
71.3	0.0	0.0	-1.64586E-15
71.32	0.0	0.0	-1.69323E-15
71.34	0.0	0.0	-1.7333E-15
71.36	0.0	0.0	-1.76642E-15
71.38	0.0	0.0	-1.79289E-15
71.4	0.0	0.0	-1.81304E-15
71.42	0.0	0.0	-1.82719E-15
71.44	0.0	0.0	-1.83565E-15
71.46	0.0	0.0	-1.83874E-15
71.48	0.0	0.0	-1.83676E-15
71.5	0.0	0.0	-1.83002E-15
71.52	0.0	0.0	-1.81881E-15
71.54	0.0	0.0	-1.80344E-15
71.56	0.0	0.0	-1.78419E-15
71.58	0.0	0.0	-1.76134E-15
71.6	0.0	0.0	-1.73515E-15
71.62	0.0	0.0	-1.70591E-15
71.64	0.0	0.0	-1.67387E-15
71.66	0.0	0.0	-1.63928E-15
71.68	0.0	0.0	-1.60238E-15
71.7	0.0	0.0	-1.56341E-15
71.72	0.0	0.0	-1.52259E-15
71.74	0.0	0.0	-1.48015E-15
71.76	0.0	0.0	-1.43629E-15
71.78	0.0	0.0	-1.39122E-15
71.8	0.0	0.0	-1.34513E-15
71.82	0.0	0.0	-1.2982E-15
71.84	0.0	0.0	-1.2506E-15
71.86	0.0	0.0	-1.20251E-15
71.88	0.0	0.0	-1.15408E-15
71.9	0.0	0.0	-1.10547E-15
71.92	0.0	0.0	-1.05681E-15
71.94	0.0	0.0	-1.00824E-15
71.96	0.0	0.0	-9.59874E-16
71.98	0.0	0.0	-9.11841E-16
72	0.0	0.0	-8.64247E-16
72.02	0.0	0.0	-8.17193E-16
72.04	0.0	0.0	-7.70773E-16
72.06	0.0	0.0	-7.25073E-16
72.08	0.0	0.0	-6.80175E-16
72.1	0.0	0.0	-6.36149E-16
72.12	0.0	0.0	-5.93063E-16
72.14	0.0	0.0	-5.50976E-16
72.16	0.0	0.0	-5.09942E-16
72.18	0.0	0.0	-4.70007E-16
72.2	0.0	0.0	-4.31214E-16
72.22	0.0	0.0	-3.93598E-16
72.24	0.0	0.0	-3.57191E-16
72.26	0.0	0.0	-3.22017E-16
72.28	0.0	0.0	-2.88098E-16
72.3	0.0	0.0	-2.55449E-16
72.32	0.0	0.0	-2.24083E-16
72.34	0.0	0.0	-1.94007E-16
72.36	0.0	0.0	-1.65224E-16
72.38	0.0	0.0	-1.37735E-16
72.4	0.0	0.0	-1.11536E-16
72.42	0.0	0.0	-8.66193E-17
72.44	0.0	0.0	-6.29759E-17
72.46	0.0	0.0	-4.05928E-17
72.48	0.0	0.0	-1.94546E-17
72.5	0.0	0.0	4.56735E-19
72.52	0.0	0.0	1.91612E-17
72.54	0.0	0.0	3.6681E-17
72.56	0.0	0.0	5.30403E-17
72.58	0.0	0.0	6.82648E-17
72.6	0.0	0.0	8.23819E-17
72.62	0.0	0.0	9.54201E-17
72.64	0.0	0.0	1.07409E-16
72.66	0.0	0.0	1.18381E-16
72.68	0.0	0.0	1.28366E-16
72.7	0.0	0.0	1.37397E-16
72.72	0.0	0.0	1.45509E-16
72.74	0.0	0.0	1.52733E-16
72.76	0.0	0.0	1.59105E-16
72.78	0.0	0.0	1.64659E-16
72.8	0.0	0.0	1.6943E-16
72.82	0.0	0.0	1.73451E-16
72.84	0.0	0.0	1.76758E-16
72.86	0.0	0.0	1.79384E-16
72.88	0.0	0.0	1.81365E-16
72.9	0.0	0.0	1.82733E-16
72.92	0.0	0.0	1.83522E-16
72.94	0.0	0.0	1.83766E-16
72.96	0.0	0.0	1.83497E-16
72.98	0.0	0.0	1.82747E-16
73	0.0	0.0	1.81547E-16
73.02	0.0	0.0	1.79927E-16
73.04	0.0	0.0	1.77918E-16
73.06	0.0	0.0	1.75549E-16
73.08	0.0	0.0	1.72849E-16
73.1	0.0	0.0	1.69844E-16
73.12	0.0	0.0	1.66562E-16
73.14	0.0	0.0	1.63028E-16
73.16	0.0	0.0	1.59268E-16
73.18	0.0	0.0	1.55305E-16
73.2	0.0	0.0	1.51163E-16
73.22	0.0	0.0	1.46864E-16
73.24	0.0	0.0	1.4243E-16
73.26	0.0	0.0	1.3788E-16
73.28	0.0	0.0	1.33234E-16
73.3	0.0	0.0	1.28512E-16
73.32	0.0	0.0	1.23729E-16
73.34	0.0	0.0	1.18904E-16
73.36	0.0	0.0	1.14051E-16
73.38	0.0	0.0	1.09187E-16
73.4	0.0	0.0	1.04324E-16
73.42	0.0	0.0	9.9477E-17
73.44	0.0	0.0	9.4657E-17
73.46	0.0	0.0	8.9876E-17
73.48	0.0	0.0	8.51447E-17
73.5	0.0	0.0	8.04729E-17
73.52	0.0	0.0	7.58698E-17
73.54	0.0	0.0	7.13438E-17
73.56	0.0	0.0	6.69026E-17
73.58	0.0	0.0	6.25531E-17
73.6	0.0	0.0	5.83016E-17
73.62	0.0	0.0	5.41537E-17
73.64	0.0	0.0	5.01145E-17
73.66	0.0	0.0	4.61883E-17
73.68	0.0	0.0	4.23789E-17
73.7	0.0	0.0	3.86896E-17
73.72	0.0	0.0	3.51231E-17
73.74	0.0	0.0	3.16816E-17
73.76	0.0	0.0	2.83669E-17
73.78	0.0	0.0	2.51803E-17
73.8	0.0	0.0	2.21225E-17
73.82	0.0	0.0	1.91941E-17
73.84	0.0	0.0	1.6395E-17
73.86	0.0	0.0	1.3725E-17
73.88	0.0	0.0	1.11835E-17
73.9	0.0	0.0	8.76947E-18
73.92	0.0	0.0	6.48166E-18
73.94	0.0	0.0	4.31856E-18
73.96	0.0	0.0	2.2784E-18
73.98	0.0	0.0	3.59184E-19
74	0.0	0.0	-1.44131E-18
74.02	0.0	0.0	-3.12549E-18
74.04	0.0	0.0	-4.69594E-18
74.06	0.0	0.0	-6.15537E-18
74.08	0.0	0.0	-7.50668E-18
74.1	0.0	0.0	-8.75284E-18
74.12	0.0	0.0	-9.89697E-18
74.14	0.0	0.0	-1.09422E-17
74.16	0.0	0.0	-1.18919E-17
74.18	0.0	0.0	-1.27494E-17
74.2	0.0	0.0	-1.35179E-17
74.22	0.0	0.0	-1.4201E-17
74.24	0.0	0.0	-1.48021E-17
74.26	0.0	0.0	-1.53246E-17
74.28	0.0	0.0	-1.5772E-17
74.3	0.0	0.0	-1.61478E-17
74.32	0.0	0.0	-1.64553E-17
74.34	0.0	0.0	-1.6698E-17
74.36	0.0	0.0	-1.68793E-17
74.38	0.0	0.0	-1.70025E-17
74.4	0.0	0.0	-1.70709E-17
74.42	0.0	0.0	-1.70877E-17
74.44	0.0	0.0	-1.70562E-17
74.46	0.0	0.0	-1.69794E-17
74.48	0.0	0.0	-1.68604E-17
74.5	0.0	0.0	-1.67022E-17
74.52	0.0	0.0	-1.65076E-17
74.54	0.0	0.0	-1.62795E-17
74.56	0.0	0.0	-1.60207E-17
74.58	0.0	0.0	-1.57337E-17
74.6	0.0	0.0	-1.54212E-17
74.62	0.0	0.0	-1.50856E-17
74.64	0.0	0.0	-1.47293E-17
74.66	0.0	0.0	-1.43546E-17
74.68	0.0	0.0	-1.39637E-17
74.7	0.0	0.0	-1.35587E-17
74.72	0.0	0.0	-1.31417E-17
74.74	0.0	0.0	-1.27145E-17
74.76	0.0	0.0	-1.22789E-17
74.78	0.0	0.0	-1.18368E-17
74.8	0.0	0.0	-1.13898E-17
74.82	0.0	0.0	-1.09394E-17
74.84	0.0	0.0	-1.04871E-17
74.86	0.0	0.0	-1.00342E-17
74.88	0.0	0.0	-9.58215E-18
74.9	0.0	0.0	-9.13207E-18
74.92	0.0	0.0	-8.68512E-18
74.94	0.0	0.0	-8.24235E-18
74.96	0.0	0.0	-7.80472E-18
74.98	0.0	0.0	-7.37314E-18
75	0.0	0.0	-6.94843E-18
75.02	0.0	0.0	-6.53134E-18
75.04	0.0	0.0	-6.12256E-18
75.06	0.0	0.0	-5.72271E-18
75.08	0.0	0.0	-5.33234E-18
75.1	0.0	0.0	-4.95195E-18
75.12	0.0	0.0	-4.58196E-18
75.14	0.0	0.0	-4.22275E-18
75.16	0.0	0.0	-3.87464E-18
75.18	0.0	0.0	-3.53792E-18
75.2	0.0	0.0	-3.21279E-18
75.22	0.0	0.0	-2.89943E-18
75.24	0.0	0.0	-2.59798E-18
75.26	0.0	0.0	-2.30852E-18
75.28	0.0	0.0	-2.0311E-18
75.3	0.0	0.0	-1.76573E-18
75.32	0.0	0.0	-1.5124E-18
75.34	0.0	0.0	-1.27104E-18
75.36	0.0	0.0	-1.04158E-18
75.38	0.0	0.0	-8.23897E-19
75.4	0.0	0.0	-6.17854E-19
75.42	0.0	0.0	-4.23289E-19
75.44	0.0	0.0	-2.40016E-19
75.46	0.0	0.0	-6.78293E-20
75.48	0.0	0.0	9.34938E-20
75.5	0.0	0.0	2.44194E-19
75.52	0.0	0.0	3.84525E-19
75.54	0.0	0.0	5.14755E-19
75.56	0.0	0.0	6.35163E-19
75.58	0.0	0.0	7.46039E-19
75.6	0.0	0.0	8.4768E-19
75.62	0.0	0.0	9.40391E-19
75.64	0.0	0.0	1.02448E-18
75.66	0.0	0.0	1.10027E-18
75.68	0.0	0.0	1.16807E-18
75.7	0.0	0.0	1.22821E-18
75.72	0.0	0.0	1.28101E-18
75.74	0.0	0.0	1.32678E-18
75.76	0.0	0.0	1.36586E-18
75.78	0.0	0.0	1.39856E-18
75.8	0.0	0.0	1.4252E-18
75.82	0.0	0.0	1.44609E-18
75.84	0.0	0.0	1.46155E-18
75.86	0.0	0.0	1.47187E-18
75.88	0.0	0.0	1.47737E-18
75.9	0.0	0.0	1.47833E-18
75.92	0.0	0.0	1.47505E-18
75.94	0.0	0.0	1.46781E-18
75.96	0.0	0.0	1.45689E-18
75.98	0.0	0.0	1.44255E-18
76	0.0	0.0	1.42505E-18
76.02	0.0	0.0	1.40465E-18
76.04	0.0	0.0	1.3816E-18
76.06	0.0	0.0	1.35613E-18
76.08	0.0	0.0	1.32846E-18
76.1	0.0	0.0	1.29883E-18
76.12	0.0	0.0	1.26744E-18
76.14	0.0	0.0	1.23449E-18
76.16	0.0	0.0	1.20018E-18
76.18	0.0	0.0	1.1647E-18
76.2	0.0	0.0	1.12822E-18
76.22	0.0	0.0	1.0909E-18
76.24	0.0	0.0	1.05292E-18
76.26	0.0	0.0	1.01442E-18
76.28	0.0	0.0	9.75551E-19
76.3	0.0	0.0	9.36438E-19
76.32	0.0	0.0	8.97213E-19
76.34	0.0	0.0	8.57993E-19
76.36	0.0	0.0	8.18892E-19
76.38	0.0	0.0	7.80013E-19
76.4	0.0	0.0	7.41453E-19
76.42	0.0	0.0	7.033E-19
76.44	0.0	0.0	6.65637E-19
76.46	0.0	0.0	6.28541E-19
76.48	0.0	0.0	5.92079E-19
76.5	0.0	0.0	5.56315E-19
76.52	0.0	0.0	5.21306E-19
76.54	0.0	0.0	4.87102E-19
76.56	0.0	0.0	4.53749E-19
76.58	0.0	0.0	4.21286E-19
76.6	0.0	0.0	3.89749E-19
76.62	0.0	0.0	3.59167E-19
76.64	0.0	0.0	3.29566E-19
76.66	0.0	0.0	3.00966E-19
76.68	0.0	0.0	2.73383E-19
76.7	0.0	0.0	2.46831E-19
76.72	0.0	0.0	2.21317E-19
76.74	0.0	0.0	1.96848E-19
76.76	0.0	0.0	1.73424E-19
76.78	0.0	0.0	1.51045E-19
76.8	0.0	0.0	1.29706E-19
76.82	0.0	0.0	1.09401E-19
76.84	0.0	0.0	9.01194E-20
76.86	0.0	0.0	7.18501E-20
76.88	0.0	0.0	5.45791E-20
76.9	0.0	0.0	3.82904E-20
76.92	0.0	0.0	2.29664E-20
76.94	0.0	0.0	8.58769E-21
76.96	0.0	0.0	-4.86641E-21
76.98	0.0	0.0	-1.7418E-20
77	0.0	0.0	-2.90903E-20
77.02	0.0	0.0	-3.99076E-20
77.04	0.0	0.0	-4.9895E-20
77.06	0.0	0.0	-5.90783E-20
77.08	0.0	0.0	-6.74842E-20
77.1	0.0	0.0	-7.51395E-20
77.12	0.0	0.0	-8.20716E-20
77.14	0.0	0.0	-8.83084E-20
77.16	0.0	0.0	-9.38776E-20
77.18	0.0	0.0	-9.88073E-20
77.2	0.0	0.0	-1.03125E-19
77.22	0.0	0.0	-1.0686E-19
77.24	0.0	0.0	-1.10038E-19
77.26	0.0	0.0	-1.12689E-19
77.28	0.0	0.0	-1.14838E-19
77.3	0.0	0.0	-1.16513E-19
77.32	0.0	0.0	-1.1774E-19
77.34	0.0	0.0	-1.18546E-19
77.36	0.0	0.0	-1.18956E-19
77.38	0.0	0.0	-1.18995E-19
77.4	0.0	0.0	-1.18688E-19
77.42	0.0	0.0	-1.18058E-19
77.44	0.0	0.0	-1.17129E-19
77.46	0.0	0.0	-1.15923E-19
77.48	0.0	0.0	-1.14462E-19
77.5	0.0	0.0	-1.12767E-19
77.52	0.0	0.0	-1.10859E-19
77.54	0.0	0.0	-1.08757E-19
77.56	0.0	0.0	-1.0648E-19
77.58	0.0	0.0	-1.04047E-19
77.6	0.0	0.0	-1.01475E-19
77.62	0.0	0.0	-9.87812E-20
77.64	0.0	0.0	-9.59807E-20
77.66	0.0	0.0	-9.30891E-20
77.68	0.0	0.0	-9.01208E-20
77.7	0.0	0.0	-8.70897E-20
77.72	0.0	0.0	-8.40087E-20
77.74	0.0	0.0	-8.08901E-20
77.76	0.0	0.0	-7.77455E-20
77.78	0.0	0.0	-7.45858E-20
77.8	0.0	0.0	-7.14211E-20
77.82	0.0	0.0	-6.82611E-20
77.84	0.0	0.0	-6.51146E-20
77.86	0.0	0.0	-6.19899E-20
77.88	0.0	0.0	-5.88947E-20
77.9	0.0	0.0	-5.58359E-20
77.92	0.0	0.0	-5.28201E-20
77.94	0.0	0.0	-4.98533E-20
77.96	0.0	0.0	-4.69407E-20
77.98	0.0	0.0	-4.40872E-20
78	0.0	0.0	-4.12973E-20
78.02	0.0	0.0	-3.85747E-20
78.04	0.0	0.0	-3.59231E-20
78.06	0.0	0.0	-3.33452E-20
78.08	0.0	0.0	-3.08438E-20
78.1	0.0	0.0	-2.8421E-20
78.12	0.0	0.0	-2.60785E-20
78.14	0.0	0.0	-2.3818E-20
78.16	0.0	0.0	-2.16404E-20
78.18	0.0	0.0	-1.95466E-20
78.2	0.0	0.0	-1.75371E-20
78.22	0.0	0.0	-1.56121E-20
78.24	0.0	0.0	-1.37715E-20
78.26	0.0	0.0	-1.20151E-20
78.28	0.0	0.0	-1.03423E-20
78.3	0.0	0.0	-8.7524E-21
78.32	0.0	0.0	-7.24449E-21
78.34	0.0	0.0	-5.81747E-21
78.36	0.0	0.0	-4.47006E-21
78.38	0.0	0.0	-3.20085E-21
78.4	0.0	0.0	-2.00828E-21
78.42	0.0	0.0	-8.90697E-22
78.44	0.0	0.0	1.53693E-22
78.46	0.0	0.0	1.12676E-21
78.48	0.0	0.0	2.03047E-21
78.5	0.0	0.0	2.86685E-21
78.52	0.0	0.0	3.638E-21
78.54	0.0	0.0	4.34605E-21
78.56	0.0	0.0	4.9932E-21
78.58	0.0	0.0	5.58166E-21
78.6	0.0	0.0	6.11368E-21
78.62	0.0	0.0	6.59151E-21
78.64	0.0	0.0	7.01742E-21
78.66	0.0	0.0	7.39367E-21
78.68	0.0	0.0	7.72253E-21
78.7	0.0	0.0	8.00623E-21
78.72	0.0	0.0	8.24701E-21
78.74	0.0	0.0	8.44707E-21
78.76	0.0	0.0	8.60859E-21
78.78	0.0	0.0	8.7337E-21
78.8	0.0	0.0	8.82452E-21
78.82	0.0	0.0	8.88311E-21
78.84	0.0	0.0	8.91148E-21
78.86	0.0	0.0	8.91162E-21
78.88	0.0	0.0	8.88543E-21
78.9	0.0	0.0	8.83479E-21
78.92	0.0	0.0	8.76153E-21
78.94	0.0	0.0	8.66738E-21
78.96	0.0	0.0	8.55407E-21
78.98	0.0	0.0	8.42322E-21
79	0.0	0.0	8.27643E-21
79.02	0.0	0.0	8.11522E-21
79.04	0.0	0.0	7.94105E-21
79.06	0.0	0.0	7.75532E-21
79.08	0.0	0.0	7.55937E-21
79.1	0.0	0.0	7.35448E-21
79.12	0.0	0.0	7.14187E-21
79.14	0.0	0.0	6.9227E-21
79.16	0.0	0.0	6.69807E-21
79.18	0.0	0.0	6.46902E-21
79.2	0.0	0.0	6.23653E-21
79.22	0.0	0.0	6.00153E-21
79.24	0.0	0.0	5.76489E-21
79.26	0.0	0.0	5.52743E-21
79.28	0.0	0.0	5.2899E-21
79.3	0.0	0.0	5.05302E-21
79.32	0.0	0.0	4.81746E-21
79.34	0.0	0.0	4.58381E-21
79.36	0.0	0.0	4.35265E-21
79.38	0.0	0.0	4.12449E-21
79.4	0.0	0.0	3.89981E-21
79.42	0.0	0.0	3.67903E-21
79.44	0.0	0.0	3.46255E-21
79.46	0.0	0.0	3.25071E-21
79.48	0.0	0.0	3.04383E-21
79.5	0.0	0.0	2.84219E-21
79.52	0.0	0.0	2.64602E-21
79.54	0.0	0.0	2.45553E-21
79.56	0.0	0.0	2.27091E-21
79.58	0.0	0.0	2.09229E-21
79.6	0.0	0.0	1.91981E-21
79.62	0.0	0.0	1.75354E-21
79.64	0.0	0.0	1.59356E-21
79.66	0.0	0.0	1.43991E-21
79.68	0.0	0.0	1.29262E-21
79.7	0.0	0.0	1.15168E-21
79.72	0.0	0.0	1.01708E-21
79.74	0.0	0.0	8.8879E-22
79.76	0.0	0.0	7.66749E-22
79.78	0.0	0.0	6.50892E-22
79.8	0.0	0.0	5.4114E-22
79.82	0.0	0.0	4.37399E-22
79.84	0.0	0.0	3.39563E-22
79.86	0.0	0.0	2.47517E-22
79.88	0.0	0.0	1.61135E-22
79.9	0.0	0.0	8.02846E-23
79.92	0.0	0.0	4.82428E-24
79.94	0.0	0.0	-6.53932E-23
79.96	0.0	0.0	-1.30521E-22
79.98	0.0	0.0	-1.90716E-22
80	0.0	0.0	-2.46141E-22
80.02	0.0	0.0	-2.9696E-22
80.04	0.0	0.0	-3.43341E-22
80.06	0.0	0.0	-3.85452E-22
80.08	0.0	0.0	-4.23464E-22
80.1	0.0	0.0	-4.57548E-22
80.12	0.0	0.0	-4.87874E-22
80.14	0.0	0.0	-5.14613E-22
80.16	0.0	0.0	-5.37934E-22
80.18	0.0	0.0	-5.58005E-22
80.2	0.0	0.0	-5.74991E-22
80.22	0.0	0.0	-5.89057E-22
80.24	0.0	0.0	-6.00364E-22
80.26	0.0	0.0	-6.09071E-22
80.28	0.0	0.0	-6.15332E-22
80.3	0.0	0.0	-6.19299E-22
80.32	0.0	0.0	-6.21121E-22
80.34	0.0	0.0	-6.20941E-22
80.36	0.0	0.0	-6.18901E-22
80.38	0.0	0.0	-6.15137E-22
80.4	0.0	0.0	-6.0978E-22
80.42	0.0	0.0	-6.02959E-22
80.44	0.0	0.0	-5.94795E-22
80.46	0.0	0.0	-5.85409E-22
80.48	0.0	0.0	-5.74913E-22
80.5	0.0	0.0	-5.63419E-22
80.52	0.0	0.0	-5.51029E-22
80.54	0.0	0.0	-5.37845E-22
80.56	0.0	0.0	-5.23962E-22
80.58	0.0	0.0	-5.09471E-22
80.6	0.0	0.0	-4.94459E-22
80.62	0.0	0.0	-4.79009E-22
80.64	0.0	0.0	-4.63197E-22
80.66	0.0	0.0	-4.47096E-22
80.68	0.0	0.0	-4.30778E-22
80.7	0.0	0.0	-4.14305E-22
80.72	0.0	0.0	-3.97739E-22
80.74	0.0	0.0	-3.81136E-22
80.76	0.0	0.0	-3.64551E-22
80.78	0.0	0.0	-3.48031E-22
80.8	0.0	0.0	-3.31623E-22
80.82	0.0	0.0	-3.15369E-22
80.84	0.0	0.0	-2.99307E-22
80.86	0.0	0.0	-2.83472E-22
80.88	0.0	0.0	-2.67897E-22
80.9	0.0	0.0	-2.52611E-22
80.92	0.0	0.0	-2.3764E-22
80.94	0.0	0.0	-2.23007E-22
80.96	0.0	0.0	-2.08733E-22
80.98	0.0	0.0	-1.94836E-22
81	0.0	0.0	-1.81333E-22
81.02	0.0	0.0	-1.68235E-22
81.04	0.0	0.0	-1.55555E-22
81.06	0.0	0.0	-1.43301E-22
81.08	0.0	0.0	-1.31482E-22
81.1	0.0	0.0	-1.20102E-22
81.12	0.0	0.0	-1.09164E-22
81.14	0.0	0.0	-9.86717E-23
81.16	0.0	0.0	-8.86247E-23
81.18	0.0	0.0	-7.90224E-23
81.2	0.0	0.0	-6.98624E-23
81.22	0.0	0.0	-6.11415E-23
81.24	0.0	0.0	-5.28552E-23
81.26	0.0	0.0	-4.49981E-23
81.28	0.0	0.0	-3.75636E-23
81.3	0.0	0.0	-3.05445E-23
81.32	0.0	0.0	-2.39328E-23
81.34	0.0	0.0	-1.77198E-23
81.36	0.0	0.0	-1.18963E-23
81.38	0.0	0.0	-6.45223E-24
81.4	0.0	0.0	-1.37744E-24
81.42	0.0	0.0	3.33884E-24
81.44	0.0	0.0	7.70766E-24
81.46	0.0	0.0	1.17404E-23
81.48	0.0	0.0	1.54485E-23
81.5	0.0	0.0	1.88438E-23
81.52	0.0	0.0	2.19383E-23
81.54	0.0	0.0	2.47437E-23
81.56	0.0	0.0	2.72721E-23
81.58	0.0	0.0	2.95356E-23
81.6	0.0	0.0	3.15461E-23
81.62	0.0	0.0	3.33154E-23
81.64	0.0	0.0	3.48553E-23
81.66	0.0	0.0	3.61776E-23
81.68	0.0	0.0	3.72936E-23
81.7	0.0	0.0	3.82148E-23
81.72	0.0	0.0	3.89522E-23
81.74	0.0	0.0	3.95166E-23
81.76	0.0	0.0	3.99188E-23
81.78	0.0	0.0	4.01691E-23
81.8	0.0	0.0	4.02777E-23
81.82	0.0	0.0	4.02542E-23
81.84	0.0	0.0	4.01084E-23
81.86	0.0	0.0	3.98494E-23
81.88	0.0	0.0	3.94861E-23
81.9	0.0	0.0	3.90271E-23
81.92	0.0	0.0	3.84808E-23
81.94	0.0	0.0	3.78551E-23
81.96	0.0	0.0	3.71575E-23
81.98	0.0	0.0	3.63956E-23
82	0.0	0.0	3.55761E-23
82.02	0.0	0.0	3.47059E-23
82.04	0.0	0.0	3.37912E-23
82.06	0.0	0.0	3.28381E-23
82.08	0.0	0.0	3.18523E-23
82.1	0.0	0.0	3.08392E-23
82.12	0.0	0.0	2.98039E-23
82.14	0.0	0.0	2.87512E-23
82.16	0.0	0.0	2.76856E-23
82.18	0.0	0.0	2.66115E-23
82.2	0.0	0.0	2.55326E-23
82.22	0.0	0.0	2.44528E-23
82.24	0.0	0.0	2.33754E-23
82.26	0.0	0.0	2.23036E-23
82.28	0.0	0.0	2.12403E-23
82.3	0.0	0.0	2.01883E-23
82.32	0.0	0.0	1.91499E-23
82.34	0.0	0.0	1.81274E-23
82.36	0.0	0.0	1.71229E-23
82.38	0.0	0.0	1.61381E-23
82.4	0.0	0.0	1.51747E-23
82.42	0.0	0.0	1.42342E-23
82.44	0.0	0.0	1.33179E-23
82.46	0.0	0.0	1.24267E-23
82.48	0.0	0.0	1.15617E-23
82.5	0.0	0.0	1.07237E-23
82.52	0.0	0.0	9.91334E-24
82.54	0.0	0.0	9.13112E-24
82.56	0.0	0.0	8.37745E-24
82.58	0.0	0.0	7.65261E-24
82.6	0.0	0.0	6.95676E-24
82.62	0.0	0.0	6.28997E-24
82.64	0.0	0.0	5.65222E-24
82.66	0.0	0.0	5.04338E-24
82.68	0.0	0.0	4.46325E-24
82.7	0.0	0.0	3.91156E-24
82.72	0.0	0.0	3.38796E-24
82.74	0.0	0.0	2.89205E-24
82.76	0.0	0.0	2.42335E-24
82.78	0.0	0.0	1.98136E-24
82.8	0.0	0.0	1.56551E-24
82.82	0.0	0.0	1.1752E-24
82.84	0.0	0.0	8.09792E-25
82.86	0.0	0.0	4.68606E-25
82.88	0.0	0.0	1.50949E-25
82.9	0.0	0.0	-1.43903E-25
82.92	0.0	0.0	-4.16688E-25
82.94	0.0	0.0	-6.68164E-25
82.96	0.0	0.0	-8.99098E-25
82.98	0.0	0.0	-1.11027E-24
83	0.0	0.0	-1.30245E-24
83.02	0.0	0.0	-1.47644E-24
83.04	0.0	0.0	-1.63302E-24
83.06	0.0	0.0	-1.77296E-24
83.08	0.0	0.0	-1.89705E-24
83.1	0.0	0.0	-2.00606E-24
83.12	0.0	0.0	-2.10075E-24
83.14	0.0	0.0	-2.18187E-24
83.16	0.0	0.0	-2.25016E-24
83.18	0.0	0.0	-2.30635E-24
83.2	0.0	0.0	-2.35115E-24
83.22	0.0	0.0	-2.38525E-24
83.24	0.0	0.0	-2.40932E-24
83.26	0.0	0.0	-2.42404E-24
83.28	0.0	0.0	-2.43004E-24
83.3	0.0	0.0	-2.42794E-24
83.32	0.0	0.0	-2.41835E-24
83.34	0.0	0.0	-2.40184E-24
83.36	0.0	0.0	-2.37898E-24
83.38	0.0	0.0	-2.35031E-24
83.4	0.0	0.0	-2.31634E-24
83.42	0.0	0.0	-2.27757E-24
83.44	0.0	0.0	-2.23448E-24
83.46	0.0	0.0	-2.18752E-24
83.48	0.0	0.0	-2.13713E-24
83.5	0.0	0.0	-2.08371E-24
83.52	0.0	0.0	-2.02767E-24
83.54	0.0	0.0	-1.96937E-24
83.56	0.0	0.0	-1.90915E-24
83.58	0.0	0.0	-1.84737E-24
83.6	0.0	0.0	-1.78431E-24
83.62	0.0	0.0	-1.72029E-24
83.64	0.0	0.0	-1.65557E-24
83.66	0.0	0.0	-1.59041E-24
83.68	0.0	0.0	-1.52505E-24
83.7	0.0	0.0	-1.45971E-24
83.72	0.0	0.0	-1.3946E-24
83.74	0.0	0.0	-1.3299E-24
83.76	0.0	0.0	-1.2658E-24
83.78	0.0	0.0	-1.20245E-24
83.8	0.0	0.0	-1.13999E-24
83.82	0.0	0.0	-1.07856E-24
83.84	0.0	0.0	-1.01828E-24
83.86	0.0	0.0	-9.59254E-25
83.88	0.0	0.0	-9.01575E-25
83.9	0.0	0.0	-8.45329E-25
83.92	0.0	0.0	-7.90587E-25
83.94	0.0	0.0	-7.37413E-25
83.96	0.0	0.0	-6.85858E-25
83.98	0.0	0.0	-6.35967E-25
84	0.0	0.0	-5.87775E-25
84.02	0.0	0.0	-5.41309E-25
84.04	0.0	0.0	-4.96589E-25
84.06	0.0	0.0	-4.53627E-25
84.08	0.0	0.0	-4.1243E-25
84.1	0.0	0.0	-3.72998E-25
84.12	0.0	0.0	-3.35325E-25
84.14	0.0	0.0	-2.994E-25
84.16	0.0	0.0	-2.65208E-25
84.18	0.0	0.0	-2.32729E-25
84.2	0.0	0.0	-2.01938E-25
84.22	0.0	0.0	-1.72809E-25
84.24	0.0	0.0	-1.45309E-25
84.26	0.0	0.0	-1.19407E-25
84.28	0.0	0.0	-9.50643E-26
84.3	0.0	0.0	-7.22432E-26
84.32	0.0	0.0	-5.0903E-26
84.34	0.0	0.0	-3.10013E-26
84.36	0.0	0.0	-1.24943E-26
84.38	0.0	0.0	4.66314E-27
84.4	0.0	0.0	2.05169E-26
84.42	0.0	0.0	3.51139E-26
84.44	0.0	0.0	4.85013E-26
84.46	0.0	0.0	6.07267E-26
84.48	0.0	0.0	7.18381E-26
84.5	0.0	0.0	8.18832E-26
84.52	0.0	0.0	9.09098E-26
84.54	0.0	0.0	9.89652E-26
84.56	0.0	0.0	1.06096E-25
84.58	0.0	0.0	1.1235E-25
84.6	0.0	0.0	1.17771E-25
84.62	0.0	0.0	1.22406E-25
84.64	0.0	0.0	1.26298E-25
84.66	0.0	0.0	1.2949E-25
84.68	0.0	0.0	1.32025E-25
84.7	0.0	0.0	1.33945E-25
84.72	0.0	0.0	1.35288E-25
84.74	0.0	0.0	1.36095E-25
84.76	0.0	0.0	1.36403E-25
84.78	0.0	0.0	1.36248E-25
84.8	0.0	0.0	1.35666E-25
84.82	0.0	0.0	1.34692E-25
84.84	0.0	0.0	1.33357E-25
84.86	0.0	0.0	1.31693E-25
84.88	0.0	0.0	1.2973E-25
84.9	0.0	0.0	1.27498E-25
84.92	0.0	0.0	1.25023E-25
84.94	0.0	0.0	1.22333E-25
84.96	0.0	0.0	1.19451E-25
84.98	0.0	0.0	1.16402E-25
85	0.0	0.0	1.13209E-25
85.02	0.0	0.0	1.09892E-25
85.04	0.0	0.0	1.06471E-25
85.06	0.0	0.0	1.02966E-25
85.08	0.0	0.0	9.93943E-26
85.1	0.0	0.0	9.57722E-26
85.12	0.0	0.0	9.21155E-26
85.14	0.0	0.0	8.84385E-26
85.16	0.0	0.0	8.47548E-26
85.18	0.0	0.0	8.10768E-26
85.2	0.0	0.0	7.7416E-26
85.22	0.0	0.0	7.37829E-26
85.24	0.0	0.0	7.01872E-26
85.26	0.0	0.0	6.66378E-26
85.28	0.0	0.0	6.31426E-26
85.3	0.0	0.0	5.9709E-26
85.32	0.0	0.0	5.63432E-26
85.34	0.0	0.0	5.30513E-26
85.36	0.0	0.0	4.98381E-26
85.38	0.0	0.0	4.67083E-26
85.4	0.0	0.0	4.36655E-26
85.42	0.0	0.0	4.07132E-26
85.44	0.0	0.0	3.7854E-26
85.46	0.0	0.0	3.50901E-26
85.48	0.0	0.0	3.24233E-26
85.5	0.0	0.0	2.98548E-26
85.52	0.0	0.0	2.73856E-26
85.54	0.0	0.0	2.50161E-26
85.56	0.0	0.0	2.27465E-26
85.58	0.0	0.0	2.05764E-26
85.6	0.0	0.0	1.85055E-26
85.62	0.0	0.0	1.65329E-26
85.64	0.0	0.0	1.46575E-26
85.66	0.0	0.0	1.2878E-26
85.68	0.0	0.0	1.11929E-26
85.7	0.0	0.0	9.60054E-27
85.72	0.0	0.0	8.09897E-27
85.74	0.0	0.0	6.68619E-27
85.76	0.0	0.0	5.36002E-27
85.78	0.0	0.0	4.11816E-27
85.8	0.0	0.0	2.95823E-27
85.82	0.0	0.0	1.87775E-27
85.84	0.0	0.0	8.74182E-28
85.86	0.0	0.0	-5.50927E-29
85.88	0.0	0.0	-9.12718E-28
85.9	0.0	0.0	-1.70138E-27
85.92	0.0	0.0	-2.42377E-27
85.94	0.0	0.0	-3.08262E-27
85.96	0.0	0.0	-3.68063E-27
85.98	0.0	0.0	-4.22052E-27
86	0.0	0.0	-4.70497E-27
86.02	0.0	0.0	-5.13665E-27
86.04	0.0	0.0	-5.5182E-27
86.06	0.0	0.0	-5.85222E-27
86.08	0.0	0.0	-6.14126E-27
86.1	0.0	0.0	-6.38783E-27
86.12	0.0	0.0	-6.59439E-27
86.14	0.0	0.0	-6.76334E-27
86.16	0.0	0.0	-6.89701E-27
86.18	0.0	0.0	-6.99768E-27
86.2	0.0	0.0	-7.06757E-27
86.22	0.0	0.0	-7.10881E-27
86.24	0.0	0.0	-7.12347E-27
86.26	0.0	0.0	-7.11355E-27
86.28	0.0	0.0	-7.08099E-27
86.3	0.0	0.0	-7.02763E-27
86.32	0.0	0.0	-6.95526E-27
86.34	0.0	0.0	-6.86558E-27
86.36	0.0	0.0	-6.76022E-27
86.38	0.0	0.0	-6.64074E-27
86.4	0.0	0.0	-6.50863E-27
86.42	0.0	0.0	-6.36529E-27
86.44	0.0	0.0	-6.21208E-27
86.46	0.0	0.0	-6.05025E-27
86.48	0.0	0.0	-5.88101E-27
86.5	0.0	0.0	-5.70549E-27
86.52	0.0	0.0	-5.52476E-27
86.54	0.0	0.0	-5.33982E-27
86.56	0.0	0.0	-5.15161E-27
86.58	0.0	0.0	-4.96099E-27
86.6	0.0	0.0	-4.7688E-27
86.62	0.0	0.0	-4.57578E-27
86.64	0.0	0.0	-4.38264E-27
86.66	0.0	0.0	-4.19003E-27
86.68	0.0	0.0	-3.99854E-27
86.7	0.0	0.0	-3.80873E-27
86.72	0.0	0.0	-3.62109E-27
86.74	0.0	0.0	-3.43608E-27
86.76	0.0	0.0	-3.2541E-27
86.78	0.0	0.0	-3.07553E-27
86.8	0.0	0.0	-2.90068E-27
86.82	0.0	0.0	-2.72986E-27
86.84	0.0	0.0	-2.56331E-27
86.86	0.0	0.0	-2.40126E-27
86.88	0.0	0.0	-2.24389E-27
86.9	0.0	0.0	-2.09137E-27
86.92	0.0	0.0	-1.94382E-27
86.94	0.0	0.0	-1.80135E-27
86.96	0.0	0.0	-1.66403E-27
86.98	0.0	0.0	-1.53192E-27
87	0.0	0.0	-1.40505E-27
87.02	0.0	0.0	-1.28344E-27
87.04	0.0	0.0	-1.16708E-27
87.06	0.0	0.0	-1.05595E-27
87.08	0.0	0.0	-9.50011E-28
87.1	0.0	0.0	-8.49211E-28
87.12	0.0	0.0	-7.53484E-28
87.14	0.0	0.0	-6.62754E-28
87.16	0.0	0.0	-5.76933E-28
87.18	0.0	0.0	-4.95922E-28
87.2	0.0	0.0	-4.19617E-28
87.22	0.0	0.0	-3.47904E-28
87.24	0.0	0.0	-2.80662E-28
87.26	0.0	0.0	-2.17767E-28
87.28	0.0	0.0	-1.59089E-28
87.3	0.0	0.0	-1.04492E-28
87.32	0.0	0.0	-5.38411E-29
87.34	0.0	0.0	-6.99492E-30
87.36	0.0	0.0	3.61878E-29
87.38	0.0	0.0	7.58497E-29
87.4	0.0	0.0	1.12134E-28
87.42	0.0	0.0	1.45185E-28
87.44	0.0	0.0	1.75146E-28
87.46	0.0	0.0	2.02158E-28
87.48	0.0	0.0	2.26363E-28
87.5	0.0	0.0	2.479E-28
87.52	0.0	0.0	2.66906E-28
87.54	0.0	0.0	2.83518E-28
87.56	0.0	0.0	2.97867E-28
87.58	0.0	0.0	3.10083E-28
87.6	0.0	0.0	3.20294E-28
87.62	0.0	0.0	3.28622E-28
87.64	0.0	0.0	3.35188E-28
87.66	0.0	0.0	3.40109E-28
87.68	0.0	0.0	3.43498E-28
87.7	0.0	0.0	3.45464E-28
87.72	0.0	0.0	3.46112E-28
87.74	0.0	0.0	3.45545E-28
87.76	0.0	0.0	3.43861E-28
87.78	0.0	0.0	3.41152E-28
87.8	0.0	0.0	3.3751E-28
87.82	0.0	0.0	3.33019E-28
87.84	0.0	0.0	3.27763E-28
87.86	0.0	0.0	3.21819E-28
87.88	0.0	0.0	3.15262E-28
87.9	0.0	0.0	3.08163E-28
87.92	0.0	0.0	3.00587E-28
87.94	0.0	0.0	2.92599E-28
87.96	0.0	0.0	2.84258E-28
87.98	0.0	0.0	2.75621E-28
88	0.0	0.0	2.66739E-28
88.02	0.0	0.0	2.57662E-28
88.04	0.0	0.0	2.48436E-28
88.06	0.0	0.0	2.39105E-28
88.08	0.0	0.0	2.29708E-28
88.1	0.0	0.0	2.20282E-28
88.12	0.0	0.0	2.10862E-28
88.14	0.0	0.0	2.01478E-28
88.16	0.0	0.0	1.9216E-28
88.18	0.0	0.0	1.82934E-28
88.2	0.0	0.0	1.73824E-28
88.22	0.0	0.0	1.64852E-28
88.24	0.0	0.0	1.56037E-28
88.26	0.0	0.0	1.47396E-28
88.28	0.0	0.0	1.38945E-28
88.3	0.0	0.0	1.30697E-28
88.32	0.0	0.0	1.22665E-28
88.34	0.0	0.0	1.14858E-28
88.36	0.0	0.0	1.07285E-28
88.38	0.0	0.0	9.99536E-29
88.4	0.0	0.0	9.28685E-29
88.42	0.0	0.0	8.60346E-29
88.44	0.0	0.0	7.9455E-29
88.46	0.0	0.0	7.3132E-29
88.48	0.0	0.0	6.70664E-29
88.5	0.0	0.0	6.12584E-29
88.52	0.0	0.0	5.57073E-29
88.54	0.0	0.0	5.04113E-29
88.56	0.0	0.0	4.53682E-29
88.58	0.0	0.0	4.0575E-29
88.6	0.0	0.0	3.60279E-29
88.62	0.0	0.0	3.17229E-29
88.64	0.0	0.0	2.76552E-29
88.66	0.0	0.0	2.38198E-29
88.68	0.0	0.0	2.0211E-29
88.7	0.0	0.0	1.68233E-29
88.72	0.0	0.0	1.36502E-29
88.74	0.0	0.0	1.06857E-29
88.76	0.0	0.0	7.92294E-30
88.78	0.0	0.0	5.35532E-30
88.8	0.0	0.0	2.97597E-30
88.82	0.0	0.0	7.77904E-31
88.84	0.0	0.0	-1.24589E-30
88.86	0.0	0.0	-3.10247E-30
88.88	0.0	0.0	-4.7989E-30
88.9	0.0	0.0	-6.34224E-30
88.92	0.0	0.0	-7.73949E-30
88.94	0.0	0.0	-8.9976E-30
88.96	0.0	0.0	-1.01234E-29
88.98	0.0	0.0	-1.11238E-29
89	0.0	0.0	-1.20053E-29
89.02	0.0	0.0	-1.27745E-29
89.04	0.0	0.0	-1.34378E-29
89.06	0.0	0.0	-1.40014E-29
89.08	0.0	0.0	-1.44715E-29
89.1	0.0	0.0	-1.48539E-29
89.12	0.0	0.0	-1.51544E-29
89.14	0.0	0.0	-1.53785E-29
89.16	0.0	0.0	-1.55317E-29
89.18	0.0	0.0	-1.56192E-29
89.2	0.0	0.0	-1.56459E-29
89.22	0.0	0.0	-1.56166E-29
89.24	0.0	0.0	-1.5536E-29
89.26	0.0	0.0	-1.54084E-29
89.28	0.0	0.0	-1.52382E-29
89.3	0.0	0.0	-1.50293E-29
89.32	0.0	0.0	-1.47856E-29
89.34	0.0	0.0	-1.45107E-29
89.36	0.0	0.0	-1.42082E-29
89.38	0.0	0.0	-1.38812E-29
89.4	0.0	0.0	-1.35329E-29
89.42	0.0	0.0	-1.31662E-29
89.44	0.0	0.0	-1.27839E-29
89.46	0.0	0.0	-1.23885E-29
89.48	0.0	0.0	-1.19825E-29
89.5	0.0	0.0	-1.15682E-29
89.52	0.0	0.0	-1.11475E-29
89.54	0.0	0.0	-1.07226E-29
89.56	0.0	0.0	-1.02952E-29
89.58	0.0	0.0	-9.86702E-30
89.6	0.0	0.0	-9.43956E-30
89.62	0.0	0.0	-9.01427E-30
89.64	0.0	0.0	-8.59243E-30
89.66	0.0	0.0	-8.17523E-30
89.68	0.0	0.0	-7.76373E-30
89.7	0.0	0.0	-7.3589E-30
89.72	0.0	0.0	-6.9616E-30
89.74	0.0	0.0	-6.57259E-30
89.76	0.0	0.0	-6.19254E-30
89.78	0.0	0.0	-5.82205E-30
89.8	0.0	0.0	-5.46162E-30
89.82	0.0	0.0	-5.11168E-30
89.84	0.0	0.0	-4.77259E-30
89.86	0.0	0.0	-4.44465E-30
89.88	0.0	0.0	-4.12809E-30
89.9	0.0	0.0	-3.82308E-30
89.92	0.0	0.0	-3.52973E-30
89.94	0.0	0.0	-3.24813E-30
89.96	0.0	0.0	-2.97827E-30
89.98	0.0	0.0	-2.72016E-30
90	0.0	0.0	-2.47372E-30
90.02	0.0	0.0	-2.23887E-30
90.04	0.0	0.0	-2.01546E-30
90.06	0.0	0.0	-1.80336E-30
90.08	0.0	0.0	-1.60236E-30
90.1	0.0	0.0	-1.41227E-30
90.12	0.0	0.0	-1.23285E-30
90.14	0.0	0.0	-1.06385E-30
90.16	0.0	0.0	-9.05025E-31
90.18	0.0	0.0	-7.56082E-31
90.2	0.0	0.0	-6.16734E-31
90.22	0.0	0.0	-4.86684E-31
90.24	0.0	0.0	-3.65622E-31
90.26	0.0	0.0	-2.53236E-31
90.28	0.0	0.0	-1.49208E-31
90.3	0.0	0.0	-5.32156E-32
90.32	0.0	0.0	3.50645E-32
90.34	0.0	0.0	1.15956E-31
90.36	0.0	0.0	1.89782E-31
90.38	0.0	0.0	2.56865E-31
90.4	0.0	0.0	3.17523E-31
90.42	0.0	0.0	3.72071E-31
90.44	0.0	0.0	4.2082E-31
90.46	0.0	0.0	4.64076E-31
90.48	0.0	0.0	5.02139E-31
90.5	0.0	0.0	5.35302E-31
90.52	0.0	0.0	5.63852E-31
90.54	0.0	0.0	5.88069E-31
90.56	0.0	0.0	6.08223E-31
90.58	0.0	0.0	6.24579E-31
90.6	0.0	0.0	6.37392E-31
90.62	0.0	0.0	6.46908E-31
90.64	0.0	0.0	6.53366E-31
90.66	0.0	0.0	6.56995E-31
90.68	0.0	0.0	6.58016E-31
90.7	0.0	0.0	6.5664E-31
90.72	0.0	0.0	6.53069E-31
90.74	0.0	0.0	6.47497E-31
90.76	0.0	0.0	6.40108E-31
90.78	0.0	0.0	6.3108E-31
90.8	0.0	0.0	6.20578E-31
90.82	0.0	0.0	6.08762E-31
90.84	0.0	0.0	5.95782E-31
90.86	0.0	0.0	5.81779E-31
90.88	0.0	0.0	5.66888E-31
90.9	0.0	0.0	5.51234E-31
90.92	0.0	0.0	5.34935E-31
90.94	0.0	0.0	5.18104E-31
90.96	0.0	0.0	5.00842E-31
90.98	0.0	0.0	4.83247E-31
91	0.0	0.0	4.65408E-31
91.02	0.0	0.0	4.47408E-31
91.04	0.0	0.0	4.29325E-31
91.06	0.0	0.0	4.11229E-31
91.08	0.0	0.0	3.93185E-31
91.1	0.0	0.0	3.75253E-31
91.12	0.0	0.0	3.57486E-31
91.14	0.0	0.0	3.39934E-31
91.16	0.0	0.0	3.22641E-31
91.18	0.0	0.0	3.05647E-31
91.2	0.0	0.0	2.88987E-31
91.22	0.0	0.0	2.72693E-31
91.24	0.0	0.0	2.56791E-31
91.26	0.0	0.0	2.41306E-31
91.28	0.0	0.0	2.26257E-31
91.3	0.0	0.0	2.11662E-31
91.32	0.0	0.0	1.97535E-31
91.34	0.0	0.0	1.83887E-31
91.36	0.0	0.0	1.70726E-31
91.38	0.0	0.0	1.58059E-31
91.4	0.0	0.0	1.45889E-31
91.42	0.0	0.0	1.34219E-31
91.44	0.0	0.0	1.23047E-31
91.46	0.0	0.0	1.12373E-31
91.48	0.0	0.0	1.02193E-31
91.5	0.0	0.0	9.25011E-32
91.52	0.0	0.0	8.32917E-32
91.54	0.0	0.0	7.45573E-32
91.56	0.0	0.0	6.62892E-32
91.58	0.0	0.0	5.84779E-32
91.6	0.0	0.0	5.11132E-32
91.62	0.0	0.0	4.41838E-32
91.64	0.0	0.0	3.76782E-32
91.66	0.0	0.0	3.15841E-32
91.68	0.0	0.0	2.58888E-32
91.7	0.0	0.0	2.05792E-32
91.72	0.0	0.0	1.5642E-32
91.74	0.0	0.0	1.10637E-32
91.76	0.0	0.0	6.83056E-33
91.78	0.0	0.0	2.92878E-33
91.8	0.0	0.0	-6.55456E-34
91.82	0.0	0.0	-3.93595E-33
91.84	0.0	0.0	-6.92645E-33
91.86	0.0	0.0	-9.64056E-33
91.88	0.0	0.0	-1.20918E-32
91.9	0.0	0.0	-1.42934E-32
91.92	0.0	0.0	-1.62584E-32
91.94	0.0	0.0	-1.79997E-32
91.96	0.0	0.0	-1.95299E-32
91.98	0.0	0.0	-2.08611E-32
92	0.0	0.0	-2.20054E-32
92.02	0.0	0.0	-2.29742E-32
92.04	0.0	0.0	-2.3779E-32
92.06	0.0	0.0	-2.44307E-32
92.08	0.0	0.0	-2.49396E-32
92.1	0.0	0.0	-2.53162E-32
92.12	0.0	0.0	-2.557E-32
92.14	0.0	0.0	-2.57106E-32
92.16	0.0	0.0	-2.5747E-32
92.18	0.0	0.0	-2.56879E-32
92.2	0.0	0.0	-2.55414E-32
92.22	0.0	0.0	-2.53155E-32
92.24	0.0	0.0	-2.50176E-32
92.26	0.0	0.0	-2.4655E-32
92.28	0.0	0.0	-2.42344E-32
92.3	0.0	0.0	-2.37622E-32
92.32	0.0	0.0	-2.32444E-32
92.34	0.0	0.0	-2.26868E-32
92.36	0.0	0.0	-2.20948E-32
92.38	0.0	0.0	-2.14733E-32
92.4	0.0	0.0	-2.08271E-32
92.42	0.0	0.0	-2.01606E-32
92.44	0.0	0.0	-1.9478E-32
92.46	0.0	0.0	-1.8783E-32
92.48	0.0	0.0	-1.80792E-32
92.5	0.0	0.0	-1.737E-32
92.52	0.0	0.0	-1.66582E-32
92.54	0.0	0.0	-1.59468E-32
92.56	0.0	0.0	-1.52382E-32
92.58	0.0	0.0	-1.45348E-32
92.6	0.0	0.0	-1.38386E-32
92.62	0.0	0.0	-1.31516E-32
92.64	0.0	0.0	-1.24755E-32
92.66	0.0	0.0	-1.18118E-32
92.68	0.0	0.0	-1.11619E-32
92.7	0.0	0.0	-1.05268E-32
92.72	0.0	0.0	-9.90779E-33
92.74	0.0	0.0	-9.30559E-33
92.76	0.0	0.0	-8.72098E-33
92.78	0.0	0.0	-8.15461E-33
92.8	0.0	0.0	-7.60696E-33
92.82	0.0	0.0	-7.07844E-33
92.84	0.0	0.0	-6.56932E-33
92.86	0.0	0.0	-6.07982E-33
92.88	0.0	0.0	-5.61004E-33
92.9	0.0	0.0	-5.16E-33
92.92	0.0	0.0	-4.72966E-33
92.94	0.0	0.0	-4.3189E-33
92.96	0.0	0.0	-3.92755E-33
92.98	0.0	0.0	-3.55538E-33
93	0.0	0.0	-3.20211E-33
93.02	0.0	0.0	-2.8674E-33
93.04	0.0	0.0	-2.5509E-33
93.06	0.0	0.0	-2.2522E-33
93.08	0.0	0.0	-1.97087E-33
93.1	0.0	0.0	-1.70645E-33
93.12	0.0	0.0	-1.45847E-33
93.14	0.0	0.0	-1.22642E-33
93.16	0.0	0.0	-1.00978E-33
93.18	0.0	0.0	-8.0804E-34
93.2	0.0	0.0	-6.20648E-34
93.22	0.0	0.0	-4.47065E-34
93.24	0.0	0.0	-2.86743E-34
93.26	0.0	0.0	-1.39134E-34
93.28	0.0	0.0	-3.68919E-36
93.3	0.0	0.0	1.20139E-34
93.32	0.0	0.0	2.32892E-34
93.34	0.0	0.0	3.35106E-34
93.36	0.0	0.0	4.2731E-34
93.38	0.0	0.0	5.10026E-34
93.4	0.0	0.0	5.83763E-34
93.42	0.0	0.0	6.49021E-34
93.44	0.0	0.0	7.06289E-34
93.46	0.0	0.0	7.56043E-34
93.48	0.0	0.0	7.98745E-34
93.5	0.0	0.0	8.34844E-34
93.52	0.0	0.0	8.64774E-34
93.54	0.0	0.0	8.88955E-34
93.56	0.0	0.0	9.07793E-34
93.58	0.0	0.0	9.21678E-34
93.6	0.0	0.0	9.30984E-34
93.62	0.0	0.0	9.3607E-34
93.64	0.0	0.0	9.37282E-34
93.66	0.0	0.0	9.34947E-34
93.68	0.0	0.0	9.29379E-34
93.7	0.0	0.0	9.20878E-34
93.72	0.0	0.0	9.09726E-34
93.74	0.0	0.0	8.96194E-34
93.76	0.0	0.0	8.80535E-34
93.78	0.0	0.0	8.62991E-34
93.8	0.0	0.0	8.43788E-34
93.82	0.0	0.0	8.23141E-34
93.84	0.0	0.0	8.01249E-34
93.86	0.0	0.0	7.78301E-34
93.88	0.0	0.0	7.54472E-34
93.9	0.0	0.0	7.29926E-34
93.92	0.0	0.0	7.04816E-34
93.94	0.0	0.0	6.79283E-34
93.96	0.0	0.0	6.53456E-34
93.98	0.0	0.0	6.27458E-34
94	0.0	0.0	6.01399E-34
94.02	0.0	0.0	5.75379E-34
94.04	0.0	0.0	5.49492E-34
94.06	0.0	0.0	5.23822E-34
94.08	0.0	0.0	4.98445E-34
94.1	0.0	0.0	4.7343E-34
94.12	0.0	0.0	4.48836E-34
94.14	0.0	0.0	4.2472E-34
94.16	0.0	0.0	4.01128E-34
94.18	0.0	0.0	3.78102E-34
94.2	0.0	0.0	3.5568E-34
94.22	0.0	0.0	3.3389E-34
94.24	0.0	0.0	3.12759E-34
94.26	0.0	0.0	2.92309E-34
94.28	0.0	0.0	2.72556E-34
94.3	0.0	0.0	2.53512E-34
94.32	0.0	0.0	2.35187E-34
94.34	0.0	0.0	2.17586E-34
94.36	0.0	0.0	2.00711E-34
94.38	0.0	0.0	1.84563E-34
94.4	0.0	0.0	1.69137E-34
94.42	0.0	0.0	1.54428E-34
94.44	0.0	0.0	1.4043E-34
94.46	0.0	0.0	1.2713E-34
94.48	0.0	0.0	1.1452E-34
94.5	0.0	0.0	1.02584E-34
94.52	0.0	0.0	9.13096E-35
94.54	0.0	0.0	8.06802E-35
94.56	0.0	0.0	7.06795E-35
94.58	0.0	0.0	6.12898E-35
94.6	0.0	0.0	5.24929E-35
94.62	0.0	0.0	4.42698E-35
94.64	0.0	0.0	3.66011E-35
94.66	0.0	0.0	2.9467E-35
94.68	0.0	0.0	2.28476E-35
94.7	0.0	0.0	1.67224E-35
94.72	0.0	0.0	1.10714E-35
94.74	0.0	0.0	5.87399E-36
94.76	0.0	0.0	1.11013E-36
94.78	0.0	0.0	-3.24035E-36
94.8	0.0	0.0	-7.1973E-36
94.82	0.0	0.0	-1.07804E-35
94.84	0.0	0.0	-1.40088E-35
94.86	0.0	0.0	-1.69017E-35
94.88	0.0	0.0	-1.94774E-35
94.9	0.0	0.0	-2.17542E-35
94.92	0.0	0.0	-2.37496E-35
94.94	0.0	0.0	-2.54809E-35
94.96	0.0	0.0	-2.69647E-35
94.98	0.0	0.0	-2.82171E-35
95	0.0	0.0	-2.92538E-35
95.02	0.0	0.0	-3.00897E-35
95.04	0.0	0.0	-3.07392E-35
95.06	0.0	0.0	-3.12164E-35
95.08	0.0	0.0	-3.15346E-35
95.1	0.0	0.0	-3.17064E-35
95.12	0.0	0.0	-3.17441E-35
95.14	0.0	0.0	-3.16594E-35
95.16	0.0	0.0	-3.14633E-35
95.18	0.0	0.0	-3.11663E-35
95.2	0.0	0.0	-3.07784E-35
95.22	0.0	0.0	-3.03091E-35
95.24	0.0	0.0	-2.97672E-35
95.26	0.0	0.0	-2.91612E-35
95.28	0.0	0.0	-2.8499E-35
95.3	0.0	0.0	-2.7788E-35
95.32	0.0	0.0	-2.70353E-35
95.34	0.0	0.0	-2.62472E-35
95.36	0.0	0.0	-2.543E-35
95.38	0.0	0.0	-2.45892E-35
95.4	0.0	0.0	-2.373E-35
95.42	0.0	0.0	-2.28574E-35
95.44	0.0	0.0	-2.19758E-35
95.46	0.0	0.0	-2.10893E-35
95.48	0.0	0.0	-2.02017E-35
95.5	0.0	0.0	-1.93164E-35
95.52	0.0	0.0	-1.84366E-35
95.54	0.0	0.0	-1.75651E-35
95.56	0.0	0.0	-1.67045E-35
95.58	0.0	0.0	-1.5857E-35
95.6	0.0	0.0	-1.50247E-35
95.62	0.0	0.0	-1.42094E-35
95.64	0.0	0.0	-1.34127E-35
95.66	0.0	0.0	-1.26359E-35
95.68	0.0	0.0	-1.18803E-35
95.7	0.0	0.0	-1.11467E-35
95.72	0.0	0.0	-1.04361E-35
95.74	0.0	0.0	-9.74905E-36
95.76	0.0	0.0	-9.0861E-36
95.78	0.0	0.0	-8.44763E-36
95.8	0.0	0.0	-7.83388E-36
95.82	0.0	0.0	-7.24499E-36
95.84	0.0	0.0	-6.68099E-36
95.86	0.0	0.0	-6.14181E-36
95.88	0.0	0.0	-5.62729E-36
95.9	0.0	0.0	-5.1372E-36
95.92	0.0	0.0	-4.67123E-36
95.94	0.0	0.0	-4.22901E-36
95.96	0.0	0.0	-3.81011E-36
95.98	0.0	0.0	-3.41405E-36
96	0.0	0.0	-3.04031E-36
96.02	0.0	0.0	-2.68831E-36
96.04	0.0	0.0	-2.35748E-36
96.06	0.0	0.0	-2.04718E-36
96.08	0.0	0.0	-1.75677E-36
96.1	0.0	0.0	-1.48559E-36
96.12	0.0	0.0	-1.23295E-36
96.14	0.0	0.0	-9.98172E-37
96.16	0.0	0.0	-7.80557E-37
96.18	0.0	0.0	-5.79405E-37
96.2	0.0	0.0	-3.94017E-37
96.22	0.0	0.0	-2.23695E-37
96.24	0.0	0.0	-6.77468E-38
96.26	0.0	0.0	7.45152E-38
96.28	0.0	0.0	2.03768E-37
96.3	0.0	0.0	3.20679E-37
96.32	0.0	0.0	4.25902E-37
96.34	0.0	0.0	5.20079E-37
96.36	0.0	0.0	6.03835E-37
96.38	0.0	0.0	6.77782E-37
96.4	0.0	0.0	7.42512E-37
96.42	0.0	0.0	7.98602E-37
96.44	0.0	0.0	8.46609E-37
96.46	0.0	0.0	8.87071E-37
96.48	0.0	0.0	9.20508E-37
96.5	0.0	0.0	9.47421E-37
96.52	0.0	0.0	9.6829E-37
96.54	0.0	0.0	9.83575E-37
96.56	0.0	0.0	9.93719E-37
96.58	0.0	0.0	9.99141E-37
96.6	0.0	0.0	1.00025E-36
96.62	0.0	0.0	9.97413E-37
96.64	0.0	0.0	9.91008E-37
96.66	0.0	0.0	9.81374E-37
96.68	0.0	0.0	9.68839E-37
96.7	0.0	0.0	9.53711E-37
96.72	0.0	0.0	9.3628E-37
96.74	0.0	0.0	9.16819E-37
96.76	0.0	0.0	8.95586E-37
96.78	0.0	0.0	8.72821E-37
96.8	0.0	0.0	8.4875E-37
96.82	0.0	0.0	8.23581E-37
96.84	0.0	0.0	7.97511E-37
96.86	0.0	0.0	7.70721E-37
96.88	0.0	0.0	7.43378E-37
96.9	0.0	0.0	7.15638E-37
96.92	0.0	0.0	6.87643E-37
96.94	0.0	0.0	6.59523E-37
96.96	0.0	0.0	6.31399E-37
96.98	0.0	0.0	6.03379E-37
97	0.0	0.0	5.75562E-37
97.02	0.0	0.0	5.48037E-37
97.04	0.0	0.0	5.20883E-37
97.06	0.0	0.0	4.94172E-37
97.08	0.0	0.0	4.67967E-37
97.1	0.0	0.0	4.42324E-37
97.12	0.0	0.0	4.17291E-37
97.14	0.0	0.0	3.9291E-37
97.16	0.0	0.0	3.69216E-37
97.18	0.0	0.0	3.46239E-37
97.2	0.0	0.0	3.24002E-37
97.22	0.0	0.0	3.02526E-37
97.24	0.0	0.0	2.81824E-37
97.26	0.0	0.0	2.61907E-37
97.28	0.0	0.0	2.4278E-37
97.3	0.0	0.0	2.24447E-37
97.32	0.0	0.0	2.06907E-37
97.34	0.0	0.0	1.90155E-37
97.36	0.0	0.0	1.74186E-37
97.38	0.0	0.0	1.58991E-37
97.4	0.0	0.0	1.44558E-37
97.42	0.0	0.0	1.30875E-37
97.44	0.0	0.0	1.17927E-37
97.46	0.0	0.0	1.05697E-37
97.48	0.0	0.0	9.41675E-38
97.5	0.0	0.0	8.33204E-38
97.52	0.0	0.0	7.31357E-38
97.54	0.0	0.0	6.3593E-38
97.56	0.0	0.0	5.46711E-38
97.58	0.0	0.0	4.63484E-38
97.6	0.0	0.0	3.86028E-38
97.62	0.0	0.0	3.14122E-38
97.64	0.0	0.0	2.47542E-38
97.66	0.0	0.0	1.86062E-38
97.68	0.0	0.0	1.29459E-38
97.7	0.0	0.0	7.75113E-39
97.72	0.0	0.0	2.99969E-39
97.74	0.0	0.0	-1.33015E-39
97.76	0.0	0.0	-5.25986E-39
97.78	0.0	0.0	-8.81049E-39
97.8	0.0	0.0	-1.20027E-38
97.82	0.0	0.0	-1.48566E-38
97.84	0.0	0.0	-1.73919E-38
97.86	0.0	0.0	-1.96277E-38
97.88	0.0	0.0	-2.15825E-38
97.9	0.0	0.0	-2.32744E-38
97.92	0.0	0.0	-2.47205E-38
97.94	0.0	0.0	-2.59378E-38
97.96	0.0	0.0	-2.69422E-38
97.98	0.0	0.0	-2.77494E-38
98	0.0	0.0	-2.8374E-38
98.02	0.0	0.0	-2.88303E-38
98.04	0.0	0.0	-2.91319E-38
98.06	0.0	0.0	-2.92918E-38
98.08	0.0	0.0	-2.93222E-38
98.1	0.0	0.0	-2.92349E-38
98.12	0.0	0.0	-2.90409E-38
98.14	0.0	0.0	-2.87508E-38
98.16	0.0	0.0	-2.83744E-38
98.18	0.0	0.0	-2.79212E-38
98.2	0.0	0.0	-2.73999E-38
98.22	0.0	0.0	-2.68189E-38
98.24	0.0	0.0	-2.61858E-38
98.26	0.0	0.0	-2.5508E-38
98.28	0.0	0.0	-2.47921E-38
98.3	0.0	0.0	-2.40445E-38
98.32	0.0	0.0	-2.3271E-38
98.34	0.0	0.0	-2.2477E-38
98.36	0.0	0.0	-2.16676E-38
98.38	0.0	0.0	-2.08473E-38
98.4	0.0	0.0	-2.00204E-38
98.42	0.0	0.0	-1.91906E-38
98.44	0.0	0.0	-1.83617E-38
98.46	0.0	0.0	-1.75366E-38
98.48	0.0	0.0	-1.67184E-38
98.5	0.0	0.0	-1.59096E-38
98.52	0.0	0.0	-1.51126E-38
98.54	0.0	0.0	-1.43293E-38
98.56	0.0	0.0	-1.35617E-38
98.58	0.0	0.0	-1.28113E-38
98.6	0.0	0.0	-1.20795E-38
98.62	0.0	0.0	-1.13675E-38
98.64	0.0	0.0	-1.06763E-38
98.66	0.0	0.0	-1.00067E-38
98.68	0.0	0.0	-9.35927E-39
98.7	0.0	0.0	-8.73463E-39
98.72	0.0	0.0	-8.13313E-39
98.74	0.0	0.0	-7.55501E-39
98.76	0.0	0.0	-7.00041E-39
98.78	0.0	0.0	-6.46935E-39
98.8	0.0	0.0	-5.96176E-39
98.82	0.0	0.0	-5.47749E-39
98.84	0.0	0.0	-5.01631E-39
98.86	0.0	0.0	-4.57792E-39
98.88	0.0	0.0	-4.16194E-39
98.9	0.0	0.0	-3.76796E-39
98.92	0.0	0.0	-3.39552E-39
98.94	0.0	0.0	-3.04409E-39
98.96	0.0	0.0	-2.71314E-39
98.98	0.0	0.0	-2.40208E-39
99	0.0	0.0	-2.11031E-39
99.02	0.0	0.0	-1.83721E-39
99.04	0.0	0.0	-1.58213E-39
99.06	0.0	0.0	-1.34443E-39
99.08	0.0	0.0	-1.12343E-39
99.1	0.0	0.0	-9.18477E-40
99.12	0.0	0.0	-7.28896E-40
99.14	0.0	0.0	-5.54019E-40
99.16	0.0	0.0	-3.93179E-40
99.18	0.0	0.0	-2.45717E-40
99.2	0.0	0.0	-1.1098E-40
99.22	0.0	0.0	1.16738E-41
99.24	0.0	0.0	1.22877E-40
99.26	0.0	0.0	2.23247E-40
99.28	0.0	0.0	3.13389E-40
99.3	0.0	0.0	3.93893E-40
99.32	0.0	0.0	4.65331E-40
99.34	0.0	0.0	5.2826E-40
99.36	0.0	0.0	5.83219E-40
99.38	0.0	0.0	6.30729E-40
99.4	0.0	0.0	6.71292E-40
99.42	0.0	0.0	7.0539E-40
99.44	0.0	0.0	7.3349E-40
99.46	0.0	0.0	7.56035E-40
99.48	0.0	0.0	7.73453E-40
99.5	0.0	0.0	7.86151E-40
99.52	0.0	0.0	7.94516E-40
99.54	0.0	0.0	7.98919E-40
99.56	0.0	0.0	7.99711E-40
99.58	0.0	0.0	7.97224E-40
99.6	0.0	0.0	7.91775E-40
99.62	0.0	0.0	7.8366E-40
99.64	0.0	0.0	7.73161E-40
99.66	0.0	0.0	7.60542E-40
99.68	0.0	0.0	7.46051E-40
99.7	0.0	0.0	7.29921E-40
99.72	0.0	0.0	7.1237E-40
99.74	0.0	0.0	6.93599E-40
99.76	0.0	0.0	6.73799E-40
99.78	0.0	0.0	6.53146E-40
99.8	0.0	0.0	6.31801E-40
99.82	0.0	0.0	6.09915E-40
99.84	0.0	0.0	5.87626E-40
99.86	0.0	0.0	5.65063E-40
99.88	0.0	0.0	5.4234E-40
99.9	0.0	0.0	5.19565E-40
99.92	0.0	0.0	4.96834E-40
99.94	0.0	0.0	4.74234E-40
99.96	0.0	0.0	4.51844E-40
99.98	0.0	0.0	4.29735E-40
100	0.0	0.0	4.07969E-40
100.02	0.0	0.0	3.86602E-40
100.04	0.0	0.0	3.65682E-40
100.06	0.0	0.0	3.45253E-40
100.08	0.0	0.0	3.2535E-40
100.1	0.0	0.0	3.06004E-40
100.12	0.0	0.0	2.87242E-40
100.14	0.0	0.0	2.69084E-40
100.16	0.0	0.0	2.51547E-40
100.18	0.0	0.0	2.34643E-40
100.2	0.0	0.0	2.18382E-40
100.22	0.0	0.0	2.02769E-40
100.24	0.0	0.0	1.87805E-40
100.26	0.0	0.0	1.73491E-40
100.28	0.0	0.0	1.59824E-40
100.3	0.0	0.0	1.46797E-40
100.32	0.0	0.0	1.34404E-40
100.34	0.0	0.0	1.22635E-40
100.36	0.0	0.0	1.11478E-40
100.38	0.0	0.0	1.00923E-40
100.4	0.0	0.0	9.0954E-41
100.42	0.0	0.0	8.15572E-41
100.44	0.0	0.0	7.27166E-41
100.46	0.0	0.0	6.44158E-41
100.48	0.0	0.0	5.66375E-41
100.5	0.0	0.0	4.93642E-41
100.52	0.0	0.0	4.25777E-41
100.54	0.0	0.0	3.62597E-41
100.56	0.0	0.0	3.03917E-41
100.58	0.0	0.0	2.49552E-41
100.6	0.0	0.0	1.99315E-41
100.62	0.0	0.0	1.5302E-41
100.64	0.0	0.0	1.10485E-41
100.66	0.0	0.0	7.1527E-42
100.68	0.0	0.0	3.5967E-42
100.7	0.0	0.0	3.62882E-43
100.72	0.0	0.0	-2.56602E-42
100.74	0.0	0.0	-5.2069E-42
100.76	0.0	0.0	-7.57621E-42
100.78	0.0	0.0	-9.68997E-42
100.8	0.0	0.0	-1.15637E-41
100.82	0.0	0.0	-1.32126E-41
100.84	0.0	0.0	-1.4651E-41
100.86	0.0	0.0	-1.58931E-41
100.88	0.0	0.0	-1.69524E-41
100.9	0.0	0.0	-1.78418E-41
100.92	0.0	0.0	-1.85739E-41
100.94	0.0	0.0	-1.91605E-41
100.96	0.0	0.0	-1.9613E-41
100.98	0.0	0.0	-1.99422E-41
101	0.0	0.0	-2.01586E-41
101.02	0.0	0.0	-2.02719E-41
101.04	0.0	0.0	-2.02915E-41
101.06	0.0	0.0	-2.02261E-41
101.08	0.0	0.0	-2.00841E-41
101.1	0.0	0.0	-1.98733E-41
101.12	0.0	0.0	-1.96011E-41
101.14	0.0	0.0	-1.92745E-41
101.16	0.0	0.0	-1.89E-41
101.18	0.0	0.0	-1.84837E-41
101.2	0.0	0.0	-1.80312E-41
101.22	0.0	0.0	-1.75478E-41
101.24	0.0	0.0	-1.70385E-41
101.26	0.0	0.0	-1.65078E-41
101.28	0.0	0.0	-1.596E-41
101.3	0.0	0.0	-1.53988E-41
101.32	0.0	0.0	-1.48279E-41
101.34	0.0	0.0	-1.42506E-41
101.36	0.0	0.0	-1.36698E-41
101.38	0.0	0.0	-1.30882E-41
101.4	0.0	0.0	-1.25084E-41
101.42	0.0	0.0	-1.19325E-41
101.44	0.0	0.0	-1.13625E-41
101.46	0.0	0.0	-1.08002E-41
101.48	0.0	0.0	-1.02473E-41
101.5	0.0	0.0	-9.70495E-42
101.52	0.0	0.0	-9.17453E-42
101.54	0.0	0.0	-8.65705E-42
101.56	0.0	0.0	-8.15342E-42
101.58	0.0	0.0	-7.66438E-42
101.6	0.0	0.0	-7.19055E-42
101.62	0.0	0.0	-6.73244E-42
101.64	0.0	0.0	-6.29043E-42
101.66	0.0	0.0	-5.86482E-42
101.68	0.0	0.0	-5.45578E-42
101.7	0.0	0.0	-5.06342E-42
101.72	0.0	0.0	-4.68777E-42
101.74	0.0	0.0	-4.32879E-42
101.76	0.0	0.0	-3.98635E-42
101.78	0.0	0.0	-3.66029E-42
101.8	0.0	0.0	-3.3504E-42
101.82	0.0	0.0	-3.0564E-42
101.84	0.0	0.0	-2.77799E-42
101.86	0.0	0.0	-2.51482E-42
101.88	0.0	0.0	-2.26654E-42
101.9	0.0	0.0	-2.03272E-42
101.92	0.0	0.0	-1.81297E-42
101.94	0.0	0.0	-1.60684E-42
101.96	0.0	0.0	-1.41388E-42
101.98	0.0	0.0	-1.23362E-42
102	0.0	0.0	-1.06559E-42
102.02	0.0	0.0	-9.09315E-43
102.04	0.0	0.0	-7.64317E-43
102.06	0.0	0.0	-6.30112E-43
102.08	0.0	0.0	-5.06221E-43
102.1	0.0	0.0	-3.92167E-43
102.12	0.0	0.0	-2.87478E-43
102.14	0.0	0.0	-1.91689E-43
102.16	0.0	0.0	-1.04342E-43
102.18	0.0	0.0	-2.49883E-44
102.2	0.0	0.0	4.68114E-44
102.22	0.0	0.0	1.11485E-43
102.24	0.0	0.0	1.6945E-43
102.26	0.0	0.0	2.21111E-43
102.28	0.0	0.0	2.6686E-43
102.3	0.0	0.0	3.07075E-43
102.32	0.0	0.0	3.42123E-43
102.34	0.0	0.0	3.72356E-43
102.36	0.0	0.0	3.98111E-43
102.38	0.0	0.0	4.19714E-43
102.4	0.0	0.0	4.37474E-43
102.42	0.0	0.0	4.51688E-43
102.44	0.0	0.0	4.6264E-43
102.46	0.0	0.0	4.70597E-43
102.48	0.0	0.0	4.75817E-43
102.5	0.0	0.0	4.78542E-43
102.52	0.0	0.0	4.79001E-43
102.54	0.0	0.0	4.77411E-43
102.56	0.0	0.0	4.73977E-43
102.58	0.0	0.0	4.68892E-43
102.6	0.0	0.0	4.62337E-43
102.62	0.0	0.0	4.54481E-43
102.64	0.0	0.0	4.45483E-43
102.66	0.0	0.0	4.3549E-43
102.68	0.0	0.0	4.24642E-43
102.7	0.0	0.0	4.13067E-43
102.72	0.0	0.0	4.00883E-43
102.74	0.0	0.0	3.882E-43
102.76	0.0	0.0	3.75121E-43
102.78	0.0	0.0	3.61737E-43
102.8	0.0	0.0	3.48136E-43
102.82	0.0	0.0	3.34395E-43
102.84	0.0	0.0	3.20584E-43
102.86	0.0	0.0	3.0677E-43
102.88	0.0	0.0	2.93011E-43
102.9	0.0	0.0	2.79358E-43
102.92	0.0	0.0	2.65859E-43
102.94	0.0	0.0	2.52556E-43
102.96	0.0	0.0	2.39485E-43
102.98	0.0	0.0	2.2668E-43
103	0.0	0.0	2.14168E-43
103.02	0.0	0.0	2.01973E-43
103.04	0.0	0.0	1.90116E-43
103.06	0.0	0.0	1.78614E-43
103.08	0.0	0.0	1.6748E-43
103.1	0.0	0.0	1.56727E-43
103.12	0.0	0.0	1.46361E-43
103.14	0.0	0.0	1.3639E-43
103.16	0.0	0.0	1.26817E-43
103.18	0.0	0.0	1.17643E-43
103.2	0.0	0.0	1.08868E-43
103.22	0.0	0.0	1.00491E-43
103.24	0.0	0.0	9.25077E-44
103.26	0.0	0.0	8.49139E-44
103.28	0.0	0.0	7.77035E-44
103.3	0.0	0.0	7.08696E-44
103.32	0.0	0.0	6.44044E-44
103.34	0.0	0.0	5.82993E-44
103.36	0.0	0.0	5.25449E-44
103.38	0.0	0.0	4.71313E-44
103.4	0.0	0.0	4.20483E-44
103.42	0.0	0.0	3.72849E-44
103.44	0.0	0.0	3.28302E-44
103.46	0.0	0.0	2.86728E-44
103.48	0.0	0.0	2.48013E-44
103.5	0.0	0.0	2.12043E-44
103.52	0.0	0.0	1.78699E-44
103.54	0.0	0.0	1.47869E-44
103.56	0.0	0.0	1.19435E-44
103.58	0.0	0.0	9.32845E-45
103.6	0.0	0.0	6.93049E-45
103.62	0.0	0.0	4.73852E-45
103.64	0.0	0.0	2.7417E-45
103.66	0.0	0.0	9.29381E-46
103.68	0.0	0.0	-7.08808E-46
103.7	0.0	0.0	-2.18297E-45
103.72	0.0	0.0	-3.50291E-45
103.74	0.0	0.0	-4.67815E-45
103.76	0.0	0.0	-5.71787E-45
103.78	0.0	0.0	-6.63094E-45
103.8	0.0	0.0	-7.4259E-45
103.82	0.0	0.0	-8.11096E-45
103.84	0.0	0.0	-8.69399E-45
103.86	0.0	0.0	-9.18253E-45
103.88	0.0	0.0	-9.58377E-45
103.9	0.0	0.0	-9.90457E-45
103.92	0.0	0.0	-1.01515E-44
103.94	0.0	0.0	-1.03307E-44
103.96	0.0	0.0	-1.04481E-44
103.98	0.0	0.0	-1.05094E-44
104	0.0	0.0	-1.05196E-44
104.02	0.0	0.0	-1.04839E-44
104.04	0.0	0.0	-1.04068E-44
104.06	0.0	0.0	-1.02929E-44
104.08	0.0	0.0	-1.01462E-44
104.1	0.0	0.0	-9.9705E-45
104.12	0.0	0.0	-9.76949E-45
104.14	0.0	0.0	-9.54651E-45
104.16	0.0	0.0	-9.30468E-45
104.18	0.0	0.0	-9.04688E-45
104.2	0.0	0.0	-8.77579E-45
104.22	0.0	0.0	-8.49389E-45
104.24	0.0	0.0	-8.20345E-45
104.26	0.0	0.0	-7.90655E-45
104.28	0.0	0.0	-7.60511E-45
104.3	0.0	0.0	-7.30087E-45
104.32	0.0	0.0	-6.99541E-45
104.34	0.0	0.0	-6.69016E-45
104.36	0.0	0.0	-6.3864E-45
104.38	0.0	0.0	-6.0853E-45
104.4	0.0	0.0	-5.78789E-45
104.42	0.0	0.0	-5.49507E-45
104.44	0.0	0.0	-5.20766E-45
104.46	0.0	0.0	-4.92634E-45
104.48	0.0	0.0	-4.65174E-45
104.5	0.0	0.0	-4.38436E-45
104.52	0.0	0.0	-4.12464E-45
104.54	0.0	0.0	-3.87294E-45
104.56	0.0	0.0	-3.62954E-45
104.58	0.0	0.0	-3.39468E-45
104.6	0.0	0.0	-3.16852E-45
104.62	0.0	0.0	-2.95117E-45
104.64	0.0	0.0	-2.7427E-45
104.66	0.0	0.0	-2.54311E-45
104.68	0.0	0.0	-2.3524E-45
104.7	0.0	0.0	-2.1705E-45
104.72	0.0	0.0	-1.99733E-45
104.74	0.0	0.0	-1.83276E-45
104.76	0.0	0.0	-1.67666E-45
104.78	0.0	0.0	-1.52885E-45
104.8	0.0	0.0	-1.38915E-45
104.82	0.0	0.0	-1.25736E-45
104.84	0.0	0.0	-1.13326E-45
104.86	0.0	0.0	-1.01662E-45
104.88	0.0	0.0	-9.0721E-46
104.9	0.0	0.0	-8.04781E-46
104.92	0.0	0.0	-7.09081E-46
104.94	0.0	0.0	-6.19856E-46
104.96	0.0	0.0	-5.36848E-46
104.98	0.0	0.0	-4.59796E-46
105	0.0	0.0	-3.88443E-46
105.02	0.0	0.0	-3.2253E-46
105.04	0.0	0.0	-2.618E-46
105.06	0.0	0.0	-2.06001E-46
105.08	0.0	0.0	-1.54882E-46
105.1	0.0	0.0	-1.08201E-46
105.12	0.0	0.0	-6.57159E-47
105.14	0.0	0.0	-2.71936E-47
105.16	0.0	0.0	7.59412E-48
105.18	0.0	0.0	3.88686E-47
105.2	0.0	0.0	6.68447E-47
105.22	0.0	0.0	9.173E-47
105.24	0.0	0.0	1.13725E-46
105.26	0.0	0.0	1.33022E-46
105.28	0.0	0.0	1.49808E-46
105.3	0.0	0.0	1.64259E-46
105.32	0.0	0.0	1.76547E-46
105.34	0.0	0.0	1.86834E-46
105.36	0.0	0.0	1.95275E-46
105.38	0.0	0.0	2.02018E-46
105.4	0.0	0.0	2.07204E-46
105.42	0.0	0.0	2.10966E-46
105.44	0.0	0.0	2.13429E-46
105.46	0.0	0.0	2.14714E-46
105.48	0.0	0.0	2.14932E-46
105.5	0.0	0.0	2.1419E-46
105.52	0.0	0.0	2.12586E-46
105.54	0.0	0.0	2.10214E-46
105.56	0.0	0.0	2.07162E-46
105.58	0.0	0.0	2.03511E-46
105.6	0.0	0.0	1.99336E-46
105.62	0.0	0.0	1.94709E-46
105.64	0.0	0.0	1.89696E-46
105.66	0.0	0.0	1.84356E-46
105.68	0.0	0.0	1.78747E-46
105.7	0.0	0.0	1.72919E-46
105.72	0.0	0.0	1.6692E-46
105.74	0.0	0.0	1.60793E-46
105.76	0.0	0.0	1.54579E-46
105.78	0.0	0.0	1.48313E-46
105.8	0.0	0.0	1.42028E-46
105.82	0.0	0.0	1.35753E-46
105.84	0.0	0.0	1.29515E-46
105.86	0.0	0.0	1.23337E-46
105.88	0.0	0.0	1.17241E-46
105.9	0.0	0.0	1.11245E-46
105.92	0.0	0.0	1.05365E-46
105.94	0.0	0.0	9.96155E-47
105.96	0.0	0.0	9.40085E-47
105.98	0.0	0.0	8.85542E-47
106	0.0	0.0	8.32613E-47
106.02	0.0	0.0	7.81367E-47
106.04	0.0	0.0	7.31861E-47
106.06	0.0	0.0	6.84136E-47
106.08	0.0	0.0	6.38223E-47
106.1	0.0	0.0	5.94141E-47
106.12	0.0	0.0	5.519E-47
106.14	0.0	0.0	5.11499E-47
106.16	0.0	0.0	4.72932E-47
106.18	0.0	0.0	4.36182E-47
106.2	0.0	0.0	4.01229E-47
106.22	0.0	0.0	3.68045E-47
106.24	0.0	0.0	3.36597E-47
106.26	0.0	0.0	3.06849E-47
106.28	0.0	0.0	2.7876E-47
106.3	0.0	0.0	2.52287E-47
106.32	0.0	0.0	2.27383E-47
106.34	0.0	0.0	2.03999E-47
106.36	0.0	0.0	1.82085E-47
106.38	0.0	0.0	1.61589E-47
106.4	0.0	0.0	1.42457E-47
106.42	0.0	0.0	1.24638E-47
106.44	0.0	0.0	1.08075E-47
106.46	0.0	0.0	9.27162E-48
106.48	0.0	0.0	7.85065E-48
106.5	0.0	0.0	6.53927E-48
106.52	0.0	0.0	5.33216E-48
106.54	0.0	0.0	4.22412E-48
106.56	0.0	0.0	3.20999E-48
106.58	0.0	0.0	2.28476E-48
106.6	0.0	0.0	1.4435E-48
106.62	0.0	0.0	6.81428E-49
106.64	0.0	0.0	-6.12025E-51
106.66	0.0	0.0	-6.23656E-49
106.68	0.0	0.0	-1.17555E-48
106.7	0.0	0.0	-1.66601E-48
106.72	0.0	0.0	-2.09911E-48
106.74	0.0	0.0	-2.47875E-48
106.76	0.0	0.0	-2.80868E-48
106.78	0.0	0.0	-3.09248E-48
106.8	0.0	0.0	-3.33359E-48
106.82	0.0	0.0	-3.53526E-48
106.84	0.0	0.0	-3.70063E-48
106.86	0.0	0.0	-3.83263E-48
106.88	0.0	0.0	-3.93409E-48
106.9	0.0	0.0	-4.00766E-48
106.92	0.0	0.0	-4.05586E-48
106.94	0.0	0.0	-4.08104E-48
106.96	0.0	0.0	-4.08545E-48
106.98	0.0	0.0	-4.07118E-48
107	0.0	0.0	-4.04019E-48
107.02	0.0	0.0	-3.99434E-48
107.04	0.0	0.0	-3.93533E-48
107.06	0.0	0.0	-3.86478E-48
107.08	0.0	0.0	-3.78418E-48
107.1	0.0	0.0	-3.69491E-48
107.12	0.0	0.0	-3.59825E-48
107.14	0.0	0.0	-3.4954E-48
107.16	0.0	0.0	-3.38744E-48
107.18	0.0	0.0	-3.27537E-48
107.2	0.0	0.0	-3.16013E-48
107.22	0.0	0.0	-3.04254E-48
107.24	0.0	0.0	-2.92337E-48
107.26	0.0	0.0	-2.80333E-48
107.28	0.0	0.0	-2.68302E-48
107.3	0.0	0.0	-2.56303E-48
107.32	0.0	0.0	-2.44385E-48
107.34	0.0	0.0	-2.32594E-48
107.36	0.0	0.0	-2.20969E-48
107.38	0.0	0.0	-2.09546E-48
107.4	0.0	0.0	-1.98355E-48
107.42	0.0	0.0	-1.87422E-48
107.44	0.0	0.0	-1.7677E-48
107.46	0.0	0.0	-1.66419E-48
107.48	0.0	0.0	-1.56383E-48
107.5	0.0	0.0	-1.46676E-48
107.52	0.0	0.0	-1.37307E-48
107.54	0.0	0.0	-1.28284E-48
107.56	0.0	0.0	-1.19612E-48
107.58	0.0	0.0	-1.11293E-48
107.6	0.0	0.0	-1.0333E-48
107.62	0.0	0.0	-9.57204E-49
107.64	0.0	0.0	-8.84633E-49
107.66	0.0	0.0	-8.15549E-49
107.68	0.0	0.0	-7.49904E-49
107.7	0.0	0.0	-6.87641E-49
107.72	0.0	0.0	-6.28693E-49
107.74	0.0	0.0	-5.72984E-49
107.76	0.0	0.0	-5.20432E-49
107.78	0.0	0.0	-4.7095E-49
107.8	0.0	0.0	-4.24445E-49
107.82	0.0	0.0	-3.80821E-49
107.84	0.0	0.0	-3.39977E-49
107.86	0.0	0.0	-3.01813E-49
107.88	0.0	0.0	-2.66224E-49
107.9	0.0	0.0	-2.33105E-49
107.92	0.0	0.0	-2.02353E-49
107.94	0.0	0.0	-1.73863E-49
107.96	0.0	0.0	-1.47529E-49
107.98	0.0	0.0	-1.23249E-49
108	0.0	0.0	-1.0092E-49
108.02	0.0	0.0	-8.04434E-50
108.04	0.0	0.0	-6.17198E-50
108.06	0.0	0.0	-4.46533E-50
108.08	0.0	0.0	-2.91501E-50
108.1	0.0	0.0	-1.51192E-50
108.12	0.0	0.0	-2.47206E-51
108.14	0.0	0.0	8.87687E-51
108.16	0.0	0.0	1.90102E-50
108.18	0.0	0.0	2.80076E-50
108.2	0.0	0.0	3.59457E-50
108.22	0.0	0.0	4.28978E-50
108.24	0.0	0.0	4.89345E-50
108.26	0.0	0.0	5.41229E-50
108.28	0.0	0.0	5.85272E-50
108.3	0.0	0.0	6.22085E-50
108.32	0.0	0.0	6.52249E-50
108.34	0.0	0.0	6.76315E-50
108.36	0.0	0.0	6.94806E-50
108.38	0.0	0.0	7.08213E-50
108.4	0.0	0.0	7.17003E-50
108.42	0.0	0.0	7.21614E-50
108.44	0.0	0.0	7.22458E-50
108.46	0.0	0.0	7.19921E-50
108.48	0.0	0.0	7.14366E-50
108.5	0.0	0.0	7.0613E-50
108.52	0.0	0.0	6.9553E-50
108.54	0.0	0.0	6.82858E-50
108.56	0.0	0.0	6.68388E-50
108.58	0.0	0.0	6.52372E-50
108.6	0.0	0.0	6.35043E-50
108.62	0.0	0.0	6.16618E-50
108.64	0.0	0.0	5.97293E-50
108.66	0.0	0.0	5.7725E-50
108.68	0.0	0.0	5.56656E-50
108.7	0.0	0.0	5.35662E-50
108.72	0.0	0.0	5.14406E-50
108.74	0.0	0.0	4.93011E-50
108.76	0.0	0.0	4.7159E-50
108.78	0.0	0.0	4.50244E-50
108.8	0.0	0.0	4.29063E-50
108.82	0.0	0.0	4.08125E-50
108.84	0.0	0.0	3.87503E-50
108.86	0.0	0.0	3.67257E-50
108.88	0.0	0.0	3.4744E-50
108.9	0.0	0.0	3.281E-50
108.92	0.0	0.0	3.09274E-50
108.94	0.0	0.0	2.90996E-50
108.96	0.0	0.0	2.73292E-50
108.98	0.0	0.0	2.56184E-50
109	0.0	0.0	2.39687E-50
109.02	0.0	0.0	2.23815E-50
109.04	0.0	0.0	2.08574E-50
109.06	0.0	0.0	1.93969E-50
109.08	0.0	0.0	1.8E-50
109.1	0.0	0.0	1.66665E-50
109.12	0.0	0.0	1.53959E-50
109.14	0.0	0.0	1.41875E-50
109.16	0.0	0.0	1.30404E-50
109.18	0.0	0.0	1.19534E-50
109.2	0.0	0.0	1.09252E-50
109.22	0.0	0.0	9.95448E-51
109.24	0.0	0.0	9.03961E-51
109.26	0.0	0.0	8.179E-51
109.28	0.0	0.0	7.37093E-51
109.3	0.0	0.0	6.61362E-51
109.32	0.0	0.0	5.90526E-51
109.34	0.0	0.0	5.24398E-51
109.36	0.0	0.0	4.62791E-51
109.38	0.0	0.0	4.05515E-51
109.4	0.0	0.0	3.52381E-51
109.42	0.0	0.0	3.032E-51
109.44	0.0	0.0	2.57784E-51
109.46	0.0	0.0	2.1595E-51
109.48	0.0	0.0	1.77514E-51
109.5	0.0	0.0	1.42298E-51
109.52	0.0	0.0	1.10127E-51
109.54	0.0	0.0	8.08299E-52
109.56	0.0	0.0	5.42409E-52
109.58	0.0	0.0	3.01987E-52
109.6	0.0	0.0	8.54714E-53
109.62	0.0	0.0	-1.08646E-52
109.64	0.0	0.0	-2.81819E-52
109.66	0.0	0.0	-4.35445E-52
109.68	0.0	0.0	-5.70868E-52
109.7	0.0	0.0	-6.89372E-52
109.72	0.0	0.0	-7.92187E-52
109.74	0.0	0.0	-8.80486E-52
109.76	0.0	0.0	-9.55386E-52
109.78	0.0	0.0	-1.01795E-51
109.8	0.0	0.0	-1.06918E-51
109.82	0.0	0.0	-1.11004E-51
109.84	0.0	0.0	-1.14143E-51
109.86	0.0	0.0	-1.1642E-51
109.88	0.0	0.0	-1.17914E-51
109.9	0.0	0.0	-1.18702E-51
109.92	0.0	0.0	-1.18855E-51
109.94	0.0	0.0	-1.18438E-51
109.96	0.0	0.0	-1.17514E-51
109.98	0.0	0.0	-1.1614E-51
110	0.0	0.0	-1.1437E-51
110.02	0.0	0.0	-1.12254E-51
110.04	0.0	0.0	-1.09839E-51
110.06	0.0	0.0	-1.07167E-51
110.08	0.0	0.0	-1.04278E-51
110.1	0.0	0.0	-1.01208E-51
110.12	0.0	0.0	-9.79906E-52
110.14	0.0	0.0	-9.46566E-52
110.16	0.0	0.0	-9.12336E-52
110.18	0.0	0.0	-8.77471E-52
110.2	0.0	0.0	-8.422E-52
110.22	0.0	0.0	-8.0673E-52
110.24	0.0	0.0	-7.71249E-52
110.26	0.0	0.0	-7.35924E-52
110.28	0.0	0.0	-7.00902E-52
110.3	0.0	0.0	-6.66315E-52
110.32	0.0	0.0	-6.3228E-52
110.34	0.0	0.0	-5.98896E-52
110.36	0.0	0.0	-5.66251E-52
110.38	0.0	0.0	-5.34419E-52
110.4	0.0	0.0	-5.03464E-52
110.42	0.0	0.0	-4.73436E-52
110.44	0.0	0.0	-4.44379E-52
110.46	0.0	0.0	-4.16326E-52
110.48	0.0	0.0	-3.89302E-52
110.5	0.0	0.0	-3.63323E-52
110.52	0.0	0.0	-3.38402E-52
110.54	0.0	0.0	-3.14542E-52
110.56	0.0	0.0	-2.91744E-52
110.58	0.0	0.0	-2.7E-52
110.6	0.0	0.0	-2.49302E-52
110.62	0.0	0.0	-2.29636E-52
110.64	0.0	0.0	-2.10984E-52
110.66	0.0	0.0	-1.93326E-52
110.68	0.0	0.0	-1.76639E-52
110.7	0.0	0.0	-1.60899E-52
110.72	0.0	0.0	-1.46079E-52
110.74	0.0	0.0	-1.32151E-52
110.76	0.0	0.0	-1.19086E-52
110.78	0.0	0.0	-1.06853E-52
110.8	0.0	0.0	-9.5421E-53
110.82	0.0	0.0	-8.4759E-53
110.84	0.0	0.0	-7.4835E-53
110.86	0.0	0.0	-6.56174E-53
110.88	0.0	0.0	-5.70742E-53
110.9	0.0	0.0	-4.91739E-53
110.92	0.0	0.0	-4.18853E-53
110.94	0.0	0.0	-3.51776E-53
110.96	0.0	0.0	-2.90204E-53
110.98	0.0	0.0	-2.33842E-53
111	0.0	0.0	-1.824E-53
111.02	0.0	0.0	-1.35596E-53
111.04	0.0	0.0	-9.31559E-54
111.06	0.0	0.0	-5.48153E-54
111.08	0.0	0.0	-2.03176E-54
111.1	0.0	0.0	1.05843E-54
111.12	0.0	0.0	3.81284E-54
111.14	0.0	0.0	6.25429E-54
111.16	0.0	0.0	8.40467E-54
111.18	0.0	0.0	1.02849E-53
111.2	0.0	0.0	1.19149E-53
111.22	0.0	0.0	1.33138E-53
111.24	0.0	0.0	1.44996E-53
111.26	0.0	0.0	1.54895E-53
111.28	0.0	0.0	1.62998E-53
111.3	0.0	0.0	1.69458E-53
111.32	0.0	0.0	1.7442E-53
111.34	0.0	0.0	1.78022E-53
111.36	0.0	0.0	1.80391E-53
111.38	0.0	0.0	1.81649E-53
111.4	0.0	0.0	1.81908E-53
111.42	0.0	0.0	1.81275E-53
111.44	0.0	0.0	1.79848E-53
111.46	0.0	0.0	1.77718E-53
111.48	0.0	0.0	1.74972E-53
111.5	0.0	0.0	1.71688E-53
111.52	0.0	0.0	1.67939E-53
111.54	0.0	0.0	1.63794E-53
111.56	0.0	0.0	1.59315E-53
111.58	0.0	0.0	1.54558E-53
111.6	0.0	0.0	1.49576E-53
111.62	0.0	0.0	1.44418E-53
111.64	0.0	0.0	1.39126E-53
111.66	0.0	0.0	1.3374E-53
111.68	0.0	0.0	1.28296E-53
111.7	0.0	0.0	1.22826E-53
111.72	0.0	0.0	1.17358E-53
111.74	0.0	0.0	1.1192E-53
111.76	0.0	0.0	1.06533E-53
111.78	0.0	0.0	1.01218E-53
111.8	0.0	0.0	9.5992E-54
111.82	0.0	0.0	9.08709E-54
111.84	0.0	0.0	8.58676E-54
111.86	0.0	0.0	8.09934E-54
111.88	0.0	0.0	7.62578E-54
111.9	0.0	0.0	7.16683E-54
111.92	0.0	0.0	6.72312E-54
111.94	0.0	0.0	6.29514E-54
111.96	0.0	0.0	5.88323E-54
111.98	0.0	0.0	5.48763E-54
112	0.0	0.0	5.10848E-54
112.02	0.0	0.0	4.74582E-54
112.04	0.0	0.0	4.39961E-54
112.06	0.0	0.0	4.06973E-54
112.08	0.0	0.0	3.756E-54
112.1	0.0	0.0	3.45819E-54
112.12	0.0	0.0	3.176E-54
112.14	0.0	0.0	2.90909E-54
112.16	0.0	0.0	2.65711E-54
112.18	0.0	0.0	2.41964E-54
112.2	0.0	0.0	2.19626E-54
112.22	0.0	0.0	1.98652E-54
112.24	0.0	0.0	1.78995E-54
112.26	0.0	0.0	1.60607E-54
112.28	0.0	0.0	1.43439E-54
112.3	0.0	0.0	1.27443E-54
112.32	0.0	0.0	1.12567E-54
112.34	0.0	0.0	9.8763E-55
112.36	0.0	0.0	8.59807E-55
112.38	0.0	0.0	7.41711E-55
112.4	0.0	0.0	6.32859E-55
112.42	0.0	0.0	5.32772E-55
112.44	0.0	0.0	4.40984E-55
112.46	0.0	0.0	3.57037E-55
112.48	0.0	0.0	2.80487E-55
112.5	0.0	0.0	2.10901E-55
112.52	0.0	0.0	1.47859E-55
112.54	0.0	0.0	9.09563E-56
112.56	0.0	0.0	3.9801E-56
112.58	0.0	0.0	-5.98332E-57
112.6	0.0	0.0	-4.67584E-56
112.62	0.0	0.0	-8.2871E-56
112.64	0.0	0.0	-1.14653E-55
112.66	0.0	0.0	-1.4242E-55
112.68	0.0	0.0	-1.66476E-55
112.7	0.0	0.0	-1.87106E-55
112.72	0.0	0.0	-2.04582E-55
112.74	0.0	0.0	-2.19164E-55
112.76	0.0	0.0	-2.31095E-55
112.78	0.0	0.0	-2.40605E-55
112.8	0.0	0.0	-2.47913E-55
112.82	0.0	0.0	-2.53221E-55
112.84	0.0	0.0	-2.56722E-55
112.86	0.0	0.0	-2.58595E-55
112.88	0.0	0.0	-2.59009E-55
112.9	0.0	0.0	-2.5812E-55
112.92	0.0	0.0	-2.56075E-55
112.94	0.0	0.0	-2.53009E-55
112.96	0.0	0.0	-2.49048E-55
112.98	0.0	0.0	-2.4431E-55
113	0.0	0.0	-2.38901E-55
113.02	0.0	0.0	-2.32922E-55
113.04	0.0	0.0	-2.26462E-55
113.06	0.0	0.0	-2.19607E-55
113.08	0.0	0.0	-2.12433E-55
113.1	0.0	0.0	-2.05009E-55
113.12	0.0	0.0	-1.97399E-55
113.14	0.0	0.0	-1.89659E-55
113.16	0.0	0.0	-1.81843E-55
113.18	0.0	0.0	-1.73995E-55
113.2	0.0	0.0	-1.66159E-55
113.22	0.0	0.0	-1.5837E-55
113.24	0.0	0.0	-1.50661E-55
113.26	0.0	0.0	-1.43062E-55
113.28	0.0	0.0	-1.35598E-55
113.3	0.0	0.0	-1.28289E-55
113.32	0.0	0.0	-1.21155E-55
113.34	0.0	0.0	-1.14211E-55
113.36	0.0	0.0	-1.07471E-55
113.38	0.0	0.0	-1.00945E-55
113.4	0.0	0.0	-9.46408E-56
113.42	0.0	0.0	-8.85659E-56
113.44	0.0	0.0	-8.27245E-56
113.46	0.0	0.0	-7.71195E-56
113.48	0.0	0.0	-7.17526E-56
113.5	0.0	0.0	-6.66237E-56
113.52	0.0	0.0	-6.1732E-56
113.54	0.0	0.0	-5.70754E-56
113.56	0.0	0.0	-5.26508E-56
113.58	0.0	0.0	-4.84546E-56
113.6	0.0	0.0	-4.44821E-56
113.62	0.0	0.0	-4.07283E-56
113.64	0.0	0.0	-3.71876E-56
113.66	0.0	0.0	-3.38539E-56
113.68	0.0	0.0	-3.07209E-56
113.7	0.0	0.0	-2.77819E-56
113.72	0.0	0.0	-2.503E-56
113.74	0.0	0.0	-2.24582E-56
113.76	0.0	0.0	-2.00592E-56
113.78	0.0	0.0	-1.78259E-56
113.8	0.0	0.0	-1.5751E-56
113.82	0.0	0.0	-1.38273E-56
113.84	0.0	0.0	-1.20477E-56
113.86	0.0	0.0	-1.04049E-56
113.88	0.0	0.0	-8.8921E-57
113.9	0.0	0.0	-7.50237E-57
113.92	0.0	0.0	-6.22901E-57
113.94	0.0	0.0	-5.06547E-57
113.96	0.0	0.0	-4.00538E-57
113.98	0.0	0.0	-3.04258E-57
114	0.0	0.0	-2.17108E-57
114.02	0.0	0.0	-1.38513E-57
114.04	0.0	0.0	-6.79154E-58
114.06	0.0	0.0	-4.78317E-59
114.08	0.0	0.0	5.13959E-58
114.1	0.0	0.0	1.01112E-57
114.12	0.0	0.0	1.44831E-57
114.14	0.0	0.0	1.83001E-57
114.16	0.0	0.0	2.16045E-57
114.18	0.0	0.0	2.44365E-57
114.2	0.0	0.0	2.68343E-57
114.22	0.0	0.0	2.8834E-57
114.24	0.0	0.0	3.04697E-57
114.26	0.0	0.0	3.17735E-57
114.28	0.0	0.0	3.27756E-57
114.3	0.0	0.0	3.35044E-57
114.32	0.0	0.0	3.39865E-57
114.34	0.0	0.0	3.42468E-57
114.36	0.0	0.0	3.43086E-57
114.38	0.0	0.0	3.41934E-57
114.4	0.0	0.0	3.39214E-57
114.42	0.0	0.0	3.35113E-57
114.44	0.0	0.0	3.29805E-57
114.46	0.0	0.0	3.23449E-57
114.48	0.0	0.0	3.16192E-57
114.5	0.0	0.0	3.08171E-57
114.52	0.0	0.0	2.9951E-57
114.54	0.0	0.0	2.90322E-57
114.56	0.0	0.0	2.80712E-57
114.58	0.0	0.0	2.70774E-57
114.6	0.0	0.0	2.60594E-57
114.62	0.0	0.0	2.5025E-57
114.64	0.0	0.0	2.3981E-57
114.66	0.0	0.0	2.29337E-57
114.68	0.0	0.0	2.18887E-57
114.7	0.0	0.0	2.0851E-57
114.72	0.0	0.0	1.98249E-57
114.74	0.0	0.0	1.88142E-57
114.76	0.0	0.0	1.78222E-57
114.78	0.0	0.0	1.68518E-57
114.8	0.0	0.0	1.59054E-57
114.82	0.0	0.0	1.49851E-57
114.84	0.0	0.0	1.40925E-57
114.86	0.0	0.0	1.32291E-57
114.88	0.0	0.0	1.23959E-57
114.9	0.0	0.0	1.15936E-57
114.92	0.0	0.0	1.08228E-57
114.94	0.0	0.0	1.0084E-57
114.96	0.0	0.0	9.37713E-58
114.98	0.0	0.0	8.70227E-58
115	0.0	0.0	8.05918E-58
115.02	0.0	0.0	7.44757E-58
115.04	0.0	0.0	6.86696E-58
115.06	0.0	0.0	6.31681E-58
115.08	0.0	0.0	5.79648E-58
115.1	0.0	0.0	5.30525E-58
115.12	0.0	0.0	4.84233E-58
115.14	0.0	0.0	4.40687E-58
115.16	0.0	0.0	3.998E-58
115.18	0.0	0.0	3.6148E-58
115.2	0.0	0.0	3.25632E-58
115.22	0.0	0.0	2.92159E-58
115.24	0.0	0.0	2.60966E-58
115.26	0.0	0.0	2.31953E-58
115.28	0.0	0.0	2.05022E-58
115.3	0.0	0.0	1.80076E-58
115.32	0.0	0.0	1.57019E-58
115.34	0.0	0.0	1.35755E-58
115.36	0.0	0.0	1.1619E-58
115.38	0.0	0.0	9.82326E-59
115.4	0.0	0.0	8.17936E-59
115.42	0.0	0.0	6.67856E-59
115.44	0.0	0.0	5.3124E-59
115.46	0.0	0.0	4.07268E-59
115.48	0.0	0.0	2.95148E-59
115.5	0.0	0.0	1.94119E-59
115.52	0.0	0.0	1.03446E-59
115.54	0.0	0.0	2.24274E-60
115.56	0.0	0.0	-4.96109E-60
115.58	0.0	0.0	-1.13312E-59
115.6	0.0	0.0	-1.69289E-59
115.62	0.0	0.0	-2.18125E-59
115.64	0.0	0.0	-2.60375E-59
115.66	0.0	0.0	-2.96563E-59
115.68	0.0	0.0	-3.27188E-59
115.7	0.0	0.0	-3.52718E-59
115.72	0.0	0.0	-3.73596E-59
115.74	0.0	0.0	-3.90238E-59
115.76	0.0	0.0	-4.03037E-59
115.78	0.0	0.0	-4.12358E-59
115.8	0.0	0.0	-4.18545E-59
115.82	0.0	0.0	-4.21919E-59
115.84	0.0	0.0	-4.22778E-59
115.86	0.0	0.0	-4.21401E-59
115.88	0.0	0.0	-4.18045E-59
115.9	0.0	0.0	-4.1295E-59
115.92	0.0	0.0	-4.06338E-59
115.94	0.0	0.0	-3.98412E-59
115.96	0.0	0.0	-3.8936E-59
115.98	0.0	0.0	-3.79354E-59
116	0.0	0.0	-3.68553E-59
116.02	0.0	0.0	-3.571E-59
116.04	0.0	0.0	-3.45128E-59
116.06	0.0	0.0	-3.32755E-59
116.08	0.0	0.0	-3.20088E-59
116.1	0.0	0.0	-3.07226E-59
116.12	0.0	0.0	-2.94255E-59
116.14	0.0	0.0	-2.81254E-59
116.16	0.0	0.0	-2.68292E-59
116.18	0.0	0.0	-2.5543E-59
116.2	0.0	0.0	-2.42722E-59
116.22	0.0	0.0	-2.30216E-59
116.24	0.0	0.0	-2.17952E-59
116.26	0.0	0.0	-2.05965E-59
116.28	0.0	0.0	-1.94285E-59
116.3	0.0	0.0	-1.82937E-59
116.32	0.0	0.0	-1.71941E-59
116.34	0.0	0.0	-1.61313E-59
116.36	0.0	0.0	-1.51065E-59
116.38	0.0	0.0	-1.41208E-59
116.4	0.0	0.0	-1.31746E-59
116.42	0.0	0.0	-1.22684E-59
116.44	0.0	0.0	-1.14022E-59
116.46	0.0	0.0	-1.0576E-59
116.48	0.0	0.0	-9.7894E-60
116.5	0.0	0.0	-9.04195E-60
116.52	0.0	0.0	-8.33306E-60
116.54	0.0	0.0	-7.66196E-60
116.56	0.0	0.0	-7.02781E-60
116.58	0.0	0.0	-6.42966E-60
116.6	0.0	0.0	-5.86649E-60
116.62	0.0	0.0	-5.33723E-60
116.64	0.0	0.0	-4.84072E-60
116.66	0.0	0.0	-4.37581E-60
116.68	0.0	0.0	-3.94128E-60
116.7	0.0	0.0	-3.53592E-60
116.72	0.0	0.0	-3.1585E-60
116.74	0.0	0.0	-2.80777E-60
116.76	0.0	0.0	-2.48251E-60
116.78	0.0	0.0	-2.18149E-60
116.8	0.0	0.0	-1.90351E-60
116.82	0.0	0.0	-1.64737E-60
116.84	0.0	0.0	-1.41191E-60
116.86	0.0	0.0	-1.19599E-60
116.88	0.0	0.0	-9.985E-61
116.9	0.0	0.0	-8.18355E-61
116.92	0.0	0.0	-6.54512E-61
116.94	0.0	0.0	-5.05959E-61
116.96	0.0	0.0	-3.71722E-61
116.98	0.0	0.0	-2.50863E-61
117	0.0	0.0	-1.42483E-61
117.02	0.0	0.0	-4.57182E-62
117.04	0.0	0.0	4.02537E-62
117.06	0.0	0.0	1.16219E-61
117.08	0.0	0.0	1.82924E-61
117.1	0.0	0.0	2.41081E-61
117.12	0.0	0.0	2.91363E-61
117.14	0.0	0.0	3.34408E-61
117.16	0.0	0.0	3.70817E-61
117.18	0.0	0.0	4.0116E-61
117.2	0.0	0.0	4.2597E-61
117.22	0.0	0.0	4.4575E-61
117.24	0.0	0.0	4.60972E-61
117.26	0.0	0.0	4.72076E-61
117.28	0.0	0.0	4.79474E-61
117.3	0.0	0.0	4.83552E-61
117.32	0.0	0.0	4.84665E-61
117.34	0.0	0.0	4.83147E-61
117.36	0.0	0.0	4.79306E-61
117.38	0.0	0.0	4.73427E-61
117.4	0.0	0.0	4.65772E-61
117.42	0.0	0.0	4.56583E-61
117.44	0.0	0.0	4.46084E-61
117.46	0.0	0.0	4.34478E-61
117.48	0.0	0.0	4.21951E-61
117.5	0.0	0.0	4.08674E-61
117.52	0.0	0.0	3.94801E-61
117.54	0.0	0.0	3.80471E-61
117.56	0.0	0.0	3.65812E-61
117.58	0.0	0.0	3.50936E-61
117.6	0.0	0.0	3.35945E-61
117.62	0.0	0.0	3.2093E-61
117.64	0.0	0.0	3.05973E-61
117.66	0.0	0.0	2.91142E-61
117.68	0.0	0.0	2.76502E-61
117.7	0.0	0.0	2.62105E-61
117.72	0.0	0.0	2.48E-61
117.74	0.0	0.0	2.34225E-61
117.76	0.0	0.0	2.20814E-61
117.78	0.0	0.0	2.07795E-61
117.8	0.0	0.0	1.95191E-61
117.82	0.0	0.0	1.8302E-61
117.84	0.0	0.0	1.71295E-61
117.86	0.0	0.0	1.60026E-61
117.88	0.0	0.0	1.49219E-61
117.9	0.0	0.0	1.38878E-61
117.92	0.0	0.0	1.29002E-61
117.94	0.0	0.0	1.19591E-61
117.96	0.0	0.0	1.10638E-61
117.98	0.0	0.0	1.02139E-61
118	0.0	0.0	9.4086E-62
118.02	0.0	0.0	8.64689E-62
118.04	0.0	0.0	7.92776E-62
118.06	0.0	0.0	7.25008E-62
118.08	0.0	0.0	6.6126E-62
118.1	0.0	0.0	6.01403E-62
118.12	0.0	0.0	5.45303E-62
118.14	0.0	0.0	4.92818E-62
118.16	0.0	0.0	4.43809E-62
118.18	0.0	0.0	3.9813E-62
118.2	0.0	0.0	3.55637E-62
118.22	0.0	0.0	3.16185E-62
118.24	0.0	0.0	2.7963E-62
118.26	0.0	0.0	2.4583E-62
118.28	0.0	0.0	2.14643E-62
118.3	0.0	0.0	1.85933E-62
118.32	0.0	0.0	1.59564E-62
118.34	0.0	0.0	1.35404E-62
118.36	0.0	0.0	1.13325E-62
118.38	0.0	0.0	9.32031E-63
118.4	0.0	0.0	7.49172E-63
118.42	0.0	0.0	5.83518E-63
118.44	0.0	0.0	4.33952E-63
118.46	0.0	0.0	2.99401E-63
118.48	0.0	0.0	1.78838E-63
118.5	0.0	0.0	7.12807E-64
118.52	0.0	0.0	-2.42075E-64
118.54	0.0	0.0	-1.08519E-63
118.56	0.0	0.0	-1.82503E-63
118.58	0.0	0.0	-2.46964E-63
118.6	0.0	0.0	-3.02663E-63
118.62	0.0	0.0	-3.5032E-63
118.64	0.0	0.0	-3.90614E-63
118.66	0.0	0.0	-4.24184E-63
118.68	0.0	0.0	-4.51632E-63
118.7	0.0	0.0	-4.73521E-63
118.72	0.0	0.0	-4.90379E-63
118.74	0.0	0.0	-5.02699E-63
118.76	0.0	0.0	-5.10942E-63
118.78	0.0	0.0	-5.15535E-63
118.8	0.0	0.0	-5.16878E-63
118.82	0.0	0.0	-5.15339E-63
118.84	0.0	0.0	-5.11261E-63
118.86	0.0	0.0	-5.04958E-63
118.88	0.0	0.0	-4.96721E-63
118.9	0.0	0.0	-4.86819E-63
118.92	0.0	0.0	-4.75496E-63
118.94	0.0	0.0	-4.62977E-63
118.96	0.0	0.0	-4.49467E-63
118.98	0.0	0.0	-4.35151E-63
119	0.0	0.0	-4.20199E-63
119.02	0.0	0.0	-4.04763E-63
119.04	0.0	0.0	-3.88981E-63
119.06	0.0	0.0	-3.72977E-63
119.08	0.0	0.0	-3.5686E-63
119.1	0.0	0.0	-3.4073E-63
119.12	0.0	0.0	-3.24673E-63
119.14	0.0	0.0	-3.08765E-63
119.16	0.0	0.0	-2.93074E-63
119.18	0.0	0.0	-2.77656E-63
119.2	0.0	0.0	-2.62563E-63
119.22	0.0	0.0	-2.47835E-63
119.24	0.0	0.0	-2.33509E-63
119.26	0.0	0.0	-2.19614E-63
119.28	0.0	0.0	-2.06173E-63
119.3	0.0	0.0	-1.93205E-63
119.32	0.0	0.0	-1.80723E-63
119.34	0.0	0.0	-1.68737E-63
119.36	0.0	0.0	-1.57253E-63
119.38	0.0	0.0	-1.46273E-63
119.4	0.0	0.0	-1.35798E-63
119.42	0.0	0.0	-1.25823E-63
119.44	0.0	0.0	-1.16343E-63
119.46	0.0	0.0	-1.07351E-63
119.48	0.0	0.0	-9.88387E-64
119.5	0.0	0.0	-9.07944E-64
119.52	0.0	0.0	-8.32067E-64
119.54	0.0	0.0	-7.60626E-64
119.56	0.0	0.0	-6.93484E-64
119.58	0.0	0.0	-6.30496E-64
119.6	0.0	0.0	-5.71513E-64
119.62	0.0	0.0	-5.16382E-64
119.64	0.0	0.0	-4.64947E-64
119.66	0.0	0.0	-4.1705E-64
119.68	0.0	0.0	-3.72533E-64
119.7	0.0	0.0	-3.31238E-64
119.72	0.0	0.0	-2.9301E-64
119.74	0.0	0.0	-2.57693E-64
119.76	0.0	0.0	-2.25137E-64
119.78	0.0	0.0	-1.95191E-64
119.8	0.0	0.0	-1.67711E-64
119.82	0.0	0.0	-1.42555E-64
119.84	0.0	0.0	-1.19585E-64
119.86	0.0	0.0	-9.86687E-65
119.88	0.0	0.0	-7.96772E-65
119.9	0.0	0.0	-6.24867E-65
119.92	0.0	0.0	-4.69783E-65
119.94	0.0	0.0	-3.30381E-65
119.96	0.0	0.0	-2.05569E-65
119.98	0.0	0.0	-9.43066E-66
120	0.0	0.0	4.39836E-67