6000			
0.02	-0.000104796	-0.000175684	0
0.04	-0.000113992	-0.000173924	0
0.06	-0.000123255	-0.000171738	0
0.08	-0.000132567	-0.000169118	0
0.1	-0.00014191	-0.000166054	0
0.12	-0.000151265	-0.000162538	0
0.14	-0.000160613	-0.000158563	0
0.16	-0.000169932	-0.000154122	0
0.18	-0.000179204	-0.000149209	0
0.2	-0.000188406	-0.000143819	0
0.22	-0.000197516	-0.000137948	0
0.24	-0.000206512	-0.000131592	0
0.26	-0.000215372	-0.000124748	0
0.28	-0.000224072	-0.000117416	0
0.3	-0.000232588	-0.000109595	0
0.32	-0.000240896	-0.000101286	0
0.34	-0.000248972	-9.24892E-05	0
0.36	-0.000256791	-8.32084E-05	0
0.38	-0.000264328	-7.34471E-05	0
0.4	-0.000271558	-6.32103E-05	0
0.42	-0.000278455	-5.25043E-05	0
0.44	-0.000284994	-4.13364E-05	0
0.46	-0.00029115	-2.97152E-05	0
0.48	-0.000296896	-1.76505E-05	0
0.5	-0.000302208	-5.15341E-06	0
0.52	-0.00030706	7.76362E-06	0
0.54	-0.000311426	2.10869E-05	0
0.56	-0.000315283	3.48015E-05	0
0.58	-0.000318604	4.8891E-05	0
0.6	-0.000321366	6.33378E-05	0
0.62	-0.000323545	7.8123E-05	0
0.64	-0.000325117	9.32261E-05	0
0.66	-0.000326059	0.000108626	0
0.68	-0.000326349	0.000124298	0
0.7	-0.000325965	0.00014022	0
0.72	-0.000324887	0.000156366	0
0.74	-0.000323093	0.000172708	0
0.76	-0.000320566	0.000189218	0
0.78	-0.000317286	0.000205868	0
0.8	-0.000313237	0.000222625	0
0.82	-0.000308401	0.000239459	0
0.84	-0.000302765	0.000256336	0
0.86	-0.000296314	0.000273223	0
0.88	-0.000289036	0.000290083	0
0.9	-0.00028092	0.00030688	0
0.92	-0.000271956	0.000323577	0
0.94	-0.000262135	0.000340136	0
0.96	-0.000251451	0.000356517	0
0.98	-0.0002399	0.00037268	0
1	-0.000227477	0.000388583	0
1.02	-0.000214182	0.000404186	0
1.04	-0.000200013	0.000419446	0
1.06	-0.000184974	0.00043432	0
1.08	-0.000169069	0.000448763	0
1.1	-0.000152303	0.000462733	0
1.12	-0.000134684	0.000476184	0
1.14	-0.000116223	0.000489073	0
1.16	-9.69307E-05	0.000501353	0
1.18	-7.68226E-05	0.00051298	0
1.2	-5.59147E-05	0.000523909	0
1.22	-3.42257E-05	0.000534094	0
1.24	-1.17766E-05	0.000543492	0
1.26	1.14095E-05	0.000552057	0
1.28	3.5307E-05	0.000559744	0
1.3	5.98881E-05	0.000566511	0
1.32	8.51229E-05	0.000572315	0
1.34	0.000110979	0.000577111	0
1.36	0.000137421	0.00058086	0
1.38	0.000164412	0.00058352	0
1.4	0.000191914	0.000585051	0
1.42	0.000219883	0.000585416	0
1.44	0.000248277	0.000584576	0
1.46	0.000277048	0.000582495	0
1.48	0.000306149	0.00057914	0
1.5	0.000335528	0.000574478	0
1.52	0.000365134	0.000568477	0
1.54	0.000394909	0.000561108	0
1.56	0.000424799	0.000552344	0
1.58	0.000454743	0.000542161	0
1.6	0.000484681	0.000530536	0
1.62	0.000514549	0.000517447	0
1.64	0.000544284	0.000502877	0
1.66	0.000573818	0.00048681	0
1.68	0.000603084	0.000469235	0
1.7	0.000632013	0.00045014	0
1.72	0.000660532	0.000429519	0
1.74	0.000688571	0.000407368	0
1.76	0.000716055	0.000383685	0
1.78	0.00074291	0.000358474	0
1.8	0.00076906	0.000331739	0
1.82	0.00079443	0.00030349	0
1.84	0.000818942	0.000273739	0
1.86	0.000842518	0.000242502	0
1.88	0.000865081	0.000209799	0
1.9	0.000886552	0.000175652	0
1.92	0.000906854	0.000140089	0
1.94	0.000925908	0.000103141	0
1.96	0.000943636	6.48431E-05	0
1.98	0.00095996	2.52327E-05	0
2	0.000974804	-1.56471E-05	0
2.02	0.000988091	-5.77498E-05	0
2.04	0.000999747	-0.000101025	0
2.06	0.001009697	-0.000145418	0
2.08	0.001017869	-0.000190871	0
2.1	0.001024192	-0.00023732	0
2.12	0.001028595	-0.0002847	0
2.14	0.001031013	-0.000332941	0
2.16	0.001031379	-0.000381967	0
2.18	0.001029631	-0.000431701	0
2.2	0.001025708	-0.00048206	0
2.22	0.001019553	-0.000532959	0
2.24	0.00101111	-0.000584307	0
2.26	0.00100033	-0.000636013	0
2.28	0.000987162	-0.000687979	0
2.3	0.000971564	-0.000740104	0
2.32	0.000953493	-0.000792286	0
2.34	0.000932914	-0.000844417	0
2.36	0.000909793	-0.000896388	0
2.38	0.000884103	-0.000948086	0
2.4	0.000855819	-0.000999396	0
2.42	0.000824923	-0.001050198	0
2.44	0.0007914	-0.001100373	0
2.46	0.000755241	-0.001149798	0
2.48	0.000716443	-0.001198347	0
2.5	0.000675008	-0.001245894	0
2.52	0.000630942	-0.00129231	0
2.54	0.000584258	-0.001337465	0
2.56	0.000534976	-0.001381228	0
2.58	0.00048312	-0.001423467	0
2.6	0.000428722	-0.001464048	0
2.62	0.000371817	-0.00150284	0
2.64	0.000312451	-0.001539707	0
2.66	0.000250673	-0.001574517	0
2.68	0.000186538	-0.001607136	0
2.7	0.000120112	-0.001637433	0
2.72	5.14621E-05	-0.001665275	0
2.74	-1.93338E-05	-0.001690533	0
2.76	-9.21929E-05	-0.001713078	0
2.78	-0.000167025	-0.001732784	0
2.8	-0.000243735	-0.001749525	0
2.82	-0.000322217	-0.00176318	0
2.84	-0.000402362	-0.00177363	0
2.86	-0.000484054	-0.00178076	0
2.88	-0.000567169	-0.001784457	0
2.9	-0.000651576	-0.001784612	0
2.92	-0.000737139	-0.001781122	0
2.94	-0.000823716	-0.001773887	0
2.96	-0.000911157	-0.001762812	0
2.98	-0.000999306	-0.001747809	0
3	-0.001088003	-0.001728793	0
3.02	-0.001177081	-0.001705686	0
3.04	-0.001266366	-0.001678418	0
3.06	-0.00135568	-0.001646923	0
3.08	-0.00144484	-0.001611143	0
3.1	-0.001533658	-0.001571027	0
3.12	-0.001621941	-0.001526533	0
3.14	-0.00170949	-0.001477625	0
3.16	-0.001796104	-0.001424276	0
3.18	-0.001881578	-0.001366467	0
3.2	-0.001965702	-0.001304188	0
3.22	-0.002048265	-0.00123744	0
3.24	-0.00212905	-0.001166229	0
3.26	-0.002207841	-0.001090574	0
3.28	-0.002284418	-0.001010503	0
3.3	-0.002358558	-0.000926053	0
3.32	-0.00243004	-0.000837272	0
3.34	-0.00249864	-0.000744219	0
3.36	-0.002564134	-0.000646962	0
3.38	-0.002626299	-0.000545581	0
3.4	-0.00268491	-0.000440166	0
3.42	-0.002739747	-0.000330818	0
3.44	-0.002790587	-0.00021765	0
3.46	-0.002837213	-0.000100784	0
3.48	-0.002879407	1.96433E-05	0
3.5	-0.002916958	0.000143487	0
3.52	-0.002949656	0.000270591	0
3.54	-0.002977294	0.000400786	0
3.56	-0.002999674	0.000533892	0
3.58	-0.003016599	0.00066972	0
3.6	-0.003027879	0.000808067	0
3.62	-0.003033331	0.000948721	0
3.64	-0.00303278	0.001091459	0
3.66	-0.003026056	0.001236048	0
3.68	-0.003012999	0.001382242	0
3.7	-0.002993455	0.001529787	0
3.72	-0.002967284	0.001678419	0
3.74	-0.00293435	0.001827865	0
3.76	-0.002894531	0.00197784	0
3.78	-0.002847714	0.002128051	0
3.8	-0.0027938	0.002278199	0
3.82	-0.002732699	0.002427974	0
3.84	-0.002664334	0.002577058	0
3.86	-0.002588642	0.002725127	0
3.88	-0.002505572	0.002871848	0
3.9	-0.002415089	0.003016886	0
3.92	-0.002317169	0.003159894	0
3.94	-0.002211805	0.003300524	0
3.96	-0.002099007	0.003438422	0
3.98	-0.001978795	0.00357323	0
4	-0.001851211	0.003704586	0
4.02	-0.00171631	0.003832125	0
4.04	-0.001574164	0.003955481	0
4.06	-0.001424863	0.004074285	0
4.08	-0.001268513	0.004188168	0
4.1	-0.001105238	0.004296762	0
4.12	-0.00093518	0.004399697	0
4.14	-0.000758498	0.004496607	0
4.16	-0.000575371	0.004587128	0
4.18	-0.000385994	0.004670898	0
4.2	-0.000190582	0.004747561	0
4.22	1.06342E-05	0.004816764	0
4.24	0.000217402	0.00487816	0
4.26	0.000429454	0.00493141	0
4.28	0.000646501	0.004976181	0
4.3	0.000868239	0.005012149	0
4.32	0.001094344	0.005038999	0
4.34	0.001324475	0.005056428	0
4.36	0.001558272	0.00506414	0
4.38	0.00179536	0.005061856	0
4.4	0.002035346	0.005049306	0
4.42	0.00227782	0.005026237	0
4.44	0.002522356	0.004992408	0
4.46	0.002768512	0.004947595	0
4.48	0.00301583	0.004891591	0
4.5	0.00326384	0.004824205	0
4.52	0.003512056	0.004745266	0
4.54	0.003759977	0.00465462	0
4.56	0.004007092	0.004552136	0
4.58	0.004252876	0.0044377	0
4.6	0.004496794	0.004311223	0
4.62	0.004738298	0.004172636	0
4.64	0.004976834	0.004021893	0
4.66	0.005211835	0.003858975	0
4.68	0.00544273	0.003683883	0
4.7	0.005668939	0.003496646	0
4.72	0.005889876	0.003297317	0
4.74	0.00610495	0.003085977	0
4.76	0.006313569	0.002862733	0
4.78	0.006515136	0.002627718	0
4.8	0.006709052	0.002381095	0
4.82	0.006894719	0.002123053	0
4.84	0.00707154	0.001853812	0
4.86	0.00723892	0.001573617	0
4.88	0.007396269	0.001282746	0
4.9	0.007542999	0.000981504	0
4.92	0.007678531	0.000670225	0
4.94	0.007802291	0.000349273	0
4.96	0.007913717	1.90434E-05	0
4.98	0.008012256	-0.000320042	0
5	0.008097366	-0.000667532	0
5.02	0.008168519	-0.001022943	0
5.04	0.008225201	-0.001385766	0
5.06	0.008266916	-0.001755462	0
5.08	0.008293185	-0.002131465	0
5.1	0.008303545	-0.002513178	0
5.12	0.008297559	-0.002899981	0
5.14	0.008274806	-0.003291224	0
5.16	0.008234893	-0.003686233	0
5.18	0.008177449	-0.004084307	0
5.2	0.00810213	-0.004484722	0
5.22	0.008008621	-0.00488673	0
5.24	0.007896634	-0.005289559	0
5.26	0.007765912	-0.005692417	0
5.28	0.00761623	-0.006094491	0
5.3	0.007447394	-0.006494947	0
5.32	0.007259247	-0.006892935	0
5.34	0.007051666	-0.007287585	0
5.36	0.006824564	-0.007678015	0
5.38	0.006577892	-0.008063327	0
5.4	0.00631164	-0.008442609	0
5.42	0.006025837	-0.008814939	0
5.44	0.005720553	-0.009179386	0
5.46	0.0053959	-0.009535011	0
5.48	0.005052032	-0.009880868	0
5.5	0.004689146	-0.010216007	0
5.52	0.004307483	-0.010539475	0
5.54	0.003907328	-0.01085032	0
5.56	0.003489011	-0.01114759	0
5.58	0.003052909	-0.011430335	0
5.6	0.002599443	-0.011697614	0
5.62	0.002129081	-0.01194849	0
5.64	0.001642337	-0.012182038	0
5.66	0.001139771	-0.012397343	0
5.68	0.000621991	-0.012593504	0
5.7	8.96507E-05	-0.012769638	0
5.72	-0.000456551	-0.012924877	0
5.74	-0.001015868	-0.013058377	0
5.76	-0.00158751	-0.013169314	0
5.78	-0.002170639	-0.013256891	0
5.8	-0.002764375	-0.013320338	0
5.82	-0.003367794	-0.013358914	0
5.84	-0.003979928	-0.01337191	0
5.86	-0.004599767	-0.013358652	0
5.88	-0.00522626	-0.0133185	0
5.9	-0.005858316	-0.013250856	0
5.92	-0.006494806	-0.013155161	0
5.94	-0.007134564	-0.013030898	0
5.96	-0.007776385	-0.012877597	0
5.98	-0.008419035	-0.012694833	0
6	-0.009061241	-0.012482233	0
6.02	-0.009701705	-0.012239474	0
6.04	-0.010339097	-0.011966284	0
6.06	-0.01097206	-0.01166245	0
6.08	-0.011599214	-0.011327813	0
6.1	-0.012219154	-0.010962272	0
6.12	-0.012830457	-0.01056579	0
6.14	-0.013431681	-0.010138387	0
6.16	-0.014021368	-0.00968015	0
6.18	-0.01459805	-0.009191228	0
6.2	-0.015160245	-0.008671838	0
6.22	-0.015706468	-0.008122263	0
6.24	-0.016235226	-0.007542854	0
6.26	-0.016745027	-0.006934032	0
6.28	-0.01723438	-0.006296287	0
6.3	-0.017701798	-0.005630179	0
6.32	-0.018145802	-0.004936343	0
6.34	-0.018564926	-0.00421548	0
6.36	-0.018957715	-0.003468368	0
6.38	-0.019322734	-0.002695853	0
6.4	-0.01965857	-0.001898858	0
6.42	-0.019963831	-0.001078373	0
6.44	-0.020237156	-0.000235462	0
6.46	-0.020477215	0.000628738	0
6.48	-0.020682711	0.001513022	0
6.5	-0.020852386	0.002416114	0
6.52	-0.020985025	0.003336668	0
6.54	-0.021079458	0.004273273	0
6.56	-0.021134563	0.005224447	0
6.58	-0.021149271	0.006188646	0
6.6	-0.021122568	0.00716426	0
6.62	-0.0210535	0.00814962	0
6.64	-0.020941175	0.009142994	0
6.66	-0.020784766	0.010142593	0
6.68	-0.020583517	0.011146573	0
6.7	-0.020336743	0.012153036	0
6.72	-0.020043834	0.013160033	0
6.74	-0.019704261	0.014165569	0
6.76	-0.019317572	0.015167601	0
6.78	-0.018883404	0.016164047	0
6.8	-0.018401477	0.017152785	0
6.82	-0.017871604	0.018131658	0
6.84	-0.017293689	0.019098477	0
6.86	-0.016667728	0.020051026	0
6.88	-0.015993818	0.020987063	0
6.9	-0.015272152	0.021904329	0
6.92	-0.014503025	0.022800545	0
6.94	-0.013686834	0.023673425	0
6.96	-0.012824081	0.024520672	0
6.98	-0.011915374	0.025339987	0
7	-0.010961426	0.026129074	0
7.02	-0.00996306	0.026885642	0
7.04	-0.008921207	0.027607414	0
7.06	-0.007836907	0.028292125	0
7.08	-0.00671131	0.028937535	0
7.1	-0.005545678	0.029541429	0
7.12	-0.004341382	0.030101623	0
7.14	-0.003099902	0.03061597	0
7.16	-0.001822828	0.031082364	0
7.18	-0.00051186	0.031498748	0
7.2	0.000831194	0.031863115	0
7.22	0.002204422	0.032173518	0
7.24	0.003605803	0.032428071	0
7.26	0.005033216	0.032624957	0
7.28	0.006484434	0.032762432	0
7.3	0.007957133	0.032838833	0
7.32	0.009448892	0.032852577	0
7.34	0.010957195	0.032802174	0
7.36	0.012479434	0.032686226	0
7.38	0.014012913	0.032503434	0
7.4	0.01555485	0.032252605	0
7.42	0.017102383	0.031932652	0
7.44	0.018652573	0.031542605	0
7.46	0.020202406	0.03108161	0
7.48	0.021748801	0.030548936	0
7.5	0.023288612	0.02994398	0
7.52	0.024818634	0.029266268	0
7.54	0.026335608	0.028515464	0
7.56	0.027836228	0.027691367	0
7.58	0.029317143	0.026793922	0
7.6	0.030774965	0.025823217	0
7.62	0.032206275	0.024779491	0
7.64	0.03360763	0.023663133	0
7.66	0.034975568	0.022474687	0
7.68	0.036306615	0.021214855	0
7.7	0.03759729	0.019884495	0
7.72	0.038844118	0.018484628	0
7.74	0.040043629	0.017016437	0
7.76	0.041192371	0.015481269	0
7.78	0.042286914	0.013880633	0
7.8	0.04332386	0.012216208	0
7.82	0.04429985	0.010489832	0
7.84	0.045211569	0.008703515	0
7.86	0.046055758	0.006859427	0
7.88	0.046829218	0.004959906	0
7.9	0.047528822	0.003007451	0
7.92	0.048151516	0.001004725	0
7.94	0.048694337	-0.001045451	0
7.96	0.04915441	-0.003140097	0
7.98	0.049528964	-0.005276077	0
8	0.049815335	-0.007450102	0
8.02	0.050010978	-0.009658735	0
8.04	0.050113471	-0.011898393	0
8.06	0.050120524	-0.014165349	0
8.08	0.050029987	-0.016455742	0
8.1	0.049839857	-0.018765575	0
8.12	0.049548284	-0.021090727	0
8.14	0.049153583	-0.023426952	0
8.16	0.048654233	-0.02576989	0
8.18	0.048048891	-0.028115069	0
8.2	0.047336396	-0.030457917	0
8.22	0.046515772	-0.032793763	0
8.24	0.045586242	-0.035117848	0
8.26	0.044547224	-0.037425331	0
8.28	0.043398346	-0.0397113	0
8.3	0.042139443	-0.041970775	0
8.32	0.040770567	-0.044198721	0
8.34	0.039291992	-0.046390056	0
8.36	0.037704213	-0.04853966	0
8.38	0.036007958	-0.050642383	0
8.4	0.034204183	-0.052693056	0
8.42	0.03229408	-0.054686502	0
8.44	0.03027908	-0.056617545	0
8.46	0.028160852	-0.05848102	0
8.48	0.025941309	-0.060271786	0
8.5	0.023622604	-0.061984733	0
8.52	0.021207137	-0.063614796	0
8.54	0.01869755	-0.065156967	0
8.56	0.016096732	-0.066606303	0
8.58	0.013407814	-0.067957937	0
8.6	0.010634169	-0.069207096	0
8.62	0.007779413	-0.070349104	0
8.64	0.004847401	-0.0713794	0
8.66	0.001842221	-0.072293546	0
8.68	-0.001231801	-0.073087239	0
8.7	-0.004370113	-0.073756324	0
8.72	-0.007567936	-0.074296806	0
8.74	-0.010820273	-0.074704858	0
8.76	-0.014121909	-0.074976835	0
8.78	-0.017467422	-0.075109284	0
8.8	-0.020851186	-0.075098957	0
8.82	-0.024267382	-0.07494282	0
8.84	-0.02771	-0.074638063	0
8.86	-0.031172851	-0.074182113	0
8.88	-0.034649576	-0.073572641	0
8.9	-0.038133653	-0.072807573	0
8.92	-0.041618407	-0.071885102	0
8.94	-0.045097022	-0.070803694	0
8.96	-0.048562549	-0.069562097	0
8.98	-0.052007921	-0.068159352	0
9	-0.055425959	-0.066594798	0
9.02	-0.058809392	-0.064868082	0
9.04	-0.06215086	-0.062979163	0
9.06	-0.065442937	-0.060928324	0
9.08	-0.068678134	-0.058716171	0
9.1	-0.071848924	-0.056343646	0
9.12	-0.074947746	-0.053812025	0
9.14	-0.077967027	-0.051122928	0
9.16	-0.080899192	-0.04827832	0
9.18	-0.083736683	-0.045280514	0
9.2	-0.086471969	-0.042132176	0
9.22	-0.089097569	-0.038836322	0
9.24	-0.091606063	-0.035396327	0
9.26	-0.093990108	-0.031815918	0
9.28	-0.096242457	-0.028099177	0
9.3	-0.098355974	-0.024250541	0
9.32	-0.10032365	-0.020274799	0
9.34	-0.10213862	-0.016177089	0
9.36	-0.103794181	-0.011962896	0
9.38	-0.105283807	-0.007638051	0
9.4	-0.106601167	-0.003208718	0
9.42	-0.10774014	0.001318603	0
9.44	-0.108694832	0.005937085	0
9.46	-0.109459595	0.010639584	0
9.48	-0.110029039	0.015418642	0
9.5	-0.11039805	0.020266498	0
9.52	-0.110561809	0.0251751	0
9.54	-0.110515801	0.03013611	0
9.56	-0.110255836	0.035140916	0
9.58	-0.109778059	0.04018065	0
9.6	-0.10907897	0.04524619	0
9.62	-0.108155433	0.050328183	0
9.64	-0.107004693	0.055417053	0
9.66	-0.105624387	0.060503018	0
9.68	-0.104012558	0.065576103	0
9.7	-0.102167666	0.070626161	0
9.72	-0.1000886	0.075642886	0
9.74	-0.097774688	0.080615828	0
9.76	-0.095225709	0.085534418	0
9.78	-0.0924419	0.090387982	0
9.8	-0.089423966	0.09516576	0
9.82	-0.086173087	0.099856928	0
9.84	-0.082690926	0.104450615	0
9.86	-0.078979636	0.108935929	0
9.88	-0.075041862	0.113301974	0
9.9	-0.070880749	0.117537871	0
9.92	-0.066499945	0.121632785	0
9.94	-0.0619036	0.125575942	0
9.96	-0.057096373	0.129356655	0
9.98	-0.052083431	0.132964347	0
10	-0.046870443	0.13638857	0
10.02	-0.041463589	0.139619036	0
10.04	-0.035869547	0.142645633	0
10.06	-0.030095499	0.145458452	0
10.08	-0.024149119	0.148047812	0
10.1	-0.01803857	0.150404282	0
10.12	-0.011772498	0.152518703	0
10.14	-0.005360026	0.154382214	0
10.16	0.001189262	0.155986278	0
10.18	0.007865323	0.157322696	0
10.2	0.01465767	0.15838364	0
10.22	0.021555385	0.159161672	0
10.24	0.02854713	0.159649763	0
10.26	0.035621165	0.159841319	0
10.28	0.042765358	0.159730203	0
10.3	0.049967209	0.15931075	0
10.32	0.05721386	0.158577796	0
10.34	0.06449212	0.15752669	0
10.36	0.071788481	0.156153319	0
10.38	0.079089141	0.154454121	0
10.4	0.086380025	0.152426108	0
10.42	0.093646807	0.150066878	0
10.44	0.100874934	0.147374635	0
10.46	0.108049653	0.144348201	0
10.48	0.115156034	0.140987032	0
10.5	0.122178994	0.137291231	0
10.52	0.129103331	0.133261557	0
10.54	0.135913746	0.12889944	0
10.56	0.142594872	0.124206989	0
10.58	0.149131306	0.119187001	0
10.6	0.155507639	0.113842967	0
10.62	0.161708482	0.108179079	0
10.64	0.167718501	0.102200237	0
10.66	0.173522448	0.095912048	0
10.68	0.179105192	0.089320832	0
10.7	0.18445175	0.08243362	0
10.72	0.189547322	0.075258157	0
10.74	0.194377322	0.067802896	0
10.76	0.198927413	0.060076995	0
10.78	0.203183536	0.052090316	0
10.8	0.207131946	0.043853412	0
10.82	0.210759247	0.035377525	0
10.84	0.21405242	0.026674571	0
10.86	0.216998859	0.017757135	0
10.88	0.219586403	0.008638452	0
10.9	0.221803367	-0.000667602	0
10.92	0.223638578	-0.01014653	0
10.94	0.225081401	-0.019783229	0
10.96	0.226121772	-0.029562006	0
10.98	0.226750231	-0.039466607	0
11	0.226957948	-0.049480228	0
11.02	0.226736755	-0.059585545	0
11.04	0.226079171	-0.06976474	0
11.06	0.224978431	-0.079999521	0
11.08	0.223428515	-0.090271156	0
11.1	0.221424169	-0.100560496	0
11.12	0.218960931	-0.110848011	0
11.14	0.216035155	-0.12111382	0
11.16	0.212644031	-0.131337721	0
11.18	0.208785609	-0.141499228	0
11.2	0.204458814	-0.151577608	0
11.22	0.199663469	-0.161551911	0
11.24	0.194400304	-0.171401016	0
11.26	0.18867098	-0.181103664	0
11.28	0.182478094	-0.190638498	0
11.3	0.175825198	-0.199984106	0
11.32	0.168716802	-0.20911906	0
11.34	0.161158387	-0.21802196	0
11.36	0.153156411	-0.226671474	0
11.38	0.144718311	-0.235046384	0
11.4	0.135852508	-0.243125628	0
11.42	0.126568406	-0.250888347	0
11.44	0.116876394	-0.258313925	0
11.46	0.10678784	-0.265382039	0
11.48	0.096315084	-0.272072703	0
11.5	0.085471439	-0.27836631	0
11.52	0.07427117	-0.284243683	0
11.54	0.062729494	-0.289686115	0
11.56	0.050862558	-0.294675416	0
11.58	0.038687428	-0.299193961	0
11.6	0.026222073	-0.30322473	0
11.62	0.013485338	-0.306751355	0
11.64	0.00049693	-0.309758162	0
11.66	-0.012722609	-0.312230215	0
11.68	-0.02615193	-0.314153359	0
11.7	-0.039768902	-0.315514259	0
11.72	-0.053550642	-0.316300443	0
11.74	-0.06747355	-0.31650034	0
11.76	-0.081513341	-0.316103318	0
11.78	-0.095645081	-0.315099723	0
11.8	-0.109843225	-0.313480914	0
11.82	-0.124081657	-0.311239296	0
11.84	-0.138333733	-0.308368355	0
11.86	-0.152572322	-0.304862688	0
11.88	-0.166769852	-0.300718034	0
11.9	-0.180898357	-0.2959313	0
11.92	-0.194929527	-0.290500588	0
11.94	-0.208834755	-0.284425219	0
11.96	-0.222585187	-0.277705757	0
11.98	-0.236151781	-0.270344025	0
12	-0.249505354	-0.262343126	0
12.02	-0.262616641	-0.253707457	0
12.04	-0.27545635	-0.244442724	0
12.06	-0.287995219	-0.23455595	0
12.08	-0.300204074	-0.224055485	0
12.1	-0.312053889	-0.212951013	0
12.12	-0.323515843	-0.201253555	0
12.14	-0.334561382	-0.188975466	0
12.16	-0.345162282	-0.176130438	0
12.18	-0.355290704	-0.162733495	0
12.2	-0.36491926	-0.148800982	0
12.22	-0.374021072	-0.134350557	0
12.24	-0.382569834	-0.11940118	0
12.26	-0.390539873	-0.103973095	0
12.28	-0.397906213	-0.088087812	0
12.3	-0.404644627	-0.071768086	0
12.32	-0.410731709	-0.055037892	0
12.34	-0.416144921	-0.037922402	0
12.36	-0.420862663	-0.02044795	0
12.38	-0.424864323	-0.002642	0
12.4	-0.428130335	0.015466883	0
12.42	-0.430642239	0.033849081	0
12.44	-0.432382729	0.052473953	0
12.46	-0.43333571	0.071309888	0
12.48	-0.43348635	0.090324346	0
12.5	-0.432821125	0.109483906	0
12.52	-0.431327871	0.128754322	0
12.54	-0.428995831	0.14810057	0
12.56	-0.425815692	0.16748691	0
12.58	-0.421779634	0.186876943	0
12.6	-0.416881368	0.206233668	0
12.62	-0.411116168	0.225519551	0
12.64	-0.404480914	0.244696584	0
12.66	-0.396974114	0.263726356	0
12.68	-0.388595942	0.282570119	0
12.7	-0.37934826	0.301188862	0
12.72	-0.36923464	0.319543379	0
12.74	-0.358260389	0.337594345	0
12.76	-0.346432561	0.355302392	0
12.78	-0.333759976	0.372628182	0
12.8	-0.320253228	0.38953249	0
12.82	-0.305924691	0.405976276	0
12.84	-0.290788527	0.42192077	0
12.86	-0.274860683	0.437327548	0
12.88	-0.258158892	0.452158616	0
12.9	-0.24070266	0.466376489	0
12.92	-0.222513264	0.479944273	0
12.94	-0.20361373	0.492825747	0
12.96	-0.184028823	0.504985442	0
12.98	-0.163785018	0.516388726	0
13	-0.142910483	0.527001883	0
13.02	-0.121435044	0.536792192	0
13.04	-0.099390156	0.545728007	0
13.06	-0.076808867	0.553778839	0
13.08	-0.053725774	0.560915427	0
13.1	-0.030176984	0.567109822	0
13.12	-0.006200067	0.572335455	0
13.14	0.018166	0.576567215	0
13.16	0.042880881	0.579781517	0
13.18	0.067902943	0.581956375	0
13.2	0.093189318	0.583071469	0
13.22	0.118695964	0.583108205	0
13.24	0.144377735	0.582049787	0
13.26	0.170188454	0.579881269	0
13.28	0.196080983	0.576589618	0
13.3	0.222007307	0.572163764	0
13.32	0.247918607	0.566594656	0
13.34	0.273765349	0.559875308	0
13.36	0.299497366	0.552000842	0
13.38	0.325063949	0.542968535	0
13.4	0.350413936	0.532777852	0
13.42	0.375495804	0.521430481	0
13.44	0.400257769	0.508930364	0
13.46	0.424647877	0.495283725	0
13.48	0.448614106	0.480499088	0
13.5	0.472104468	0.464587298	0
13.52	0.495067106	0.447561534	0
13.54	0.517450401	0.429437316	0
13.56	0.539203076	0.410232513	0
13.58	0.560274299	0.389967342	0
13.6	0.580613791	0.368664362	0
13.62	0.600171931	0.346348466	0
13.64	0.618899861	0.323046867	0
13.66	0.636749596	0.298789079	0
13.68	0.653674127	0.273606894	0
13.7	0.66962753	0.247534352	0
13.72	0.684565068	0.22060771	0
13.74	0.698443299	0.192865402	0
13.76	0.711220177	0.164347998	0
13.78	0.722855155	0.135098154	0
13.8	0.733309286	0.105160562	0
13.82	0.742545325	0.074581887	0
13.84	0.75052782	0.043410714	0
13.86	0.757223212	0.011697474	0
13.88	0.762599926	-0.020505626	0
13.9	0.766628463	-0.053144677	0
13.92	0.769281483	-0.08616415	0
13.94	0.770533894	-0.119506979	0
13.96	0.770362933	-0.153114653	0
13.98	0.768748238	-0.186927306	0
14	0.765671929	-0.220883814	0
14.02	0.761118675	-0.254921899	0
14.04	0.75507576	-0.288978232	0
14.06	0.747533146	-0.322988539	0
14.08	0.738483531	-0.356887714	0
14.1	0.727922399	-0.390609938	0
14.12	0.715848074	-0.424088789	0
14.14	0.702261757	-0.457257367	0
14.16	0.687167569	-0.49004842	0
14.18	0.670572582	-0.522394464	0
14.2	0.652486848	-0.554227913	0
14.22	0.632923418	-0.585481211	0
14.24	0.611898366	-0.616086962	0
14.26	0.589430791	-0.645978061	0
14.28	0.56554283	-0.675087835	0
14.3	0.54025965	-0.703350169	0
14.32	0.51360945	-0.73069965	0
14.34	0.48562344	-0.757071702	0
14.36	0.456335826	-0.782402721	0
14.38	0.425783787	-0.806630211	0
14.4	0.39400744	-0.829692927	0
14.42	0.361049804	-0.851531003	0
14.44	0.326956758	-0.872086093	0
14.46	0.291776989	-0.891301501	0
14.48	0.255561937	-0.909122319	0
14.5	0.218365734	-0.925495552	0
14.52	0.180245134	-0.940370249	0
14.54	0.141259438	-0.953697634	0
14.56	0.101470416	-0.965431223	0
14.58	0.060942219	-0.97552695	0
14.6	0.019741289	-0.983943285	0
14.62	-0.022063742	-0.990641345	0
14.64	-0.064402154	-0.995585012	0
14.66	-0.107201247	-0.998741033	0
14.68	-0.150386458	-1.000079128	0
14.7	-0.193881476	-0.999572086	0
14.72	-0.237608371	-0.99719586	0
14.74	-0.281487722	-0.992929656	0
14.76	-0.325438751	-0.986756015	0
14.78	-0.369379458	-0.978660893	0
14.8	-0.413226771	-0.968633735	0
14.82	-0.456896686	-0.956667537	0
14.84	-0.500304419	-0.942758912	0
14.86	-0.543364564	-0.926908139	0
14.88	-0.585991243	-0.909119215	0
14.9	-0.628098273	-0.889399897	0
14.92	-0.669599325	-0.867761729	0
14.94	-0.71040809	-0.844220079	0
14.96	-0.750438447	-0.818794152	0
14.98	-0.78960463	-0.791507007	0
15	-0.827821402	-0.76238556	0
15.02	-0.865004226	-0.731460584	0
15.04	-0.901069433	-0.698766698	0
15.06	-0.935934404	-0.664342353	0
15.08	-0.969517733	-0.6282298	0
15.1	-1.001739411	-0.590475066	0
15.12	-1.032520989	-0.551127907	0
15.14	-1.061785755	-0.510241764	0
15.16	-1.089458906	-0.467873705	0
15.18	-1.115467712	-0.424084358	0
15.2	-1.139741686	-0.378937846	0
15.22	-1.162212752	-0.332501702	0
15.24	-1.182815399	-0.284846784	0
15.26	-1.20148685	-0.236047179	0
15.28	-1.218167209	-0.186180103	0
15.3	-1.232799621	-0.135325789	0
15.32	-1.245330414	-0.083567371	0
15.34	-1.255709246	-0.030990759	0
15.36	-1.263889244	0.022315491	0
15.38	-1.269827137	0.076260315	0
15.4	-1.273483385	0.130750288	0
15.42	-1.274822303	0.185689769	0
15.44	-1.273812175	0.240981067	0
15.46	-1.270425369	0.296524596	0
15.48	-1.264638437	0.352219047	0
15.5	-1.256432214	0.407961566	0
15.52	-1.245791908	0.463647926	0
15.54	-1.23270718	0.519172717	0
15.56	-1.217172224	0.574429533	0
15.58	-1.199185828	0.629311167	0
15.6	-1.178751436	0.683709803	0
15.62	-1.155877197	0.737517223	0
15.64	-1.130576008	0.790625007	0
15.66	-1.102865545	0.842924742	0
15.68	-1.072768288	0.894308228	0
15.7	-1.040311535	0.944667694	0
15.72	-1.00552741	0.993896006	0
15.74	-0.968452856	1.041886886	0
15.76	-0.929129624	1.088535123	0
15.78	-0.887604248	1.133736792	0
15.8	-0.843928016	1.177389469	0
15.82	-0.798156925	1.219392447	0
15.84	-0.750351629	1.259646946	0
15.86	-0.700577383	1.298056334	0
15.88	-0.648903962	1.334526334	0
15.9	-0.595405589	1.368965234	0
15.92	-0.540160842	1.401284094	0
15.94	-0.48325255	1.431396952	0
15.96	-0.424767689	1.459221022	0
15.98	-0.364797261	1.484676896	0
16	-0.303436164	1.507688728	0
16.02	-0.240783058	1.52818443	0
16.04	-0.176940216	1.546095851	0
16.06	-0.112013372	1.561358953	0
16.08	-0.046111553	1.573913985	0
16.1	0.020653086	1.583705647	0
16.12	0.088165448	1.590683245	0
16.14	0.156307681	1.594800847	0
16.16	0.224959367	1.596017423	0
16.18	0.293997732	1.594296978	0
16.2	0.363297853	1.589608685	0
16.22	0.43273287	1.581926998	0
16.24	0.502174213	1.571231766	0
16.26	0.571491828	1.557508329	0
16.28	0.64055441	1.54074761	0
16.3	0.709229642	1.520946198	0
16.32	0.777384439	1.498106415	0
16.34	0.844885194	1.47223638	0
16.36	0.911598028	1.443350053	0
16.38	0.977389049	1.411467282	0
16.4	1.042124604	1.376613823	0
16.42	1.105671542	1.33882136	0
16.44	1.167897476	1.298127511	0
16.46	1.228671042	1.254575818	0
16.48	1.287862169	1.208215734	0
16.5	1.345342337	1.159102591	0
16.52	1.400984848	1.107297555	0
16.54	1.454665082	1.052867581	0
16.56	1.506260767	0.995885338	0
16.58	1.555652234	0.936429141	0
16.6	1.602722677	0.874582857	0
16.62	1.647358411	0.810435806	0
16.64	1.689449122	0.744082647	0
16.66	1.728888115	0.675623258	0
16.68	1.765572562	0.605162597	0
16.7	1.799403736	0.532810558	0
16.72	1.830287249	0.45868181	0
16.74	1.858133279	0.382895632	0
16.76	1.88285679	0.305575729	0
16.78	1.904377748	0.226850046	0
16.8	1.922621327	0.146850566	0
16.82	1.937518111	0.065713098	0
16.84	1.949004281	-0.01642294	0
16.86	1.957021798	-0.099414752	0
16.88	1.961518577	-0.183116405	0
16.9	1.962448649	-0.26737907	0
16.92	1.959772312	-0.352051281	0
16.94	1.953456277	-0.4369792	0
16.96	1.943473793	-0.522006883	0
16.98	1.929804773	-0.606976557	0
17	1.912435898	-0.691728911	0
17.02	1.891360714	-0.776103374	0
17.04	1.866579714	-0.859938422	0
17.06	1.838100413	-0.943071869	0
17.08	1.805937401	-1.025341175	0
17.1	1.770112393	-1.106583753	0
17.12	1.730654256	-1.186637283	0
17.14	1.687599028	-1.265340021	0
17.16	1.640989923	-1.342531122	0
17.18	1.590877323	-1.418050948	0
17.2	1.53731875	-1.491741396	0
17.22	1.480378832	-1.56344621	0
17.24	1.420129247	-1.633011303	0
17.26	1.356648661	-1.700285072	0
17.28	1.290022645	-1.765118714	0
17.3	1.22034358	-1.827366539	0
17.32	1.147710551	-1.886886283	0
17.34	1.072229219	-1.94353941	0
17.36	0.994011688	-1.997191418	0
17.38	0.913176355	-2.047712137	0
17.4	0.829847742	-2.094976017	0
17.42	0.744156318	-2.138862419	0
17.44	0.656238312	-2.179255894	0
17.46	0.566235506	-2.216046451	0
17.48	0.474295014	-2.249129825	0
17.5	0.380569061	-2.278407731	0
17.52	0.285214734	-2.30378811	0
17.54	0.188393731	-2.325185368	0
17.56	0.090272097	-2.3425206	0
17.58	-0.008980052	-2.355721807	0
17.6	-0.109188819	-2.3647241	0
17.62	-0.210176817	-2.369469893	0
17.64	-0.311763478	-2.369909082	0
17.66	-0.413765367	-2.365999214	0
17.68	-0.515996508	-2.357705641	0
17.7	-0.618268713	-2.345001659	0
17.72	-0.720391923	-2.327868636	0
17.74	-0.822174552	-2.306296124	0
17.76	-0.923423841	-2.280281953	0
17.78	-1.023946215	-2.249832319	0
17.8	-1.123547643	-2.214961845	0
17.82	-1.222034011	-2.175693635	0
17.84	-1.319211486	-2.132059308	0
17.86	-1.414886893	-2.084099017	0
17.88	-1.50886809	-2.03186145	0
17.9	-1.600964343	-1.975403818	0
17.92	-1.690986707	-1.914791823	0
17.94	-1.778748399	-1.850099611	0
17.96	-1.864065181	-1.781409706	0
17.98	-1.946755729	-1.708812932	0
18	-2.02664201	-1.632408313	0
18.02	-2.103549653	-1.552302958	0
18.04	-2.177308313	-1.46861193	0
18.06	-2.247752032	-1.3814581	0
18.08	-2.314719599	-1.290971981	0
18.1	-2.3780549	-1.197291544	0
18.12	-2.437607259	-1.100562029	0
18.14	-2.493231776	-1.000935725	0
18.16	-2.544789659	-0.898571747	0
18.18	-2.592148538	-0.793635788	0
18.2	-2.635182776	-0.686299867	0
18.22	-2.67377377	-0.57674205	0
18.24	-2.70781024	-0.465146168	0
18.26	-2.737188503	-0.351701514	0
18.28	-2.761812738	-0.236602529	0
18.3	-2.781595242	-0.120048478	0
18.32	-2.796456662	-0.002243111	0
18.34	-2.806326222	0.11660569	0
18.36	-2.811141932	0.236286269	0
18.38	-2.810850782	0.356583566	0
18.4	-2.805408921	0.477279503	0
18.42	-2.794781819	0.598153372	0
18.44	-2.77894441	0.718982232	0
18.46	-2.757881226	0.839541317	0
18.48	-2.731586501	0.95960445	0
18.5	-2.700064271	1.078944463	0
18.52	-2.663328444	1.197333618	0
18.54	-2.621402861	1.314544042	0
18.56	-2.574321329	1.430348157	0
18.58	-2.522127643	1.544519119	0
18.6	-2.464875586	1.656831253	0
18.62	-2.402628907	1.767060498	0
18.64	-2.335461285	1.874984844	0
18.66	-2.263456269	1.980384774	0
18.68	-2.186707198	2.083043704	0
18.7	-2.10531711	2.182748417	0
18.72	-2.019398615	2.2792895	0
18.74	-1.929073767	2.372461771	0
18.76	-1.834473905	2.462064709	0
18.78	-1.735739478	2.547902872	0
18.8	-1.633019848	2.629786308	0
18.82	-1.526473082	2.707530966	0
18.84	-1.41626572	2.78095909	0
18.86	-1.302572521	2.849899609	0
18.88	-1.1855762	2.91418852	0
18.9	-1.065467142	2.973669251	0
18.92	-0.942443097	3.028193024	0
18.94	-0.816708867	3.077619193	0
18.96	-0.688475967	3.121815584	0
18.98	-0.557962276	3.160658806	0
19	-0.425391673	3.194034561	0
19.02	-0.290993654	3.221837927	0
19.04	-0.155002942	3.243973635	0
19.06	-0.01765908	3.260356322	0
19.08	0.120793992	3.270910773	0
19.1	0.26010836	3.275572139	0
19.12	0.400032585	3.274286143	0
19.14	0.540312153	3.267009263	0
19.16	0.680689933	3.253708895	0
19.18	0.82090665	3.2343635	0
19.2	0.96070136	3.208962728	0
19.22	1.099811937	3.177507523	0
19.24	1.23797556	3.140010205	0
19.26	1.374929209	3.096494529	0
19.28	1.510410167	3.046995731	0
19.3	1.644156518	2.991560541	0
19.32	1.775907653	2.930247184	0
19.34	1.905404776	2.863125349	0
19.36	2.032391409	2.790276142	0
19.38	2.156613899	2.711792019	0
19.4	2.277821916	2.627776689	0
19.42	2.395768961	2.538344999	0
19.44	2.510212857	2.443622799	0
19.46	2.620916242	2.34374678	0
19.48	2.727647055	2.23886429	0
19.5	2.830179019	2.129133135	0
19.52	2.928292107	2.014721349	0
19.54	3.021773008	1.895806952	0
19.56	3.110415581	1.772577678	0
19.58	3.194021296	1.645230687	0
19.6	3.272399665	1.513972261	0
19.62	3.345368662	1.379017469	0
19.64	3.412755128	1.240589826	0
19.66	3.47439516	1.098920924	0
19.68	3.530134489	0.954250045	0
19.7	3.579828838	0.806823766	0
19.72	3.623344268	0.656895535	0
19.74	3.6605575	0.504725237	0
19.76	3.691356224	0.350578748	0
19.78	3.715639386	0.194727464	0
19.8	3.733317459	0.037447831	0
19.82	3.744312687	-0.120979153	0
19.84	3.748559317	-0.28026844	0
19.86	3.746003798	-0.440131444	0
19.88	3.73660497	-0.600276566	0
19.9	3.720334222	-0.760409732	0
19.92	3.69717563	-0.920234928	0
19.94	3.667126071	-1.079454757	0
19.96	3.630195311	-1.23777099	0
19.98	3.586406077	-1.394885128	0
20	3.53579409	-1.55049897	0
20.02	3.478408088	-1.704315176	0
20.04	3.414309816	-1.85603784	0
20.06	3.343573991	-2.005373064	0
20.08	3.266288243	-2.152029524	0
20.1	3.182553037	-2.295719041	0
20.12	3.092481556	-2.43615715	0
20.14	2.996199572	-2.573063664	0
20.16	2.893845284	-2.706163228	0
20.18	2.785569136	-2.835185878	0
20.2	2.671533608	-2.959867584	0
20.22	2.55191298	-3.079950789	0
20.24	2.426893078	-3.195184937	0
20.26	2.296670989	-3.305326994	0
20.28	2.161454761	-3.410141954	0
20.3	2.021463072	-3.509403334	0
20.32	1.876924879	-3.602893656	0
20.34	1.728079051	-3.690404917	0
20.36	1.57517397	-3.771739036	0
20.38	1.418467123	-3.846708294	0
20.4	1.258224662	-3.915135751	0
20.42	1.094720955	-3.976855646	0
20.44	0.928238115	-4.031713777	0
20.46	0.759065506	-4.079567863	0
20.48	0.587499243	-4.120287886	0
20.5	0.413841667	-4.153756406	0
20.52	0.238400805	-4.17986886	0
20.54	0.061489825	-4.198533833	0
20.56	-0.116573531	-4.209673313	0
20.58	-0.295467525	-4.213222907	0
20.6	-0.474867007	-4.209132051	0
20.62	-0.654444012	-4.197364178	0
20.64	-0.833868371	-4.177896871	0
20.66	-1.012808317	-4.150721985	0
20.68	-1.19093111	-4.115845741	0
20.7	-1.367903661	-4.073288796	0
20.72	-1.543393159	-4.023086286	0
20.74	-1.71706771	-3.96528784	0
20.76	-1.888596963	-3.899957561	0
20.78	-2.057652751	-3.827173992	0
20.8	-2.22390972	-3.747030042	0
20.82	-2.387045967	-3.659632886	0
20.84	-2.546743662	-3.565103847	0
20.86	-2.702689676	-3.463578236	0
20.88	-2.854576202	-3.355205171	0
20.9	-3.002101362	-3.240147373	0
20.92	-3.14496981	-3.118580928	0
20.94	-3.282893334	-2.990695021	0
20.96	-3.415591431	-2.856691652	0
20.98	-3.542791883	-2.716785319	0
21	-3.664231315	-2.571202673	0
21.02	-3.779655742	-2.420182158	0
21.04	-3.888821096	-2.263973616	0
21.06	-3.991493739	-2.102837876	0
21.08	-4.087450963	-1.937046311	0
21.1	-4.176481462	-1.766880385	0
21.12	-4.258385796	-1.592631165	0
21.14	-4.332976822	-1.41459882	0
21.16	-4.400080117	-1.2330921	0
21.18	-4.459534365	-1.048427793	0
21.2	-4.511191734	-0.860930164	0
21.22	-4.554918217	-0.67093038	0
21.24	-4.590593959	-0.478765917	0
21.26	-4.618113547	-0.284779947	0
21.28	-4.637386285	-0.089320726	0
21.3	-4.648336436	0.107259052	0
21.32	-4.650903436	0.304602892	0
21.34	-4.64504208	0.502351163	0
21.36	-4.630722685	0.700141754	0
21.38	-4.607931215	0.897610757	0
21.4	-4.576669385	1.094393143	0
21.42	-4.53695473	1.290123445	0
21.44	-4.488820644	1.484436453	0
21.46	-4.432316393	1.676967903	0
21.48	-4.367507094	1.867355171	0
21.5	-4.294473663	2.055237969	0
21.52	-4.213312736	2.240259033	0
21.54	-4.124136555	2.422064817	0
21.56	-4.027072828	2.600306177	0
21.58	-3.922264557	2.774639048	0
21.6	-3.809869832	2.944725124	0
21.62	-3.690061602	3.11023252	0
21.64	-3.563027413	3.270836425	0
21.66	-3.428969117	3.426219755	0
21.68	-3.288102549	3.576073778	0
21.7	-3.140657185	3.72009874	0
21.72	-2.986875761	3.858004468	0
21.74	-2.827013876	3.989510961	0
21.76	-2.661339557	4.114348961	0
21.78	-2.490132811	4.232260507	0
21.8	-2.31368514	4.342999475	0
21.82	-2.132299041	4.446332088	0
21.84	-1.94628748	4.542037409	0
21.86	-1.755973342	4.629907815	0
21.88	-1.561688859	4.709749442	0
21.9	-1.363775023	4.781382606	0
21.92	-1.162580978	4.844642204	0
21.94	-0.958463386	4.899378082	0
21.96	-0.751785792	4.945455376	0
21.98	-0.542917954	4.982754833	0
22	-0.332235178	5.011173093	0
22.02	-0.120117622	5.030622952	0
22.04	0.093050397	5.041033581	0
22.06	0.306881119	5.042350733	0
22.08	0.520984054	5.034536901	0
22.1	0.734966719	5.017571458	0
22.12	0.948435362	4.991450754	0
22.14	1.160995709	4.956188195	0
22.16	1.372253704	4.911814273	0
22.18	1.581816254	4.858376575	0
22.2	1.789291976	4.795939759	0
22.22	1.994291943	4.724585488	0
22.24	2.19643043	4.644412342	0
22.26	2.395325648	4.555535689	0
22.28	2.590600486	4.458087533	0
22.3	2.781883237	4.352216316	0
22.32	2.96880832	4.2380867	0
22.34	3.151016991	4.115879313	0
22.36	3.328158045	3.985790461	0
22.38	3.499888506	3.848031811	0
22.4	3.665874302	3.702830047	0
22.42	3.825790928	3.550426489	0
22.44	3.979324088	3.391076688	0
22.46	4.126170327	3.225049991	0
22.48	4.266037635	3.052629079	0
22.5	4.39864604	2.874109473	0
22.52	4.523728176	2.689799024	0
22.54	4.641029824	2.500017365	0
22.56	4.750310441	2.30509535	0
22.58	4.851343654	2.105374463	0
22.6	4.943917732	1.901206209	0
22.62	5.027836033	1.692951475	0
22.64	5.10291742	1.480979888	0
22.66	5.168996655	1.265669134	0
22.68	5.225924755	1.047404278	0
22.7	5.273569326	0.826577053	0
22.72	5.311814859	0.603585142	0
22.74	5.340563004	0.378831449	0
22.76	5.359732801	0.152723349	0
22.78	5.369260884	-0.074328066	0
22.8	5.369101657	-0.301908754	0
22.82	5.359227425	-0.529602491	0
22.84	5.3396285	-0.756991657	0
22.86	5.310313271	-0.983658016	0
22.88	5.271308236	-1.209183505	0
22.9	5.222658006	-1.433151025	0
22.92	5.164425267	-1.655145225	0
22.94	5.096690712	-1.8747533	0
22.96	5.019552938	-2.091565769	0
22.98	4.933128307	-2.30517726	0
23	4.837550775	-2.515187285	0
23.02	4.73297168	-2.721201009	0
23.04	4.619559509	-2.922830009	0
23.06	4.497499619	-3.119693025	0
23.08	4.366993932	-3.311416696	0
23.1	4.228260593	-3.497636283	0
23.12	4.081533604	-3.677996384	0
23.14	3.927062417	-3.852151619	0
23.16	3.765111501	-4.019767315	0
23.18	3.595959882	-4.180520157	0
23.2	3.419900651	-4.334098828	0
23.22	3.237240442	-4.480204624	0
23.24	3.048298887	-4.618552044	0
23.26	2.853408041	-4.748869366	0
23.28	2.652911787	-4.870899182	0
23.3	2.447165212	-4.984398924	0
23.32	2.236533963	-5.089141349	0
23.34	2.02139358	-5.184915005	0
23.36	1.802128809	-5.271524661	0
23.38	1.579132898	-5.348791713	0
23.4	1.35280687	-5.416554554	0
23.42	1.123558788	-5.474668917	0
23.44	0.891802995	-5.523008181	0
23.46	0.657959348	-5.561463645	0
23.48	0.422452436	-5.589944773	0
23.5	0.185710793	-5.608379397	0
23.52	-0.051833909	-5.616713892	0
23.54	-0.289747662	-5.614913312	0
23.56	-0.52759494	-5.602961493	0
23.58	-0.764939515	-5.580861115	0
23.6	-1.001345279	-5.548633739	0
23.62	-1.236377065	-5.506319795	0
23.64	-1.469601472	-5.453978543	0
23.66	-1.700587684	-5.391687996	0
23.68	-1.928908286	-5.319544801	0
23.7	-2.154140076	-5.237664096	0
23.72	-2.375864871	-5.14617932	0
23.74	-2.593670303	-5.045241993	0
23.76	-2.807150606	-4.935021462	0
23.78	-3.015907392	-4.81570461	0
23.8	-3.219550414	-4.68749553	0
23.82	-3.417698315	-4.550615173	0
23.84	-3.609979358	-4.405300951	0
23.86	-3.796032147	-4.251806319	0
23.88	-3.975506317	-4.090400321	0
23.9	-4.148063215	-3.921367106	0
23.92	-4.313376555	-3.745005412	0
23.94	-4.47113305	-3.561628027	0
23.96	-4.62103302	-3.371561217	0
23.98	-4.762790977	-3.175144132	0
24	-4.896136181	-2.972728182	0
24.02	-5.020813171	-2.764676391	0
24.04	-5.136582264	-2.55136273	0
24.06	-5.243220031	-2.333171424	0
24.08	-5.340519735	-2.110496242	0
24.1	-5.428291739	-1.883739768	0
24.12	-5.506363891	-1.653312649	0
24.14	-5.574581862	-1.419632834	0
24.16	-5.63280946	-1.183124793	0
24.18	-5.680928908	-0.944218728	0
24.2	-5.718841083	-0.703349762	0
24.22	-5.746465726	-0.460957131	0
24.24	-5.76374161	-0.217483357	0
24.26	-5.770626678	0.02662658	0
24.28	-5.767098139	0.270926082	0
24.3	-5.753152529	0.514967769	0
24.32	-5.728805736	0.75830432	0
24.34	-5.694092991	1.000489321	0
24.36	-5.649068814	1.241078103	0
24.38	-5.593806931	1.479628583	0
24.4	-5.528400152	1.715702097	0
24.42	-5.452960206	1.94886423	0
24.44	-5.367617554	2.17868564	0
24.46	-5.272521149	2.404742867	0
24.48	-5.167838175	2.626619137	0
24.5	-5.053753743	2.843905151	0
24.52	-4.930470553	3.056199864	0
24.54	-4.798208526	3.263111241	0
24.56	-4.6572044	3.464257004	0
24.58	-4.507711294	3.659265358	0
24.6	-4.34999824	3.847775697	0
24.62	-4.184349687	4.029439289	0
24.64	-4.011064969	4.203919939	0
24.66	-3.830457758	4.37089463	0
24.68	-3.642855467	4.530054135	0
24.7	-3.448598652	4.681103609	0
24.72	-3.248040367	4.823763147	0
24.74	-3.04154551	4.95776832	0
24.76	-2.829490137	5.082870678	0
24.78	-2.612260759	5.19883822	0
24.8	-2.390253617	5.305455842	0
24.82	-2.163873938	5.402525743	0
24.84	-1.933535176	5.489867805	0
24.86	-1.699658235	5.567319933	0
24.88	-1.462670676	5.634738366	0
24.9	-1.223005915	5.691997954	0
24.92	-0.981102407	5.738992392	0
24.94	-0.737402824	5.775634425	0
24.96	-0.492353217	5.801856016	0
24.98	-0.246402178	5.817608473	0
25	-5.4729E-12	5.822862545	0
25.02	0.246402178	5.817608473	0
25.04	0.492353217	5.801856016	0
25.06	0.737402824	5.775634425	0
25.08	0.981102407	5.738992392	0
25.1	1.223005915	5.691997954	0
25.12	1.462670676	5.634738366	0
25.14	1.699658235	5.567319933	0
25.16	1.933535176	5.489867805	0
25.18	2.163873938	5.402525743	0
25.2	2.390253617	5.305455842	0
25.22	2.612260759	5.19883822	0
25.24	2.829490137	5.082870678	0
25.26	3.04154551	4.95776832	0
25.28	3.248040367	4.823763147	0
25.3	3.448598651	4.681103609	0
25.32	3.642855467	4.530054135	0
25.34	3.830457758	4.37089463	0
25.36	4.011064969	4.203919939	0
25.38	4.184349687	4.029439289	0
25.4	4.34999824	3.847775697	0
25.42	4.507711294	3.659265358	0
25.44	4.6572044	3.464257004	0
25.46	4.798208526	3.263111241	0
25.48	4.930470553	3.056199864	0
25.5	5.053753743	2.843905151	0
25.52	5.167838175	2.626619137	0
25.54	5.272521149	2.404742867	0
25.56	5.367617554	2.17868564	0
25.58	5.452960206	1.94886423	0
25.6	5.528400152	1.715702097	0
25.62	5.593806931	1.479628583	0
25.64	5.649068814	1.241078103	0
25.66	5.694092991	1.000489321	0
25.68	5.728805736	0.75830432	0
25.7	5.753152529	0.514967769	0
25.72	5.767098139	0.270926083	0
25.74	5.770626678	0.02662658	0
25.76	5.76374161	-0.217483357	0
25.78	5.746465726	-0.460957131	0
25.8	5.718841083	-0.703349762	0
25.82	5.680928908	-0.944218728	0
25.84	5.63280946	-1.183124793	0
25.86	5.574581862	-1.419632834	0
25.88	5.506363891	-1.653312649	0
25.9	5.428291739	-1.883739768	0
25.92	5.340519735	-2.110496242	0
25.94	5.243220031	-2.333171424	0
25.96	5.136582264	-2.55136273	0
25.98	5.020813171	-2.764676391	0
26	4.896136181	-2.972728182	0
26.02	4.762790977	-3.175144132	0
26.04	4.62103302	-3.371561217	0
26.06	4.47113305	-3.561628027	0
26.08	4.313376555	-3.745005412	0
26.1	4.148063215	-3.921367106	0
26.12	3.975506317	-4.090400321	0
26.14	3.796032147	-4.251806319	0
26.16	3.609979358	-4.405300951	0
26.18	3.417698315	-4.550615173	0
26.2	3.219550414	-4.68749553	0
26.22	3.015907392	-4.81570461	0
26.24	2.807150606	-4.935021462	0
26.26	2.593670303	-5.045241993	0
26.28	2.375864871	-5.14617932	0
26.3	2.154140076	-5.237664096	0
26.32	1.928908286	-5.319544801	0
26.34	1.700587684	-5.391687996	0
26.36	1.469601472	-5.453978543	0
26.38	1.236377065	-5.506319795	0
26.4	1.001345279	-5.548633739	0
26.42	0.764939515	-5.580861115	0
26.44	0.52759494	-5.602961493	0
26.46	0.289747662	-5.614913312	0
26.48	0.051833909	-5.616713892	0
26.5	-0.185710793	-5.608379397	0
26.52	-0.422452436	-5.589944773	0
26.54	-0.657959348	-5.561463645	0
26.56	-0.891802995	-5.523008181	0
26.58	-1.123558788	-5.474668917	0
26.6	-1.35280687	-5.416554554	0
26.62	-1.579132898	-5.348791713	0
26.64	-1.802128809	-5.271524661	0
26.66	-2.02139358	-5.184915005	0
26.68	-2.236533963	-5.089141349	0
26.7	-2.447165212	-4.984398924	0
26.72	-2.652911786	-4.870899182	0
26.74	-2.853408041	-4.748869366	0
26.76	-3.048298887	-4.618552044	0
26.78	-3.237240442	-4.480204624	0
26.8	-3.419900651	-4.334098828	0
26.82	-3.595959882	-4.180520157	0
26.84	-3.765111501	-4.019767315	0
26.86	-3.927062417	-3.852151619	0
26.88	-4.081533604	-3.677996384	0
26.9	-4.228260593	-3.497636283	0
26.92	-4.366993932	-3.311416696	0
26.94	-4.497499619	-3.119693025	0
26.96	-4.619559509	-2.922830009	0
26.98	-4.73297168	-2.721201009	0
27	-4.837550775	-2.515187285	0
27.02	-4.933128307	-2.30517726	0
27.04	-5.019552938	-2.091565769	0
27.06	-5.096690712	-1.8747533	0
27.08	-5.164425267	-1.655145225	0
27.1	-5.222658006	-1.433151025	0
27.12	-5.271308236	-1.209183505	0
27.14	-5.310313271	-0.983658016	0
27.16	-5.3396285	-0.756991657	0
27.18	-5.359227425	-0.529602491	0
27.2	-5.369101657	-0.301908754	0
27.22	-5.369260884	-0.074328066	0
27.24	-5.359732801	0.152723349	0
27.26	-5.340563004	0.378831449	0
27.28	-5.311814859	0.603585142	0
27.3	-5.273569326	0.826577053	0
27.32	-5.225924755	1.047404278	0
27.34	-5.168996655	1.265669134	0
27.36	-5.10291742	1.480979888	0
27.38	-5.027836033	1.692951475	0
27.4	-4.943917732	1.901206209	0
27.42	-4.851343654	2.105374463	0
27.44	-4.750310441	2.30509535	0
27.46	-4.641029824	2.500017365	0
27.48	-4.523728176	2.689799024	0
27.5	-4.39864604	2.874109473	0
27.52	-4.266037635	3.052629079	0
27.54	-4.126170327	3.225049991	0
27.56	-3.979324088	3.391076688	0
27.58	-3.825790928	3.550426489	0
27.6	-3.665874302	3.702830047	0
27.62	-3.499888506	3.848031811	0
27.64	-3.328158045	3.985790461	0
27.66	-3.151016991	4.115879313	0
27.68	-2.96880832	4.2380867	0
27.7	-2.781883237	4.352216316	0
27.72	-2.590600486	4.458087533	0
27.74	-2.395325648	4.555535689	0
27.76	-2.19643043	4.644412342	0
27.78	-1.994291943	4.724585488	0
27.8	-1.789291976	4.795939759	0
27.82	-1.581816254	4.858376575	0
27.84	-1.372253704	4.911814273	0
27.86	-1.160995709	4.956188195	0
27.88	-0.948435362	4.991450754	0
27.9	-0.734966719	5.017571458	0
27.92	-0.520984054	5.034536901	0
27.94	-0.306881119	5.042350733	0
27.96	-0.093050397	5.041033581	0
27.98	0.120117622	5.030622952	0
28	0.332235178	5.011173093	0
28.02	0.542917954	4.982754833	0
28.04	0.751785792	4.945455376	0
28.06	0.958463386	4.899378082	0
28.08	1.162580978	4.844642204	0
28.1	1.363775023	4.781382606	0
28.12	1.561688859	4.709749442	0
28.14	1.755973342	4.629907815	0
28.16	1.94628748	4.542037409	0
28.18	2.132299041	4.446332088	0
28.2	2.31368514	4.342999475	0
28.22	2.490132811	4.232260507	0
28.24	2.661339557	4.114348961	0
28.26	2.827013876	3.989510961	0
28.28	2.986875761	3.858004468	0
28.3	3.140657185	3.72009874	0
28.32	3.288102549	3.576073778	0
28.34	3.428969117	3.426219755	0
28.36	3.563027413	3.270836425	0
28.38	3.690061602	3.11023252	0
28.4	3.809869832	2.944725124	0
28.42	3.922264557	2.774639048	0
28.44	4.027072828	2.600306177	0
28.46	4.124136555	2.422064817	0
28.48	4.213312736	2.240259033	0
28.5	4.294473663	2.055237969	0
28.52	4.367507094	1.867355171	0
28.54	4.432316393	1.676967903	0
28.56	4.488820644	1.484436453	0
28.58	4.53695473	1.290123445	0
28.6	4.576669385	1.094393143	0
28.62	4.607931215	0.897610758	0
28.64	4.630722685	0.700141754	0
28.66	4.64504208	0.502351163	0
28.68	4.650903436	0.304602892	0
28.7	4.648336436	0.107259052	0
28.72	4.637386285	-0.089320726	0
28.74	4.618113547	-0.284779947	0
28.76	4.590593959	-0.478765916	0
28.78	4.554918217	-0.67093038	0
28.8	4.511191734	-0.860930164	0
28.82	4.459534365	-1.048427793	0
28.84	4.400080117	-1.2330921	0
28.86	4.332976822	-1.41459882	0
28.88	4.258385796	-1.592631165	0
28.9	4.176481462	-1.766880385	0
28.92	4.087450963	-1.937046311	0
28.94	3.991493739	-2.102837876	0
28.96	3.888821096	-2.263973616	0
28.98	3.779655742	-2.420182157	0
29	3.664231315	-2.571202673	0
29.02	3.542791883	-2.716785319	0
29.04	3.415591431	-2.856691652	0
29.06	3.282893334	-2.990695021	0
29.08	3.14496981	-3.118580928	0
29.1	3.002101362	-3.240147373	0
29.12	2.854576202	-3.355205171	0
29.14	2.702689676	-3.463578236	0
29.16	2.546743662	-3.565103847	0
29.18	2.387045967	-3.659632886	0
29.2	2.22390972	-3.747030042	0
29.22	2.057652751	-3.827173992	0
29.24	1.888596963	-3.899957561	0
29.26	1.71706771	-3.96528784	0
29.28	1.543393159	-4.023086286	0
29.3	1.367903661	-4.073288796	0
29.32	1.19093111	-4.115845741	0
29.34	1.012808317	-4.150721985	0
29.36	0.833868371	-4.177896871	0
29.38	0.654444013	-4.197364178	0
29.4	0.474867007	-4.209132051	0
29.42	0.295467525	-4.213222907	0
29.44	0.116573531	-4.209673313	0
29.46	-0.061489825	-4.198533833	0
29.48	-0.238400805	-4.17986886	0
29.5	-0.413841667	-4.153756406	0
29.52	-0.587499243	-4.120287886	0
29.54	-0.759065506	-4.079567863	0
29.56	-0.928238115	-4.031713777	0
29.58	-1.094720955	-3.976855646	0
29.6	-1.258224662	-3.915135751	0
29.62	-1.418467123	-3.846708294	0
29.64	-1.57517397	-3.771739036	0
29.66	-1.728079051	-3.690404917	0
29.68	-1.876924879	-3.602893656	0
29.7	-2.021463072	-3.509403334	0
29.72	-2.161454761	-3.410141954	0
29.74	-2.296670989	-3.305326994	0
29.76	-2.426893078	-3.195184937	0
29.78	-2.55191298	-3.079950789	0
29.8	-2.671533608	-2.959867584	0
29.82	-2.785569136	-2.835185878	0
29.84	-2.893845284	-2.706163228	0
29.86	-2.996199572	-2.573063664	0
29.88	-3.092481556	-2.436157151	0
29.9	-3.182553037	-2.295719041	0
29.92	-3.266288243	-2.152029524	0
29.94	-3.343573991	-2.005373064	0
29.96	-3.414309816	-1.85603784	0
29.98	-3.478408088	-1.704315176	0
30	-3.53579409	-1.55049897	0
30.02	-3.586406077	-1.394885128	0
30.04	-3.630195311	-1.23777099	0
30.06	-3.667126071	-1.079454757	0
30.08	-3.69717563	-0.920234928	0
30.1	-3.720334222	-0.760409732	0
30.12	-3.73660497	-0.600276566	0
30.14	-3.746003798	-0.440131444	0
30.16	-3.748559317	-0.28026844	0
30.18	-3.744312687	-0.120979153	0
30.2	-3.733317459	0.037447831	0
30.22	-3.715639386	0.194727464	0
30.24	-3.691356224	0.350578748	0
30.26	-3.6605575	0.504725237	0
30.28	-3.623344268	0.656895535	0
30.3	-3.579828838	0.806823766	0
30.32	-3.530134489	0.954250045	0
30.34	-3.47439516	1.098920924	0
30.36	-3.412755128	1.240589826	0
30.38	-3.345368662	1.379017469	0
30.4	-3.272399665	1.513972261	0
30.42	-3.194021296	1.645230687	0
30.44	-3.110415581	1.772577678	0
30.46	-3.021773008	1.895806952	0
30.48	-2.928292107	2.014721349	0
30.5	-2.830179019	2.129133135	0
30.52	-2.727647055	2.23886429	0
30.54	-2.620916242	2.34374678	0
30.56	-2.510212857	2.443622799	0
30.58	-2.395768961	2.538344999	0
30.6	-2.277821916	2.627776689	0
30.62	-2.156613899	2.711792019	0
30.64	-2.032391409	2.790276142	0
30.66	-1.905404776	2.863125349	0
30.68	-1.775907653	2.930247184	0
30.7	-1.644156518	2.991560541	0
30.72	-1.510410167	3.046995731	0
30.74	-1.374929209	3.096494529	0
30.76	-1.23797556	3.140010205	0
30.78	-1.099811937	3.177507523	0
30.8	-0.96070136	3.208962728	0
30.82	-0.82090665	3.2343635	0
30.84	-0.680689934	3.253708895	0
30.86	-0.540312153	3.267009263	0
30.88	-0.400032585	3.274286143	0
30.9	-0.26010836	3.275572139	0
30.92	-0.120793992	3.270910773	0
30.94	0.01765908	3.260356322	0
30.96	0.155002942	3.243973635	0
30.98	0.290993654	3.221837927	0
31	0.425391673	3.194034561	0
31.02	0.557962276	3.160658806	0
31.04	0.688475967	3.121815584	0
31.06	0.816708867	3.077619193	0
31.08	0.942443097	3.028193024	0
31.1	1.065467142	2.973669251	0
31.12	1.1855762	2.91418852	0
31.14	1.302572521	2.849899609	0
31.16	1.41626572	2.78095909	0
31.18	1.526473082	2.707530966	0
31.2	1.633019848	2.629786308	0
31.22	1.735739478	2.547902872	0
31.24	1.834473905	2.462064709	0
31.26	1.929073767	2.372461771	0
31.28	2.019398615	2.2792895	0
31.3	2.10531711	2.182748417	0
31.32	2.186707198	2.083043704	0
31.34	2.263456269	1.980384774	0
31.36	2.335461285	1.874984844	0
31.38	2.402628907	1.767060498	0
31.4	2.464875586	1.656831253	0
31.42	2.522127643	1.544519119	0
31.44	2.574321329	1.430348157	0
31.46	2.621402861	1.314544042	0
31.48	2.663328444	1.197333618	0
31.5	2.700064271	1.078944463	0
31.52	2.731586501	0.95960445	0
31.54	2.757881226	0.839541317	0
31.56	2.77894441	0.718982232	0
31.58	2.794781819	0.598153372	0
31.6	2.805408921	0.477279503	0
31.62	2.810850782	0.356583566	0
31.64	2.811141932	0.236286269	0
31.66	2.806326222	0.11660569	0
31.68	2.796456662	-0.002243111	0
31.7	2.781595242	-0.120048478	0
31.72	2.761812738	-0.236602529	0
31.74	2.737188503	-0.351701514	0
31.76	2.70781024	-0.465146168	0
31.78	2.67377377	-0.57674205	0
31.8	2.635182776	-0.686299867	0
31.82	2.592148538	-0.793635788	0
31.84	2.544789659	-0.898571747	0
31.86	2.493231776	-1.000935725	0
31.88	2.437607259	-1.100562029	0
31.9	2.3780549	-1.197291544	0
31.92	2.314719599	-1.290971981	0
31.94	2.247752032	-1.3814581	0
31.96	2.177308313	-1.46861193	0
31.98	2.103549653	-1.552302958	0
32	2.02664201	-1.632408313	0
32.02	1.946755729	-1.708812932	0
32.04	1.864065181	-1.781409706	0
32.06	1.778748399	-1.850099611	0
32.08	1.690986707	-1.914791823	0
32.1	1.600964343	-1.975403818	0
32.12	1.50886809	-2.03186145	0
32.14	1.414886893	-2.084099017	0
32.16	1.319211486	-2.132059308	0
32.18	1.222034011	-2.175693635	0
32.2	1.123547643	-2.214961845	0
32.22	1.023946215	-2.249832319	0
32.24	0.923423841	-2.280281953	0
32.26	0.822174552	-2.306296124	0
32.28	0.720391923	-2.327868636	0
32.3	0.618268713	-2.345001659	0
32.32	0.515996508	-2.357705641	0
32.34	0.413765367	-2.365999214	0
32.36	0.311763478	-2.369909082	0
32.38	0.210176817	-2.369469893	0
32.4	0.109188819	-2.3647241	0
32.42	0.008980052	-2.355721807	0
32.44	-0.090272097	-2.3425206	0
32.46	-0.188393731	-2.325185368	0
32.48	-0.285214734	-2.30378811	0
32.5	-0.380569061	-2.278407731	0
32.52	-0.474295014	-2.249129825	0
32.54	-0.566235506	-2.216046451	0
32.56	-0.656238312	-2.179255894	0
32.58	-0.744156318	-2.138862419	0
32.6	-0.829847742	-2.094976017	0
32.62	-0.913176355	-2.047712137	0
32.64	-0.994011688	-1.997191418	0
32.66	-1.072229219	-1.94353941	0
32.68	-1.147710551	-1.886886283	0
32.7	-1.22034358	-1.827366539	0
32.72	-1.290022645	-1.765118714	0
32.74	-1.356648661	-1.700285072	0
32.76	-1.420129247	-1.633011303	0
32.78	-1.480378832	-1.56344621	0
32.8	-1.53731875	-1.491741396	0
32.82	-1.590877323	-1.418050948	0
32.84	-1.640989923	-1.342531122	0
32.86	-1.687599028	-1.265340021	0
32.88	-1.730654256	-1.186637283	0
32.9	-1.770112393	-1.106583753	0
32.92	-1.805937401	-1.025341175	0
32.94	-1.838100413	-0.943071869	0
32.96	-1.866579714	-0.859938422	0
32.98	-1.891360714	-0.776103374	0
33	-1.912435898	-0.691728911	0
33.02	-1.929804773	-0.606976557	0
33.04	-1.943473793	-0.522006883	0
33.06	-1.953456277	-0.4369792	0
33.08	-1.959772312	-0.352051281	0
33.1	-1.962448649	-0.26737907	0
33.12	-1.961518577	-0.183116405	0
33.14	-1.957021798	-0.099414752	0
33.16	-1.949004281	-0.01642294	0
33.18	-1.937518111	0.065713098	0
33.2	-1.922621327	0.146850566	0
33.22	-1.904377748	0.226850046	0
33.24	-1.88285679	0.305575729	0
33.26	-1.858133279	0.382895632	0
33.28	-1.830287249	0.45868181	0
33.3	-1.799403736	0.532810558	0
33.32	-1.765572562	0.605162597	0
33.34	-1.728888115	0.675623258	0
33.36	-1.689449122	0.744082647	0
33.38	-1.647358411	0.810435806	0
33.4	-1.602722677	0.874582857	0
33.42	-1.555652234	0.936429141	0
33.44	-1.506260767	0.995885338	0
33.46	-1.454665082	1.052867581	0
33.48	-1.400984848	1.107297555	0
33.5	-1.345342337	1.159102591	0
33.52	-1.287862169	1.208215734	0
33.54	-1.228671042	1.254575818	0
33.56	-1.167897476	1.298127511	0
33.58	-1.105671542	1.33882136	0
33.6	-1.042124604	1.376613823	0
33.62	-0.977389049	1.411467282	0
33.64	-0.911598028	1.443350053	0
33.66	-0.844885194	1.47223638	0
33.68	-0.777384439	1.498106415	0
33.7	-0.709229642	1.520946198	0
33.72	-0.64055441	1.54074761	0
33.74	-0.571491828	1.557508329	0
33.76	-0.502174213	1.571231766	0
33.78	-0.43273287	1.581926998	0
33.8	-0.363297853	1.589608685	0
33.82	-0.293997732	1.594296978	0
33.84	-0.224959367	1.596017423	0
33.86	-0.156307681	1.594800847	0
33.88	-0.088165449	1.590683245	0
33.9	-0.020653086	1.583705647	0
33.92	0.046111553	1.573913985	0
33.94	0.112013372	1.561358953	0
33.96	0.176940216	1.546095851	0
33.98	0.240783058	1.52818443	0
34	0.303436164	1.507688728	0
34.02	0.364797261	1.484676896	0
34.04	0.424767689	1.459221022	0
34.06	0.48325255	1.431396952	0
34.08	0.540160842	1.401284094	0
34.1	0.595405589	1.368965234	0
34.12	0.648903962	1.334526334	0
34.14	0.700577383	1.298056334	0
34.16	0.750351629	1.259646946	0
34.18	0.798156924	1.219392447	0
34.2	0.843928016	1.177389469	0
34.22	0.887604248	1.133736792	0
34.24	0.929129624	1.088535123	0
34.26	0.968452856	1.041886886	0
34.28	1.00552741	0.993896006	0
34.3	1.040311535	0.944667694	0
34.32	1.072768288	0.894308228	0
34.34	1.102865545	0.842924742	0
34.36	1.130576008	0.790625007	0
34.38	1.155877197	0.737517223	0
34.4	1.178751436	0.683709803	0
34.42	1.199185828	0.629311167	0
34.44	1.217172224	0.574429533	0
34.46	1.23270718	0.519172717	0
34.48	1.245791908	0.463647926	0
34.5	1.256432214	0.407961566	0
34.52	1.264638437	0.352219047	0
34.54	1.270425369	0.296524596	0
34.56	1.273812175	0.240981067	0
34.58	1.274822303	0.185689769	0
34.6	1.273483385	0.130750288	0
34.62	1.269827137	0.076260315	0
34.64	1.263889244	0.022315491	0
34.66	1.255709246	-0.030990759	0
34.68	1.245330414	-0.083567371	0
34.7	1.232799621	-0.135325789	0
34.72	1.218167209	-0.186180103	0
34.74	1.20148685	-0.236047179	0
34.76	1.182815399	-0.284846784	0
34.78	1.162212752	-0.332501702	0
34.8	1.139741686	-0.378937846	0
34.82	1.115467712	-0.424084358	0
34.84	1.089458906	-0.467873705	0
34.86	1.061785755	-0.510241764	0
34.88	1.032520989	-0.551127907	0
34.9	1.001739411	-0.590475066	0
34.92	0.969517733	-0.6282298	0
34.94	0.935934404	-0.664342353	0
34.96	0.901069433	-0.698766698	0
34.98	0.865004226	-0.731460584	0
35	0.827821402	-0.76238556	0
35.02	0.78960463	-0.791507007	0
35.04	0.750438447	-0.818794152	0
35.06	0.71040809	-0.844220079	0
35.08	0.669599325	-0.867761729	0
35.1	0.628098273	-0.889399897	0
35.12	0.585991243	-0.909119215	0
35.14	0.543364564	-0.926908139	0
35.16	0.500304419	-0.942758912	0
35.18	0.456896686	-0.956667537	0
35.2	0.413226771	-0.968633735	0
35.22	0.369379458	-0.978660893	0
35.24	0.325438751	-0.986756015	0
35.26	0.281487722	-0.992929656	0
35.28	0.237608371	-0.99719586	0
35.3	0.193881476	-0.999572086	0
35.32	0.150386458	-1.000079128	0
35.34	0.107201247	-0.998741033	0
35.36	0.064402154	-0.995585012	0
35.38	0.022063742	-0.990641345	0
35.4	-0.019741289	-0.983943285	0
35.42	-0.060942219	-0.97552695	0
35.44	-0.101470416	-0.965431223	0
35.46	-0.141259438	-0.953697634	0
35.48	-0.180245134	-0.940370249	0
35.5	-0.218365734	-0.925495552	0
35.52	-0.255561937	-0.909122319	0
35.54	-0.291776989	-0.891301501	0
35.56	-0.326956758	-0.872086093	0
35.58	-0.361049804	-0.851531003	0
35.6	-0.39400744	-0.829692927	0
35.62	-0.425783787	-0.806630211	0
35.64	-0.456335826	-0.782402721	0
35.66	-0.48562344	-0.757071702	0
35.68	-0.51360945	-0.73069965	0
35.7	-0.54025965	-0.703350169	0
35.72	-0.56554283	-0.675087835	0
35.74	-0.589430791	-0.645978061	0
35.76	-0.611898366	-0.616086962	0
35.78	-0.632923418	-0.585481211	0
35.8	-0.652486848	-0.554227913	0
35.82	-0.670572582	-0.522394464	0
35.84	-0.687167569	-0.49004842	0
35.86	-0.702261757	-0.457257367	0
35.88	-0.715848074	-0.424088789	0
35.9	-0.727922399	-0.390609938	0
35.92	-0.738483531	-0.356887714	0
35.94	-0.747533146	-0.322988539	0
35.96	-0.75507576	-0.288978232	0
35.98	-0.761118675	-0.254921899	0
36	-0.765671929	-0.220883814	0
36.02	-0.768748238	-0.186927306	0
36.04	-0.770362933	-0.153114653	0
36.06	-0.770533894	-0.119506979	0
36.08	-0.769281483	-0.08616415	0
36.1	-0.766628463	-0.053144677	0
36.12	-0.762599926	-0.020505626	0
36.14	-0.757223212	0.011697474	0
36.16	-0.75052782	0.043410714	0
36.18	-0.742545325	0.074581887	0
36.2	-0.733309286	0.105160562	0
36.22	-0.722855155	0.135098154	0
36.24	-0.711220177	0.164347998	0
36.26	-0.698443299	0.192865402	0
36.28	-0.684565068	0.22060771	0
36.3	-0.66962753	0.247534352	0
36.32	-0.653674127	0.273606894	0
36.34	-0.636749596	0.298789079	0
36.36	-0.618899861	0.323046867	0
36.38	-0.600171931	0.346348466	0
36.4	-0.580613791	0.368664362	0
36.42	-0.560274299	0.389967342	0
36.44	-0.539203076	0.410232513	0
36.46	-0.517450401	0.429437316	0
36.48	-0.495067106	0.447561534	0
36.5	-0.472104468	0.464587298	0
36.52	-0.448614106	0.480499088	0
36.54	-0.424647877	0.495283725	0
36.56	-0.400257769	0.508930364	0
36.58	-0.375495804	0.521430481	0
36.6	-0.350413936	0.532777852	0
36.62	-0.325063949	0.542968535	0
36.64	-0.299497366	0.552000842	0
36.66	-0.273765349	0.559875308	0
36.68	-0.247918607	0.566594656	0
36.7	-0.222007307	0.572163764	0
36.72	-0.196080983	0.576589618	0
36.74	-0.170188454	0.579881269	0
36.76	-0.144377735	0.582049787	0
36.78	-0.118695964	0.583108205	0
36.8	-0.093189318	0.583071469	0
36.82	-0.067902943	0.581956375	0
36.84	-0.042880881	0.579781517	0
36.86	-0.018166	0.576567215	0
36.88	0.006200067	0.572335455	0
36.9	0.030176984	0.567109822	0
36.92	0.053725774	0.560915427	0
36.94	0.076808867	0.553778839	0
36.96	0.099390156	0.545728007	0
36.98	0.121435044	0.536792192	0
37	0.142910483	0.527001883	0
37.02	0.163785018	0.516388726	0
37.04	0.184028823	0.504985442	0
37.06	0.20361373	0.492825747	0
37.08	0.222513264	0.479944273	0
37.1	0.24070266	0.466376489	0
37.12	0.258158892	0.452158616	0
37.14	0.274860683	0.437327548	0
37.16	0.290788527	0.42192077	0
37.18	0.305924691	0.405976276	0
37.2	0.320253228	0.38953249	0
37.22	0.333759976	0.372628182	0
37.24	0.346432561	0.355302392	0
37.26	0.358260389	0.337594345	0
37.28	0.36923464	0.319543379	0
37.3	0.37934826	0.301188862	0
37.32	0.388595942	0.282570119	0
37.34	0.396974114	0.263726356	0
37.36	0.404480914	0.244696584	0
37.38	0.411116168	0.225519551	0
37.4	0.416881368	0.206233668	0
37.42	0.421779634	0.186876943	0
37.44	0.425815692	0.16748691	0
37.46	0.428995831	0.14810057	0
37.48	0.431327871	0.128754322	0
37.5	0.432821125	0.109483906	0
37.52	0.43348635	0.090324346	0
37.54	0.43333571	0.071309888	0
37.56	0.432382729	0.052473953	0
37.58	0.430642239	0.033849081	0
37.6	0.428130335	0.015466883	0
37.62	0.424864323	-0.002642	0
37.64	0.420862663	-0.02044795	0
37.66	0.416144921	-0.037922402	0
37.68	0.410731709	-0.055037892	0
37.7	0.404644627	-0.071768086	0
37.72	0.397906213	-0.088087812	0
37.74	0.390539873	-0.103973095	0
37.76	0.382569834	-0.11940118	0
37.78	0.374021072	-0.134350557	0
37.8	0.36491926	-0.148800982	0
37.82	0.355290704	-0.162733495	0
37.84	0.345162282	-0.176130438	0
37.86	0.334561382	-0.188975466	0
37.88	0.323515843	-0.201253555	0
37.9	0.312053889	-0.212951013	0
37.92	0.300204074	-0.224055485	0
37.94	0.287995219	-0.23455595	0
37.96	0.27545635	-0.244442724	0
37.98	0.262616641	-0.253707457	0
38	0.249505354	-0.262343126	0
38.02	0.236151781	-0.270344025	0
38.04	0.222585187	-0.277705757	0
38.06	0.208834755	-0.284425219	0
38.08	0.194929527	-0.290500588	0
38.1	0.180898357	-0.2959313	0
38.12	0.166769852	-0.300718034	0
38.14	0.152572322	-0.304862688	0
38.16	0.138333733	-0.308368355	0
38.18	0.124081657	-0.311239296	0
38.2	0.109843225	-0.313480914	0
38.22	0.095645081	-0.315099723	0
38.24	0.081513341	-0.316103318	0
38.26	0.06747355	-0.31650034	0
38.28	0.053550642	-0.316300443	0
38.3	0.039768902	-0.315514259	0
38.32	0.02615193	-0.314153359	0
38.34	0.012722609	-0.312230215	0
38.36	-0.00049693	-0.309758162	0
38.38	-0.013485338	-0.306751355	0
38.4	-0.026222073	-0.30322473	0
38.42	-0.038687428	-0.299193961	0
38.44	-0.050862558	-0.294675416	0
38.46	-0.062729494	-0.289686115	0
38.48	-0.07427117	-0.284243683	0
38.5	-0.085471439	-0.27836631	0
38.52	-0.096315084	-0.272072703	0
38.54	-0.10678784	-0.265382039	0
38.56	-0.116876394	-0.258313925	0
38.58	-0.126568406	-0.250888347	0
38.6	-0.135852508	-0.243125628	0
38.62	-0.144718311	-0.235046384	0
38.64	-0.153156411	-0.226671474	0
38.66	-0.161158387	-0.21802196	0
38.68	-0.168716802	-0.20911906	0
38.7	-0.175825198	-0.199984106	0
38.72	-0.182478094	-0.190638498	0
38.74	-0.18867098	-0.181103664	0
38.76	-0.194400304	-0.171401016	0
38.78	-0.199663469	-0.161551911	0
38.8	-0.204458814	-0.151577608	0
38.82	-0.208785609	-0.141499228	0
38.84	-0.212644031	-0.131337721	0
38.86	-0.216035155	-0.12111382	0
38.88	-0.218960931	-0.110848011	0
38.9	-0.221424169	-0.100560496	0
38.92	-0.223428515	-0.090271156	0
38.94	-0.224978431	-0.079999521	0
38.96	-0.226079171	-0.06976474	0
38.98	-0.226736755	-0.059585545	0
39	-0.226957948	-0.049480228	0
39.02	-0.226750231	-0.039466607	0
39.04	-0.226121772	-0.029562006	0
39.06	-0.225081401	-0.019783229	0
39.08	-0.223638578	-0.01014653	0
39.1	-0.221803367	-0.000667602	0
39.12	-0.219586403	0.008638452	0
39.14	-0.216998859	0.017757135	0
39.16	-0.21405242	0.026674571	0
39.18	-0.210759247	0.035377525	0
39.2	-0.207131946	0.043853412	0
39.22	-0.203183536	0.052090316	0
39.24	-0.198927413	0.060076995	0
39.26	-0.194377322	0.067802896	0
39.28	-0.189547322	0.075258157	0
39.3	-0.18445175	0.08243362	0
39.32	-0.179105192	0.089320832	0
39.34	-0.173522448	0.095912048	0
39.36	-0.167718501	0.102200237	0
39.38	-0.161708482	0.108179079	0
39.4	-0.155507639	0.113842967	0
39.42	-0.149131306	0.119187001	0
39.44	-0.142594872	0.124206989	0
39.46	-0.135913746	0.12889944	0
39.48	-0.129103331	0.133261557	0
39.5	-0.122178994	0.137291231	0
39.52	-0.115156034	0.140987032	0
39.54	-0.108049653	0.144348201	0
39.56	-0.100874934	0.147374635	0
39.58	-0.093646807	0.150066878	0
39.6	-0.086380025	0.152426108	0
39.62	-0.079089141	0.154454121	0
39.64	-0.071788481	0.156153319	0
39.66	-0.06449212	0.15752669	0
39.68	-0.05721386	0.158577796	0
39.7	-0.049967209	0.15931075	0
39.72	-0.042765358	0.159730203	0
39.74	-0.035621165	0.159841319	0
39.76	-0.02854713	0.159649763	0
39.78	-0.021555385	0.159161672	0
39.8	-0.01465767	0.15838364	0
39.82	-0.007865323	0.157322696	0
39.84	-0.001189262	0.155986278	0
39.86	0.005360026	0.154382214	0
39.88	0.011772498	0.152518703	0
39.9	0.01803857	0.150404282	0
39.92	0.024149119	0.148047812	0
39.94	0.030095499	0.145458452	0
39.96	0.035869547	0.142645633	0
39.98	0.041463589	0.139619036	0
40	0.046870443	0.13638857	0
40.02	0.052083431	0.132964347	0
40.04	0.057096373	0.129356655	0
40.06	0.0619036	0.125575942	0
40.08	0.066499945	0.121632785	0
40.1	0.070880749	0.117537871	0
40.12	0.075041862	0.113301974	0
40.14	0.078979636	0.108935929	0
40.16	0.082690926	0.104450615	0
40.18	0.086173087	0.099856928	0
40.2	0.089423966	0.09516576	0
40.22	0.0924419	0.090387982	0
40.24	0.095225709	0.085534418	0
40.26	0.097774688	0.080615828	0
40.28	0.1000886	0.075642886	0
40.3	0.102167666	0.070626161	0
40.32	0.104012558	0.065576103	0
40.34	0.105624387	0.060503018	0
40.36	0.107004693	0.055417053	0
40.38	0.108155433	0.050328183	0
40.4	0.10907897	0.04524619	0
40.42	0.109778059	0.04018065	0
40.44	0.110255836	0.035140916	0
40.46	0.110515801	0.03013611	0
40.48	0.110561809	0.0251751	0
40.5	0.11039805	0.020266498	0
40.52	0.110029039	0.015418642	0
40.54	0.109459595	0.010639584	0
40.56	0.108694832	0.005937085	0
40.58	0.10774014	0.001318603	0
40.6	0.106601167	-0.003208718	0
40.62	0.105283807	-0.007638051	0
40.64	0.103794181	-0.011962896	0
40.66	0.10213862	-0.016177089	0
40.68	0.10032365	-0.020274799	0
40.7	0.098355974	-0.024250541	0
40.72	0.096242457	-0.028099177	0
40.74	0.093990108	-0.031815918	0
40.76	0.091606063	-0.035396327	0
40.78	0.089097569	-0.038836322	0
40.8	0.086471969	-0.042132176	0
40.82	0.083736683	-0.045280514	0
40.84	0.080899192	-0.04827832	0
40.86	0.077967027	-0.051122928	0
40.88	0.074947746	-0.053812025	0
40.9	0.071848924	-0.056343646	0
40.92	0.068678134	-0.058716171	0
40.94	0.065442937	-0.060928324	0
40.96	0.06215086	-0.062979163	0
40.98	0.058809392	-0.064868082	0
41	0.055425959	-0.066594798	0
41.02	0.052007921	-0.068159352	0
41.04	0.048562549	-0.069562097	0
41.06	0.045097022	-0.070803694	0
41.08	0.041618407	-0.071885102	0
41.1	0.038133653	-0.072807573	0
41.12	0.034649576	-0.073572641	0
41.14	0.031172851	-0.074182113	0
41.16	0.02771	-0.074638063	0
41.18	0.024267382	-0.07494282	0
41.2	0.020851186	-0.075098957	0
41.22	0.017467422	-0.075109284	0
41.24	0.014121909	-0.074976835	0
41.26	0.010820273	-0.074704858	0
41.28	0.007567936	-0.074296806	0
41.3	0.004370113	-0.073756324	0
41.32	0.001231801	-0.073087239	0
41.34	-0.001842221	-0.072293546	0
41.36	-0.004847401	-0.0713794	0
41.38	-0.007779413	-0.070349104	0
41.4	-0.010634169	-0.069207096	0
41.42	-0.013407814	-0.067957937	0
41.44	-0.016096732	-0.066606303	0
41.46	-0.01869755	-0.065156967	0
41.48	-0.021207137	-0.063614796	0
41.5	-0.023622604	-0.061984733	0
41.52	-0.025941309	-0.060271786	0
41.54	-0.028160852	-0.05848102	0
41.56	-0.03027908	-0.056617545	0
41.58	-0.03229408	-0.054686502	0
41.6	-0.034204183	-0.052693056	0
41.62	-0.036007958	-0.050642383	0
41.64	-0.037704213	-0.04853966	0
41.66	-0.039291992	-0.046390056	0
41.68	-0.040770567	-0.044198721	0
41.7	-0.042139443	-0.041970775	0
41.72	-0.043398346	-0.0397113	0
41.74	-0.044547224	-0.037425331	0
41.76	-0.045586242	-0.035117848	0
41.78	-0.046515772	-0.032793763	0
41.8	-0.047336396	-0.030457917	0
41.82	-0.048048891	-0.028115069	0
41.84	-0.048654233	-0.02576989	0
41.86	-0.049153583	-0.023426952	0
41.88	-0.049548284	-0.021090727	0
41.9	-0.049839857	-0.018765575	0
41.92	-0.050029987	-0.016455742	0
41.94	-0.050120524	-0.014165349	0
41.96	-0.050113471	-0.011898393	0
41.98	-0.050010978	-0.009658735	0
42	-0.049815335	-0.007450102	0
42.02	-0.049528964	-0.005276077	0
42.04	-0.04915441	-0.003140097	0
42.06	-0.048694337	-0.001045451	0
42.08	-0.048151516	0.001004725	0
42.1	-0.047528822	0.003007451	0
42.12	-0.046829218	0.004959906	0
42.14	-0.046055758	0.006859427	0
42.16	-0.045211569	0.008703515	0
42.18	-0.04429985	0.010489832	0
42.2	-0.04332386	0.012216208	0
42.22	-0.042286914	0.013880633	0
42.24	-0.041192371	0.015481269	0
42.26	-0.040043629	0.017016437	0
42.28	-0.038844118	0.018484628	0
42.3	-0.03759729	0.019884495	0
42.32	-0.036306615	0.021214855	0
42.34	-0.034975568	0.022474687	0
42.36	-0.03360763	0.023663133	0
42.38	-0.032206275	0.024779491	0
42.4	-0.030774965	0.025823217	0
42.42	-0.029317143	0.026793922	0
42.44	-0.027836228	0.027691367	0
42.46	-0.026335608	0.028515464	0
42.48	-0.024818634	0.029266268	0
42.5	-0.023288612	0.02994398	0
42.52	-0.021748801	0.030548936	0
42.54	-0.020202406	0.03108161	0
42.56	-0.018652573	0.031542605	0
42.58	-0.017102383	0.031932652	0
42.6	-0.01555485	0.032252605	0
42.62	-0.014012913	0.032503434	0
42.64	-0.012479434	0.032686226	0
42.66	-0.010957195	0.032802174	0
42.68	-0.009448892	0.032852577	0
42.7	-0.007957133	0.032838833	0
42.72	-0.006484434	0.032762432	0
42.74	-0.005033216	0.032624957	0
42.76	-0.003605803	0.032428071	0
42.78	-0.002204422	0.032173518	0
42.8	-0.000831194	0.031863115	0
42.82	0.00051186	0.031498748	0
42.84	0.001822828	0.031082364	0
42.86	0.003099902	0.03061597	0
42.88	0.004341382	0.030101623	0
42.9	0.005545678	0.029541429	0
42.92	0.00671131	0.028937535	0
42.94	0.007836907	0.028292125	0
42.96	0.008921207	0.027607414	0
42.98	0.00996306	0.026885642	0
43	0.010961426	0.026129074	0
43.02	0.011915374	0.025339987	0
43.04	0.012824081	0.024520672	0
43.06	0.013686834	0.023673425	0
43.08	0.014503025	0.022800545	0
43.1	0.015272152	0.021904329	0
43.12	0.015993818	0.020987063	0
43.14	0.016667728	0.020051026	0
43.16	0.017293689	0.019098477	0
43.18	0.017871604	0.018131658	0
43.2	0.018401477	0.017152785	0
43.22	0.018883404	0.016164047	0
43.24	0.019317572	0.015167601	0
43.26	0.019704261	0.014165569	0
43.28	0.020043834	0.013160033	0
43.3	0.020336743	0.012153036	0
43.32	0.020583517	0.011146573	0
43.34	0.020784766	0.010142593	0
43.36	0.020941175	0.009142994	0
43.38	0.0210535	0.00814962	0
43.4	0.021122568	0.00716426	0
43.42	0.021149271	0.006188646	0
43.44	0.021134563	0.005224447	0
43.46	0.021079458	0.004273273	0
43.48	0.020985025	0.003336668	0
43.5	0.020852386	0.002416114	0
43.52	0.020682711	0.001513022	0
43.54	0.020477215	0.000628738	0
43.56	0.020237156	-0.000235462	0
43.58	0.019963831	-0.001078373	0
43.6	0.01965857	-0.001898858	0
43.62	0.019322734	-0.002695853	0
43.64	0.018957715	-0.003468368	0
43.66	0.018564926	-0.00421548	0
43.68	0.018145802	-0.004936343	0
43.7	0.017701798	-0.005630179	0
43.72	0.01723438	-0.006296287	0
43.74	0.016745027	-0.006934032	0
43.76	0.016235226	-0.007542854	0
43.78	0.015706468	-0.008122263	0
43.8	0.015160245	-0.008671838	0
43.82	0.01459805	-0.009191228	0
43.84	0.014021368	-0.00968015	0
43.86	0.013431681	-0.010138387	0
43.88	0.012830457	-0.01056579	0
43.9	0.012219154	-0.010962272	0
43.92	0.011599214	-0.011327813	0
43.94	0.01097206	-0.01166245	0
43.96	0.010339097	-0.011966284	0
43.98	0.009701705	-0.012239474	0
44	0.009061241	-0.012482233	0
44.02	0.008419035	-0.012694833	0
44.04	0.007776385	-0.012877597	0
44.06	0.007134564	-0.013030898	0
44.08	0.006494806	-0.013155161	0
44.1	0.005858316	-0.013250856	0
44.12	0.00522626	-0.0133185	0
44.14	0.004599767	-0.013358652	0
44.16	0.003979928	-0.01337191	0
44.18	0.003367794	-0.013358914	0
44.2	0.002764375	-0.013320338	0
44.22	0.002170639	-0.013256891	0
44.24	0.00158751	-0.013169314	0
44.26	0.001015868	-0.013058377	0
44.28	0.000456551	-0.012924877	0
44.3	-8.96507E-05	-0.012769638	0
44.32	-0.000621991	-0.012593504	0
44.34	-0.001139771	-0.012397343	0
44.36	-0.001642337	-0.012182038	0
44.38	-0.002129081	-0.01194849	0
44.4	-0.002599443	-0.011697614	0
44.42	-0.003052909	-0.011430335	0
44.44	-0.003489011	-0.01114759	0
44.46	-0.003907328	-0.01085032	0
44.48	-0.004307483	-0.010539475	0
44.5	-0.004689146	-0.010216007	0
44.52	-0.005052032	-0.009880868	0
44.54	-0.0053959	-0.009535011	0
44.56	-0.005720553	-0.009179386	0
44.58	-0.006025837	-0.008814939	0
44.6	-0.00631164	-0.008442609	0
44.62	-0.006577892	-0.008063327	0
44.64	-0.006824564	-0.007678015	0
44.66	-0.007051666	-0.007287585	0
44.68	-0.007259247	-0.006892935	0
44.7	-0.007447394	-0.006494947	0
44.72	-0.00761623	-0.006094491	0
44.74	-0.007765912	-0.005692417	0
44.76	-0.007896634	-0.005289559	0
44.78	-0.008008621	-0.00488673	0
44.8	-0.00810213	-0.004484722	0
44.82	-0.008177449	-0.004084307	0
44.84	-0.008234893	-0.003686233	0
44.86	-0.008274806	-0.003291224	0
44.88	-0.008297559	-0.002899981	0
44.9	-0.008303545	-0.002513178	0
44.92	-0.008293185	-0.002131465	0
44.94	-0.008266916	-0.001755462	0
44.96	-0.008225201	-0.001385766	0
44.98	-0.008168519	-0.001022943	0
45	-0.008097366	-0.000667532	0
45.02	-0.008012256	-0.000320042	0
45.04	-0.007913717	1.90434E-05	0
45.06	-0.007802291	0.000349273	0
45.08	-0.007678531	0.000670225	0
45.1	-0.007542999	0.000981504	0
45.12	-0.007396269	0.001282746	0
45.14	-0.00723892	0.001573617	0
45.16	-0.00707154	0.001853812	0
45.18	-0.006894719	0.002123053	0
45.2	-0.006709052	0.002381095	0
45.22	-0.006515136	0.002627718	0
45.24	-0.006313569	0.002862733	0
45.26	-0.00610495	0.003085977	0
45.28	-0.005889876	0.003297317	0
45.3	-0.005668939	0.003496646	0
45.32	-0.00544273	0.003683883	0
45.34	-0.005211835	0.003858975	0
45.36	-0.004976834	0.004021893	0
45.38	-0.004738298	0.004172636	0
45.4	-0.004496794	0.004311223	0
45.42	-0.004252876	0.0044377	0
45.44	-0.004007092	0.004552136	0
45.46	-0.003759977	0.00465462	0
45.48	-0.003512056	0.004745266	0
45.5	-0.00326384	0.004824205	0
45.52	-0.00301583	0.004891591	0
45.54	-0.002768512	0.004947595	0
45.56	-0.002522356	0.004992408	0
45.58	-0.00227782	0.005026237	0
45.6	-0.002035346	0.005049306	0
45.62	-0.00179536	0.005061856	0
45.64	-0.001558272	0.00506414	0
45.66	-0.001324475	0.005056428	0
45.68	-0.001094344	0.005038999	0
45.7	-0.000868239	0.005012149	0
45.72	-0.000646501	0.004976181	0
45.74	-0.000429454	0.00493141	0
45.76	-0.000217402	0.00487816	0
45.78	-1.06342E-05	0.004816764	0
45.8	0.000190582	0.004747561	0
45.82	0.000385994	0.004670898	0
45.84	0.000575371	0.004587128	0
45.86	0.000758498	0.004496607	0
45.88	0.00093518	0.004399697	0
45.9	0.001105238	0.004296762	0
45.92	0.001268513	0.004188168	0
45.94	0.001424863	0.004074285	0
45.96	0.001574164	0.003955481	0
45.98	0.00171631	0.003832125	0
46	0.001851211	0.003704586	0
46.02	0.001978795	0.00357323	0
46.04	0.002099007	0.003438422	0
46.06	0.002211805	0.003300524	0
46.08	0.002317169	0.003159894	0
46.1	0.002415089	0.003016886	0
46.12	0.002505572	0.002871848	0
46.14	0.002588642	0.002725127	0
46.16	0.002664334	0.002577058	0
46.18	0.002732699	0.002427974	0
46.2	0.0027938	0.002278199	0
46.22	0.002847714	0.002128051	0
46.24	0.002894531	0.00197784	0
46.26	0.00293435	0.001827865	0
46.28	0.002967284	0.001678419	0
46.3	0.002993455	0.001529787	0
46.32	0.003012999	0.001382242	0
46.34	0.003026056	0.001236048	0
46.36	0.00303278	0.001091459	0
46.38	0.003033331	0.000948721	0
46.4	0.003027879	0.000808067	0
46.42	0.003016599	0.00066972	0
46.44	0.002999674	0.000533892	0
46.46	0.002977294	0.000400786	0
46.48	0.002949656	0.000270591	0
46.5	0.002916958	0.000143487	0
46.52	0.002879407	1.96433E-05	0
46.54	0.002837213	-0.000100784	0
46.56	0.002790587	-0.00021765	0
46.58	0.002739747	-0.000330818	0
46.6	0.00268491	-0.000440166	0
46.62	0.002626299	-0.000545581	0
46.64	0.002564134	-0.000646962	0
46.66	0.00249864	-0.000744219	0
46.68	0.00243004	-0.000837272	0
46.7	0.002358558	-0.000926053	0
46.72	0.002284418	-0.001010503	0
46.74	0.002207841	-0.001090574	0
46.76	0.00212905	-0.001166229	0
46.78	0.002048265	-0.00123744	0
46.8	0.001965702	-0.001304188	0
46.82	0.001881578	-0.001366467	0
46.84	0.001796104	-0.001424276	0
46.86	0.00170949	-0.001477625	0
46.88	0.001621941	-0.001526533	0
46.9	0.001533658	-0.001571027	0
46.92	0.00144484	-0.001611143	0
46.94	0.00135568	-0.001646923	0
46.96	0.001266366	-0.001678418	0
46.98	0.001177081	-0.001705686	0
47	0.001088003	-0.001728793	0
47.02	0.000999306	-0.001747809	0
47.04	0.000911157	-0.001762812	0
47.06	0.000823716	-0.001773887	0
47.08	0.000737139	-0.001781122	0
47.1	0.000651576	-0.001784612	0
47.12	0.000567169	-0.001784457	0
47.14	0.000484054	-0.00178076	0
47.16	0.000402362	-0.00177363	0
47.18	0.000322217	-0.00176318	0
47.2	0.000243735	-0.001749525	0
47.22	0.000167025	-0.001732784	0
47.24	9.21929E-05	-0.001713078	0
47.26	1.93338E-05	-0.001690533	0
47.28	-5.14621E-05	-0.001665275	0
47.3	-0.000120112	-0.001637433	0
47.32	-0.000186538	-0.001607136	0
47.34	-0.000250673	-0.001574517	0
47.36	-0.000312451	-0.001539707	0
47.38	-0.000371817	-0.00150284	0
47.4	-0.000428722	-0.001464048	0
47.42	-0.00048312	-0.001423467	0
47.44	-0.000534976	-0.001381228	0
47.46	-0.000584258	-0.001337465	0
47.48	-0.000630942	-0.00129231	0
47.5	-0.000675008	-0.001245894	0
47.52	-0.000716443	-0.001198347	0
47.54	-0.000755241	-0.001149798	0
47.56	-0.0007914	-0.001100373	0
47.58	-0.000824923	-0.001050198	0
47.6	-0.000855819	-0.000999396	0
47.62	-0.000884103	-0.000948086	0
47.64	-0.000909793	-0.000896388	0
47.66	-0.000932914	-0.000844417	0
47.68	-0.000953493	-0.000792286	0
47.7	-0.000971564	-0.000740104	0
47.72	-0.000987162	-0.000687979	0
47.74	-0.00100033	-0.000636013	0
47.76	-0.00101111	-0.000584307	0
47.78	-0.001019553	-0.000532959	0
47.8	-0.001025708	-0.00048206	0
47.82	-0.001029631	-0.000431701	0
47.84	-0.001031379	-0.000381967	0
47.86	-0.001031013	-0.000332941	0
47.88	-0.001028595	-0.0002847	0
47.9	-0.001024192	-0.00023732	0
47.92	-0.001017869	-0.000190871	0
47.94	-0.001009697	-0.000145418	0
47.96	-0.000999747	-0.000101025	0
47.98	-0.000988091	-5.77498E-05	0
48	-0.000974804	-1.56471E-05	0
48.02	-0.00095996	2.52327E-05	0
48.04	-0.000943636	6.48431E-05	0
48.06	-0.000925908	0.000103141	0
48.08	-0.000906854	0.000140089	0
48.1	-0.000886552	0.000175652	0
48.12	-0.000865081	0.000209799	0
48.14	-0.000842518	0.000242502	0
48.16	-0.000818942	0.000273739	0
48.18	-0.00079443	0.00030349	0
48.2	-0.00076906	0.000331739	0
48.22	-0.00074291	0.000358474	0
48.24	-0.000716055	0.000383685	0
48.26	-0.000688571	0.000407368	0
48.28	-0.000660532	0.000429519	0
48.3	-0.000632013	0.00045014	0
48.32	-0.000603084	0.000469235	0
48.34	-0.000573818	0.00048681	0
48.36	-0.000544284	0.000502877	0
48.38	-0.000514549	0.000517447	0
48.4	-0.000484681	0.000530536	0
48.42	-0.000454743	0.000542161	0
48.44	-0.000424799	0.000552344	0
48.46	-0.000394909	0.000561108	0
48.48	-0.000365134	0.000568477	0
48.5	-0.000335528	0.000574478	0
48.52	-0.000306149	0.00057914	0
48.54	-0.000277048	0.000582495	0
48.56	-0.000248277	0.000584576	0
48.58	-0.000219883	0.000585416	0
48.6	-0.000191914	0.000585051	0
48.62	-0.000164412	0.00058352	0
48.64	-0.000137421	0.00058086	0
48.66	-0.000110979	0.000577111	0
48.68	-8.51229E-05	0.000572315	0
48.7	-5.98881E-05	0.000566511	0
48.72	-3.5307E-05	0.000559744	0
48.74	-1.14095E-05	0.000552057	0
48.76	1.17766E-05	0.000543492	0
48.78	3.42257E-05	0.000534094	0
48.8	5.59147E-05	0.000523909	0
48.82	7.68226E-05	0.00051298	0
48.84	9.69307E-05	0.000501353	0
48.86	0.000116223	0.000489073	0
48.88	0.000134684	0.000476184	0
48.9	0.000152303	0.000462733	0
48.92	0.000169069	0.000448763	0
48.94	0.000184974	0.00043432	0
48.96	0.000200013	0.000419446	0
48.98	0.000214182	0.000404186	0
49	0.000227477	0.000388583	0
49.02	0.0002399	0.00037268	0
49.04	0.000251451	0.000356517	0
49.06	0.000262135	0.000340136	0
49.08	0.000271956	0.000323577	0
49.1	0.00028092	0.00030688	0
49.12	0.000289036	0.000290083	0
49.14	0.000296314	0.000273223	0
49.16	0.000302765	0.000256336	0
49.18	0.000308401	0.000239459	0
49.2	0.000313237	0.000222625	0
49.22	0.000317286	0.000205868	0
49.24	0.000320566	0.000189218	0
49.26	0.000323093	0.000172708	0
49.28	0.000324887	0.000156366	0
49.3	0.000325965	0.00014022	0
49.32	0.000326349	0.000124298	0
49.34	0.000326059	0.000108626	0
49.36	0.000325117	9.32261E-05	0
49.38	0.000323545	7.8123E-05	0
49.4	0.000321366	6.33378E-05	0
49.42	0.000318604	4.8891E-05	0
49.44	0.000315283	3.48015E-05	0
49.46	0.000311426	2.10869E-05	0
49.48	0.00030706	7.76362E-06	0
49.5	0.000302208	-5.15341E-06	0
49.52	0.000296896	-1.76505E-05	0
49.54	0.00029115	-2.97152E-05	0
49.56	0.000284994	-4.13364E-05	0
49.58	0.000278455	-5.25043E-05	0
49.6	0.000271558	-6.32103E-05	0
49.62	0.000264328	-7.34471E-05	0
49.64	0.000256791	-8.32084E-05	0
49.66	0.000248972	-9.24892E-05	0
49.68	0.000240896	-0.000101286	0
49.7	0.000232588	-0.000109595	0
49.72	0.000224072	-0.000117416	0
49.74	0.000215372	-0.000124748	0
49.76	0.000206512	-0.000131592	0
49.78	0.000197516	-0.000137948	0
49.8	0.000188406	-0.000143819	0
49.82	0.000179204	-0.000149209	0
49.84	0.000169932	-0.000154122	0
49.86	0.000160613	-0.000158563	0
49.88	0.000151265	-0.000162538	0
49.9	0.00014191	-0.000166054	0
49.92	0.000132567	-0.000169118	0
49.94	0.000123255	-0.000171738	0
49.96	0.000113992	-0.000173924	0
49.98	0.000104796	-0.000175684	0
50	9.56824E-05	-0.000177028	0
50.02	8.66685E-05	-0.000177968	0
50.04	7.77695E-05	-0.000178514	0
50.06	6.89999E-05	-0.000178678	0
50.08	6.03737E-05	-0.000178472	0
50.1	5.1904E-05	-0.000177908	0
50.12	4.36033E-05	-0.000176998	0
50.14	3.54831E-05	-0.000175757	0
50.16	2.75545E-05	-0.000174197	0
50.18	1.98275E-05	-0.000172331	0
50.2	1.23117E-05	-0.000170174	0
50.22	5.01564E-06	-0.000167739	0
50.24	-2.05268E-06	-0.000165041	0
50.26	-8.88606E-06	-0.000162093	0
50.28	-1.5478E-05	-0.000158909	0
50.3	-2.18228E-05	-0.000155505	0
50.32	-2.79153E-05	-0.000151893	0
50.34	-3.37511E-05	-0.000148089	0
50.36	-3.93265E-05	-0.000144106	0
50.38	-4.46386E-05	-0.000139959	0
50.4	-4.96849E-05	-0.000135661	0
50.42	-5.44636E-05	-0.000131226	0
50.44	-5.89736E-05	-0.000126669	0
50.46	-6.32143E-05	-0.000122001	0
50.48	-6.71858E-05	-0.000117237	0
50.5	-7.08887E-05	-0.00011239	0
50.52	-7.43241E-05	-0.000107471	0
50.54	-7.74936E-05	-0.000102495	0
50.56	-8.03995E-05	-9.74728E-05	0
50.58	-8.30443E-05	-9.24165E-05	0
50.6	-8.54311E-05	-8.73377E-05	0
50.62	-8.75636E-05	-8.22477E-05	0
50.64	-8.94456E-05	-7.71575E-05	0
50.66	-9.10815E-05	-7.20775E-05	0
50.68	-9.24761E-05	-6.7018E-05	0
50.7	-9.36343E-05	-6.19888E-05	0
50.72	-9.45616E-05	-5.69994E-05	0
50.74	-9.52636E-05	-5.20586E-05	0
50.76	-9.57465E-05	-4.71753E-05	0
50.78	-9.60164E-05	-4.23576E-05	0
50.8	-9.60798E-05	-3.76134E-05	0
50.82	-9.59434E-05	-3.295E-05	0
50.84	-9.56142E-05	-2.83745E-05	0
50.86	-9.50992E-05	-2.38935E-05	0
50.88	-9.44057E-05	-1.95131E-05	0
50.9	-9.3541E-05	-1.52391E-05	0
50.92	-9.25126E-05	-1.10768E-05	0
50.94	-9.13282E-05	-7.03112E-06	0
50.96	-8.99953E-05	-3.10667E-06	0
50.98	-8.85217E-05	6.92487E-07	0
51	-8.69152E-05	4.36262E-06	0
51.02	-8.51836E-05	7.90041E-06	0
51.04	-8.33345E-05	1.13029E-05	0
51.06	-8.13758E-05	1.45676E-05	0
51.08	-7.93153E-05	1.76922E-05	0
51.1	-7.71606E-05	2.0675E-05	0
51.12	-7.49194E-05	2.35145E-05	0
51.14	-7.25992E-05	2.62096E-05	0
51.16	-7.02076E-05	2.87596E-05	0
51.18	-6.77519E-05	3.11639E-05	0
51.2	-6.52394E-05	3.34226E-05	0
51.22	-6.26772E-05	3.55357E-05	0
51.24	-6.00724E-05	3.75038E-05	0
51.26	-5.74317E-05	3.93276E-05	0
51.28	-5.4762E-05	4.10083E-05	0
51.3	-5.20698E-05	4.25471E-05	0
51.32	-4.93615E-05	4.39456E-05	0
51.34	-4.66432E-05	4.52057E-05	0
51.36	-4.39209E-05	4.63294E-05	0
51.38	-4.12005E-05	4.73189E-05	0
51.4	-3.84876E-05	4.81768E-05	0
51.42	-3.57877E-05	4.89057E-05	0
51.44	-3.31058E-05	4.95085E-05	0
51.46	-3.0447E-05	4.99882E-05	0
51.48	-2.78161E-05	5.0348E-05	0
51.5	-2.52176E-05	5.05911E-05	0
51.52	-2.26558E-05	5.07212E-05	0
51.54	-2.01349E-05	5.07416E-05	0
51.56	-1.76587E-05	5.06562E-05	0
51.58	-1.52308E-05	5.04687E-05	0
51.6	-1.28548E-05	5.0183E-05	0
51.62	-1.05338E-05	4.98031E-05	0
51.64	-8.27082E-06	4.93329E-05	0
51.66	-6.06854E-06	4.87765E-05	0
51.68	-3.92954E-06	4.81381E-05	0
51.7	-1.85612E-06	4.74218E-05	0
51.72	1.49619E-07	4.66317E-05	0
51.74	2.0858E-06	4.57721E-05	0
51.76	3.95076E-06	4.48471E-05	0
51.78	5.74302E-06	4.3861E-05	0
51.8	7.46134E-06	4.28178E-05	0
51.82	9.10466E-06	4.17218E-05	0
51.84	1.06721E-05	4.0577E-05	0
51.86	1.2163E-05	3.93876E-05	0
51.88	1.35769E-05	3.81575E-05	0
51.9	1.49134E-05	3.68908E-05	0
51.92	1.61725E-05	3.55914E-05	0
51.94	1.73541E-05	3.42631E-05	0
51.96	1.84585E-05	3.29097E-05	0
51.98	1.9486E-05	3.1535E-05	0
52	2.04371E-05	3.01425E-05	0
52.02	2.13125E-05	2.87359E-05	0
52.04	2.21129E-05	2.73184E-05	0
52.06	2.28393E-05	2.58936E-05	0
52.08	2.34927E-05	2.44646E-05	0
52.1	2.40743E-05	2.30346E-05	0
52.12	2.45853E-05	2.16067E-05	0
52.14	2.50272E-05	2.01837E-05	0
52.16	2.54014E-05	1.87685E-05	0
52.18	2.57095E-05	1.73639E-05	0
52.2	2.59531E-05	1.59723E-05	0
52.22	2.61341E-05	1.45962E-05	0
52.24	2.62541E-05	1.32381E-05	0
52.26	2.6315E-05	1.19002E-05	0
52.28	2.63189E-05	1.05845E-05	0
52.3	2.62677E-05	9.29302E-06	0
52.32	2.61634E-05	8.02769E-06	0
52.34	2.60081E-05	6.79024E-06	0
52.36	2.5804E-05	5.5823E-06	0
52.38	2.55531E-05	4.40537E-06	0
52.4	2.52577E-05	3.26085E-06	0
52.42	2.49199E-05	2.15002E-06	0
52.44	2.45419E-05	1.07402E-06	0
52.46	2.4126E-05	3.39121E-08	0
52.48	2.36744E-05	-9.69383E-07	0
52.5	2.31892E-05	-1.93504E-06	0
52.52	2.26728E-05	-2.86236E-06	0
52.54	2.21272E-05	-3.75072E-06	0
52.56	2.15547E-05	-4.59964E-06	0
52.58	2.09574E-05	-5.40871E-06	0
52.6	2.03375E-05	-6.17763E-06	0
52.62	1.9697E-05	-6.90619E-06	0
52.64	1.90381E-05	-7.5943E-06	0
52.66	1.83628E-05	-8.24193E-06	0
52.68	1.76732E-05	-8.84914E-06	0
52.7	1.69711E-05	-9.41609E-06	0
52.72	1.62585E-05	-9.94301E-06	0
52.74	1.55373E-05	-1.04302E-05	0
52.76	1.48094E-05	-1.08781E-05	0
52.78	1.40764E-05	-1.1287E-05	0
52.8	1.33402E-05	-1.16576E-05	0
52.82	1.26024E-05	-1.19905E-05	0
52.84	1.18646E-05	-1.22861E-05	0
52.86	1.11284E-05	-1.25454E-05	0
52.88	1.03954E-05	-1.27689E-05	0
52.9	9.66682E-06	-1.29576E-05	0
52.92	8.9442E-06	-1.31122E-05	0
52.94	8.22882E-06	-1.32337E-05	0
52.96	7.52194E-06	-1.3323E-05	0
52.98	6.82476E-06	-1.3381E-05	0
53	6.1384E-06	-1.34088E-05	0
53.02	5.46393E-06	-1.34073E-05	0
53.04	4.80236E-06	-1.33777E-05	0
53.06	4.15463E-06	-1.3321E-05	0
53.08	3.52161E-06	-1.32383E-05	0
53.1	2.90412E-06	-1.31307E-05	0
53.12	2.30292E-06	-1.29994E-05	0
53.14	1.71868E-06	-1.28454E-05	0
53.16	1.15205E-06	-1.267E-05	0
53.18	6.03585E-07	-1.24742E-05	0
53.2	7.37983E-08	-1.22592E-05	0
53.22	-4.36859E-07	-1.20262E-05	0
53.24	-9.27992E-07	-1.17764E-05	0
53.26	-1.39926E-06	-1.15108E-05	0
53.28	-1.85039E-06	-1.12305E-05	0
53.3	-2.28115E-06	-1.09369E-05	0
53.32	-2.69135E-06	-1.06308E-05	0
53.34	-3.08088E-06	-1.03135E-05	0
53.36	-3.44965E-06	-9.98601E-06	0
53.38	-3.79764E-06	-9.64942E-06	0
53.4	-4.12485E-06	-9.30476E-06	0
53.42	-4.43135E-06	-8.95308E-06	0
53.44	-4.71725E-06	-8.59536E-06	0
53.46	-4.98267E-06	-8.23261E-06	0
53.48	-5.22781E-06	-7.86577E-06	0
53.5	-5.45288E-06	-7.49577E-06	0
53.52	-5.65813E-06	-7.12352E-06	0
53.54	-5.84385E-06	-6.74991E-06	0
53.56	-6.01037E-06	-6.37576E-06	0
53.58	-6.15802E-06	-6.00191E-06	0
53.6	-6.28719E-06	-5.62913E-06	0
53.62	-6.39827E-06	-5.2582E-06	0
53.64	-6.4917E-06	-4.88982E-06	0
53.66	-6.56792E-06	-4.5247E-06	0
53.68	-6.6274E-06	-4.16349E-06	0
53.7	-6.67063E-06	-3.80682E-06	0
53.72	-6.69811E-06	-3.45529E-06	0
53.74	-6.71037E-06	-3.10946E-06	0
53.76	-6.70794E-06	-2.76986E-06	0
53.78	-6.69137E-06	-2.43699E-06	0
53.8	-6.66122E-06	-2.11131E-06	0
53.82	-6.61804E-06	-1.79325E-06	0
53.84	-6.56242E-06	-1.4832E-06	0
53.86	-6.49494E-06	-1.18155E-06	0
53.88	-6.41617E-06	-8.88621E-07	0
53.9	-6.32671E-06	-6.04719E-07	0
53.92	-6.22714E-06	-3.30117E-07	0
53.94	-6.11805E-06	-6.5061E-08	0
53.96	-6.00003E-06	1.90237E-07	0
53.98	-5.87366E-06	4.35591E-07	0
54	-5.73952E-06	6.70845E-07	0
54.02	-5.59819E-06	8.95871E-07	0
54.04	-5.45024E-06	1.11056E-06	0
54.06	-5.29624E-06	1.31485E-06	0
54.08	-5.13674E-06	1.50868E-06	0
54.1	-4.97228E-06	1.69203E-06	0
54.12	-4.80341E-06	1.86489E-06	0
54.14	-4.63065E-06	2.02728E-06	0
54.16	-4.45452E-06	2.17925E-06	0
54.18	-4.27552E-06	2.32086E-06	0
54.2	-4.09415E-06	2.45219E-06	0
54.22	-3.91088E-06	2.57334E-06	0
54.24	-3.72618E-06	2.68445E-06	0
54.26	-3.5405E-06	2.78563E-06	0
54.28	-3.35428E-06	2.87706E-06	0
54.3	-3.16793E-06	2.95889E-06	0
54.32	-2.98187E-06	3.03132E-06	0
54.34	-2.79647E-06	3.09453E-06	0
54.36	-2.61212E-06	3.14875E-06	0
54.38	-2.42917E-06	3.19418E-06	0
54.4	-2.24797E-06	3.23108E-06	0
54.42	-2.06884E-06	3.25967E-06	0
54.44	-1.89208E-06	3.28021E-06	0
54.46	-1.71799E-06	3.29295E-06	0
54.48	-1.54684E-06	3.29818E-06	0
54.5	-1.37889E-06	3.29615E-06	0
54.52	-1.21438E-06	3.28715E-06	0
54.54	-1.05354E-06	3.27146E-06	0
54.56	-8.96572E-07	3.24936E-06	0
54.58	-7.43667E-07	3.22116E-06	0
54.6	-5.95004E-07	3.18713E-06	0
54.62	-4.50742E-07	3.14758E-06	0
54.64	-3.11025E-07	3.1028E-06	0
54.66	-1.75982E-07	3.05308E-06	0
54.68	-4.5728E-08	2.99872E-06	0
54.7	7.96388E-08	2.94002E-06	0
54.72	2.00033E-07	2.87726E-06	0
54.74	3.15385E-07	2.81074E-06	0
54.76	4.25636E-07	2.74074E-06	0
54.78	5.30743E-07	2.66755E-06	0
54.8	6.30675E-07	2.59144E-06	0
54.82	7.25413E-07	2.5127E-06	0
54.84	8.14952E-07	2.43159E-06	0
54.86	8.99295E-07	2.34839E-06	0
54.88	9.7846E-07	2.26334E-06	0
54.9	1.05247E-06	2.17671E-06	0
54.92	1.12137E-06	2.08874E-06	0
54.94	1.1852E-06	1.99968E-06	0
54.96	1.24402E-06	1.90975E-06	0
54.98	1.29789E-06	1.8192E-06	0
55	1.34689E-06	1.72823E-06	0
55.02	1.3911E-06	1.63707E-06	0
55.04	1.4306E-06	1.54591E-06	0
55.06	1.4655E-06	1.45496E-06	0
55.08	1.49589E-06	1.3644E-06	0
55.1	1.52188E-06	1.27441E-06	0
55.12	1.54358E-06	1.18517E-06	0
55.14	1.56112E-06	1.09685E-06	0
55.16	1.57461E-06	1.00959E-06	0
55.18	1.58418E-06	9.23553E-07	0
55.2	1.58997E-06	8.38871E-07	0
55.22	1.59211E-06	7.55678E-07	0
55.24	1.59073E-06	6.74097E-07	0
55.26	1.58597E-06	5.94242E-07	0
55.28	1.57798E-06	5.16221E-07	0
55.3	1.56689E-06	4.40131E-07	0
55.32	1.55286E-06	3.66063E-07	0
55.34	1.53602E-06	2.941E-07	0
55.36	1.51653E-06	2.24316E-07	0
55.38	1.49452E-06	1.56779E-07	0
55.4	1.47014E-06	9.15484E-08	0
55.42	1.44355E-06	2.86757E-08	0
55.44	1.41488E-06	-3.17936E-08	0
55.46	1.38427E-06	-8.98217E-08	0
55.48	1.35188E-06	-1.45377E-07	0
55.5	1.31783E-06	-1.98436E-07	0
55.52	1.28227E-06	-2.4898E-07	0
55.54	1.24534E-06	-2.96996E-07	0
55.56	1.20716E-06	-3.4248E-07	0
55.58	1.16788E-06	-3.85432E-07	0
55.6	1.12762E-06	-4.25856E-07	0
55.62	1.0865E-06	-4.63763E-07	0
55.64	1.04465E-06	-4.99171E-07	0
55.66	1.00219E-06	-5.32098E-07	0
55.68	9.59236E-07	-5.62572E-07	0
55.7	9.15903E-07	-5.90621E-07	0
55.72	8.72298E-07	-6.1628E-07	0
55.74	8.28528E-07	-6.39588E-07	0
55.76	7.84695E-07	-6.60584E-07	0
55.78	7.40897E-07	-6.79316E-07	0
55.8	6.97229E-07	-6.9583E-07	0
55.82	6.53781E-07	-7.10179E-07	0
55.84	6.1064E-07	-7.22416E-07	0
55.86	5.67887E-07	-7.32598E-07	0
55.88	5.256E-07	-7.40784E-07	0
55.9	4.83855E-07	-7.47036E-07	0
55.92	4.4272E-07	-7.51415E-07	0
55.94	4.02263E-07	-7.53987E-07	0
55.96	3.62543E-07	-7.54817E-07	0
55.98	3.2362E-07	-7.53973E-07	0
56	2.85547E-07	-7.51523E-07	0
56.02	2.48374E-07	-7.47536E-07	0
56.04	2.12146E-07	-7.42082E-07	0
56.06	1.76905E-07	-7.35232E-07	0
56.08	1.42689E-07	-7.27054E-07	0
56.1	1.09533E-07	-7.17622E-07	0
56.12	7.74665E-08	-7.07004E-07	0
56.14	4.65173E-08	-6.95273E-07	0
56.16	1.67083E-08	-6.82497E-07	0
56.18	-1.19404E-08	-6.68746E-07	0
56.2	-3.94122E-08	-6.54091E-07	0
56.22	-6.56939E-08	-6.38598E-07	0
56.24	-9.07752E-08	-6.22336E-07	0
56.26	-1.14649E-07	-6.0537E-07	0
56.28	-1.37311E-07	-5.87768E-07	0
56.3	-1.58761E-07	-5.69592E-07	0
56.32	-1.78999E-07	-5.50905E-07	0
56.34	-1.9803E-07	-5.3177E-07	0
56.36	-2.1586E-07	-5.12246E-07	0
56.38	-2.32498E-07	-4.92392E-07	0
56.4	-2.47956E-07	-4.72265E-07	0
56.42	-2.62246E-07	-4.51919E-07	0
56.44	-2.75385E-07	-4.3141E-07	0
56.46	-2.8739E-07	-4.10788E-07	0
56.48	-2.9828E-07	-3.90103E-07	0
56.5	-3.08076E-07	-3.69404E-07	0
56.52	-3.168E-07	-3.48736E-07	0
56.54	-3.24477E-07	-3.28144E-07	0
56.56	-3.31132E-07	-3.07671E-07	0
56.58	-3.36792E-07	-2.87356E-07	0
56.6	-3.41483E-07	-2.67239E-07	0
56.62	-3.45236E-07	-2.47354E-07	0
56.64	-3.4808E-07	-2.27738E-07	0
56.66	-3.50045E-07	-2.08422E-07	0
56.68	-3.51163E-07	-1.89437E-07	0
56.7	-3.51465E-07	-1.70811E-07	0
56.72	-3.50984E-07	-1.52571E-07	0
56.74	-3.49753E-07	-1.34741E-07	0
56.76	-3.47805E-07	-1.17345E-07	0
56.78	-3.45173E-07	-1.00403E-07	0
56.8	-3.41892E-07	-8.39336E-08	0
56.82	-3.37994E-07	-6.79546E-08	0
56.84	-3.33514E-07	-5.24811E-08	0
56.86	-3.28485E-07	-3.75268E-08	0
56.88	-3.22941E-07	-2.31036E-08	0
56.9	-3.16914E-07	-9.22176E-09	0
56.92	-3.10439E-07	4.11011E-09	0
56.94	-3.03547E-07	1.68849E-08	0
56.96	-2.96272E-07	2.90972E-08	0
56.98	-2.88644E-07	4.0743E-08	0
57	-2.80695E-07	5.18195E-08	0
57.02	-2.72456E-07	6.23256E-08	0
57.04	-2.63957E-07	7.22613E-08	0
57.06	-2.55228E-07	8.1628E-08	0
57.08	-2.46297E-07	9.04284E-08	0
57.1	-2.37192E-07	9.86661E-08	0
57.12	-2.27941E-07	1.06346E-07	0
57.14	-2.1857E-07	1.13474E-07	0
57.16	-2.09106E-07	1.20057E-07	0
57.18	-1.99572E-07	1.26102E-07	0
57.2	-1.89993E-07	1.31619E-07	0
57.22	-1.80393E-07	1.36617E-07	0
57.24	-1.70792E-07	1.41106E-07	0
57.26	-1.61213E-07	1.45098E-07	0
57.28	-1.51676E-07	1.48604E-07	0
57.3	-1.42201E-07	1.51635E-07	0
57.32	-1.32806E-07	1.54206E-07	0
57.34	-1.23508E-07	1.56329E-07	0
57.36	-1.14324E-07	1.58019E-07	0
57.38	-1.05271E-07	1.59289E-07	0
57.4	-9.63617E-08	1.60154E-07	0
57.42	-8.76114E-08	1.60629E-07	0
57.44	-7.90324E-08	1.60728E-07	0
57.46	-7.0637E-08	1.60469E-07	0
57.48	-6.2436E-08	1.59864E-07	0
57.5	-5.44398E-08	1.58932E-07	0
57.52	-4.66575E-08	1.57687E-07	0
57.54	-3.90978E-08	1.56144E-07	0
57.56	-3.17681E-08	1.54321E-07	0
57.58	-2.46752E-08	1.52232E-07	0
57.6	-1.78251E-08	1.49893E-07	0
57.62	-1.1223E-08	1.47321E-07	0
57.64	-4.87314E-09	1.4453E-07	0
57.66	1.22074E-09	1.41535E-07	0
57.68	7.05574E-09	1.38353E-07	0
57.7	1.26297E-08	1.34998E-07	0
57.72	1.7941E-08	1.31484E-07	0
57.74	2.29888E-08	1.27826E-07	0
57.76	2.77729E-08	1.24039E-07	0
57.78	3.22937E-08	1.20137E-07	0
57.8	3.6552E-08	1.16132E-07	0
57.82	4.05493E-08	1.12038E-07	0
57.84	4.42877E-08	1.07868E-07	0
57.86	4.77697E-08	1.03635E-07	0
57.88	5.09983E-08	9.935E-08	0
57.9	5.39769E-08	9.50257E-08	0
57.92	5.67093E-08	9.06732E-08	0
57.94	5.91998E-08	8.63034E-08	0
57.96	6.1453E-08	8.19267E-08	0
57.98	6.34739E-08	7.75534E-08	0
58	6.52678E-08	7.31931E-08	0
58.02	6.68401E-08	6.88549E-08	0
58.04	6.81968E-08	6.45478E-08	0
58.06	6.93439E-08	6.02799E-08	0
58.08	7.02877E-08	5.60593E-08	0
58.1	7.10346E-08	5.18934E-08	0
58.12	7.15914E-08	4.77893E-08	0
58.14	7.19649E-08	4.37535E-08	0
58.16	7.21619E-08	3.97922E-08	0
58.18	7.21895E-08	3.59112E-08	0
58.2	7.20549E-08	3.21157E-08	0
58.22	7.17652E-08	2.84106E-08	0
58.24	7.13277E-08	2.48005E-08	0
58.26	7.07496E-08	2.12895E-08	0
58.28	7.00382E-08	1.78811E-08	0
58.3	6.92009E-08	1.45787E-08	0
58.32	6.82448E-08	1.13852E-08	0
58.34	6.71771E-08	8.30315E-09	0
58.36	6.6005E-08	5.33474E-09	0
58.38	6.47357E-08	2.4818E-09	0
58.4	6.33761E-08	-2.54179E-10	0
58.42	6.19331E-08	-2.87203E-09	0
58.44	6.04136E-08	-5.3709E-09	0
58.46	5.88242E-08	-7.75025E-09	0
58.48	5.71715E-08	-1.00098E-08	0
58.5	5.5462E-08	-1.21497E-08	0
58.52	5.37019E-08	-1.41701E-08	0
58.54	5.18974E-08	-1.60717E-08	0
58.56	5.00544E-08	-1.78552E-08	0
58.58	4.81789E-08	-1.95217E-08	0
58.6	4.62763E-08	-2.10724E-08	0
58.62	4.43521E-08	-2.25089E-08	0
58.64	4.24117E-08	-2.38327E-08	0
58.66	4.04601E-08	-2.50458E-08	0
58.68	3.85022E-08	-2.61502E-08	0
58.7	3.65427E-08	-2.7148E-08	0
58.72	3.4586E-08	-2.80416E-08	0
58.74	3.26366E-08	-2.88335E-08	0
58.76	3.06984E-08	-2.95263E-08	0
58.78	2.87755E-08	-3.01226E-08	0
58.8	2.68713E-08	-3.06253E-08	0
58.82	2.49896E-08	-3.10373E-08	0
58.84	2.31335E-08	-3.13616E-08	0
58.86	2.13062E-08	-3.16013E-08	0
58.88	1.95105E-08	-3.17594E-08	0
58.9	1.77492E-08	-3.18392E-08	0
58.92	1.60247E-08	-3.18439E-08	0
58.94	1.43393E-08	-3.17766E-08	0
58.96	1.26952E-08	-3.16408E-08	0
58.98	1.10944E-08	-3.14396E-08	0
59	9.53846E-09	-3.11764E-08	0
59.02	8.02909E-09	-3.08544E-08	0
59.04	6.56764E-09	-3.04769E-08	0
59.06	5.15537E-09	-3.00473E-08	0
59.08	3.79332E-09	-2.95688E-08	0
59.1	2.48241E-09	-2.90445E-08	0
59.12	1.22338E-09	-2.84776E-08	0
59.14	1.68203E-11	-2.78714E-08	0
59.16	-1.13681E-09	-2.72289E-08	0
59.18	-2.23719E-09	-2.65531E-08	0
59.2	-3.28417E-09	-2.58471E-08	0
59.22	-4.27769E-09	-2.51137E-08	0
59.24	-5.21782E-09	-2.43559E-08	0
59.26	-6.10478E-09	-2.35763E-08	0
59.28	-6.93886E-09	-2.27778E-08	0
59.3	-7.7205E-09	-2.1963E-08	0
59.32	-8.4502E-09	-2.11345E-08	0
59.34	-9.12859E-09	-2.02947E-08	0
59.36	-9.75638E-09	-1.94461E-08	0
59.38	-1.03343E-08	-1.85909E-08	0
59.4	-1.08634E-08	-1.77315E-08	0
59.42	-1.13444E-08	-1.68699E-08	0
59.44	-1.17785E-08	-1.60082E-08	0
59.46	-1.21666E-08	-1.51484E-08	0
59.48	-1.251E-08	-1.42924E-08	0
59.5	-1.28098E-08	-1.34419E-08	0
59.52	-1.30673E-08	-1.25987E-08	0
59.54	-1.32837E-08	-1.17643E-08	0
59.56	-1.34604E-08	-1.09403E-08	0
59.58	-1.35986E-08	-1.01281E-08	0
59.6	-1.36999E-08	-9.32898E-09	0
59.62	-1.37656E-08	-8.54424E-09	0
59.64	-1.37971E-08	-7.77502E-09	0
59.66	-1.37959E-08	-7.0224E-09	0
59.68	-1.37633E-08	-6.28735E-09	0
59.7	-1.3701E-08	-5.57079E-09	0
59.72	-1.36103E-08	-4.87352E-09	0
59.74	-1.34927E-08	-4.1963E-09	0
59.76	-1.33497E-08	-3.53977E-09	0
59.78	-1.31827E-08	-2.90452E-09	0
59.8	-1.29932E-08	-2.29107E-09	0
59.82	-1.27826E-08	-1.69984E-09	0
59.84	-1.25523E-08	-1.1312E-09	0
59.86	-1.23037E-08	-5.85446E-10	0
59.88	-1.20383E-08	-6.28119E-11	0
59.9	-1.17574E-08	4.36536E-10	0
59.92	-1.14622E-08	9.12491E-10	0
59.94	-1.11542E-08	1.36501E-09	0
59.96	-1.08346E-08	1.79409E-09	0
59.98	-1.05047E-08	2.19981E-09	0
60	-1.01656E-08	2.58227E-09	0
60.02	-9.81864E-09	2.94164E-09	0
60.04	-9.46485E-09	3.27812E-09	0
60.06	-9.10539E-09	3.59197E-09	0
60.08	-8.74134E-09	3.88348E-09	0
60.1	-8.37375E-09	4.15298E-09	0
60.12	-8.0036E-09	4.40084E-09	0
60.14	-7.63188E-09	4.62746E-09	0
60.16	-7.25951E-09	4.83327E-09	0
60.18	-6.88737E-09	5.01874E-09	0
60.2	-6.5163E-09	5.18435E-09	0
60.22	-6.14712E-09	5.33062E-09	0
60.24	-5.78059E-09	5.45807E-09	0
60.26	-5.41742E-09	5.56726E-09	0
60.28	-5.05832E-09	5.65877E-09	0
60.3	-4.70391E-09	5.73318E-09	0
60.32	-4.35481E-09	5.79108E-09	0
60.34	-4.01158E-09	5.8331E-09	0
60.36	-3.67474E-09	5.85984E-09	0
60.38	-3.34479E-09	5.87195E-09	0
60.4	-3.02217E-09	5.87005E-09	0
60.42	-2.70729E-09	5.85477E-09	0
60.44	-2.40054E-09	5.82677E-09	0
60.46	-2.10225E-09	5.78668E-09	0
60.48	-1.81272E-09	5.73514E-09	0
60.5	-1.53223E-09	5.67279E-09	0
60.52	-1.26102E-09	5.60026E-09	0
60.54	-9.9929E-10	5.51819E-09	0
60.56	-7.47214E-10	5.42719E-09	0
60.58	-5.04937E-10	5.32788E-09	0
60.6	-2.72573E-10	5.22087E-09	0
60.62	-5.021E-11	5.10676E-09	0
60.64	1.62094E-10	4.98613E-09	0
60.66	3.64305E-10	4.85956E-09	0
60.68	5.56416E-10	4.72761E-09	0
60.7	7.38441E-10	4.59083E-09	0
60.72	9.1042E-10	4.44976E-09	0
60.74	1.07241E-09	4.30493E-09	0
60.76	1.2245E-09	4.15683E-09	0
60.78	1.36678E-09	4.00596E-09	0
60.8	1.49938E-09	3.8528E-09	0
60.82	1.62242E-09	3.69781E-09	0
60.84	1.73606E-09	3.54143E-09	0
60.86	1.84048E-09	3.38408E-09	0
60.88	1.93583E-09	3.22618E-09	0
60.9	2.02233E-09	3.06811E-09	0
60.92	2.10018E-09	2.91026E-09	0
60.94	2.16959E-09	2.75297E-09	0
60.96	2.23079E-09	2.59659E-09	0
60.98	2.28401E-09	2.44144E-09	0
61	2.3295E-09	2.28782E-09	0
61.02	2.36751E-09	2.13602E-09	0
61.04	2.39829E-09	1.98631E-09	0
61.06	2.4221E-09	1.83894E-09	0
61.08	2.43921E-09	1.69414E-09	0
61.1	2.44989E-09	1.55213E-09	0
61.12	2.45441E-09	1.41312E-09	0
61.14	2.45304E-09	1.27729E-09	0
61.16	2.44606E-09	1.14481E-09	0
61.18	2.43375E-09	1.01583E-09	0
61.2	2.41637E-09	8.90487E-10	0
61.22	2.39421E-09	7.68912E-10	0
61.24	2.36753E-09	6.51211E-10	0
61.26	2.33661E-09	5.37478E-10	0
61.28	2.30171E-09	4.27795E-10	0
61.3	2.26311E-09	3.22231E-10	0
61.32	2.22106E-09	2.2084E-10	0
61.34	2.17581E-09	1.23665E-10	0
61.36	2.12764E-09	3.07377E-11	0
61.38	2.07678E-09	-5.79225E-11	0
61.4	2.02347E-09	-1.42307E-10	0
61.42	1.96796E-09	-2.22417E-10	0
61.44	1.91047E-09	-2.98265E-10	0
61.46	1.85124E-09	-3.69872E-10	0
61.48	1.79048E-09	-4.37267E-10	0
61.5	1.7284E-09	-5.0049E-10	0
61.52	1.66522E-09	-5.59587E-10	0
61.54	1.60113E-09	-6.14613E-10	0
61.56	1.53632E-09	-6.65627E-10	0
61.58	1.47098E-09	-7.127E-10	0
61.6	1.40529E-09	-7.55903E-10	0
61.62	1.33941E-09	-7.95318E-10	0
61.64	1.27352E-09	-8.31029E-10	0
61.66	1.20775E-09	-8.63125E-10	0
61.68	1.14227E-09	-8.917E-10	0
61.7	1.07721E-09	-9.16853E-10	0
61.72	1.01271E-09	-9.38685E-10	0
61.74	9.4889E-10	-9.573E-10	0
61.76	8.85866E-10	-9.72805E-10	0
61.78	8.2375E-10	-9.8531E-10	0
61.8	7.62645E-10	-9.94927E-10	0
61.82	7.02647E-10	-1.00177E-09	0
61.84	6.43846E-10	-1.00595E-09	0
61.86	5.86322E-10	-1.00758E-09	0
61.88	5.30151E-10	-1.00679E-09	0
61.9	4.75401E-10	-1.00368E-09	0
61.92	4.22134E-10	-9.98376E-10	0
61.94	3.70404E-10	-9.90989E-10	0
61.96	3.20262E-10	-9.81637E-10	0
61.98	2.71749E-10	-9.70433E-10	0
62	2.24904E-10	-9.57492E-10	0
62.02	1.79757E-10	-9.42926E-10	0
62.04	1.36335E-10	-9.26846E-10	0
62.06	9.46574E-11	-9.09362E-10	0
62.08	5.47409E-11	-8.90581E-10	0
62.1	1.65958E-11	-8.70609E-10	0
62.12	-1.97719E-11	-8.49549E-10	0
62.14	-5.43609E-11	-8.27502E-10	0
62.16	-8.71739E-11	-8.04567E-10	0
62.18	-1.18218E-10	-7.8084E-10	0
62.2	-1.47503E-10	-7.56415E-10	0
62.22	-1.75045E-10	-7.31382E-10	0
62.24	-2.00861E-10	-7.0583E-10	0
62.26	-2.24971E-10	-6.79843E-10	0
62.28	-2.47401E-10	-6.53503E-10	0
62.3	-2.68178E-10	-6.26889E-10	0
62.32	-2.8733E-10	-6.00077E-10	0
62.34	-3.0489E-10	-5.7314E-10	0
62.36	-3.20893E-10	-5.46148E-10	0
62.38	-3.35375E-10	-5.19166E-10	0
62.4	-3.48374E-10	-4.92258E-10	0
62.42	-3.5993E-10	-4.65484E-10	0
62.44	-3.70085E-10	-4.38901E-10	0
62.46	-3.78881E-10	-4.12563E-10	0
62.48	-3.86364E-10	-3.8652E-10	0
62.5	-3.92578E-10	-3.60821E-10	0
62.52	-3.97568E-10	-3.35508E-10	0
62.54	-4.01382E-10	-3.10624E-10	0
62.56	-4.04068E-10	-2.86207E-10	0
62.58	-4.05672E-10	-2.62292E-10	0
62.6	-4.06243E-10	-2.38912E-10	0
62.62	-4.05829E-10	-2.16097E-10	0
62.64	-4.04478E-10	-1.93874E-10	0
62.66	-4.02239E-10	-1.72267E-10	0
62.68	-3.99159E-10	-1.51297E-10	0
62.7	-3.95286E-10	-1.30984E-10	0
62.72	-3.90668E-10	-1.11345E-10	0
62.74	-3.85351E-10	-9.23928E-11	0
62.76	-3.79382E-10	-7.41402E-11	0
62.78	-3.72806E-10	-5.65966E-11	0
62.8	-3.65668E-10	-3.97695E-11	0
62.82	-3.58012E-10	-2.36644E-11	0
62.84	-3.49882E-10	-8.28469E-12	0
62.86	-3.41319E-10	6.36808E-12	0
62.88	-3.32364E-10	2.02942E-11	0
62.9	-3.23059E-10	3.34957E-11	0
62.92	-3.13442E-10	4.59761E-11	0
62.94	-3.0355E-10	5.77407E-11	0
62.96	-2.93422E-10	6.87961E-11	0
62.98	-2.83092E-10	7.91503E-11	0
63	-2.72595E-10	8.88127E-11	0
63.02	-2.61963E-10	9.77937E-11	0
63.04	-2.51229E-10	1.06105E-10	0
63.06	-2.40424E-10	1.13759E-10	0
63.08	-2.29576E-10	1.20771E-10	0
63.1	-2.18713E-10	1.27153E-10	0
63.12	-2.07863E-10	1.32922E-10	0
63.14	-1.9705E-10	1.38093E-10	0
63.16	-1.86298E-10	1.42684E-10	0
63.18	-1.7563E-10	1.46711E-10	0
63.2	-1.65067E-10	1.50193E-10	0
63.22	-1.5463E-10	1.53147E-10	0
63.24	-1.44337E-10	1.55593E-10	0
63.26	-1.34205E-10	1.57549E-10	0
63.28	-1.24252E-10	1.59035E-10	0
63.3	-1.14492E-10	1.6007E-10	0
63.32	-1.04939E-10	1.60673E-10	0
63.34	-9.56063E-11	1.60864E-10	0
63.36	-8.65046E-11	1.60664E-10	0
63.38	-7.76448E-11	1.6009E-10	0
63.4	-6.90361E-11	1.59164E-10	0
63.42	-6.06869E-11	1.57905E-10	0
63.44	-5.26045E-11	1.56331E-10	0
63.46	-4.47952E-11	1.54462E-10	0
63.48	-3.72642E-11	1.52318E-10	0
63.5	-3.0016E-11	1.49916E-10	0
63.52	-2.3054E-11	1.47276E-10	0
63.54	-1.63808E-11	1.44414E-10	0
63.56	-9.9984E-12	1.4135E-10	0
63.58	-3.90764E-12	1.381E-10	0
63.6	1.89117E-12	1.3468E-10	0
63.62	7.39849E-12	1.31109E-10	0
63.64	1.26154E-11	1.27401E-10	0
63.66	1.75438E-11	1.23573E-10	0
63.68	2.2186E-11	1.19639E-10	0
63.7	2.6545E-11	1.15615E-10	0
63.72	3.06242E-11	1.11513E-10	0
63.74	3.44277E-11	1.07349E-10	0
63.76	3.796E-11	1.03135E-10	0
63.78	4.1226E-11	9.8883E-11	0
63.8	4.42309E-11	9.46061E-11	0
63.82	4.69805E-11	9.03155E-11	0
63.84	4.94808E-11	8.60222E-11	0
63.86	5.17381E-11	8.17366E-11	0
63.88	5.37591E-11	7.74688E-11	0
63.9	5.55504E-11	7.3228E-11	0
63.92	5.71194E-11	6.90232E-11	0
63.94	5.84731E-11	6.48627E-11	0
63.96	5.9619E-11	6.07543E-11	0
63.98	6.05648E-11	5.67053E-11	0
64	6.13179E-11	5.27227E-11	0
64.02	6.18863E-11	4.88126E-11	0
64.04	6.22776E-11	4.49808E-11	0
64.06	6.24999E-11	4.12329E-11	0
64.08	6.25609E-11	3.75735E-11	0
64.1	6.24686E-11	3.40071E-11	0
64.12	6.22308E-11	3.05378E-11	0
64.14	6.18554E-11	2.7169E-11	0
64.16	6.135E-11	2.39039E-11	0
64.18	6.07225E-11	2.07452E-11	0
64.2	5.99805E-11	1.76952E-11	0
64.22	5.91314E-11	1.47558E-11	0
64.24	5.81826E-11	1.19287E-11	0
64.26	5.71415E-11	9.21503E-12	0
64.28	5.60152E-11	6.61571E-12	0
64.3	5.48107E-11	4.1313E-12	0
64.32	5.35348E-11	1.76206E-12	0
64.34	5.21942E-11	-4.92043E-13	0
64.36	5.07953E-11	-2.63132E-12	0
64.38	4.93446E-11	-4.65635E-12	0
64.4	4.7848E-11	-6.56796E-12	0
64.42	4.63116E-11	-8.36721E-12	0
64.44	4.4741E-11	-1.00554E-11	0
64.46	4.31418E-11	-1.1634E-11	0
64.48	4.15193E-11	-1.31046E-11	0
64.5	3.98786E-11	-1.44693E-11	0
64.52	3.82247E-11	-1.57299E-11	0
64.54	3.65621E-11	-1.68887E-11	0
64.56	3.48954E-11	-1.79479E-11	0
64.58	3.32289E-11	-1.89101E-11	0
64.6	3.15665E-11	-1.97777E-11	0
64.62	2.99121E-11	-2.05535E-11	0
64.64	2.82693E-11	-2.12402E-11	0
64.66	2.66415E-11	-2.18406E-11	0
64.68	2.5032E-11	-2.23576E-11	0
64.7	2.34436E-11	-2.27942E-11	0
64.72	2.18793E-11	-2.31534E-11	0
64.74	2.03416E-11	-2.34382E-11	0
64.76	1.88329E-11	-2.36517E-11	0
64.78	1.73554E-11	-2.37971E-11	0
64.8	1.59111E-11	-2.38773E-11	0
64.82	1.45019E-11	-2.38955E-11	0
64.84	1.31293E-11	-2.38548E-11	0
64.86	1.1795E-11	-2.37584E-11	0
64.88	1.05002E-11	-2.36092E-11	0
64.9	9.24602E-12	-2.34103E-11	0
64.92	8.03351E-12	-2.31647E-11	0
64.94	6.8635E-12	-2.28754E-11	0
64.96	5.73667E-12	-2.25453E-11	0
64.98	4.65358E-12	-2.21774E-11	0
65	3.61464E-12	-2.17744E-11	0
65.02	2.62015E-12	-2.1339E-11	0
65.04	1.67026E-12	-2.08741E-11	0
65.06	7.65031E-13	-2.03823E-11	0
65.08	-9.56114E-14	-1.98661E-11	0
65.1	-9.11838E-13	-1.9328E-11	0
65.12	-1.68392E-12	-1.87706E-11	0
65.14	-2.41223E-12	-1.8196E-11	0
65.16	-3.09722E-12	-1.76067E-11	0
65.18	-3.73942E-12	-1.70048E-11	0
65.2	-4.33946E-12	-1.63924E-11	0
65.22	-4.89803E-12	-1.57716E-11	0
65.24	-5.41588E-12	-1.51443E-11	0
65.26	-5.89384E-12	-1.45123E-11	0
65.28	-6.33277E-12	-1.38776E-11	0
65.3	-6.7336E-12	-1.32417E-11	0
65.32	-7.0973E-12	-1.26064E-11	0
65.34	-7.4249E-12	-1.1973E-11	0
65.36	-7.71743E-12	-1.13432E-11	0
65.38	-7.97599E-12	-1.07181E-11	0
65.4	-8.20169E-12	-1.00993E-11	0
65.42	-8.39566E-12	-9.48769E-12	0
65.44	-8.55907E-12	-8.88459E-12	0
65.46	-8.69308E-12	-8.29099E-12	0
65.48	-8.79888E-12	-7.70786E-12	0
65.5	-8.87767E-12	-7.1361E-12	0
65.52	-8.93064E-12	-6.57652E-12	0
65.54	-8.95899E-12	-6.02988E-12	0
65.56	-8.96394E-12	-5.49684E-12	0
65.58	-8.94667E-12	-4.97803E-12	0
65.6	-8.90838E-12	-4.47398E-12	0
65.62	-8.85024E-12	-3.98516E-12	0
65.64	-8.77343E-12	-3.512E-12	0
65.66	-8.6791E-12	-3.05485E-12	0
65.68	-8.5684E-12	-2.614E-12	0
65.7	-8.44244E-12	-2.18971E-12	0
65.72	-8.30232E-12	-1.78215E-12	0
65.74	-8.14913E-12	-1.39146E-12	0
65.76	-7.98392E-12	-1.01773E-12	0
65.78	-7.80772E-12	-6.61012E-13	0
65.8	-7.62154E-12	-3.2129E-13	0
65.82	-7.42636E-12	1.4751E-15	0
65.84	-7.22312E-12	3.07369E-13	0
65.86	-7.01274E-12	5.96514E-13	0
65.88	-6.79613E-12	8.69066E-13	0
65.9	-6.57413E-12	1.12522E-12	0
65.92	-6.34758E-12	1.36519E-12	0
65.94	-6.11728E-12	1.58923E-12	0
65.96	-5.88398E-12	1.79761E-12	0
65.98	-5.64842E-12	1.99064E-12	0
66	-5.41131E-12	2.16864E-12	0
66.02	-5.17331E-12	2.33196E-12	0
66.04	-4.93506E-12	2.48095E-12	0
66.06	-4.69716E-12	2.616E-12	0
66.08	-4.46018E-12	2.7375E-12	0
66.1	-4.22465E-12	2.84586E-12	0
66.12	-3.9911E-12	2.94149E-12	0
66.14	-3.75999E-12	3.02483E-12	0
66.16	-3.53176E-12	3.09632E-12	0
66.18	-3.30684E-12	3.1564E-12	0
66.2	-3.08561E-12	3.20551E-12	0
66.22	-2.86842E-12	3.24411E-12	0
66.24	-2.6556E-12	3.27266E-12	0
66.26	-2.44745E-12	3.29162E-12	0
66.28	-2.24424E-12	3.30143E-12	0
66.3	-2.04622E-12	3.30256E-12	0
66.32	-1.8536E-12	3.29546E-12	0
66.34	-1.66658E-12	3.28058E-12	0
66.36	-1.48533E-12	3.25837E-12	0
66.38	-1.30999E-12	3.22927E-12	0
66.4	-1.1407E-12	3.19371E-12	0
66.42	-9.77553E-13	3.15212E-12	0
66.44	-8.2063E-13	3.10493E-12	0
66.46	-6.69996E-13	3.05254E-12	0
66.48	-5.25692E-13	2.99537E-12	0
66.5	-3.87745E-13	2.9338E-12	0
66.52	-2.56162E-13	2.86822E-12	0
66.54	-1.30935E-13	2.79902E-12	0
66.56	-1.20391E-14	2.72654E-12	0
66.58	1.00563E-13	2.65115E-12	0
66.6	2.06925E-13	2.57319E-12	0
66.62	3.0711E-13	2.49299E-12	0
66.64	4.01197E-13	2.41086E-12	0
66.66	4.89274E-13	2.32712E-12	0
66.68	5.7144E-13	2.24206E-12	0
66.7	6.47803E-13	2.15595E-12	0
66.72	7.1848E-13	2.06909E-12	0
66.74	7.83597E-13	1.98171E-12	0
66.76	8.43286E-13	1.89406E-12	0
66.78	8.97687E-13	1.80638E-12	0
66.8	9.46944E-13	1.7189E-12	0
66.82	9.91209E-13	1.63181E-12	0
66.84	1.03064E-12	1.54531E-12	0
66.86	1.06538E-12	1.4596E-12	0
66.88	1.09562E-12	1.37484E-12	0
66.9	1.1215E-12	1.29119E-12	0
66.92	1.14319E-12	1.2088E-12	0
66.94	1.16087E-12	1.12782E-12	0
66.96	1.17471E-12	1.04837E-12	0
66.98	1.18487E-12	9.70564E-13	0
67	1.19153E-12	8.94516E-13	0
67.02	1.19485E-12	8.2032E-13	0
67.04	1.19501E-12	7.48064E-13	0
67.06	1.19218E-12	6.77824E-13	0
67.08	1.18652E-12	6.09669E-13	0
67.1	1.17819E-12	5.43659E-13	0
67.12	1.16737E-12	4.79845E-13	0
67.14	1.15422E-12	4.18268E-13	0
67.16	1.13888E-12	3.58964E-13	0
67.18	1.12152E-12	3.0196E-13	0
67.2	1.10229E-12	2.47276E-13	0
67.22	1.08134E-12	1.94924E-13	0
67.24	1.05881E-12	1.44911E-13	0
67.26	1.03484E-12	9.72371E-14	0
67.28	1.00958E-12	5.18965E-14	0
67.3	9.83153E-13	8.87773E-15	0
67.32	9.5569E-13	-3.18359E-14	0
67.34	9.27316E-13	-7.02659E-14	0
67.36	8.98153E-13	-1.06439E-13	0
67.38	8.68316E-13	-1.40384E-13	0
67.4	8.37917E-13	-1.72138E-13	0
67.42	8.07062E-13	-2.01737E-13	0
67.44	7.75854E-13	-2.29224E-13	0
67.46	7.44391E-13	-2.54643E-13	0
67.48	7.12766E-13	-2.78042E-13	0
67.5	6.81068E-13	-2.99471E-13	0
67.52	6.4938E-13	-3.18983E-13	0
67.54	6.17781E-13	-3.36631E-13	0
67.56	5.86348E-13	-3.52472E-13	0
67.58	5.55151E-13	-3.66564E-13	0
67.6	5.24254E-13	-3.78966E-13	0
67.62	4.93721E-13	-3.89739E-13	0
67.64	4.63609E-13	-3.98943E-13	0
67.66	4.33971E-13	-4.0664E-13	0
67.68	4.04856E-13	-4.12893E-13	0
67.7	3.76309E-13	-4.17763E-13	0
67.72	3.48373E-13	-4.21315E-13	0
67.74	3.21084E-13	-4.2361E-13	0
67.76	2.94476E-13	-4.24711E-13	0
67.78	2.68581E-13	-4.24681E-13	0
67.8	2.43424E-13	-4.2358E-13	0
67.82	2.19029E-13	-4.2147E-13	0
67.84	1.95416E-13	-4.18412E-13	0
67.86	1.72604E-13	-4.14464E-13	0
67.88	1.50605E-13	-4.09685E-13	0
67.9	1.29432E-13	-4.04133E-13	0
67.92	1.09093E-13	-3.97864E-13	0
67.94	8.95943E-14	-3.90933E-13	0
67.96	7.09393E-14	-3.83394E-13	0
67.98	5.31295E-14	-3.75298E-13	0
68	3.61638E-14	-3.66698E-13	0
68.02	2.00392E-14	-3.57642E-13	0
68.04	4.75076E-15	-3.48179E-13	0
68.06	-9.70854E-15	-3.38355E-13	0
68.08	-2.33473E-14	-3.28214E-13	0
68.1	-3.61758E-14	-3.178E-13	0
68.12	-4.82057E-14	-3.07154E-13	0
68.14	-5.94504E-14	-2.96317E-13	0
68.16	-6.99241E-14	-2.85325E-13	0
68.18	-7.96426E-14	-2.74216E-13	0
68.2	-8.86226E-14	-2.63024E-13	0
68.22	-9.68817E-14	-2.51783E-13	0
68.24	-1.04439E-13	-2.40523E-13	0
68.26	-1.11313E-13	-2.29275E-13	0
68.28	-1.17524E-13	-2.18067E-13	0
68.3	-1.23092E-13	-2.06924E-13	0
68.32	-1.2804E-13	-1.95873E-13	0
68.34	-1.32389E-13	-1.84935E-13	0
68.36	-1.36159E-13	-1.74133E-13	0
68.38	-1.39375E-13	-1.63486E-13	0
68.4	-1.42057E-13	-1.53014E-13	0
68.42	-1.44229E-13	-1.42733E-13	0
68.44	-1.45914E-13	-1.32659E-13	0
68.46	-1.47133E-13	-1.22807E-13	0
68.48	-1.4791E-13	-1.13189E-13	0
68.5	-1.48266E-13	-1.03818E-13	0
68.52	-1.48225E-13	-9.47024E-14	0
68.54	-1.47809E-13	-8.58526E-14	0
68.56	-1.47038E-13	-7.72763E-14	0
68.58	-1.45936E-13	-6.89804E-14	0
68.6	-1.44522E-13	-6.09705E-14	0
68.62	-1.42819E-13	-5.32512E-14	0
68.64	-1.40846E-13	-4.58264E-14	0
68.66	-1.38623E-13	-3.86985E-14	0
68.68	-1.3617E-13	-3.18695E-14	0
68.7	-1.33506E-13	-2.53403E-14	0
68.72	-1.3065E-13	-1.91109E-14	0
68.74	-1.27619E-13	-1.31807E-14	0
68.76	-1.24431E-13	-7.54818E-15	0
68.78	-1.21104E-13	-2.21134E-15	0
68.8	-1.17652E-13	2.8326E-15	0
68.82	-1.14093E-13	7.587E-15	0
68.84	-1.10441E-13	1.20558E-14	0
68.86	-1.06711E-13	1.62434E-14	0
68.88	-1.02916E-13	2.01547E-14	0
68.9	-9.90706E-14	2.3795E-14	0
68.92	-9.51869E-14	2.71702E-14	0
68.94	-9.12772E-14	3.02864E-14	0
68.96	-8.73529E-14	3.315E-14	0
68.98	-8.34249E-14	3.57676E-14	0
69	-7.95037E-14	3.81465E-14	0
69.02	-7.55988E-14	4.02937E-14	0
69.04	-7.17195E-14	4.22168E-14	0
69.06	-6.78744E-14	4.39232E-14	0
69.08	-6.40713E-14	4.54208E-14	0
69.1	-6.03178E-14	4.67173E-14	0
69.12	-5.66208E-14	4.78208E-14	0
69.14	-5.29866E-14	4.87391E-14	0
69.16	-4.94211E-14	4.94804E-14	0
69.18	-4.59296E-14	5.00526E-14	0
69.2	-4.2517E-14	5.04637E-14	0
69.22	-3.91877E-14	5.07217E-14	0
69.24	-3.59456E-14	5.08346E-14	0
69.26	-3.27942E-14	5.08103E-14	0
69.28	-2.97365E-14	5.06564E-14	0
69.3	-2.67751E-14	5.03808E-14	0
69.32	-2.39123E-14	4.99909E-14	0
69.34	-2.115E-14	4.94943E-14	0
69.36	-1.84895E-14	4.88982E-14	0
69.38	-1.59321E-14	4.82097E-14	0
69.4	-1.34786E-14	4.74359E-14	0
69.42	-1.11295E-14	4.65836E-14	0
69.44	-8.8849E-15	4.56594E-14	0
69.46	-6.74477E-15	4.46698E-14	0
69.48	-4.70875E-15	4.3621E-14	0
69.5	-2.77623E-15	4.25191E-14	0
69.52	-9.46379E-16	4.137E-14	0
69.54	7.81877E-16	4.01793E-14	0
69.56	2.4098E-15	3.89524E-14	0
69.58	3.93885E-15	3.76946E-14	0
69.6	5.37065E-15	3.64109E-14	0
69.62	6.707E-15	3.51062E-14	0
69.64	7.94984E-15	3.37849E-14	0
69.66	9.10125E-15	3.24515E-14	0
69.68	1.01634E-14	3.111E-14	0
69.7	1.11387E-14	2.97646E-14	0
69.72	1.20294E-14	2.84188E-14	0
69.74	1.2838E-14	2.70762E-14	0
69.76	1.35672E-14	2.57401E-14	0
69.78	1.42195E-14	2.44137E-14	0
69.8	1.47976E-14	2.30997E-14	0
69.82	1.53043E-14	2.1801E-14	0
69.84	1.57422E-14	2.052E-14	0
69.86	1.61142E-14	1.92592E-14	0
69.88	1.64231E-14	1.80205E-14	0
69.9	1.66716E-14	1.6806E-14	0
69.92	1.68625E-14	1.56174E-14	0
69.94	1.69986E-14	1.44565E-14	0
69.96	1.70828E-14	1.33245E-14	0
69.98	1.71177E-14	1.22229E-14	0
70	1.7106E-14	1.11528E-14	0
70.02	1.70506E-14	1.01151E-14	0
70.04	1.69539E-14	9.11079E-15	0
70.06	1.68186E-14	8.14049E-15	0
70.08	1.66474E-14	7.2048E-15	0
70.1	1.64426E-14	6.3042E-15	0
70.12	1.62068E-14	5.43903E-15	0
70.14	1.59423E-14	4.60952E-15	0
70.16	1.56515E-14	3.8158E-15	0
70.18	1.53367E-14	3.05789E-15	0
70.2	1.5E-14	2.33572E-15	0
70.22	1.46436E-14	1.64912E-15	0
70.24	1.42696E-14	9.97857E-16	0
70.26	1.38799E-14	3.816E-16	0
70.28	1.34765E-14	-2.00048E-16	0
70.3	1.30612E-14	-7.47552E-16	0
70.32	1.26358E-14	-1.26144E-15	0
70.34	1.22019E-14	-1.74231E-15	0
70.36	1.17613E-14	-2.19079E-15	0
70.38	1.13155E-14	-2.60757E-15	0
70.4	1.08658E-14	-2.99339E-15	0
70.42	1.04138E-14	-3.34902E-15	0
70.44	9.96079E-15	-3.67527E-15	0
70.46	9.50794E-15	-3.97297E-15	0
70.48	9.05647E-15	-4.243E-15	0
70.5	8.60749E-15	-4.48624E-15	0
70.52	8.16203E-15	-4.7036E-15	0
70.54	7.72106E-15	-4.896E-15	0
70.56	7.28548E-15	-5.06438E-15	0
70.58	6.85612E-15	-5.2097E-15	0
70.6	6.43376E-15	-5.33289E-15	0
70.62	6.0191E-15	-5.43492E-15	0
70.64	5.61279E-15	-5.51675E-15	0
70.66	5.21541E-15	-5.57934E-15	0
70.68	4.82749E-15	-5.62362E-15	0
70.7	4.4495E-15	-5.65055E-15	0
70.72	4.08187E-15	-5.66106E-15	0
70.74	3.72496E-15	-5.65609E-15	0
70.76	3.3791E-15	-5.63653E-15	0
70.78	3.04454E-15	-5.6033E-15	0
70.8	2.72153E-15	-5.55727E-15	0
70.82	2.41023E-15	-5.49931E-15	0
70.84	2.11079E-15	-5.43026E-15	0
70.86	1.82331E-15	-5.35096E-15	0
70.88	1.54785E-15	-5.26221E-15	0
70.9	1.28444E-15	-5.16479E-15	0
70.92	1.03307E-15	-5.05948E-15	0
70.94	7.93715E-16	-4.947E-15	0
70.96	5.66295E-16	-4.82807E-15	0
70.98	3.50718E-16	-4.70339E-15	0
71	1.46864E-16	-4.57361E-15	0
71.02	-4.54121E-17	-4.43939E-15	0
71.04	-2.26279E-16	-4.30133E-15	0
71.06	-3.95923E-16	-4.16002E-15	0
71.08	-5.54553E-16	-4.01604E-15	0
71.1	-7.02391E-16	-3.86991E-15	0
71.12	-8.39678E-16	-3.72216E-15	0
71.14	-9.66668E-16	-3.57326E-15	0
71.16	-1.08363E-15	-3.42368E-15	0
71.18	-1.19083E-15	-3.27385E-15	0
71.2	-1.28857E-15	-3.1242E-15	0
71.22	-1.37714E-15	-2.9751E-15	0
71.24	-1.45685E-15	-2.82691E-15	0
71.26	-1.52799E-15	-2.67999E-15	0
71.28	-1.59089E-15	-2.53464E-15	0
71.3	-1.64586E-15	-2.39116E-15	0
71.32	-1.69323E-15	-2.24981E-15	0
71.34	-1.7333E-15	-2.11086E-15	0
71.36	-1.76642E-15	-1.97452E-15	0
71.38	-1.79289E-15	-1.84102E-15	0
71.4	-1.81304E-15	-1.71052E-15	0
71.42	-1.82719E-15	-1.58322E-15	0
71.44	-1.83565E-15	-1.45925E-15	0
71.46	-1.83874E-15	-1.33875E-15	0
71.48	-1.83676E-15	-1.22183E-15	0
71.5	-1.83002E-15	-1.1086E-15	0
71.52	-1.81881E-15	-9.99147E-16	0
71.54	-1.80344E-15	-8.93529E-16	0
71.56	-1.78419E-15	-7.91805E-16	0
71.58	-1.76134E-15	-6.94017E-16	0
71.6	-1.73515E-15	-6.00193E-16	0
71.62	-1.70591E-15	-5.10348E-16	0
71.64	-1.67387E-15	-4.24487E-16	0
71.66	-1.63928E-15	-3.42604E-16	0
71.68	-1.60238E-15	-2.64681E-16	0
71.7	-1.56341E-15	-1.90692E-16	0
71.72	-1.52259E-15	-1.20602E-16	0
71.74	-1.48015E-15	-5.43672E-17	0
71.76	-1.43629E-15	8.06469E-18	0
71.78	-1.39122E-15	6.6752E-17	0
71.8	-1.34513E-15	1.2176E-16	0
71.82	-1.2982E-15	1.7316E-16	0
71.84	-1.2506E-15	2.21029E-16	0
71.86	-1.20251E-15	2.65449E-16	0
71.88	-1.15408E-15	3.06505E-16	0
71.9	-1.10547E-15	3.44288E-16	0
71.92	-1.05681E-15	3.78892E-16	0
71.94	-1.00824E-15	4.10413E-16	0
71.96	-9.59874E-16	4.38949E-16	0
71.98	-9.11841E-16	4.64604E-16	0
72	-8.64247E-16	4.87478E-16	0
72.02	-8.17193E-16	5.07678E-16	0
72.04	-7.70773E-16	5.25307E-16	0
72.06	-7.25073E-16	5.40473E-16	0
72.08	-6.80175E-16	5.53282E-16	0
72.1	-6.36149E-16	5.63839E-16	0
72.12	-5.93063E-16	5.72252E-16	0
72.14	-5.50976E-16	5.78626E-16	0
72.16	-5.09942E-16	5.83065E-16	0
72.18	-4.70007E-16	5.85674E-16	0
72.2	-4.31214E-16	5.86555E-16	0
72.22	-3.93598E-16	5.85809E-16	0
72.24	-3.57191E-16	5.83536E-16	0
72.26	-3.22017E-16	5.79833E-16	0
72.28	-2.88098E-16	5.74797E-16	0
72.3	-2.55449E-16	5.68519E-16	0
72.32	-2.24083E-16	5.61093E-16	0
72.34	-1.94007E-16	5.52607E-16	0
72.36	-1.65224E-16	5.43147E-16	0
72.38	-1.37735E-16	5.32797E-16	0
72.4	-1.11536E-16	5.2164E-16	0
72.42	-8.66193E-17	5.09753E-16	0
72.44	-6.29759E-17	4.97213E-16	0
72.46	-4.05928E-17	4.84092E-16	0
72.48	-1.94546E-17	4.70462E-16	0
72.5	4.56735E-19	4.56389E-16	0
72.52	1.91612E-17	4.41939E-16	0
72.54	3.6681E-17	4.27173E-16	0
72.56	5.30403E-17	4.1215E-16	0
72.58	6.82648E-17	3.96926E-16	0
72.6	8.23819E-17	3.81554E-16	0
72.62	9.54201E-17	3.66086E-16	0
72.64	1.07409E-16	3.50569E-16	0
72.66	1.18381E-16	3.35047E-16	0
72.68	1.28366E-16	3.19563E-16	0
72.7	1.37397E-16	3.04157E-16	0
72.72	1.45509E-16	2.88866E-16	0
72.74	1.52733E-16	2.73724E-16	0
72.76	1.59105E-16	2.58763E-16	0
72.78	1.64659E-16	2.44013E-16	0
72.8	1.6943E-16	2.29501E-16	0
72.82	1.73451E-16	2.15252E-16	0
72.84	1.76758E-16	2.01289E-16	0
72.86	1.79384E-16	1.87633E-16	0
72.88	1.81365E-16	1.74301E-16	0
72.9	1.82733E-16	1.6131E-16	0
72.92	1.83522E-16	1.48675E-16	0
72.94	1.83766E-16	1.36409E-16	0
72.96	1.83497E-16	1.24522E-16	0
72.98	1.82747E-16	1.13024E-16	0
73	1.81547E-16	1.01923E-16	0
73.02	1.79927E-16	9.12237E-17	0
73.04	1.77918E-16	8.09317E-17	0
73.06	1.75549E-16	7.10499E-17	0
73.08	1.72849E-16	6.15803E-17	0
73.1	1.69844E-16	5.25236E-17	0
73.12	1.66562E-16	4.38793E-17	0
73.14	1.63028E-16	3.56456E-17	0
73.16	1.59268E-16	2.78201E-17	0
73.18	1.55305E-16	2.03991E-17	0
73.2	1.51163E-16	1.33782E-17	0
73.22	1.46864E-16	6.75209E-18	0
73.24	1.4243E-16	5.14654E-19	0
73.26	1.3788E-16	-5.34082E-18	0
73.28	1.33234E-16	-1.08217E-17	0
73.3	1.28512E-16	-1.5936E-17	0
73.32	1.23729E-16	-2.06921E-17	0
73.34	1.18904E-16	-2.5099E-17	0
73.36	1.14051E-16	-2.91661E-17	0
73.38	1.09187E-16	-3.29031E-17	0
73.4	1.04324E-16	-3.632E-17	0
73.42	9.9477E-17	-3.9427E-17	0
73.44	9.4657E-17	-4.22348E-17	0
73.46	8.9876E-17	-4.4754E-17	0
73.48	8.51447E-17	-4.69954E-17	0
73.5	8.04729E-17	-4.897E-17	0
73.52	7.58698E-17	-5.06888E-17	0
73.54	7.13438E-17	-5.21628E-17	0
73.56	6.69026E-17	-5.3403E-17	0
73.58	6.25531E-17	-5.44204E-17	0
73.6	5.83016E-17	-5.52259E-17	0
73.62	5.41537E-17	-5.58305E-17	0
73.64	5.01145E-17	-5.62447E-17	0
73.66	4.61883E-17	-5.64793E-17	0
73.68	4.23789E-17	-5.65446E-17	0
73.7	3.86896E-17	-5.6451E-17	0
73.72	3.51231E-17	-5.62084E-17	0
73.74	3.16816E-17	-5.58268E-17	0
73.76	2.83669E-17	-5.53158E-17	0
73.78	2.51803E-17	-5.46848E-17	0
73.8	2.21225E-17	-5.39429E-17	0
73.82	1.91941E-17	-5.30991E-17	0
73.84	1.6395E-17	-5.2162E-17	0
73.86	1.3725E-17	-5.114E-17	0
73.88	1.11835E-17	-5.0041E-17	0
73.9	8.76947E-18	-4.8873E-17	0
73.92	6.48166E-18	-4.76434E-17	0
73.94	4.31856E-18	-4.63594E-17	0
73.96	2.2784E-18	-4.50279E-17	0
73.98	3.59184E-19	-4.36556E-17	0
74	-1.44131E-18	-4.22487E-17	0
74.02	-3.12549E-18	-4.08134E-17	0
74.04	-4.69594E-18	-3.93552E-17	0
74.06	-6.15537E-18	-3.78798E-17	0
74.08	-7.50668E-18	-3.63922E-17	0
74.1	-8.75284E-18	-3.48972E-17	0
74.12	-9.89697E-18	-3.33996E-17	0
74.14	-1.09422E-17	-3.19035E-17	0
74.16	-1.18919E-17	-3.04131E-17	0
74.18	-1.27494E-17	-2.8932E-17	0
74.2	-1.35179E-17	-2.74639E-17	0
74.22	-1.4201E-17	-2.60119E-17	0
74.24	-1.48021E-17	-2.45791E-17	0
74.26	-1.53246E-17	-2.31682E-17	0
74.28	-1.5772E-17	-2.17819E-17	0
74.3	-1.61478E-17	-2.04223E-17	0
74.32	-1.64553E-17	-1.90916E-17	0
74.34	-1.6698E-17	-1.77917E-17	0
74.36	-1.68793E-17	-1.65242E-17	0
74.38	-1.70025E-17	-1.52907E-17	0
74.4	-1.70709E-17	-1.40924E-17	0
74.42	-1.70877E-17	-1.29304E-17	0
74.44	-1.70562E-17	-1.18058E-17	0
74.46	-1.69794E-17	-1.07192E-17	0
74.48	-1.68604E-17	-9.67136E-18	0
74.5	-1.67022E-17	-8.66273E-18	0
74.52	-1.65076E-17	-7.69363E-18	0
74.54	-1.62795E-17	-6.7643E-18	0
74.56	-1.60207E-17	-5.87481E-18	0
74.58	-1.57337E-17	-5.02513E-18	0
74.6	-1.54212E-17	-4.21514E-18	0
74.62	-1.50856E-17	-3.44459E-18	0
74.64	-1.47293E-17	-2.71314E-18	0
74.66	-1.43546E-17	-2.02038E-18	0
74.68	-1.39637E-17	-1.36579E-18	0
74.7	-1.35587E-17	-7.48807E-19	0
74.72	-1.31417E-17	-1.6877E-19	0
74.74	-1.27145E-17	3.75028E-19	0
74.76	-1.22789E-17	8.83355E-19	0
74.78	-1.18368E-17	1.35703E-18	0
74.8	-1.13898E-17	1.79691E-18	0
74.82	-1.09394E-17	2.20391E-18	0
74.84	-1.04871E-17	2.57896E-18	0
74.86	-1.00342E-17	2.92304E-18	0
74.88	-9.58215E-18	3.23714E-18	0
74.9	-9.13207E-18	3.52228E-18	0
74.92	-8.68512E-18	3.77948E-18	0
74.94	-8.24235E-18	4.00981E-18	0
74.96	-7.80472E-18	4.21431E-18	0
74.98	-7.37314E-18	4.39404E-18	0
75	-6.94843E-18	4.55008E-18	0
75.02	-6.53134E-18	4.68349E-18	0
75.04	-6.12256E-18	4.79533E-18	0
75.06	-5.72271E-18	4.88664E-18	0
75.08	-5.33234E-18	4.95848E-18	0
75.1	-4.95195E-18	5.01189E-18	0
75.12	-4.58196E-18	5.04787E-18	0
75.14	-4.22275E-18	5.06745E-18	0
75.16	-3.87464E-18	5.07159E-18	0
75.18	-3.53792E-18	5.06128E-18	0
75.2	-3.21279E-18	5.03746E-18	0
75.22	-2.89943E-18	5.00106E-18	0
75.24	-2.59798E-18	4.95297E-18	0
75.26	-2.30852E-18	4.89409E-18	0
75.28	-2.0311E-18	4.82525E-18	0
75.3	-1.76573E-18	4.74729E-18	0
75.32	-1.5124E-18	4.66101E-18	0
75.34	-1.27104E-18	4.56717E-18	0
75.36	-1.04158E-18	4.46654E-18	0
75.38	-8.23897E-19	4.35981E-18	0
75.4	-6.17854E-19	4.24769E-18	0
75.42	-4.23289E-19	4.13083E-18	0
75.44	-2.40016E-19	4.00987E-18	0
75.46	-6.78293E-20	3.88539E-18	0
75.48	9.34938E-20	3.75799E-18	0
75.5	2.44194E-19	3.62821E-18	0
75.52	3.84525E-19	3.49656E-18	0
75.54	5.14755E-19	3.36354E-18	0
75.56	6.35163E-19	3.22961E-18	0
75.58	7.46039E-19	3.0952E-18	0
75.6	8.4768E-19	2.96072E-18	0
75.62	9.40391E-19	2.82656E-18	0
75.64	1.02448E-18	2.69308E-18	0
75.66	1.10027E-18	2.56061E-18	0
75.68	1.16807E-18	2.42946E-18	0
75.7	1.22821E-18	2.29992E-18	0
75.72	1.28101E-18	2.17224E-18	0
75.74	1.32678E-18	2.04667E-18	0
75.76	1.36586E-18	1.92343E-18	0
75.78	1.39856E-18	1.80272E-18	0
75.8	1.4252E-18	1.68472E-18	0
75.82	1.44609E-18	1.56958E-18	0
75.84	1.46155E-18	1.45745E-18	0
75.86	1.47187E-18	1.34846E-18	0
75.88	1.47737E-18	1.2427E-18	0
75.9	1.47833E-18	1.14027E-18	0
75.92	1.47505E-18	1.04125E-18	0
75.94	1.46781E-18	9.45696E-19	0
75.96	1.45689E-18	8.53656E-19	0
75.98	1.44255E-18	7.65165E-19	0
76	1.42505E-18	6.80245E-19	0
76.02	1.40465E-18	5.98906E-19	0
76.04	1.3816E-18	5.21148E-19	0
76.06	1.35613E-18	4.46961E-19	0
76.08	1.32846E-18	3.76324E-19	0
76.1	1.29883E-18	3.09208E-19	0
76.12	1.26744E-18	2.45577E-19	0
76.14	1.23449E-18	1.85385E-19	0
76.16	1.20018E-18	1.28582E-19	0
76.18	1.1647E-18	7.51094E-20	0
76.2	1.12822E-18	2.49036E-20	0
76.22	1.0909E-18	-2.21041E-20	0
76.24	1.05292E-18	-6.59872E-20	0
76.26	1.01442E-18	-1.06824E-19	0
76.28	9.75551E-19	-1.44694E-19	0
76.3	9.36438E-19	-1.79684E-19	0
76.32	8.97213E-19	-2.11881E-19	0
76.34	8.57993E-19	-2.41373E-19	0
76.36	8.18892E-19	-2.68253E-19	0
76.38	7.80013E-19	-2.92614E-19	0
76.4	7.41453E-19	-3.1455E-19	0
76.42	7.033E-19	-3.34157E-19	0
76.44	6.65637E-19	-3.51529E-19	0
76.46	6.28541E-19	-3.66763E-19	0
76.48	5.92079E-19	-3.79955E-19	0
76.5	5.56315E-19	-3.91199E-19	0
76.52	5.21306E-19	-4.00592E-19	0
76.54	4.87102E-19	-4.08226E-19	0
76.56	4.53749E-19	-4.14194E-19	0
76.58	4.21286E-19	-4.18588E-19	0
76.6	3.89749E-19	-4.21499E-19	0
76.62	3.59167E-19	-4.23014E-19	0
76.64	3.29566E-19	-4.23221E-19	0
76.66	3.00966E-19	-4.22205E-19	0
76.68	2.73383E-19	-4.20048E-19	0
76.7	2.46831E-19	-4.16831E-19	0
76.72	2.21317E-19	-4.12633E-19	0
76.74	1.96848E-19	-4.0753E-19	0
76.76	1.73424E-19	-4.01596E-19	0
76.78	1.51045E-19	-3.94903E-19	0
76.8	1.29706E-19	-3.87518E-19	0
76.82	1.09401E-19	-3.7951E-19	0
76.84	9.01194E-20	-3.70941E-19	0
76.86	7.18501E-20	-3.61874E-19	0
76.88	5.45791E-20	-3.52366E-19	0
76.9	3.82904E-20	-3.42475E-19	0
76.92	2.29664E-20	-3.32253E-19	0
76.94	8.58769E-21	-3.21753E-19	0
76.96	-4.86641E-21	-3.11021E-19	0
76.98	-1.7418E-20	-3.00106E-19	0
77	-2.90903E-20	-2.89049E-19	0
77.02	-3.99076E-20	-2.77892E-19	0
77.04	-4.9895E-20	-2.66674E-19	0
77.06	-5.90783E-20	-2.55432E-19	0
77.08	-6.74842E-20	-2.44198E-19	0
77.1	-7.51395E-20	-2.33006E-19	0
77.12	-8.20716E-20	-2.21884E-19	0
77.14	-8.83084E-20	-2.1086E-19	0
77.16	-9.38776E-20	-1.99959E-19	0
77.18	-9.88073E-20	-1.89205E-19	0
77.2	-1.03125E-19	-1.78619E-19	0
77.22	-1.0686E-19	-1.68221E-19	0
77.24	-1.10038E-19	-1.58027E-19	0
77.26	-1.12689E-19	-1.48055E-19	0
77.28	-1.14838E-19	-1.38318E-19	0
77.3	-1.16513E-19	-1.28828E-19	0
77.32	-1.1774E-19	-1.19598E-19	0
77.34	-1.18546E-19	-1.10636E-19	0
77.36	-1.18956E-19	-1.0195E-19	0
77.38	-1.18995E-19	-9.35479E-20	0
77.4	-1.18688E-19	-8.54346E-20	0
77.42	-1.18058E-19	-7.76146E-20	0
77.44	-1.17129E-19	-7.0091E-20	0
77.46	-1.15923E-19	-6.2866E-20	0
77.48	-1.14462E-19	-5.59408E-20	0
77.5	-1.12767E-19	-4.93155E-20	0
77.52	-1.10859E-19	-4.29893E-20	0
77.54	-1.08757E-19	-3.69609E-20	0
77.56	-1.0648E-19	-3.12278E-20	0
77.58	-1.04047E-19	-2.57871E-20	0
77.6	-1.01475E-19	-2.06351E-20	0
77.62	-9.87812E-20	-1.57676E-20	0
77.64	-9.59807E-20	-1.11797E-20	0
77.66	-9.30891E-20	-6.86631E-21	0
77.68	-9.01208E-20	-2.82153E-21	0
77.7	-8.70897E-20	9.60737E-22	0
77.72	-8.40087E-20	4.48699E-21	0
77.74	-8.08901E-20	7.76405E-21	0
77.76	-7.77455E-20	1.0799E-20	0
77.78	-7.45858E-20	1.35992E-20	0
77.8	-7.14211E-20	1.61721E-20	0
77.82	-6.82611E-20	1.85254E-20	0
77.84	-6.51146E-20	2.06669E-20	0
77.86	-6.19899E-20	2.26046E-20	0
77.88	-5.88947E-20	2.43464E-20	0
77.9	-5.58359E-20	2.59003E-20	0
77.92	-5.28201E-20	2.72744E-20	0
77.94	-4.98533E-20	2.84767E-20	0
77.96	-4.69407E-20	2.95152E-20	0
77.98	-4.40872E-20	3.03979E-20	0
78	-4.12973E-20	3.11325E-20	0
78.02	-3.85747E-20	3.1727E-20	0
78.04	-3.59231E-20	3.21888E-20	0
78.06	-3.33452E-20	3.25257E-20	0
78.08	-3.08438E-20	3.27449E-20	0
78.1	-2.8421E-20	3.28538E-20	0
78.12	-2.60785E-20	3.28594E-20	0
78.14	-2.3818E-20	3.27687E-20	0
78.16	-2.16404E-20	3.25883E-20	0
78.18	-1.95466E-20	3.23249E-20	0
78.2	-1.75371E-20	3.19848E-20	0
78.22	-1.56121E-20	3.15741E-20	0
78.24	-1.37715E-20	3.10989E-20	0
78.26	-1.20151E-20	3.05647E-20	0
78.28	-1.03423E-20	2.99773E-20	0
78.3	-8.7524E-21	2.93419E-20	0
78.32	-7.24449E-21	2.86635E-20	0
78.34	-5.81747E-21	2.79471E-20	0
78.36	-4.47006E-21	2.71974E-20	0
78.38	-3.20085E-21	2.64187E-20	0
78.4	-2.00828E-21	2.56154E-20	0
78.42	-8.90697E-22	2.47914E-20	0
78.44	1.53693E-22	2.39506E-20	0
78.46	1.12676E-21	2.30966E-20	0
78.48	2.03047E-21	2.22327E-20	0
78.5	2.86685E-21	2.13622E-20	0
78.52	3.638E-21	2.04882E-20	0
78.54	4.34605E-21	1.96133E-20	0
78.56	4.9932E-21	1.87403E-20	0
78.58	5.58166E-21	1.78715E-20	0
78.6	6.11368E-21	1.70094E-20	0
78.62	6.59151E-21	1.61558E-20	0
78.64	7.01742E-21	1.53129E-20	0
78.66	7.39367E-21	1.44822E-20	0
78.68	7.72253E-21	1.36656E-20	0
78.7	8.00623E-21	1.28643E-20	0
78.72	8.24701E-21	1.20798E-20	0
78.74	8.44707E-21	1.13132E-20	0
78.76	8.60859E-21	1.05656E-20	0
78.78	8.7337E-21	9.83785E-21	0
78.8	8.82452E-21	9.13077E-21	0
78.82	8.88311E-21	8.44505E-21	0
78.84	8.91148E-21	7.78127E-21	0
78.86	8.91162E-21	7.13988E-21	0
78.88	8.88543E-21	6.52127E-21	0
78.9	8.83479E-21	5.92571E-21	0
78.92	8.76153E-21	5.3534E-21	0
78.94	8.66738E-21	4.80444E-21	0
78.96	8.55407E-21	4.27887E-21	0
78.98	8.42322E-21	3.77664E-21	0
79	8.27643E-21	3.29766E-21	0
79.02	8.11522E-21	2.84175E-21	0
79.04	7.94105E-21	2.4087E-21	0
79.06	7.75532E-21	1.99822E-21	0
79.08	7.55937E-21	1.60998E-21	0
79.1	7.35448E-21	1.24363E-21	0
79.12	7.14187E-21	8.98753E-22	0
79.14	6.9227E-21	5.74901E-22	0
79.16	6.69807E-21	2.71597E-22	0
79.18	6.46902E-21	-1.16629E-23	0
79.2	6.23653E-21	-2.7541E-22	0
79.22	6.00153E-21	-5.20197E-22	0
79.24	5.76489E-21	-7.46596E-22	0
79.26	5.52743E-21	-9.55194E-22	0
79.28	5.2899E-21	-1.14659E-21	0
79.3	5.05302E-21	-1.3214E-21	0
79.32	4.81746E-21	-1.48023E-21	0
79.34	4.58381E-21	-1.62372E-21	0
79.36	4.35265E-21	-1.75248E-21	0
79.38	4.12449E-21	-1.86715E-21	0
79.4	3.89981E-21	-1.96835E-21	0
79.42	3.67903E-21	-2.05671E-21	0
79.44	3.46255E-21	-2.13284E-21	0
79.46	3.25071E-21	-2.19737E-21	0
79.48	3.04383E-21	-2.25089E-21	0
79.5	2.84219E-21	-2.294E-21	0
79.52	2.64602E-21	-2.3273E-21	0
79.54	2.45553E-21	-2.35136E-21	0
79.56	2.27091E-21	-2.36674E-21	0
79.58	2.09229E-21	-2.374E-21	0
79.6	1.91981E-21	-2.37367E-21	0
79.62	1.75354E-21	-2.36628E-21	0
79.64	1.59356E-21	-2.35234E-21	0
79.66	1.43991E-21	-2.33234E-21	0
79.68	1.29262E-21	-2.30676E-21	0
79.7	1.15168E-21	-2.27607E-21	0
79.72	1.01708E-21	-2.2407E-21	0
79.74	8.8879E-22	-2.20109E-21	0
79.76	7.66749E-22	-2.15764E-21	0
79.78	6.50892E-22	-2.11077E-21	0
79.8	5.4114E-22	-2.06083E-21	0
79.82	4.37399E-22	-2.0082E-21	0
79.84	3.39563E-22	-1.95321E-21	0
79.86	2.47517E-22	-1.8962E-21	0
79.88	1.61135E-22	-1.83748E-21	0
79.9	8.02846E-23	-1.77734E-21	0
79.92	4.82428E-24	-1.71606E-21	0
79.94	-6.53932E-23	-1.65391E-21	0
79.96	-1.30521E-22	-1.59113E-21	0
79.98	-1.90716E-22	-1.52795E-21	0
80	-2.46141E-22	-1.46459E-21	0
80.02	-2.9696E-22	-1.40125E-21	0
80.04	-3.43341E-22	-1.33813E-21	0
80.06	-3.85452E-22	-1.2754E-21	0
80.08	-4.23464E-22	-1.21321E-21	0
80.1	-4.57548E-22	-1.15173E-21	0
80.12	-4.87874E-22	-1.09108E-21	0
80.14	-5.14613E-22	-1.03138E-21	0
80.16	-5.37934E-22	-9.72765E-22	0
80.18	-5.58005E-22	-9.1532E-22	0
80.2	-5.74991E-22	-8.5914E-22	0
80.22	-5.89057E-22	-8.04308E-22	0
80.24	-6.00364E-22	-7.50893E-22	0
80.26	-6.09071E-22	-6.98959E-22	0
80.28	-6.15332E-22	-6.48558E-22	0
80.3	-6.19299E-22	-5.99736E-22	0
80.32	-6.21121E-22	-5.5253E-22	0
80.34	-6.20941E-22	-5.0697E-22	0
80.36	-6.18901E-22	-4.63078E-22	0
80.38	-6.15137E-22	-4.20869E-22	0
80.4	-6.0978E-22	-3.80355E-22	0
80.42	-6.02959E-22	-3.41539E-22	0
80.44	-5.94795E-22	-3.04419E-22	0
80.46	-5.85409E-22	-2.6899E-22	0
80.48	-5.74913E-22	-2.35239E-22	0
80.5	-5.63419E-22	-2.03151E-22	0
80.52	-5.51029E-22	-1.72708E-22	0
80.54	-5.37845E-22	-1.43885E-22	0
80.56	-5.23962E-22	-1.16657E-22	0
80.58	-5.09471E-22	-9.09946E-23	0
80.6	-4.94459E-22	-6.6865E-23	0
80.62	-4.79009E-22	-4.42341E-23	0
80.64	-4.63197E-22	-2.30652E-23	0
80.66	-4.47096E-22	-3.31992E-24	0
80.68	-4.30778E-22	1.50419E-23	0
80.7	-4.14305E-22	3.20618E-23	0
80.72	-3.97739E-22	4.77825E-23	0
80.74	-3.81136E-22	6.22476E-23	0
80.76	-3.64551E-22	7.55015E-23	0
80.78	-3.48031E-22	8.75892E-23	0
80.8	-3.31623E-22	9.85561E-23	0
80.82	-3.15369E-22	1.08448E-22	0
80.84	-2.99307E-22	1.1731E-22	0
80.86	-2.83472E-22	1.25188E-22	0
80.88	-2.67897E-22	1.32128E-22	0
80.9	-2.52611E-22	1.38175E-22	0
80.92	-2.3764E-22	1.43372E-22	0
80.94	-2.23007E-22	1.47765E-22	0
80.96	-2.08733E-22	1.51397E-22	0
80.98	-1.94836E-22	1.5431E-22	0
81	-1.81333E-22	1.56547E-22	0
81.02	-1.68235E-22	1.58147E-22	0
81.04	-1.55555E-22	1.59153E-22	0
81.06	-1.43301E-22	1.59602E-22	0
81.08	-1.31482E-22	1.59532E-22	0
81.1	-1.20102E-22	1.58981E-22	0
81.12	-1.09164E-22	1.57984E-22	0
81.14	-9.86717E-23	1.56576E-22	0
81.16	-8.86247E-23	1.5479E-22	0
81.18	-7.90224E-23	1.52658E-22	0
81.2	-6.98624E-23	1.50213E-22	0
81.22	-6.11415E-23	1.47482E-22	0
81.24	-5.28552E-23	1.44495E-22	0
81.26	-4.49981E-23	1.4128E-22	0
81.28	-3.75636E-23	1.37862E-22	0
81.3	-3.05445E-23	1.34266E-22	0
81.32	-2.39328E-23	1.30516E-22	0
81.34	-1.77198E-23	1.26634E-22	0
81.36	-1.18963E-23	1.22641E-22	0
81.38	-6.45223E-24	1.18558E-22	0
81.4	-1.37744E-24	1.14404E-22	0
81.42	3.33884E-24	1.10196E-22	0
81.44	7.70766E-24	1.05952E-22	0
81.46	1.17404E-23	1.01686E-22	0
81.48	1.54485E-23	9.74133E-23	0
81.5	1.88438E-23	9.31477E-23	0
81.52	2.19383E-23	8.89018E-23	0
81.54	2.47437E-23	8.46871E-23	0
81.56	2.72721E-23	8.05143E-23	0
81.58	2.95356E-23	7.63934E-23	0
81.6	3.15461E-23	7.23332E-23	0
81.62	3.33154E-23	6.83419E-23	0
81.64	3.48553E-23	6.44269E-23	0
81.66	3.61776E-23	6.05948E-23	0
81.68	3.72936E-23	5.68515E-23	0
81.7	3.82148E-23	5.32021E-23	0
81.72	3.89522E-23	4.96512E-23	0
81.74	3.95166E-23	4.62026E-23	0
81.76	3.99188E-23	4.28596E-23	0
81.78	4.01691E-23	3.96251E-23	0
81.8	4.02777E-23	3.65011E-23	0
81.82	4.02542E-23	3.34895E-23	0
81.84	4.01084E-23	3.05915E-23	0
81.86	3.98494E-23	2.78078E-23	0
81.88	3.94861E-23	2.51389E-23	0
81.9	3.90271E-23	2.25847E-23	0
81.92	3.84808E-23	2.01449E-23	0
81.94	3.78551E-23	1.78189E-23	0
81.96	3.71575E-23	1.56057E-23	0
81.98	3.63956E-23	1.35039E-23	0
82	3.55761E-23	1.15122E-23	0
82.02	3.47059E-23	9.62865E-24	0
82.04	3.37912E-23	7.85141E-24	0
82.06	3.28381E-23	6.17831E-24	0
82.08	3.18523E-23	4.60703E-24	0
82.1	3.08392E-23	3.13511E-24	0
82.12	2.98039E-23	1.75996E-24	0
82.14	2.87512E-23	4.78856E-25	0
82.16	2.76856E-23	-7.11003E-25	0
82.18	2.66115E-23	-1.81251E-24	0
82.2	2.55326E-23	-2.82861E-24	0
82.22	2.44528E-23	-3.76232E-24	0
82.24	2.33754E-23	-4.61669E-24	0
82.26	2.23036E-23	-5.39479E-24	0
82.28	2.12403E-23	-6.09972E-24	0
82.3	2.01883E-23	-6.73457E-24	0
82.32	1.91499E-23	-7.30244E-24	0
82.34	1.81274E-23	-7.8064E-24	0
82.36	1.71229E-23	-8.24951E-24	0
82.38	1.61381E-23	-8.63479E-24	0
82.4	1.51747E-23	-8.96523E-24	0
82.42	1.42342E-23	-9.24377E-24	0
82.44	1.33179E-23	-9.4733E-24	0
82.46	1.24267E-23	-9.65666E-24	0
82.48	1.15617E-23	-9.79662E-24	0
82.5	1.07237E-23	-9.8959E-24	0
82.52	9.91334E-24	-9.95714E-24	0
82.54	9.13112E-24	-9.98289E-24	0
82.56	8.37745E-24	-9.97567E-24	0
82.58	7.65261E-24	-9.93788E-24	0
82.6	6.95676E-24	-9.87186E-24	0
82.62	6.28997E-24	-9.77987E-24	0
82.64	5.65222E-24	-9.66409E-24	0
82.66	5.04338E-24	-9.5266E-24	0
82.68	4.46325E-24	-9.36942E-24	0
82.7	3.91156E-24	-9.19446E-24	0
82.72	3.38796E-24	-9.00357E-24	0
82.74	2.89205E-24	-8.7985E-24	0
82.76	2.42335E-24	-8.58094E-24	0
82.78	1.98136E-24	-8.35246E-24	0
82.8	1.56551E-24	-8.11458E-24	0
82.82	1.1752E-24	-7.86872E-24	0
82.84	8.09792E-25	-7.61625E-24	0
82.86	4.68606E-25	-7.35844E-24	0
82.88	1.50949E-25	-7.09647E-24	0
82.9	-1.43903E-25	-6.83148E-24	0
82.92	-4.16688E-25	-6.56452E-24	0
82.94	-6.68164E-25	-6.29656E-24	0
82.96	-8.99098E-25	-6.02853E-24	0
82.98	-1.11027E-24	-5.76127E-24	0
83	-1.30245E-24	-5.49555E-24	0
83.02	-1.47644E-24	-5.23211E-24	0
83.04	-1.63302E-24	-4.9716E-24	0
83.06	-1.77296E-24	-4.71463E-24	0
83.08	-1.89705E-24	-4.46174E-24	0
83.1	-2.00606E-24	-4.21344E-24	0
83.12	-2.10075E-24	-3.97016E-24	0
83.14	-2.18187E-24	-3.7323E-24	0
83.16	-2.25016E-24	-3.50022E-24	0
83.18	-2.30635E-24	-3.27422E-24	0
83.2	-2.35115E-24	-3.05457E-24	0
83.22	-2.38525E-24	-2.84148E-24	0
83.24	-2.40932E-24	-2.63516E-24	0
83.26	-2.42404E-24	-2.43575E-24	0
83.28	-2.43004E-24	-2.24338E-24	0
83.3	-2.42794E-24	-2.05814E-24	0
83.32	-2.41835E-24	-1.88008E-24	0
83.34	-2.40184E-24	-1.70923E-24	0
83.36	-2.37898E-24	-1.54562E-24	0
83.38	-2.35031E-24	-1.38921E-24	0
83.4	-2.31634E-24	-1.23999E-24	0
83.42	-2.27757E-24	-1.09787E-24	0
83.44	-2.23448E-24	-9.62805E-25	0
83.46	-2.18752E-24	-8.34687E-25	0
83.48	-2.13713E-24	-7.13412E-25	0
83.5	-2.08371E-24	-5.98859E-25	0
83.52	-2.02767E-24	-4.90895E-25	0
83.54	-1.96937E-24	-3.89376E-25	0
83.56	-1.90915E-24	-2.94146E-25	0
83.58	-1.84737E-24	-2.05044E-25	0
83.6	-1.78431E-24	-1.21899E-25	0
83.62	-1.72029E-24	-4.45343E-26	0
83.64	-1.65557E-24	2.72323E-26	0
83.66	-1.59041E-24	9.35868E-26	0
83.68	-1.52505E-24	1.54719E-25	0
83.7	-1.45971E-24	2.10822E-25	0
83.72	-1.3946E-24	2.62089E-25	0
83.74	-1.3299E-24	3.08715E-25	0
83.76	-1.2658E-24	3.50897E-25	0
83.78	-1.20245E-24	3.88829E-25	0
83.8	-1.13999E-24	4.22706E-25	0
83.82	-1.07856E-24	4.5272E-25	0
83.84	-1.01828E-24	4.79063E-25	0
83.86	-9.59254E-25	5.01923E-25	0
83.88	-9.01575E-25	5.21486E-25	0
83.9	-8.45329E-25	5.37935E-25	0
83.92	-7.90587E-25	5.51447E-25	0
83.94	-7.37413E-25	5.62199E-25	0
83.96	-6.85858E-25	5.7036E-25	0
83.98	-6.35967E-25	5.76098E-25	0
84	-5.87775E-25	5.79575E-25	0
84.02	-5.41309E-25	5.80946E-25	0
84.04	-4.96589E-25	5.80365E-25	0
84.06	-4.53627E-25	5.77979E-25	0
84.08	-4.1243E-25	5.7393E-25	0
84.1	-3.72998E-25	5.68354E-25	0
84.12	-3.35325E-25	5.61382E-25	0
84.14	-2.994E-25	5.53142E-25	0
84.16	-2.65208E-25	5.43754E-25	0
84.18	-2.32729E-25	5.33333E-25	0
84.2	-2.01938E-25	5.21989E-25	0
84.22	-1.72809E-25	5.09829E-25	0
84.24	-1.45309E-25	4.96951E-25	0
84.26	-1.19407E-25	4.83451E-25	0
84.28	-9.50643E-26	4.69418E-25	0
84.3	-7.22432E-26	4.54936E-25	0
84.32	-5.0903E-26	4.40086E-25	0
84.34	-3.10013E-26	4.24942E-25	0
84.36	-1.24943E-26	4.09576E-25	0
84.38	4.66314E-27	3.94052E-25	0
84.4	2.05169E-26	3.78433E-25	0
84.42	3.51139E-26	3.62776E-25	0
84.44	4.85013E-26	3.47133E-25	0
84.46	6.07267E-26	3.31554E-25	0
84.48	7.18381E-26	3.16083E-25	0
84.5	8.18832E-26	3.00764E-25	0
84.52	9.09098E-26	2.85632E-25	0
84.54	9.89652E-26	2.70724E-25	0
84.56	1.06096E-25	2.56069E-25	0
84.58	1.1235E-25	2.41696E-25	0
84.6	1.17771E-25	2.2763E-25	0
84.62	1.22406E-25	2.13893E-25	0
84.64	1.26298E-25	2.00505E-25	0
84.66	1.2949E-25	1.87482E-25	0
84.68	1.32025E-25	1.74839E-25	0
84.7	1.33945E-25	1.62588E-25	0
84.72	1.35288E-25	1.50739E-25	0
84.74	1.36095E-25	1.393E-25	0
84.76	1.36403E-25	1.28277E-25	0
84.78	1.36248E-25	1.17674E-25	0
84.8	1.35666E-25	1.07493E-25	0
84.82	1.34692E-25	9.7736E-26	0
84.84	1.33357E-25	8.84021E-26	0
84.86	1.31693E-25	7.94895E-26	0
84.88	1.2973E-25	7.09953E-26	0
84.9	1.27498E-25	6.29152E-26	0
84.92	1.25023E-25	5.52442E-26	0
84.94	1.22333E-25	4.7976E-26	0
84.96	1.19451E-25	4.11039E-26	0
84.98	1.16402E-25	3.46201E-26	0
85	1.13209E-25	2.85161E-26	0
85.02	1.09892E-25	2.27831E-26	0
85.04	1.06471E-25	1.74115E-26	0
85.06	1.02966E-25	1.23914E-26	0
85.08	9.93943E-26	7.71245E-27	0
85.1	9.57722E-26	3.36396E-27	0
85.12	9.21155E-26	-6.65005E-28	0
85.14	8.84385E-26	-4.38557E-27	0
85.16	8.47548E-26	-7.80906E-27	0
85.18	8.10768E-26	-1.09469E-26	0
85.2	7.7416E-26	-1.38105E-26	0
85.22	7.37829E-26	-1.64114E-26	0
85.24	7.01872E-26	-1.87611E-26	0
85.26	6.66378E-26	-2.08711E-26	0
85.28	6.31426E-26	-2.27526E-26	0
85.3	5.9709E-26	-2.44169E-26	0
85.32	5.63432E-26	-2.58751E-26	0
85.34	5.30513E-26	-2.71381E-26	0
85.36	4.98381E-26	-2.82167E-26	0
85.38	4.67083E-26	-2.91213E-26	0
85.4	4.36655E-26	-2.98622E-26	0
85.42	4.07132E-26	-3.04495E-26	0
85.44	3.7854E-26	-3.0893E-26	0
85.46	3.50901E-26	-3.12021E-26	0
85.48	3.24233E-26	-3.13861E-26	0
85.5	2.98548E-26	-3.14539E-26	0
85.52	2.73856E-26	-3.14142E-26	0
85.54	2.50161E-26	-3.12752E-26	0
85.56	2.27465E-26	-3.10449E-26	0
85.58	2.05764E-26	-3.07312E-26	0
85.6	1.85055E-26	-3.03413E-26	0
85.62	1.65329E-26	-2.98824E-26	0
85.64	1.46575E-26	-2.93612E-26	0
85.66	1.2878E-26	-2.87842E-26	0
85.68	1.11929E-26	-2.81575E-26	0
85.7	9.60054E-27	-2.7487E-26	0
85.72	8.09897E-27	-2.67782E-26	0
85.74	6.68619E-27	-2.60363E-26	0
85.76	5.36002E-27	-2.52664E-26	0
85.78	4.11816E-27	-2.4473E-26	0
85.8	2.95823E-27	-2.36605E-26	0
85.82	1.87775E-27	-2.28331E-26	0
85.84	8.74182E-28	-2.19947E-26	0
85.86	-5.50927E-29	-2.11487E-26	0
85.88	-9.12718E-28	-2.02986E-26	0
85.9	-1.70138E-27	-1.94475E-26	0
85.92	-2.42377E-27	-1.85982E-26	0
85.94	-3.08262E-27	-1.77533E-26	0
85.96	-3.68063E-27	-1.69154E-26	0
85.98	-4.22052E-27	-1.60865E-26	0
86	-4.70497E-27	-1.52688E-26	0
86.02	-5.13665E-27	-1.44641E-26	0
86.04	-5.5182E-27	-1.36739E-26	0
86.06	-5.85222E-27	-1.28999E-26	0
86.08	-6.14126E-27	-1.21432E-26	0
86.1	-6.38783E-27	-1.1405E-26	0
86.12	-6.59439E-27	-1.06864E-26	0
86.14	-6.76334E-27	-9.98818E-27	0
86.16	-6.89701E-27	-9.31106E-27	0
86.18	-6.99768E-27	-8.65566E-27	0
86.2	-7.06757E-27	-8.02247E-27	0
86.22	-7.10881E-27	-7.41185E-27	0
86.24	-7.12347E-27	-6.82407E-27	0
86.26	-7.11355E-27	-6.25931E-27	0
86.28	-7.08099E-27	-5.71766E-27	0
86.3	-7.02763E-27	-5.19911E-27	0
86.32	-6.95526E-27	-4.7036E-27	0
86.34	-6.86558E-27	-4.23098E-27	0
86.36	-6.76022E-27	-3.78103E-27	0
86.38	-6.64074E-27	-3.3535E-27	0
86.4	-6.50863E-27	-2.94806E-27	0
86.42	-6.36529E-27	-2.56434E-27	0
86.44	-6.21208E-27	-2.20194E-27	0
86.46	-6.05025E-27	-1.86039E-27	0
86.48	-5.88101E-27	-1.53922E-27	0
86.5	-5.70549E-27	-1.2379E-27	0
86.52	-5.52476E-27	-9.55908E-28	0
86.54	-5.33982E-27	-6.92667E-28	0
86.56	-5.15161E-27	-4.47599E-28	0
86.58	-4.96099E-27	-2.20106E-28	0
86.6	-4.7688E-27	-9.58108E-30	0
86.62	-4.57578E-27	1.84596E-28	0
86.64	-4.38264E-27	3.63049E-28	0
86.66	-4.19003E-27	5.26408E-28	0
86.68	-3.99854E-27	6.75301E-28	0
86.7	-3.80873E-27	8.10358E-28	0
86.72	-3.62109E-27	9.32205E-28	0
86.74	-3.43608E-27	1.04147E-27	0
86.76	-3.2541E-27	1.13875E-27	0
86.78	-3.07553E-27	1.22468E-27	0
86.8	-2.90068E-27	1.29983E-27	0
86.82	-2.72986E-27	1.36481E-27	0
86.84	-2.56331E-27	1.42018E-27	0
86.86	-2.40126E-27	1.46652E-27	0
86.88	-2.24389E-27	1.50436E-27	0
86.9	-2.09137E-27	1.53425E-27	0
86.92	-1.94382E-27	1.55671E-27	0
86.94	-1.80135E-27	1.57223E-27	0
86.96	-1.66403E-27	1.58131E-27	0
86.98	-1.53192E-27	1.58443E-27	0
87	-1.40505E-27	1.58202E-27	0
87.02	-1.28344E-27	1.57454E-27	0
87.04	-1.16708E-27	1.56241E-27	0
87.06	-1.05595E-27	1.54602E-27	0
87.08	-9.50011E-28	1.52577E-27	0
87.1	-8.49211E-28	1.50202E-27	0
87.12	-7.53484E-28	1.47513E-27	0
87.14	-6.62754E-28	1.44542E-27	0
87.16	-5.76933E-28	1.41323E-27	0
87.18	-4.95922E-28	1.37885E-27	0
87.2	-4.19617E-28	1.34257E-27	0
87.22	-3.47904E-28	1.30466E-27	0
87.24	-2.80662E-28	1.26537E-27	0
87.26	-2.17767E-28	1.22494E-27	0
87.28	-1.59089E-28	1.18359E-27	0
87.3	-1.04492E-28	1.14154E-27	0
87.32	-5.38411E-29	1.09899E-27	0
87.34	-6.99492E-30	1.0561E-27	0
87.36	3.61878E-29	1.01306E-27	0
87.38	7.58497E-29	9.70019E-28	0
87.4	1.12134E-28	9.2712E-28	0
87.42	1.45185E-28	8.84497E-28	0
87.44	1.75146E-28	8.4227E-28	0
87.46	2.02158E-28	8.00551E-28	0
87.48	2.26363E-28	7.59438E-28	0
87.5	2.479E-28	7.19023E-28	0
87.52	2.66906E-28	6.79386E-28	0
87.54	2.83518E-28	6.40598E-28	0
87.56	2.97867E-28	6.02723E-28	0
87.58	3.10083E-28	5.65817E-28	0
87.6	3.20294E-28	5.29927E-28	0
87.62	3.28622E-28	4.95093E-28	0
87.64	3.35188E-28	4.6135E-28	0
87.66	3.40109E-28	4.28725E-28	0
87.68	3.43498E-28	3.97239E-28	0
87.7	3.45464E-28	3.66909E-28	0
87.72	3.46112E-28	3.37745E-28	0
87.74	3.45545E-28	3.09754E-28	0
87.76	3.43861E-28	2.82938E-28	0
87.78	3.41152E-28	2.57293E-28	0
87.8	3.3751E-28	2.32814E-28	0
87.82	3.33019E-28	2.09491E-28	0
87.84	3.27763E-28	1.87312E-28	0
87.86	3.21819E-28	1.6626E-28	0
87.88	3.15262E-28	1.46318E-28	0
87.9	3.08163E-28	1.27465E-28	0
87.92	3.00587E-28	1.09679E-28	0
87.94	2.92599E-28	9.29352E-29	0
87.96	2.84258E-28	7.72077E-29	0
87.98	2.75621E-28	6.24692E-29	0
88	2.66739E-28	4.86911E-29	0
88.02	2.57662E-28	3.58439E-29	0
88.04	2.48436E-28	2.38973E-29	0
88.06	2.39105E-28	1.28203E-29	0
88.08	2.29708E-28	2.58142E-30	0
88.1	2.20282E-28	-6.8512E-30	0
88.12	2.10862E-28	-1.55096E-29	0
88.14	2.01478E-28	-2.34259E-29	0
88.16	1.9216E-28	-3.06322E-29	0
88.18	1.82934E-28	-3.71605E-29	0
88.2	1.73824E-28	-4.30425E-29	0
88.22	1.64852E-28	-4.83096E-29	0
88.24	1.56037E-28	-5.29929E-29	0
88.26	1.47396E-28	-5.71229E-29	0
88.28	1.38945E-28	-6.07295E-29	0
88.3	1.30697E-28	-6.38422E-29	0
88.32	1.22665E-28	-6.64897E-29	0
88.34	1.14858E-28	-6.87001E-29	0
88.36	1.07285E-28	-7.05006E-29	0
88.38	9.99536E-29	-7.19178E-29	0
88.4	9.28685E-29	-7.29773E-29	0
88.42	8.60346E-29	-7.37042E-29	0
88.44	7.9455E-29	-7.41224E-29	0
88.46	7.3132E-29	-7.42551E-29	0
88.48	6.70664E-29	-7.41247E-29	0
88.5	6.12584E-29	-7.37526E-29	0
88.52	5.57073E-29	-7.31593E-29	0
88.54	5.04113E-29	-7.23645E-29	0
88.56	4.53682E-29	-7.13871E-29	0
88.58	4.0575E-29	-7.02449E-29	0
88.6	3.60279E-29	-6.89549E-29	0
88.62	3.17229E-29	-6.75335E-29	0
88.64	2.76552E-29	-6.5996E-29	0
88.66	2.38198E-29	-6.43568E-29	0
88.68	2.0211E-29	-6.26298E-29	0
88.7	1.68233E-29	-6.08278E-29	0
88.72	1.36502E-29	-5.8963E-29	0
88.74	1.06857E-29	-5.70467E-29	0
88.76	7.92294E-30	-5.50898E-29	0
88.78	5.35532E-30	-5.3102E-29	0
88.8	2.97597E-30	-5.10927E-29	0
88.82	7.77904E-31	-4.90704E-29	0
88.84	-1.24589E-30	-4.70431E-29	0
88.86	-3.10247E-30	-4.50182E-29	0
88.88	-4.7989E-30	-4.30024E-29	0
88.9	-6.34224E-30	-4.10018E-29	0
88.92	-7.73949E-30	-3.90222E-29	0
88.94	-8.9976E-30	-3.70684E-29	0
88.96	-1.01234E-29	-3.51453E-29	0
88.98	-1.11238E-29	-3.32569E-29	0
89	-1.20053E-29	-3.14069E-29	0
89.02	-1.27745E-29	-2.95985E-29	0
89.04	-1.34378E-29	-2.78346E-29	0
89.06	-1.40014E-29	-2.61178E-29	0
89.08	-1.44715E-29	-2.44499E-29	0
89.1	-1.48539E-29	-2.2833E-29	0
89.12	-1.51544E-29	-2.12684E-29	0
89.14	-1.53785E-29	-1.97572E-29	0
89.16	-1.55317E-29	-1.83004E-29	0
89.18	-1.56192E-29	-1.68985E-29	0
89.2	-1.56459E-29	-1.55521E-29	0
89.22	-1.56166E-29	-1.42611E-29	0
89.24	-1.5536E-29	-1.30257E-29	0
89.26	-1.54084E-29	-1.18455E-29	0
89.28	-1.52382E-29	-1.07202E-29	0
89.3	-1.50293E-29	-9.64913E-30	0
89.32	-1.47856E-29	-8.63171E-30	0
89.34	-1.45107E-29	-7.66707E-30	0
89.36	-1.42082E-29	-6.75427E-30	0
89.38	-1.38812E-29	-5.89226E-30	0
89.4	-1.35329E-29	-5.07991E-30	0
89.42	-1.31662E-29	-4.316E-30	0
89.44	-1.27839E-29	-3.59924E-30	0
89.46	-1.23885E-29	-2.9283E-30	0
89.48	-1.19825E-29	-2.30178E-30	0
89.5	-1.15682E-29	-1.71823E-30	0
89.52	-1.11475E-29	-1.17621E-30	0
89.54	-1.07226E-29	-6.74212E-31	0
89.56	-1.02952E-29	-2.10727E-31	0
89.58	-9.86702E-30	2.15763E-31	0
89.6	-9.43956E-30	6.06786E-31	0
89.62	-9.01427E-30	9.63867E-31	0
89.64	-8.59243E-30	1.28853E-30	0
89.66	-8.17523E-30	1.58227E-30	0
89.68	-7.76373E-30	1.84659E-30	0
89.7	-7.3589E-30	2.08297E-30	0
89.72	-6.9616E-30	2.29286E-30	0
89.74	-6.57259E-30	2.47767E-30	0
89.76	-6.19254E-30	2.63882E-30	0
89.78	-5.82205E-30	2.77767E-30	0
89.8	-5.46162E-30	2.89554E-30	0
89.82	-5.11168E-30	2.99375E-30	0
89.84	-4.77259E-30	3.07354E-30	0
89.86	-4.44465E-30	3.13614E-30	0
89.88	-4.12809E-30	3.18273E-30	0
89.9	-3.82308E-30	3.21446E-30	0
89.92	-3.52973E-30	3.23243E-30	0
89.94	-3.24813E-30	3.2377E-30	0
89.96	-2.97827E-30	3.23127E-30	0
89.98	-2.72016E-30	3.21414E-30	0
90	-2.47372E-30	3.18724E-30	0
90.02	-2.23887E-30	3.15144E-30	0
90.04	-2.01546E-30	3.10761E-30	0
90.06	-1.80336E-30	3.05656E-30	0
90.08	-1.60236E-30	2.99905E-30	0
90.1	-1.41227E-30	2.9358E-30	0
90.12	-1.23285E-30	2.86752E-30	0
90.14	-1.06385E-30	2.79485E-30	0
90.16	-9.05025E-31	2.71839E-30	0
90.18	-7.56082E-31	2.63874E-30	0
90.2	-6.16734E-31	2.55642E-30	0
90.22	-4.86684E-31	2.47194E-30	0
90.24	-3.65622E-31	2.38578E-30	0
90.26	-2.53236E-31	2.29837E-30	0
90.28	-1.49208E-31	2.21012E-30	0
90.3	-5.32156E-32	2.12141E-30	0
90.32	3.50645E-32	2.03258E-30	0
90.34	1.15956E-31	1.94396E-30	0
90.36	1.89782E-31	1.85584E-30	0
90.38	2.56865E-31	1.76848E-30	0
90.4	3.17523E-31	1.68214E-30	0
90.42	3.72071E-31	1.59702E-30	0
90.44	4.2082E-31	1.51332E-30	0
90.46	4.64076E-31	1.43123E-30	0
90.48	5.02139E-31	1.35089E-30	0
90.5	5.35302E-31	1.27244E-30	0
90.52	5.63852E-31	1.19601E-30	0
90.54	5.88069E-31	1.1217E-30	0
90.56	6.08223E-31	1.04959E-30	0
90.58	6.24579E-31	9.79749E-31	0
90.6	6.37392E-31	9.12242E-31	0
90.62	6.46908E-31	8.47112E-31	0
90.64	6.53366E-31	7.84392E-31	0
90.66	6.56995E-31	7.24102E-31	0
90.68	6.58016E-31	6.66256E-31	0
90.7	6.5664E-31	6.10854E-31	0
90.72	6.53069E-31	5.5789E-31	0
90.74	6.47497E-31	5.07349E-31	0
90.76	6.40108E-31	4.59209E-31	0
90.78	6.3108E-31	4.1344E-31	0
90.8	6.20578E-31	3.70009E-31	0
90.82	6.08762E-31	3.28875E-31	0
90.84	5.95782E-31	2.89993E-31	0
90.86	5.81779E-31	2.53314E-31	0
90.88	5.66888E-31	2.18785E-31	0
90.9	5.51234E-31	1.8635E-31	0
90.92	5.34935E-31	1.5595E-31	0
90.94	5.18104E-31	1.27525E-31	0
90.96	5.00842E-31	1.0101E-31	0
90.98	4.83247E-31	7.63416E-32	0
91	4.65408E-31	5.34537E-32	0
91.02	4.47408E-31	3.22796E-32	0
91.04	4.29325E-31	1.27521E-32	0
91.06	4.11229E-31	-5.19631E-33	0
91.08	3.93185E-31	-2.16331E-32	0
91.1	3.75253E-31	-3.66254E-32	0
91.12	3.57486E-31	-5.02402E-32	0
91.14	3.39934E-31	-6.25435E-32	0
91.16	3.22641E-31	-7.36008E-32	0
91.18	3.05647E-31	-8.34762E-32	0
91.2	2.88987E-31	-9.2233E-32	0
91.22	2.72693E-31	-9.99332E-32	0
91.24	2.56791E-31	-1.06637E-31	0
91.26	2.41306E-31	-1.12404E-31	0
91.28	2.26257E-31	-1.17291E-31	0
91.3	2.11662E-31	-1.21355E-31	0
91.32	1.97535E-31	-1.24648E-31	0
91.34	1.83887E-31	-1.27225E-31	0
91.36	1.70726E-31	-1.29134E-31	0
91.38	1.58059E-31	-1.30426E-31	0
91.4	1.45889E-31	-1.31147E-31	0
91.42	1.34219E-31	-1.31341E-31	0
91.44	1.23047E-31	-1.31052E-31	0
91.46	1.12373E-31	-1.30322E-31	0
91.48	1.02193E-31	-1.2919E-31	0
91.5	9.25011E-32	-1.27693E-31	0
91.52	8.32917E-32	-1.25867E-31	0
91.54	7.45573E-32	-1.23746E-31	0
91.56	6.62892E-32	-1.21362E-31	0
91.58	5.84779E-32	-1.18746E-31	0
91.6	5.11132E-32	-1.15926E-31	0
91.62	4.41838E-32	-1.12929E-31	0
91.64	3.76782E-32	-1.09782E-31	0
91.66	3.15841E-32	-1.06507E-31	0
91.68	2.58888E-32	-1.03127E-31	0
91.7	2.05792E-32	-9.96634E-32	0
91.72	1.5642E-32	-9.61348E-32	0
91.74	1.10637E-32	-9.25594E-32	0
91.76	6.83056E-33	-8.89539E-32	0
91.78	2.92878E-33	-8.53338E-32	0
91.8	-6.55456E-34	-8.17132E-32	0
91.82	-3.93595E-33	-7.8105E-32	0
91.84	-6.92645E-33	-7.45212E-32	0
91.86	-9.64056E-33	-7.09724E-32	0
91.88	-1.20918E-32	-6.74685E-32	0
91.9	-1.42934E-32	-6.40182E-32	0
91.92	-1.62584E-32	-6.06293E-32	0
91.94	-1.79997E-32	-5.73089E-32	0
91.96	-1.95299E-32	-5.4063E-32	0
91.98	-2.08611E-32	-5.08971E-32	0
92	-2.20054E-32	-4.78157E-32	0
92.02	-2.29742E-32	-4.48228E-32	0
92.04	-2.3779E-32	-4.19216E-32	0
92.06	-2.44307E-32	-3.9115E-32	0
92.08	-2.49396E-32	-3.64049E-32	0
92.1	-2.53162E-32	-3.3793E-32	0
92.12	-2.557E-32	-3.12804E-32	0
92.14	-2.57106E-32	-2.88677E-32	0
92.16	-2.5747E-32	-2.65552E-32	0
92.18	-2.56879E-32	-2.43428E-32	0
92.2	-2.55414E-32	-2.22299E-32	0
92.22	-2.53155E-32	-2.02159E-32	0
92.24	-2.50176E-32	-1.82995E-32	0
92.26	-2.4655E-32	-1.64795E-32	0
92.28	-2.42344E-32	-1.47542E-32	0
92.3	-2.37622E-32	-1.31219E-32	0
92.32	-2.32444E-32	-1.15806E-32	0
92.34	-2.26868E-32	-1.01282E-32	0
92.36	-2.20948E-32	-8.76238E-33	0
92.38	-2.14733E-32	-7.48076E-33	0
92.4	-2.08271E-32	-6.28084E-33	0
92.42	-2.01606E-32	-5.16005E-33	0
92.44	-1.9478E-32	-4.11574E-33	0
92.46	-1.8783E-32	-3.14519E-33	0
92.48	-1.80792E-32	-2.24569E-33	0
92.5	-1.737E-32	-1.41445E-33	0
92.52	-1.66582E-32	-6.48701E-34	0
92.54	-1.59468E-32	5.4333E-35	0
92.56	-1.52382E-32	6.97426E-34	0
92.58	-1.45348E-32	1.28333E-33	0
92.6	-1.38386E-32	1.81478E-33	0
92.62	-1.31516E-32	2.29447E-33	0
92.64	-1.24755E-32	2.72504E-33	0
92.66	-1.18118E-32	3.10912E-33	0
92.68	-1.11619E-32	3.44925E-33	0
92.7	-1.05268E-32	3.74793E-33	0
92.72	-9.90779E-33	4.00759E-33	0
92.74	-9.30559E-33	4.23062E-33	0
92.76	-8.72098E-33	4.41931E-33	0
92.78	-8.15461E-33	4.5759E-33	0
92.8	-7.60696E-33	4.70255E-33	0
92.82	-7.07844E-33	4.80134E-33	0
92.84	-6.56932E-33	4.87428E-33	0
92.86	-6.07982E-33	4.92331E-33	0
92.88	-5.61004E-33	4.95028E-33	0
92.9	-5.16E-33	4.95698E-33	0
92.92	-4.72966E-33	4.9451E-33	0
92.94	-4.3189E-33	4.91627E-33	0
92.96	-3.92755E-33	4.87204E-33	0
92.98	-3.55538E-33	4.81387E-33	0
93	-3.20211E-33	4.74318E-33	0
93.02	-2.8674E-33	4.66128E-33	0
93.04	-2.5509E-33	4.56942E-33	0
93.06	-2.2522E-33	4.4688E-33	0
93.08	-1.97087E-33	4.36052E-33	0
93.1	-1.70645E-33	4.24564E-33	0
93.12	-1.45847E-33	4.12512E-33	0
93.14	-1.22642E-33	3.99991E-33	0
93.16	-1.00978E-33	3.87084E-33	0
93.18	-8.0804E-34	3.73872E-33	0
93.2	-6.20648E-34	3.6043E-33	0
93.22	-4.47065E-34	3.46826E-33	0
93.24	-2.86743E-34	3.33124E-33	0
93.26	-1.39134E-34	3.19381E-33	0
93.28	-3.68919E-36	3.05652E-33	0
93.3	1.20139E-34	2.91985E-33	0
93.32	2.32892E-34	2.78426E-33	0
93.34	3.35106E-34	2.65014E-33	0
93.36	4.2731E-34	2.51786E-33	0
93.38	5.10026E-34	2.38774E-33	0
93.4	5.83763E-34	2.26008E-33	0
93.42	6.49021E-34	2.13513E-33	0
93.44	7.06289E-34	2.01311E-33	0
93.46	7.56043E-34	1.89423E-33	0
93.48	7.98745E-34	1.77864E-33	0
93.5	8.34844E-34	1.66649E-33	0
93.52	8.64774E-34	1.55789E-33	0
93.54	8.88955E-34	1.45294E-33	0
93.56	9.07793E-34	1.35171E-33	0
93.58	9.21678E-34	1.25425E-33	0
93.6	9.30984E-34	1.16059E-33	0
93.62	9.3607E-34	1.07074E-33	0
93.64	9.37282E-34	9.84724E-34	0
93.66	9.34947E-34	9.02511E-34	0
93.68	9.29379E-34	8.24081E-34	0
93.7	9.20878E-34	7.49395E-34	0
93.72	9.09726E-34	6.78406E-34	0
93.74	8.96194E-34	6.11057E-34	0
93.76	8.80535E-34	5.4728E-34	0
93.78	8.62991E-34	4.87004E-34	0
93.8	8.43788E-34	4.30148E-34	0
93.82	8.23141E-34	3.76627E-34	0
93.84	8.01249E-34	3.26349E-34	0
93.86	7.78301E-34	2.79221E-34	0
93.88	7.54472E-34	2.35144E-34	0
93.9	7.29926E-34	1.94017E-34	0
93.92	7.04816E-34	1.55737E-34	0
93.94	6.79283E-34	1.202E-34	0
93.96	6.53456E-34	8.72987E-35	0
93.98	6.27458E-34	5.69276E-35	0
94	6.01399E-34	2.898E-35	0
94.02	5.75379E-34	3.34939E-36	0
94.04	5.49492E-34	-2.00699E-35	0
94.06	5.23822E-34	-4.13826E-35	0
94.08	4.98445E-34	-6.06923E-35	0
94.1	4.7343E-34	-7.81009E-35	0
94.12	4.48836E-34	-9.37088E-35	0
94.14	4.2472E-34	-1.07614E-34	0
94.16	4.01128E-34	-1.19913E-34	0
94.18	3.78102E-34	-1.30699E-34	0
94.2	3.5568E-34	-1.40063E-34	0
94.22	3.3389E-34	-1.48095E-34	0
94.24	3.12759E-34	-1.54879E-34	0
94.26	2.92309E-34	-1.60499E-34	0
94.28	2.72556E-34	-1.65034E-34	0
94.3	2.53512E-34	-1.68564E-34	0
94.32	2.35187E-34	-1.7116E-34	0
94.34	2.17586E-34	-1.72896E-34	0
94.36	2.00711E-34	-1.73839E-34	0
94.38	1.84563E-34	-1.74055E-34	0
94.4	1.69137E-34	-1.73605E-34	0
94.42	1.54428E-34	-1.7255E-34	0
94.44	1.4043E-34	-1.70947E-34	0
94.46	1.2713E-34	-1.68848E-34	0
94.48	1.1452E-34	-1.66304E-34	0
94.5	1.02584E-34	-1.63364E-34	0
94.52	9.13096E-35	-1.60074E-34	0
94.54	8.06802E-35	-1.56475E-34	0
94.56	7.06795E-35	-1.52609E-34	0
94.58	6.12898E-35	-1.48513E-34	0
94.6	5.24929E-35	-1.44221E-34	0
94.62	4.42698E-35	-1.39768E-34	0
94.64	3.66011E-35	-1.35184E-34	0
94.66	2.9467E-35	-1.30497E-34	0
94.68	2.28476E-35	-1.25734E-34	0
94.7	1.67224E-35	-1.20919E-34	0
94.72	1.10714E-35	-1.16075E-34	0
94.74	5.87399E-36	-1.11221E-34	0
94.76	1.11013E-36	-1.06378E-34	0
94.78	-3.24035E-36	-1.01563E-34	0
94.8	-7.1973E-36	-9.67902E-35	0
94.82	-1.07804E-35	-9.20744E-35	0
94.84	-1.40088E-35	-8.74283E-35	0
94.86	-1.69017E-35	-8.28631E-35	0
94.88	-1.94774E-35	-7.83887E-35	0
94.9	-2.17542E-35	-7.4014E-35	0
94.92	-2.37496E-35	-6.97465E-35	0
94.94	-2.54809E-35	-6.55929E-35	0
94.96	-2.69647E-35	-6.15587E-35	0
94.98	-2.82171E-35	-5.76486E-35	0
95	-2.92538E-35	-5.38663E-35	0
95.02	-3.00897E-35	-5.02148E-35	0
95.04	-3.07392E-35	-4.66963E-35	0
95.06	-3.12164E-35	-4.33122E-35	0
95.08	-3.15346E-35	-4.00636E-35	0
95.1	-3.17064E-35	-3.69507E-35	0
95.12	-3.17441E-35	-3.39733E-35	0
95.14	-3.16594E-35	-3.11306E-35	0
95.16	-3.14633E-35	-2.84214E-35	0
95.18	-3.11663E-35	-2.58443E-35	0
95.2	-3.07784E-35	-2.33973E-35	0
95.22	-3.03091E-35	-2.10781E-35	0
95.24	-2.97672E-35	-1.88843E-35	0
95.26	-2.91612E-35	-1.6813E-35	0
95.28	-2.8499E-35	-1.48612E-35	0
95.3	-2.7788E-35	-1.30258E-35	0
95.32	-2.70353E-35	-1.13035E-35	0
95.34	-2.62472E-35	-9.6907E-36	0
95.36	-2.543E-35	-8.18391E-36	0
95.38	-2.45892E-35	-6.77944E-36	0
95.4	-2.373E-35	-5.47358E-36	0
95.42	-2.28574E-35	-4.26254E-36	0
95.44	-2.19758E-35	-3.14254E-36	0
95.46	-2.10893E-35	-2.10976E-36	0
95.48	-2.02017E-35	-1.16042E-36	0
95.5	-1.93164E-35	-2.90722E-37	0
95.52	-1.84366E-35	5.03073E-37	0
95.54	-1.75651E-35	1.22467E-36	0
95.56	-1.67045E-35	1.87772E-36	0
95.58	-1.5857E-35	2.46582E-36	0
95.6	-1.50247E-35	2.99247E-36	0
95.62	-1.42094E-35	3.46112E-36	0
95.64	-1.34127E-35	3.87512E-36	0
95.66	-1.26359E-35	4.23775E-36	0
95.68	-1.18803E-35	4.55216E-36	0
95.7	-1.11467E-35	4.82145E-36	0
95.72	-1.04361E-35	5.04858E-36	0
95.74	-9.74905E-36	5.23642E-36	0
95.76	-9.0861E-36	5.38774E-36	0
95.78	-8.44763E-36	5.50521E-36	0
95.8	-7.83388E-36	5.59137E-36	0
95.82	-7.24499E-36	5.64867E-36	0
95.84	-6.68099E-36	5.67946E-36	0
95.86	-6.14181E-36	5.68596E-36	0
95.88	-5.62729E-36	5.67031E-36	0
95.9	-5.1372E-36	5.63453E-36	0
95.92	-4.67123E-36	5.58055E-36	0
95.94	-4.22901E-36	5.51017E-36	0
95.96	-3.81011E-36	5.42513E-36	0
95.98	-3.41405E-36	5.32705E-36	0
96	-3.04031E-36	5.21747E-36	0
96.02	-2.68831E-36	5.09781E-36	0
96.04	-2.35748E-36	4.96943E-36	0
96.06	-2.04718E-36	4.83359E-36	0
96.08	-1.75677E-36	4.69147E-36	0
96.1	-1.48559E-36	4.54418E-36	0
96.12	-1.23295E-36	4.39273E-36	0
96.14	-9.98172E-37	4.23807E-36	0
96.16	-7.80557E-37	4.08107E-36	0
96.18	-5.79405E-37	3.92254E-36	0
96.2	-3.94017E-37	3.76322E-36	0
96.22	-2.23695E-37	3.60379E-36	0
96.24	-6.77468E-38	3.44486E-36	0
96.26	7.45152E-38	3.287E-36	0
96.28	2.03768E-37	3.13072E-36	0
96.3	3.20679E-37	2.97646E-36	0
96.32	4.25902E-37	2.82464E-36	0
96.34	5.20079E-37	2.67562E-36	0
96.36	6.03835E-37	2.52972E-36	0
96.38	6.77782E-37	2.38722E-36	0
96.4	7.42512E-37	2.24835E-36	0
96.42	7.98602E-37	2.11333E-36	0
96.44	8.46609E-37	1.98233E-36	0
96.46	8.87071E-37	1.85549E-36	0
96.48	9.20508E-37	1.73292E-36	0
96.5	9.47421E-37	1.6147E-36	0
96.52	9.6829E-37	1.50092E-36	0
96.54	9.83575E-37	1.39159E-36	0
96.56	9.93719E-37	1.28674E-36	0
96.58	9.99141E-37	1.18638E-36	0
96.6	1.00025E-36	1.09049E-36	0
96.62	9.97413E-37	9.99022E-37	0
96.64	9.91008E-37	9.11945E-37	0
96.66	9.81374E-37	8.29197E-37	0
96.68	9.68839E-37	7.50705E-37	0
96.7	9.53711E-37	6.76391E-37	0
96.72	9.3628E-37	6.06164E-37	0
96.74	9.16819E-37	5.39928E-37	0
96.76	8.95586E-37	4.77579E-37	0
96.78	8.72821E-37	4.19008E-37	0
96.8	8.4875E-37	3.64101E-37	0
96.82	8.23581E-37	3.12739E-37	0
96.84	7.97511E-37	2.64802E-37	0
96.86	7.70721E-37	2.20167E-37	0
96.88	7.43378E-37	1.78709E-37	0
96.9	7.15638E-37	1.40301E-37	0
96.92	6.87643E-37	1.04817E-37	0
96.94	6.59523E-37	7.21315E-38	0
96.96	6.31399E-37	4.21178E-38	0
96.98	6.03379E-37	1.46515E-38	0
97	5.75562E-37	-1.0391E-38	0
97.02	5.48037E-37	-3.31312E-38	0
97.04	5.20883E-37	-5.36889E-38	0
97.06	4.94172E-37	-7.21813E-38	0
97.08	4.67967E-37	-8.87231E-38	0
97.1	4.42324E-37	-1.03426E-37	0
97.12	4.17291E-37	-1.164E-37	0
97.14	3.9291E-37	-1.2775E-37	0
97.16	3.69216E-37	-1.37579E-37	0
97.18	3.46239E-37	-1.45986E-37	0
97.2	3.24002E-37	-1.53066E-37	0
97.22	3.02526E-37	-1.58914E-37	0
97.24	2.81824E-37	-1.63616E-37	0
97.26	2.61907E-37	-1.67258E-37	0
97.28	2.4278E-37	-1.69923E-37	0
97.3	2.24447E-37	-1.71687E-37	0
97.32	2.06907E-37	-1.72626E-37	0
97.34	1.90155E-37	-1.72811E-37	0
97.36	1.74186E-37	-1.72308E-37	0
97.38	1.58991E-37	-1.71183E-37	0
97.4	1.44558E-37	-1.69496E-37	0
97.42	1.30875E-37	-1.67304E-37	0
97.44	1.17927E-37	-1.64661E-37	0
97.46	1.05697E-37	-1.61619E-37	0
97.48	9.41675E-38	-1.58226E-37	0
97.5	8.33204E-38	-1.54526E-37	0
97.52	7.31357E-38	-1.50562E-37	0
97.54	6.3593E-38	-1.46373E-37	0
97.56	5.46711E-38	-1.41996E-37	0
97.58	4.63484E-38	-1.37464E-37	0
97.6	3.86028E-38	-1.3281E-37	0
97.62	3.14122E-38	-1.28063E-37	0
97.64	2.47542E-38	-1.2325E-37	0
97.66	1.86062E-38	-1.18394E-37	0
97.68	1.29459E-38	-1.1352E-37	0
97.7	7.75113E-39	-1.08648E-37	0
97.72	2.99969E-39	-1.03796E-37	0
97.74	-1.33015E-39	-9.89822E-38	0
97.76	-5.25986E-39	-9.42211E-38	0
97.78	-8.81049E-39	-8.95267E-38	0
97.8	-1.20027E-38	-8.49113E-38	0
97.82	-1.48566E-38	-8.03857E-38	0
97.84	-1.73919E-38	-7.59594E-38	0
97.86	-1.96277E-38	-7.16406E-38	0
97.88	-2.15825E-38	-6.74363E-38	0
97.9	-2.32744E-38	-6.33527E-38	0
97.92	-2.47205E-38	-5.93946E-38	0
97.94	-2.59378E-38	-5.55661E-38	0
97.96	-2.69422E-38	-5.18703E-38	0
97.98	-2.77494E-38	-4.83096E-38	0
98	-2.8374E-38	-4.48855E-38	0
98.02	-2.88303E-38	-4.15991E-38	0
98.04	-2.91319E-38	-3.84506E-38	0
98.06	-2.92918E-38	-3.54398E-38	0
98.08	-2.93222E-38	-3.25659E-38	0
98.1	-2.92349E-38	-2.98275E-38	0
98.12	-2.90409E-38	-2.72232E-38	0
98.14	-2.87508E-38	-2.47508E-38	0
98.16	-2.83744E-38	-2.2408E-38	0
98.18	-2.79212E-38	-2.01921E-38	0
98.2	-2.73999E-38	-1.81002E-38	0
98.22	-2.68189E-38	-1.61292E-38	0
98.24	-2.61858E-38	-1.42757E-38	0
98.26	-2.5508E-38	-1.25363E-38	0
98.28	-2.47921E-38	-1.09074E-38	0
98.3	-2.40445E-38	-9.38521E-39	0
98.32	-2.3271E-38	-7.96597E-39	0
98.34	-2.2477E-38	-6.64583E-39	0
98.36	-2.16676E-38	-5.42089E-39	0
98.38	-2.08473E-38	-4.28726E-39	0
98.4	-2.00204E-38	-3.24102E-39	0
98.42	-1.91906E-38	-2.27826E-39	0
98.44	-1.83617E-38	-1.39513E-39	0
98.46	-1.75366E-38	-5.878E-40	0
98.48	-1.67184E-38	1.47517E-40	0
98.5	-1.59096E-38	8.14529E-40	0
98.52	-1.51126E-38	1.41688E-39	0
98.54	-1.43293E-38	1.95814E-39	0
98.56	-1.35617E-38	2.44177E-39	0
98.58	-1.28113E-38	2.87118E-39	0
98.6	-1.20795E-38	3.24965E-39	0
98.62	-1.13675E-38	3.58037E-39	0
98.64	-1.06763E-38	3.86642E-39	0
98.66	-1.00067E-38	4.11079E-39	0
98.68	-9.35927E-39	4.31635E-39	0
98.7	-8.73463E-39	4.48585E-39	0
98.72	-8.13313E-39	4.62195E-39	0
98.74	-7.55501E-39	4.72718E-39	0
98.76	-7.00041E-39	4.80398E-39	0
98.78	-6.46935E-39	4.85465E-39	0
98.8	-5.96176E-39	4.88141E-39	0
98.82	-5.47749E-39	4.88635E-39	0
98.84	-5.01631E-39	4.87146E-39	0
98.86	-4.57792E-39	4.83864E-39	0
98.88	-4.16194E-39	4.78967E-39	0
98.9	-3.76796E-39	4.72623E-39	0
98.92	-3.39552E-39	4.64991E-39	0
98.94	-3.04409E-39	4.5622E-39	0
98.96	-2.71314E-39	4.46451E-39	0
98.98	-2.40208E-39	4.35813E-39	0
99	-2.11031E-39	4.24431E-39	0
99.02	-1.83721E-39	4.12417E-39	0
99.04	-1.58213E-39	3.99878E-39	0
99.06	-1.34443E-39	3.86911E-39	0
99.08	-1.12343E-39	3.7361E-39	0
99.1	-9.18477E-40	3.60056E-39	0
99.12	-7.28896E-40	3.46328E-39	0
99.14	-5.54019E-40	3.32495E-39	0
99.16	-3.93179E-40	3.18624E-39	0
99.18	-2.45717E-40	3.04772E-39	0
99.2	-1.1098E-40	2.90993E-39	0
99.22	1.16738E-41	2.77335E-39	0
99.24	1.22877E-40	2.63842E-39	0
99.26	2.23247E-40	2.50551E-39	0
99.28	3.13389E-40	2.37497E-39	0
99.3	3.93893E-40	2.2471E-39	0
99.32	4.65331E-40	2.12217E-39	0
99.34	5.2826E-40	2.00039E-39	0
99.36	5.83219E-40	1.88196E-39	0
99.38	6.30729E-40	1.76705E-39	0
99.4	6.71292E-40	1.65578E-39	0
99.42	7.0539E-40	1.54826E-39	0
99.44	7.3349E-40	1.44458E-39	0
99.46	7.56035E-40	1.34478E-39	0
99.48	7.73453E-40	1.24892E-39	0
99.5	7.86151E-40	1.15699E-39	0
99.52	7.94516E-40	1.06902E-39	0
99.54	7.98919E-40	9.84973E-40	0
99.56	7.99711E-40	9.04829E-40	0
99.58	7.97224E-40	8.28545E-40	0
99.6	7.91775E-40	7.56065E-40	0
99.62	7.8366E-40	6.87326E-40	0
99.64	7.73161E-40	6.22255E-40	0
99.66	7.60542E-40	5.60771E-40	0
99.68	7.46051E-40	5.02787E-40	0
99.7	7.29921E-40	4.48207E-40	0
99.72	7.1237E-40	3.96934E-40	0
99.74	6.93599E-40	3.48865E-40	0
99.76	6.73799E-40	3.03893E-40	0
99.78	6.53146E-40	2.61911E-40	0
99.8	6.31801E-40	2.22808E-40	0
99.82	6.09915E-40	1.86472E-40	0
99.84	5.87626E-40	1.52791E-40	0
99.86	5.65063E-40	1.21651E-40	0
99.88	5.4234E-40	9.29411E-41	0
99.9	5.19565E-40	6.65491E-41	0
99.92	4.96834E-40	4.23646E-41	0
99.94	4.74234E-40	2.02783E-41	0
99.96	4.51844E-40	1.82936E-43	0
99.98	4.29735E-40	-1.80269E-41	0
100	4.07969E-40	-3.44544E-41	0
100.02	3.86602E-40	-4.92002E-41	0
100.04	3.65682E-40	-6.23624E-41	0
100.06	3.45253E-40	-7.40362E-41	0
100.08	3.2535E-40	-8.4314E-41	0
100.1	3.06004E-40	-9.32853E-41	0
100.12	2.87242E-40	-1.01036E-40	0
100.14	2.69084E-40	-1.0765E-40	0
100.16	2.51547E-40	-1.13206E-40	0
100.18	2.34643E-40	-1.17782E-40	0
100.2	2.18382E-40	-1.21451E-40	0
100.22	2.02769E-40	-1.24284E-40	0
100.24	1.87805E-40	-1.26347E-40	0
100.26	1.73491E-40	-1.27704E-40	0
100.28	1.59824E-40	-1.28416E-40	0
100.3	1.46797E-40	-1.28541E-40	0
100.32	1.34404E-40	-1.28134E-40	0
100.34	1.22635E-40	-1.27246E-40	0
100.36	1.11478E-40	-1.25926E-40	0
100.38	1.00923E-40	-1.2422E-40	0
100.4	9.0954E-41	-1.22171E-40	0
100.42	8.15572E-41	-1.19821E-40	0
100.44	7.27166E-41	-1.17205E-40	0
100.46	6.44158E-41	-1.14362E-40	0
100.48	5.66375E-41	-1.11322E-40	0
100.5	4.93642E-41	-1.08118E-40	0
100.52	4.25777E-41	-1.04777E-40	0
100.54	3.62597E-41	-1.01326E-40	0
100.56	3.03917E-41	-9.77895E-41	0
100.58	2.49552E-41	-9.419E-41	0
100.6	1.99315E-41	-9.0548E-41	0
100.62	1.5302E-41	-8.68822E-41	0
100.64	1.10485E-41	-8.32098E-41	0
100.66	7.1527E-42	-7.95463E-41	0
100.68	3.5967E-42	-7.59059E-41	0
100.7	3.62882E-43	-7.23011E-41	0
100.72	-2.56602E-42	-6.87433E-41	0
100.74	-5.2069E-42	-6.52425E-41	0
100.76	-7.57621E-42	-6.18076E-41	0
100.78	-9.68997E-42	-5.84464E-41	0
100.8	-1.15637E-41	-5.51655E-41	0
100.82	-1.32126E-41	-5.19708E-41	0
100.84	-1.4651E-41	-4.88671E-41	0
100.86	-1.58931E-41	-4.58584E-41	0
100.88	-1.69524E-41	-4.29482E-41	0
100.9	-1.78418E-41	-4.01388E-41	0
100.92	-1.85739E-41	-3.74323E-41	0
100.94	-1.91605E-41	-3.48299E-41	0
100.96	-1.9613E-41	-3.23324E-41	0
100.98	-1.99422E-41	-2.99401E-41	0
101	-2.01586E-41	-2.76527E-41	0
101.02	-2.02719E-41	-2.54697E-41	0
101.04	-2.02915E-41	-2.33902E-41	0
101.06	-2.02261E-41	-2.14127E-41	0
101.08	-2.00841E-41	-1.95357E-41	0
101.1	-1.98733E-41	-1.77574E-41	0
101.12	-1.96011E-41	-1.60757E-41	0
101.14	-1.92745E-41	-1.44882E-41	0
101.16	-1.89E-41	-1.29925E-41	0
101.18	-1.84837E-41	-1.15861E-41	0
101.2	-1.80312E-41	-1.02662E-41	0
101.22	-1.75478E-41	-9.03002E-42	0
101.24	-1.70385E-41	-7.87465E-42	0
101.26	-1.65078E-41	-6.79714E-42	0
101.28	-1.596E-41	-5.79452E-42	0
101.3	-1.53988E-41	-4.86378E-42	0
101.32	-1.48279E-41	-4.0019E-42	0
101.34	-1.42506E-41	-3.20586E-42	0
101.36	-1.36698E-41	-2.47266E-42	0
101.38	-1.30882E-41	-1.79934E-42	0
101.4	-1.25084E-41	-1.18295E-42	0
101.42	-1.19325E-41	-6.20599E-43	0
101.44	-1.13625E-41	-1.0946E-43	0
101.46	-1.08002E-41	3.53252E-43	0
101.48	-1.02473E-41	7.7025E-43	0
101.5	-9.70495E-42	1.14418E-42	0
101.52	-9.17453E-42	1.4776E-42	0
101.54	-8.65705E-42	1.77302E-42	0
101.56	-8.15342E-42	2.03284E-42	0
101.58	-7.66438E-42	2.25939E-42	0
101.6	-7.19055E-42	2.45492E-42	0
101.62	-6.73244E-42	2.62157E-42	0
101.64	-6.29043E-42	2.76143E-42	0
101.66	-5.86482E-42	2.87647E-42	0
101.68	-5.45578E-42	2.9686E-42	0
101.7	-5.06342E-42	3.03962E-42	0
101.72	-4.68777E-42	3.09126E-42	0
101.74	-4.32879E-42	3.12516E-42	0
101.76	-3.98635E-42	3.14288E-42	0
101.78	-3.66029E-42	3.1459E-42	0
101.8	-3.3504E-42	3.1356E-42	0
101.82	-3.0564E-42	3.11331E-42	0
101.84	-2.77799E-42	3.08027E-42	0
101.86	-2.51482E-42	3.03764E-42	0
101.88	-2.26654E-42	2.98652E-42	0
101.9	-2.03272E-42	2.92794E-42	0
101.92	-1.81297E-42	2.86285E-42	0
101.94	-1.60684E-42	2.79215E-42	0
101.96	-1.41388E-42	2.71667E-42	0
101.98	-1.23362E-42	2.63718E-42	0
102	-1.06559E-42	2.55439E-42	0
102.02	-9.09315E-43	2.46897E-42	0
102.04	-7.64317E-43	2.38152E-42	0
102.06	-6.30112E-43	2.2926E-42	0
102.08	-5.06221E-43	2.20272E-42	0
102.1	-3.92167E-43	2.11235E-42	0
102.12	-2.87478E-43	2.02191E-42	0
102.14	-1.91689E-43	1.93177E-42	0
102.16	-1.04342E-43	1.8423E-42	0
102.18	-2.49883E-44	1.75379E-42	0
102.2	4.68114E-44	1.66651E-42	0
102.22	1.11485E-43	1.58073E-42	0
102.24	1.6945E-43	1.49664E-42	0
102.26	2.21111E-43	1.41443E-42	0
102.28	2.6686E-43	1.33427E-42	0
102.3	3.07075E-43	1.2563E-42	0
102.32	3.42123E-43	1.18062E-42	0
102.34	3.72356E-43	1.10733E-42	0
102.36	3.98111E-43	1.03651E-42	0
102.38	4.19714E-43	9.68206E-43	0
102.4	4.37474E-43	9.02471E-43	0
102.42	4.51688E-43	8.39328E-43	0
102.44	4.6264E-43	7.78789E-43	0
102.46	4.70597E-43	7.20857E-43	0
102.48	4.75817E-43	6.65522E-43	0
102.5	4.78542E-43	6.12764E-43	0
102.52	4.79001E-43	5.62554E-43	0
102.54	4.77411E-43	5.14856E-43	0
102.56	4.73977E-43	4.69627E-43	0
102.58	4.68892E-43	4.26817E-43	0
102.6	4.62337E-43	3.86372E-43	0
102.62	4.54481E-43	3.48231E-43	0
102.64	4.45483E-43	3.12332E-43	0
102.66	4.3549E-43	2.78609E-43	0
102.68	4.24642E-43	2.4699E-43	0
102.7	4.13067E-43	2.17406E-43	0
102.72	4.00883E-43	1.89784E-43	0
102.74	3.882E-43	1.64048E-43	0
102.76	3.75121E-43	1.40125E-43	0
102.78	3.61737E-43	1.17938E-43	0
102.8	3.48136E-43	9.74136E-44	0
102.82	3.34395E-43	7.84753E-44	0
102.84	3.20584E-43	6.10494E-44	0
102.86	3.0677E-43	4.50622E-44	0
102.88	2.93011E-43	3.04412E-44	0
102.9	2.79358E-43	1.71154E-44	0
102.92	2.65859E-43	5.01506E-45	0
102.94	2.52556E-43	-5.92804E-45	0
102.96	2.39485E-43	-1.57802E-44	0
102.98	2.2668E-43	-2.46061E-44	0
103	2.14168E-43	-3.24681E-44	0
103.02	2.01973E-43	-3.9427E-44	0
103.04	1.90116E-43	-4.55412E-44	0
103.06	1.78614E-43	-5.0867E-44	0
103.08	1.6748E-43	-5.54589E-44	0
103.1	1.56727E-43	-5.93687E-44	0
103.12	1.46361E-43	-6.26465E-44	0
103.14	1.3639E-43	-6.53398E-44	0
103.16	1.26817E-43	-6.74943E-44	0
103.18	1.17643E-43	-6.91534E-44	0
103.2	1.08868E-43	-7.03582E-44	0
103.22	1.00491E-43	-7.1148E-44	0
103.24	9.25077E-44	-7.15598E-44	0
103.26	8.49139E-44	-7.16288E-44	0
103.28	7.77035E-44	-7.13882E-44	0
103.3	7.08696E-44	-7.0869E-44	0
103.32	6.44044E-44	-7.01008E-44	0
103.34	5.82993E-44	-6.9111E-44	0
103.36	5.25449E-44	-6.79254E-44	0
103.38	4.71313E-44	-6.65683E-44	0
103.4	4.20483E-44	-6.5062E-44	0
103.42	3.72849E-44	-6.34275E-44	0
103.44	3.28302E-44	-6.16843E-44	0
103.46	2.86728E-44	-5.98503E-44	0
103.48	2.48013E-44	-5.79423E-44	0
103.5	2.12043E-44	-5.59755E-44	0
103.52	1.78699E-44	-5.3964E-44	0
103.54	1.47869E-44	-5.19208E-44	0
103.56	1.19435E-44	-4.98575E-44	0
103.58	9.32845E-45	-4.7785E-44	0
103.6	6.93049E-45	-4.57129E-44	0
103.62	4.73852E-45	-4.36499E-44	0
103.64	2.7417E-45	-4.1604E-44	0
103.66	9.29381E-46	-3.95821E-44	0
103.68	-7.08808E-46	-3.75906E-44	0
103.7	-2.18297E-45	-3.56348E-44	0
103.72	-3.50291E-45	-3.37196E-44	0
103.74	-4.67815E-45	-3.18492E-44	0
103.76	-5.71787E-45	-3.00271E-44	0
103.78	-6.63094E-45	-2.82563E-44	0
103.8	-7.4259E-45	-2.65394E-44	0
103.82	-8.11096E-45	-2.48784E-44	0
103.84	-8.69399E-45	-2.32748E-44	0
103.86	-9.18253E-45	-2.17298E-44	0
103.88	-9.58377E-45	-2.02443E-44	0
103.9	-9.90457E-45	-1.88188E-44	0
103.92	-1.01515E-44	-1.74534E-44	0
103.94	-1.03307E-44	-1.61481E-44	0
103.96	-1.04481E-44	-1.49025E-44	0
103.98	-1.05094E-44	-1.37161E-44	0
104	-1.05196E-44	-1.25881E-44	0
104.02	-1.04839E-44	-1.15175E-44	0
104.04	-1.04068E-44	-1.05034E-44	0
104.06	-1.02929E-44	-9.54445E-45	0
104.08	-1.01462E-44	-8.63934E-45	0
104.1	-9.9705E-45	-7.78665E-45	0
104.12	-9.76949E-45	-6.98485E-45	0
104.14	-9.54651E-45	-6.23236E-45	0
104.16	-9.30468E-45	-5.52754E-45	0
104.18	-9.04688E-45	-4.86871E-45	0
104.2	-8.77579E-45	-4.25416E-45	0
104.22	-8.49389E-45	-3.68215E-45	0
104.24	-8.20345E-45	-3.15093E-45	0
104.26	-7.90655E-45	-2.65876E-45	0
104.28	-7.60511E-45	-2.2039E-45	0
104.3	-7.30087E-45	-1.7846E-45	0
104.32	-6.99541E-45	-1.39916E-45	0
104.34	-6.69016E-45	-1.04589E-45	0
104.36	-6.3864E-45	-7.23122E-46	0
104.38	-6.0853E-45	-4.2923E-46	0
104.4	-5.78789E-45	-1.62622E-46	0
104.42	-5.49507E-45	7.82531E-47	0
104.44	-5.20766E-45	2.94906E-46	0
104.46	-4.92634E-45	4.88801E-46	0
104.48	-4.65174E-45	6.61356E-46	0
104.5	-4.38436E-45	8.1394E-46	0
104.52	-4.12464E-45	9.47874E-46	0
104.54	-3.87294E-45	1.06443E-45	0
104.56	-3.62954E-45	1.16482E-45	0
104.58	-3.39468E-45	1.25022E-45	0
104.6	-3.16852E-45	1.32175E-45	0
104.62	-2.95117E-45	1.38047E-45	0
104.64	-2.7427E-45	1.42739E-45	0
104.66	-2.54311E-45	1.4635E-45	0
104.68	-2.3524E-45	1.48969E-45	0
104.7	-2.1705E-45	1.50685E-45	0
104.72	-1.99733E-45	1.51579E-45	0
104.74	-1.83276E-45	1.5173E-45	0
104.76	-1.67666E-45	1.5121E-45	0
104.78	-1.52885E-45	1.50088E-45	0
104.8	-1.38915E-45	1.48429E-45	0
104.82	-1.25736E-45	1.46293E-45	0
104.84	-1.13326E-45	1.43737E-45	0
104.86	-1.01662E-45	1.40814E-45	0
104.88	-9.0721E-46	1.37572E-45	0
104.9	-8.04781E-46	1.34059E-45	0
104.92	-7.09081E-46	1.30315E-45	0
104.94	-6.19856E-46	1.26379E-45	0
104.96	-5.36848E-46	1.22289E-45	0
104.98	-4.59796E-46	1.18077E-45	0
105	-3.88443E-46	1.13774E-45	0
105.02	-3.2253E-46	1.09406E-45	0
105.04	-2.618E-46	1.05E-45	0
105.06	-2.06001E-46	1.00579E-45	0
105.08	-1.54882E-46	9.61627E-46	0
105.1	-1.08201E-46	9.17702E-46	0
105.12	-6.57159E-47	8.74182E-46	0
105.14	-2.71936E-47	8.31216E-46	0
105.16	7.59412E-48	7.88934E-46	0
105.18	3.88686E-47	7.47452E-46	0
105.2	6.68447E-47	7.0687E-46	0
105.22	9.173E-47	6.67275E-46	0
105.24	1.13725E-46	6.2874E-46	0
105.26	1.33022E-46	5.91328E-46	0
105.28	1.49808E-46	5.55088E-46	0
105.3	1.64259E-46	5.20061E-46	0
105.32	1.76547E-46	4.86278E-46	0
105.34	1.86834E-46	4.53763E-46	0
105.36	1.95275E-46	4.22529E-46	0
105.38	2.02018E-46	3.92585E-46	0
105.4	2.07204E-46	3.63932E-46	0
105.42	2.10966E-46	3.36566E-46	0
105.44	2.13429E-46	3.10478E-46	0
105.46	2.14714E-46	2.85652E-46	0
105.48	2.14932E-46	2.62072E-46	0
105.5	2.1419E-46	2.39715E-46	0
105.52	2.12586E-46	2.18556E-46	0
105.54	2.10214E-46	1.98568E-46	0
105.56	2.07162E-46	1.7972E-46	0
105.58	2.03511E-46	1.61981E-46	0
105.6	1.99336E-46	1.45317E-46	0
105.62	1.94709E-46	1.29692E-46	0
105.64	1.89696E-46	1.15072E-46	0
105.66	1.84356E-46	1.01419E-46	0
105.68	1.78747E-46	8.86957E-47	0
105.7	1.72919E-46	7.68645E-47	0
105.72	1.6692E-46	6.58876E-47	0
105.74	1.60793E-46	5.57274E-47	0
105.76	1.54579E-46	4.63462E-47	0
105.78	1.48313E-46	3.7707E-47	0
105.8	1.42028E-46	2.97729E-47	0
105.82	1.35753E-46	2.25079E-47	0
105.84	1.29515E-46	1.58766E-47	0
105.86	1.23337E-46	9.84429E-48	0
105.88	1.17241E-46	4.37722E-48	0
105.9	1.11245E-46	-5.57496E-49	0
105.92	1.05365E-46	-4.99178E-48	0
105.94	9.96155E-47	-8.95653E-48	0
105.96	9.40085E-47	-1.24816E-47	0
105.98	8.85542E-47	-1.55958E-47	0
106	8.32613E-47	-1.83268E-47	0
106.02	7.81367E-47	-2.07013E-47	0
106.04	7.31861E-47	-2.27447E-47	0
106.06	6.84136E-47	-2.44814E-47	0
106.08	6.38223E-47	-2.59346E-47	0
106.1	5.94141E-47	-2.71267E-47	0
106.12	5.519E-47	-2.80786E-47	0
106.14	5.11499E-47	-2.88104E-47	0
106.16	4.72932E-47	-2.93412E-47	0
106.18	4.36182E-47	-2.96888E-47	0
106.2	4.01229E-47	-2.98702E-47	0
106.22	3.68045E-47	-2.99014E-47	0
106.24	3.36597E-47	-2.97974E-47	0
106.26	3.06849E-47	-2.95724E-47	0
106.28	2.7876E-47	-2.92396E-47	0
106.3	2.52287E-47	-2.88113E-47	0
106.32	2.27383E-47	-2.82991E-47	0
106.34	2.03999E-47	-2.77137E-47	0
106.36	1.82085E-47	-2.70652E-47	0
106.38	1.61589E-47	-2.63627E-47	0
106.4	1.42457E-47	-2.56149E-47	0
106.42	1.24638E-47	-2.48296E-47	0
106.44	1.08075E-47	-2.40141E-47	0
106.46	9.27162E-48	-2.3175E-47	0
106.48	7.85065E-48	-2.23186E-47	0
106.5	6.53927E-48	-2.14502E-47	0
106.52	5.33216E-48	-2.0575E-47	0
106.54	4.22412E-48	-1.96976E-47	0
106.56	3.20999E-48	-1.8822E-47	0
106.58	2.28476E-48	-1.79519E-47	0
106.6	1.4435E-48	-1.70907E-47	0
106.62	6.81428E-49	-1.62413E-47	0
106.64	-6.12025E-51	-1.54061E-47	0
106.66	-6.23656E-49	-1.45876E-47	0
106.68	-1.17555E-48	-1.37876E-47	0
106.7	-1.66601E-48	-1.30077E-47	0
106.72	-2.09911E-48	-1.22495E-47	0
106.74	-2.47875E-48	-1.15141E-47	0
106.76	-2.80868E-48	-1.08024E-47	0
106.78	-3.09248E-48	-1.01152E-47	0
106.8	-3.33359E-48	-9.45303E-48	0
106.82	-3.53526E-48	-8.81631E-48	0
106.84	-3.70063E-48	-8.20528E-48	0
106.86	-3.83263E-48	-7.62004E-48	0
106.88	-3.93409E-48	-7.06057E-48	0
106.9	-4.00766E-48	-6.52674E-48	0
106.92	-4.05586E-48	-6.01831E-48	0
106.94	-4.08104E-48	-5.53497E-48	0
106.96	-4.08545E-48	-5.07631E-48	0
106.98	-4.07118E-48	-4.64186E-48	0
107	-4.04019E-48	-4.23108E-48	0
107.02	-3.99434E-48	-3.84341E-48	0
107.04	-3.93533E-48	-3.4782E-48	0
107.06	-3.86478E-48	-3.1348E-48	0
107.08	-3.78418E-48	-2.81252E-48	0
107.1	-3.69491E-48	-2.51065E-48	0
107.12	-3.59825E-48	-2.22843E-48	0
107.14	-3.4954E-48	-1.96514E-48	0
107.16	-3.38744E-48	-1.72002E-48	0
107.18	-3.27537E-48	-1.49229E-48	0
107.2	-3.16013E-48	-1.28122E-48	0
107.22	-3.04254E-48	-1.08603E-48	0
107.24	-2.92337E-48	-9.05977E-49	0
107.26	-2.80333E-48	-7.40322E-49	0
107.28	-2.68302E-48	-5.88333E-49	0
107.3	-2.56303E-48	-4.49292E-49	0
107.32	-2.44385E-48	-3.22497E-49	0
107.34	-2.32594E-48	-2.07265E-49	0
107.36	-2.20969E-48	-1.02927E-49	0
107.38	-2.09546E-48	-8.83632E-51	0
107.4	-1.98355E-48	7.56344E-50	0
107.42	-1.87422E-48	1.51091E-49	0
107.44	-1.7677E-48	2.1812E-49	0
107.46	-1.66419E-48	2.77282E-49	0
107.48	-1.56383E-48	3.29119E-49	0
107.5	-1.46676E-48	3.74148E-49	0
107.52	-1.37307E-48	4.12866E-49	0
107.54	-1.28284E-48	4.45745E-49	0
107.56	-1.19612E-48	4.73237E-49	0
107.58	-1.11293E-48	4.95771E-49	0
107.6	-1.0333E-48	5.13754E-49	0
107.62	-9.57204E-49	5.27573E-49	0
107.64	-8.84633E-49	5.37593E-49	0
107.66	-8.15549E-49	5.44159E-49	0
107.68	-7.49904E-49	5.47596E-49	0
107.7	-6.87641E-49	5.4821E-49	0
107.72	-6.28693E-49	5.46289E-49	0
107.74	-5.72984E-49	5.42101E-49	0
107.76	-5.20432E-49	5.35899E-49	0
107.78	-4.7095E-49	5.27917E-49	0
107.8	-4.24445E-49	5.18376E-49	0
107.82	-3.80821E-49	5.07477E-49	0
107.84	-3.39977E-49	4.95411E-49	0
107.86	-3.01813E-49	4.82351E-49	0
107.88	-2.66224E-49	4.68459E-49	0
107.9	-2.33105E-49	4.53883E-49	0
107.92	-2.02353E-49	4.3876E-49	0
107.94	-1.73863E-49	4.23214E-49	0
107.96	-1.47529E-49	4.0736E-49	0
107.98	-1.23249E-49	3.91299E-49	0
108	-1.0092E-49	3.75128E-49	0
108.02	-8.04434E-50	3.58929E-49	0
108.04	-6.17198E-50	3.42779E-49	0
108.06	-4.46533E-50	3.26747E-49	0
108.08	-2.91501E-50	3.10892E-49	0
108.1	-1.51192E-50	2.95268E-49	0
108.12	-2.47206E-51	2.79923E-49	0
108.14	8.87687E-51	2.64896E-49	0
108.16	1.90102E-50	2.50223E-49	0
108.18	2.80076E-50	2.35934E-49	0
108.2	3.59457E-50	2.22054E-49	0
108.22	4.28978E-50	2.08604E-49	0
108.24	4.89345E-50	1.956E-49	0
108.26	5.41229E-50	1.83056E-49	0
108.28	5.85272E-50	1.7098E-49	0
108.3	6.22085E-50	1.59379E-49	0
108.32	6.52249E-50	1.48257E-49	0
108.34	6.76315E-50	1.37614E-49	0
108.36	6.94806E-50	1.2745E-49	0
108.38	7.08213E-50	1.1776E-49	0
108.4	7.17003E-50	1.08541E-49	0
108.42	7.21614E-50	9.97848E-50	0
108.44	7.22458E-50	9.14836E-50	0
108.46	7.19921E-50	8.3628E-50	0
108.48	7.14366E-50	7.62076E-50	0
108.5	7.0613E-50	6.9211E-50	0
108.52	6.9553E-50	6.26263E-50	0
108.54	6.82858E-50	5.64407E-50	0
108.56	6.68388E-50	5.06409E-50	0
108.58	6.52372E-50	4.52134E-50	0
108.6	6.35043E-50	4.01444E-50	0
108.62	6.16618E-50	3.54196E-50	0
108.64	5.97293E-50	3.10249E-50	0
108.66	5.7725E-50	2.69461E-50	0
108.68	5.56656E-50	2.3169E-50	0
108.7	5.35662E-50	1.96795E-50	0
108.72	5.14406E-50	1.64636E-50	0
108.74	4.93011E-50	1.35077E-50	0
108.76	4.7159E-50	1.07981E-50	0
108.78	4.50244E-50	8.32162E-51	0
108.8	4.29063E-50	6.06537E-51	0
108.82	4.08125E-50	4.01675E-51	0
108.84	3.87503E-50	2.16352E-51	0
108.86	3.67257E-50	4.9381E-52	0
108.88	3.4744E-50	-1.00383E-51	0
108.9	3.281E-50	-2.34047E-51	0
108.92	3.09274E-50	-3.52675E-51	0
108.94	2.90996E-50	-4.5729E-51	0
108.96	2.73292E-50	-5.48874E-51	0
108.98	2.56184E-50	-6.28365E-51	0
109	2.39687E-50	-6.96659E-51	0
109.02	2.23815E-50	-7.5461E-51	0
109.04	2.08574E-50	-8.03032E-51	0
109.06	1.93969E-50	-8.42696E-51	0
109.08	1.8E-50	-8.74335E-51	0
109.1	1.66665E-50	-8.9864E-51	0
109.12	1.53959E-50	-9.16266E-51	0
109.14	1.41875E-50	-9.27829E-51	0
109.16	1.30404E-50	-9.3391E-51	0
109.18	1.19534E-50	-9.35053E-51	0
109.2	1.09252E-50	-9.31769E-51	0
109.22	9.95448E-51	-9.24536E-51	0
109.24	9.03961E-51	-9.138E-51	0
109.26	8.179E-51	-8.99977E-51	0
109.28	7.37093E-51	-8.83453E-51	0
109.3	6.61362E-51	-8.64587E-51	0
109.32	5.90526E-51	-8.43711E-51	0
109.34	5.24398E-51	-8.21132E-51	0
109.36	4.62791E-51	-7.97132E-51	0
109.38	4.05515E-51	-7.71971E-51	0
109.4	3.52381E-51	-7.45885E-51	0
109.42	3.032E-51	-7.19094E-51	0
109.44	2.57784E-51	-6.91793E-51	0
109.46	2.1595E-51	-6.64163E-51	0
109.48	1.77514E-51	-6.36365E-51	0
109.5	1.42298E-51	-6.08546E-51	0
109.52	1.10127E-51	-5.80837E-51	0
109.54	8.08299E-52	-5.53353E-51	0
109.56	5.42409E-52	-5.26199E-51	0
109.58	3.01987E-52	-4.99466E-51	0
109.6	8.54714E-53	-4.73232E-51	0
109.62	-1.08646E-52	-4.47567E-51	0
109.64	-2.81819E-52	-4.2253E-51	0
109.66	-4.35445E-52	-3.98171E-51	0
109.68	-5.70868E-52	-3.74531E-51	0
109.7	-6.89372E-52	-3.51645E-51	0
109.72	-7.92187E-52	-3.29539E-51	0
109.74	-8.80486E-52	-3.08233E-51	0
109.76	-9.55386E-52	-2.87743E-51	0
109.78	-1.01795E-51	-2.68078E-51	0
109.8	-1.06918E-51	-2.49241E-51	0
109.82	-1.11004E-51	-2.31234E-51	0
109.84	-1.14143E-51	-2.14052E-51	0
109.86	-1.1642E-51	-1.97688E-51	0
109.88	-1.17914E-51	-1.82133E-51	0
109.9	-1.18702E-51	-1.67373E-51	0
109.92	-1.18855E-51	-1.53393E-51	0
109.94	-1.18438E-51	-1.40177E-51	0
109.96	-1.17514E-51	-1.27704E-51	0
109.98	-1.1614E-51	-1.15955E-51	0
110	-1.1437E-51	-1.04907E-51	0
110.02	-1.12254E-51	-9.45391E-52	0
110.04	-1.09839E-51	-8.4827E-52	0
110.06	-1.07167E-51	-7.57468E-52	0
110.08	-1.04278E-51	-6.72741E-52	0
110.1	-1.01208E-51	-5.93843E-52	0
110.12	-9.79906E-52	-5.20526E-52	0
110.14	-9.46566E-52	-4.52543E-52	0
110.16	-9.12336E-52	-3.89646E-52	0
110.18	-8.77471E-52	-3.31593E-52	0
110.2	-8.422E-52	-2.78141E-52	0
110.22	-8.0673E-52	-2.29055E-52	0
110.24	-7.71249E-52	-1.84101E-52	0
110.26	-7.35924E-52	-1.43052E-52	0
110.28	-7.00902E-52	-1.05688E-52	0
110.3	-6.66315E-52	-7.17928E-53	0
110.32	-6.3228E-52	-4.11578E-53	0
110.34	-5.98896E-52	-1.35813E-53	0
110.36	-5.66251E-52	1.11316E-53	0
110.38	-5.34419E-52	3.31685E-53	0
110.4	-5.03464E-52	5.27098E-53	0
110.42	-4.73436E-52	6.99284E-53	0
110.44	-4.44379E-52	8.49898E-53	0
110.46	-4.16326E-52	9.8052E-53	0
110.48	-3.89302E-52	1.09266E-52	0
110.5	-3.63323E-52	1.18775E-52	0
110.52	-3.38402E-52	1.26715E-52	0
110.54	-3.14542E-52	1.33216E-52	0
110.56	-2.91744E-52	1.38399E-52	0
110.58	-2.7E-52	1.42381E-52	0
110.6	-2.49302E-52	1.4527E-52	0
110.62	-2.29636E-52	1.47169E-52	0
110.64	-2.10984E-52	1.48173E-52	0
110.66	-1.93326E-52	1.48374E-52	0
110.68	-1.76639E-52	1.47855E-52	0
110.7	-1.60899E-52	1.46695E-52	0
110.72	-1.46079E-52	1.44969E-52	0
110.74	-1.32151E-52	1.42744E-52	0
110.76	-1.19086E-52	1.40084E-52	0
110.78	-1.06853E-52	1.37047E-52	0
110.8	-9.5421E-53	1.33689E-52	0
110.82	-8.4759E-53	1.30059E-52	0
110.84	-7.4835E-53	1.26203E-52	0
110.86	-6.56174E-53	1.22163E-52	0
110.88	-5.70742E-53	1.17978E-52	0
110.9	-4.91739E-53	1.13683E-52	0
110.92	-4.18853E-53	1.0931E-52	0
110.94	-3.51776E-53	1.04888E-52	0
110.96	-2.90204E-53	1.00444E-52	0
110.98	-2.33842E-53	9.59994E-53	0
111	-1.824E-53	9.15765E-53	0
111.02	-1.35596E-53	8.71936E-53	0
111.04	-9.31559E-54	8.28671E-53	0
111.06	-5.48153E-54	7.86114E-53	0
111.08	-2.03176E-54	7.44392E-53	0
111.1	1.05843E-54	7.03611E-53	0
111.12	3.81284E-54	6.63865E-53	0
111.14	6.25429E-54	6.2523E-53	0
111.16	8.40467E-54	5.87771E-53	0
111.18	1.02849E-53	5.51539E-53	0
111.2	1.19149E-53	5.16575E-53	0
111.22	1.33138E-53	4.82908E-53	0
111.24	1.44996E-53	4.5056E-53	0
111.26	1.54895E-53	4.19543E-53	0
111.28	1.62998E-53	3.89861E-53	0
111.3	1.69458E-53	3.61512E-53	0
111.32	1.7442E-53	3.34487E-53	0
111.34	1.78022E-53	3.08774E-53	0
111.36	1.80391E-53	2.84354E-53	0
111.38	1.81649E-53	2.61204E-53	0
111.4	1.81908E-53	2.39298E-53	0
111.42	1.81275E-53	2.18607E-53	0
111.44	1.79848E-53	1.99099E-53	0
111.46	1.77718E-53	1.8074E-53	0
111.48	1.74972E-53	1.63494E-53	0
111.5	1.71688E-53	1.47323E-53	0
111.52	1.67939E-53	1.32189E-53	0
111.54	1.63794E-53	1.18053E-53	0
111.56	1.59315E-53	1.04876E-53	0
111.58	1.54558E-53	9.26157E-54	0
111.6	1.49576E-53	8.12336E-54	0
111.62	1.44418E-53	7.06892E-54	0
111.64	1.39126E-53	6.09428E-54	0
111.66	1.3374E-53	5.19551E-54	0
111.68	1.28296E-53	4.36875E-54	0
111.7	1.22826E-53	3.61019E-54	0
111.72	1.17358E-53	2.91613E-54	0
111.74	1.1192E-53	2.28293E-54	0
111.76	1.06533E-53	1.70709E-54	0
111.78	1.01218E-53	1.18517E-54	0
111.8	9.5992E-54	7.13869E-55	0
111.82	9.08709E-54	2.89991E-55	0
111.84	8.58676E-54	-8.95429E-56	0
111.86	8.09934E-54	-4.27693E-55	0
111.88	7.62578E-54	-7.27299E-55	0
111.9	7.16683E-54	-9.91079E-55	0
111.92	6.72312E-54	-1.22163E-54	0
111.94	6.29514E-54	-1.42143E-54	0
111.96	5.88323E-54	-1.59284E-54	0
111.98	5.48763E-54	-1.73809E-54	0
112	5.10848E-54	-1.85931E-54	0
112.02	4.74582E-54	-1.95851E-54	0
112.04	4.39961E-54	-2.0376E-54	0
112.06	4.06973E-54	-2.09835E-54	0
112.08	3.756E-54	-2.14247E-54	0
112.1	3.45819E-54	-2.17152E-54	0
112.12	3.176E-54	-2.18701E-54	0
112.14	2.90909E-54	-2.19031E-54	0
112.16	2.65711E-54	-2.18273E-54	0
112.18	2.41964E-54	-2.16549E-54	0
112.2	2.19626E-54	-2.1397E-54	0
112.22	1.98652E-54	-2.10641E-54	0
112.24	1.78995E-54	-2.0666E-54	0
112.26	1.60607E-54	-2.02117E-54	0
112.28	1.43439E-54	-1.97093E-54	0
112.3	1.27443E-54	-1.91665E-54	0
112.32	1.12567E-54	-1.85902E-54	0
112.34	9.8763E-55	-1.7987E-54	0
112.36	8.59807E-55	-1.73625E-54	0
112.38	7.41711E-55	-1.67221E-54	0
112.4	6.32859E-55	-1.60706E-54	0
112.42	5.32772E-55	-1.54123E-54	0
112.44	4.40984E-55	-1.47512E-54	0
112.46	3.57037E-55	-1.40907E-54	0
112.48	2.80487E-55	-1.3434E-54	0
112.5	2.10901E-55	-1.27837E-54	0
112.52	1.47859E-55	-1.21424E-54	0
112.54	9.09563E-56	-1.15122E-54	0
112.56	3.9801E-56	-1.08948E-54	0
112.58	-5.98332E-57	-1.0292E-54	0
112.6	-4.67584E-56	-9.70494E-55	0
112.62	-8.2871E-56	-9.13484E-55	0
112.64	-1.14653E-55	-8.5826E-55	0
112.66	-1.4242E-55	-8.04894E-55	0
112.68	-1.66476E-55	-7.53442E-55	0
112.7	-1.87106E-55	-7.03945E-55	0
112.72	-2.04582E-55	-6.5643E-55	0
112.74	-2.19164E-55	-6.10912E-55	0
112.76	-2.31095E-55	-5.67394E-55	0
112.78	-2.40605E-55	-5.25868E-55	0
112.8	-2.47913E-55	-4.8632E-55	0
112.82	-2.53221E-55	-4.48725E-55	0
112.84	-2.56722E-55	-4.13054E-55	0
112.86	-2.58595E-55	-3.7927E-55	0
112.88	-2.59009E-55	-3.4733E-55	0
112.9	-2.5812E-55	-3.1719E-55	0
112.92	-2.56075E-55	-2.888E-55	0
112.94	-2.53009E-55	-2.62106E-55	0
112.96	-2.49048E-55	-2.37053E-55	0
112.98	-2.4431E-55	-2.13585E-55	0
113	-2.38901E-55	-1.91642E-55	0
113.02	-2.32922E-55	-1.71164E-55	0
113.04	-2.26462E-55	-1.52092E-55	0
113.06	-2.19607E-55	-1.34365E-55	0
113.08	-2.12433E-55	-1.17922E-55	0
113.1	-2.05009E-55	-1.02703E-55	0
113.12	-1.97399E-55	-8.86488E-56	0
113.14	-1.89659E-55	-7.57004E-56	0
113.16	-1.81843E-55	-6.38E-56	0
113.18	-1.73995E-55	-5.28913E-56	0
113.2	-1.66159E-55	-4.2919E-56	0
113.22	-1.5837E-55	-3.38293E-56	0
113.24	-1.50661E-55	-2.55702E-56	0
113.26	-1.43062E-55	-1.80911E-56	0
113.28	-1.35598E-55	-1.13432E-56	0
113.3	-1.28289E-55	-5.27949E-57	0
113.32	-1.21155E-55	1.45312E-58	0
113.34	-1.14211E-55	4.9746E-57	0
113.36	-1.07471E-55	9.24997E-57	0
113.38	-1.00945E-55	1.30111E-56	0
113.4	-9.46408E-56	1.62961E-56	0
113.42	-8.85659E-56	1.91408E-56	0
113.44	-8.27245E-56	2.15796E-56	0
113.46	-7.71195E-56	2.36451E-56	0
113.48	-7.17526E-56	2.53681E-56	0
113.5	-6.66237E-56	2.67776E-56	0
113.52	-6.1732E-56	2.79011E-56	0
113.54	-5.70754E-56	2.87645E-56	0
113.56	-5.26508E-56	2.9392E-56	0
113.58	-4.84546E-56	2.98065E-56	0
113.6	-4.44821E-56	3.00292E-56	0
113.62	-4.07283E-56	3.00802E-56	0
113.64	-3.71876E-56	2.9978E-56	0
113.66	-3.38539E-56	2.97399E-56	0
113.68	-3.07209E-56	2.93821E-56	0
113.7	-2.77819E-56	2.89193E-56	0
113.72	-2.503E-56	2.83655E-56	0
113.74	-2.24582E-56	2.77333E-56	0
113.76	-2.00592E-56	2.70344E-56	0
113.78	-1.78259E-56	2.62796E-56	0
113.8	-1.5751E-56	2.54788E-56	0
113.82	-1.38273E-56	2.46409E-56	0
113.84	-1.20477E-56	2.37742E-56	0
113.86	-1.04049E-56	2.2886E-56	0
113.88	-8.8921E-57	2.19831E-56	0
113.9	-7.50237E-57	2.10715E-56	0
113.92	-6.22901E-57	2.01567E-56	0
113.94	-5.06547E-57	1.92436E-56	0
113.96	-4.00538E-57	1.83364E-56	0
113.98	-3.04258E-57	1.74389E-56	0
114	-2.17108E-57	1.65546E-56	0
114.02	-1.38513E-57	1.56863E-56	0
114.04	-6.79154E-58	1.48365E-56	0
114.06	-4.78317E-59	1.40074E-56	0
114.08	5.13959E-58	1.32007E-56	0
114.1	1.01112E-57	1.24181E-56	0
114.12	1.44831E-57	1.16606E-56	0
114.14	1.83001E-57	1.09293E-56	0
114.16	2.16045E-57	1.02248E-56	0
114.18	2.44365E-57	9.54776E-57	0
114.2	2.68343E-57	8.89841E-57	0
114.22	2.8834E-57	8.2769E-57	0
114.24	3.04697E-57	7.68325E-57	0
114.26	3.17735E-57	7.1173E-57	0
114.28	3.27756E-57	6.5788E-57	0
114.3	3.35044E-57	6.06736E-57	0
114.32	3.39865E-57	5.58254E-57	0
114.34	3.42468E-57	5.12378E-57	0
114.36	3.43086E-57	4.69048E-57	0
114.38	3.41934E-57	4.28196E-57	0
114.4	3.39214E-57	3.8975E-57	0
114.42	3.35113E-57	3.53636E-57	0
114.44	3.29805E-57	3.19773E-57	0
114.46	3.23449E-57	2.8808E-57	0
114.48	3.16192E-57	2.58474E-57	0
114.5	3.08171E-57	2.30871E-57	0
114.52	2.9951E-57	2.05186E-57	0
114.54	2.90322E-57	1.81334E-57	0
114.56	2.80712E-57	1.5923E-57	0
114.58	2.70774E-57	1.3879E-57	0
114.6	2.60594E-57	1.19931E-57	0
114.62	2.5025E-57	1.02572E-57	0
114.64	2.3981E-57	8.66315E-58	0
114.66	2.29337E-57	7.20327E-58	0
114.68	2.18887E-57	5.86988E-58	0
114.7	2.0851E-57	4.65558E-58	0
114.72	1.98249E-57	3.55319E-58	0
114.74	1.88142E-57	2.55577E-58	0
114.76	1.78222E-57	1.65664E-58	0
114.78	1.68518E-57	8.49342E-59	0
114.8	1.59054E-57	1.27705E-59	0
114.82	1.49851E-57	-5.14196E-59	0
114.84	1.40925E-57	-1.08203E-58	0
114.86	1.32291E-57	-1.58119E-58	0
114.88	1.23959E-57	-2.01682E-58	0
114.9	1.15936E-57	-2.39383E-58	0
114.92	1.08228E-57	-2.71684E-58	0
114.94	1.0084E-57	-2.99026E-58	0
114.96	9.37713E-58	-3.21824E-58	0
114.98	8.70227E-58	-3.4047E-58	0
115	8.05918E-58	-3.55332E-58	0
115.02	7.44757E-58	-3.66759E-58	0
115.04	6.86696E-58	-3.75074E-58	0
115.06	6.31681E-58	-3.80584E-58	0
115.08	5.79648E-58	-3.83574E-58	0
115.1	5.30525E-58	-3.84308E-58	0
115.12	4.84233E-58	-3.83036E-58	0
115.14	4.40687E-58	-3.79986E-58	0
115.16	3.998E-58	-3.75373E-58	0
115.18	3.6148E-58	-3.69394E-58	0
115.2	3.25632E-58	-3.62231E-58	0
115.22	2.92159E-58	-3.54053E-58	0
115.24	2.60966E-58	-3.45012E-58	0
115.26	2.31953E-58	-3.35252E-58	0
115.28	2.05022E-58	-3.24901E-58	0
115.3	1.80076E-58	-3.14077E-58	0
115.32	1.57019E-58	-3.02887E-58	0
115.34	1.35755E-58	-2.91428E-58	0
115.36	1.1619E-58	-2.79789E-58	0
115.38	9.82326E-59	-2.68046E-58	0
115.4	8.17936E-59	-2.56272E-58	0
115.42	6.67856E-59	-2.44528E-58	0
115.44	5.3124E-59	-2.3287E-58	0
115.46	4.07268E-59	-2.21347E-58	0
115.48	2.95148E-59	-2.10002E-58	0
115.5	1.94119E-59	-1.98872E-58	0
115.52	1.03446E-59	-1.87989E-58	0
115.54	2.24274E-60	-1.7738E-58	0
115.56	-4.96109E-60	-1.67068E-58	0
115.58	-1.13312E-59	-1.57072E-58	0
115.6	-1.69289E-59	-1.47405E-58	0
115.62	-2.18125E-59	-1.38081E-58	0
115.64	-2.60375E-59	-1.29108E-58	0
115.66	-2.96563E-59	-1.20491E-58	0
115.68	-3.27188E-59	-1.12234E-58	0
115.7	-3.52718E-59	-1.04338E-58	0
115.72	-3.73596E-59	-9.68035E-59	0
115.74	-3.90238E-59	-8.96268E-59	0
115.76	-4.03037E-59	-8.28043E-59	0
115.78	-4.12358E-59	-7.63307E-59	0
115.8	-4.18545E-59	-7.01995E-59	0
115.82	-4.21919E-59	-6.44032E-59	0
115.84	-4.22778E-59	-5.89336E-59	0
115.86	-4.21401E-59	-5.37815E-59	0
115.88	-4.18045E-59	-4.89373E-59	0
115.9	-4.1295E-59	-4.43909E-59	0
115.92	-4.06338E-59	-4.01319E-59	0
115.94	-3.98412E-59	-3.61494E-59	0
115.96	-3.8936E-59	-3.24326E-59	0
115.98	-3.79354E-59	-2.89703E-59	0
116	-3.68553E-59	-2.57515E-59	0
116.02	-3.571E-59	-2.27651E-59	0
116.04	-3.45128E-59	-2.00001E-59	0
116.06	-3.32755E-59	-1.74455E-59	0
116.08	-3.20088E-59	-1.50906E-59	0
116.1	-3.07226E-59	-1.29249E-59	0
116.12	-2.94255E-59	-1.0938E-59	0
116.14	-2.81254E-59	-9.11992E-60	0
116.16	-2.68292E-59	-7.4608E-60	0
116.18	-2.5543E-59	-5.95118E-60	0
116.2	-2.42722E-59	-4.58185E-60	0
116.22	-2.30216E-59	-3.34397E-60	0
116.24	-2.17952E-59	-2.22899E-60	0
116.26	-2.05965E-59	-1.22873E-60	0
116.28	-1.94285E-59	-3.35313E-61	0
116.3	-1.82937E-59	4.58758E-61	0
116.32	-1.71941E-59	1.16066E-60	0
116.34	-1.61313E-59	1.77723E-60	0
116.36	-1.51065E-59	2.31497E-60	0
116.38	-1.41208E-59	2.78003E-60	0
116.4	-1.31746E-59	3.17826E-60	0
116.42	-1.22684E-59	3.51519E-60	0
116.44	-1.14022E-59	3.79601E-60	0
116.46	-1.0576E-59	4.02565E-60	0
116.48	-9.7894E-60	4.20871E-60	0
116.5	-9.04195E-60	4.34954E-60	0
116.52	-8.33306E-60	4.45218E-60	0
116.54	-7.66196E-60	4.52044E-60	0
116.56	-7.02781E-60	4.55785E-60	0
116.58	-6.42966E-60	4.56772E-60	0
116.6	-5.86649E-60	4.55312E-60	0
116.62	-5.33723E-60	4.51688E-60	0
116.64	-4.84072E-60	4.46164E-60	0
116.66	-4.37581E-60	4.38984E-60	0
116.68	-3.94128E-60	4.30371E-60	0
116.7	-3.53592E-60	4.20534E-60	0
116.72	-3.1585E-60	4.09659E-60	0
116.74	-2.80777E-60	3.97921E-60	0
116.76	-2.48251E-60	3.85478E-60	0
116.78	-2.18149E-60	3.72473E-60	0
116.8	-1.90351E-60	3.59036E-60	0
116.82	-1.64737E-60	3.45285E-60	0
116.84	-1.41191E-60	3.31327E-60	0
116.86	-1.19599E-60	3.17256E-60	0
116.88	-9.985E-61	3.03158E-60	0
116.9	-8.18355E-61	2.89107E-60	0
116.92	-6.54512E-61	2.75171E-60	0
116.94	-5.05959E-61	2.61407E-60	0
116.96	-3.71722E-61	2.47867E-60	0
116.98	-2.50863E-61	2.34595E-60	0
117	-1.42483E-61	2.21629E-60	0
117.02	-4.57182E-62	2.09E-60	0
117.04	4.02537E-62	1.96735E-60	0
117.06	1.16219E-61	1.84856E-60	0
117.08	1.82924E-61	1.73379E-60	0
117.1	2.41081E-61	1.62318E-60	0
117.12	2.91363E-61	1.51683E-60	0
117.14	3.34408E-61	1.4148E-60	0
117.16	3.70817E-61	1.31712E-60	0
117.18	4.0116E-61	1.22379E-60	0
117.2	4.2597E-61	1.13481E-60	0
117.22	4.4575E-61	1.05013E-60	0
117.24	4.60972E-61	9.69711E-61	0
117.26	4.72076E-61	8.93469E-61	0
117.28	4.79474E-61	8.21325E-61	0
117.3	4.83552E-61	7.53183E-61	0
117.32	4.84665E-61	6.8894E-61	0
117.34	4.83147E-61	6.2848E-61	0
117.36	4.79306E-61	5.71686E-61	0
117.38	4.73427E-61	5.18431E-61	0
117.4	4.65772E-61	4.68588E-61	0
117.42	4.56583E-61	4.22023E-61	0
117.44	4.46084E-61	3.78603E-61	0
117.46	4.34478E-61	3.38193E-61	0
117.48	4.21951E-61	3.00659E-61	0
117.5	4.08674E-61	2.65865E-61	0
117.52	3.94801E-61	2.33679E-61	0
117.54	3.80471E-61	2.0397E-61	0
117.56	3.65812E-61	1.76607E-61	0
117.58	3.50936E-61	1.51464E-61	0
117.6	3.35945E-61	1.28418E-61	0
117.62	3.2093E-61	1.07348E-61	0
117.64	3.05973E-61	8.81364E-62	0
117.66	2.91142E-61	7.06711E-62	0
117.68	2.76502E-61	5.48424E-62	0
117.7	2.62105E-61	4.0545E-62	0
117.72	2.48E-61	2.76777E-62	0
117.74	2.34225E-61	1.61436E-62	0
117.76	2.20814E-61	5.8497E-63	0
117.78	2.07795E-61	-3.29256E-63	0
117.8	1.95191E-61	-1.13677E-62	0
117.82	1.8302E-61	-1.84561E-62	0
117.84	1.71295E-61	-2.4634E-62	0
117.86	1.60026E-61	-2.99738E-62	0
117.88	1.49219E-61	-3.45438E-62	0
117.9	1.38878E-61	-3.84085E-62	0
117.92	1.29002E-61	-4.16288E-62	0
117.94	1.19591E-61	-4.42618E-62	0
117.96	1.10638E-61	-4.63613E-62	0
117.98	1.02139E-61	-4.79775E-62	0
118	9.4086E-62	-4.91576E-62	0
118.02	8.64689E-62	-4.99454E-62	0
118.04	7.92776E-62	-5.0382E-62	0
118.06	7.25008E-62	-5.05054E-62	0
118.08	6.6126E-62	-5.0351E-62	0
118.1	6.01403E-62	-4.99514E-62	0
118.12	5.45303E-62	-4.9337E-62	0
118.14	4.92818E-62	-4.85357E-62	0
118.16	4.43809E-62	-4.75731E-62	0
118.18	3.9813E-62	-4.64728E-62	0
118.2	3.55637E-62	-4.52564E-62	0
118.22	3.16185E-62	-4.39436E-62	0
118.24	2.7963E-62	-4.25524E-62	0
118.26	2.4583E-62	-4.1099E-62	0
118.28	2.14643E-62	-3.95983E-62	0
118.3	1.85933E-62	-3.80634E-62	0
118.32	1.59564E-62	-3.65064E-62	0
118.34	1.35404E-62	-3.4938E-62	0
118.36	1.13325E-62	-3.33676E-62	0
118.38	9.32031E-63	-3.18037E-62	0
118.4	7.49172E-63	-3.02538E-62	0
118.42	5.83518E-63	-2.87244E-62	0
118.44	4.33952E-63	-2.72211E-62	0
118.46	2.99401E-63	-2.57487E-62	0
118.48	1.78838E-63	-2.43115E-62	0
118.5	7.12807E-64	-2.29128E-62	0
118.52	-2.42075E-64	-2.15557E-62	0
118.54	-1.08519E-63	-2.02423E-62	0
118.56	-1.82503E-63	-1.89746E-62	0
118.58	-2.46964E-63	-1.77538E-62	0
118.6	-3.02663E-63	-1.65811E-62	0
118.62	-3.5032E-63	-1.5457E-62	0
118.64	-3.90614E-63	-1.43818E-62	0
118.66	-4.24184E-63	-1.33555E-62	0
118.68	-4.51632E-63	-1.23778E-62	0
118.7	-4.73521E-63	-1.14482E-62	0
118.72	-4.90379E-63	-1.05661E-62	0
118.74	-5.02699E-63	-9.73063E-63	0
118.76	-5.10942E-63	-8.94076E-63	0
118.78	-5.15535E-63	-8.1954E-63	0
118.8	-5.16878E-63	-7.49329E-63	0
118.82	-5.15339E-63	-6.83314E-63	0
118.84	-5.11261E-63	-6.21356E-63	0
118.86	-5.04958E-63	-5.63312E-63	0
118.88	-4.96721E-63	-5.09034E-63	0
118.9	-4.86819E-63	-4.58372E-63	0
118.92	-4.75496E-63	-4.11174E-63	0
118.94	-4.62977E-63	-3.67288E-63	0
118.96	-4.49467E-63	-3.2656E-63	0
118.98	-4.35151E-63	-2.8884E-63	0
119	-4.20199E-63	-2.53977E-63	0
119.02	-4.04763E-63	-2.21825E-63	0
119.04	-3.88981E-63	-1.92239E-63	0
119.06	-3.72977E-63	-1.65077E-63	0
119.08	-3.5686E-63	-1.40201E-63	0
119.1	-3.4073E-63	-1.17477E-63	0
119.12	-3.24673E-63	-9.67766E-64	0
119.14	-3.08765E-63	-7.79729E-64	0
119.16	-2.93074E-63	-6.09455E-64	0
119.18	-2.77656E-63	-4.55779E-64	0
119.2	-2.62563E-63	-3.17588E-64	0
119.22	-2.47835E-63	-1.93811E-64	0
119.24	-2.33509E-63	-8.34301E-65	0
119.26	-2.19614E-63	1.45291E-65	0
119.28	-2.06173E-63	1.00992E-64	0
119.3	-1.93205E-63	1.76838E-64	0
119.32	-1.80723E-63	2.42899E-64	0
119.34	-1.68737E-63	2.99965E-64	0
119.36	-1.57253E-63	3.4878E-64	0
119.38	-1.46273E-63	3.90045E-64	0
119.4	-1.35798E-63	4.2442E-64	0
119.42	-1.25823E-63	4.52526E-64	0
119.44	-1.16343E-63	4.74944E-64	0
119.46	-1.07351E-63	4.92216E-64	0
119.48	-9.88387E-64	5.04852E-64	0
119.5	-9.07944E-64	5.13324E-64	0
119.52	-8.32067E-64	5.18073E-64	0
119.54	-7.60626E-64	5.19507E-64	0
119.56	-6.93484E-64	5.18006E-64	0
119.58	-6.30496E-64	5.1392E-64	0
119.6	-5.71513E-64	5.07573E-64	0
119.62	-5.16382E-64	4.99261E-64	0
119.64	-4.64947E-64	4.89259E-64	0
119.66	-4.1705E-64	4.77817E-64	0
119.68	-3.72533E-64	4.65164E-64	0
119.7	-3.31238E-64	4.5151E-64	0
119.72	-2.9301E-64	4.37043E-64	0
119.74	-2.57693E-64	4.21937E-64	0
119.76	-2.25137E-64	4.06345E-64	0
119.78	-1.95191E-64	3.90409E-64	0
119.8	-1.67711E-64	3.74253E-64	0
119.82	-1.42555E-64	3.5799E-64	0
119.84	-1.19585E-64	3.41718E-64	0
119.86	-9.86687E-65	3.25526E-64	0
119.88	-7.96772E-65	3.09491E-64	0
119.9	-6.24867E-65	2.9368E-64	0
119.92	-4.69783E-65	2.78152E-64	0
119.94	-3.30381E-65	2.62956E-64	0
119.96	-2.05569E-65	2.48135E-64	0
119.98	-9.43066E-66	2.33724E-64	0
120	4.39836E-67	2.19752E-64	0