6000
0.02	-7.03328E-08	0.0	0.0
0.04	-1.53983E-07	0.0	0.0
0.06	-2.51332E-07	0.0	0.0
0.08	-3.62717E-07	0.0	0.0
0.1	-4.8843E-07	0.0	0.0
0.12	-6.28715E-07	0.0	0.0
0.14	-7.83763E-07	0.0	0.0
0.16	-9.53705E-07	0.0	0.0
0.18	-1.13861E-06	0.0	0.0
0.2	-1.3385E-06	0.0	0.0
0.22	-1.55329E-06	0.0	0.0
0.24	-1.78286E-06	0.0	0.0
0.26	-2.02699E-06	0.0	0.0
0.28	-2.2854E-06	0.0	0.0
0.3	-2.55771E-06	0.0	0.0
0.32	-2.84345E-06	0.0	0.0
0.34	-3.14207E-06	0.0	0.0
0.36	-3.45293E-06	0.0	0.0
0.38	-3.77528E-06	0.0	0.0
0.4	-4.10827E-06	0.0	0.0
0.42	-4.45096E-06	0.0	0.0
0.44	-4.80228E-06	0.0	0.0
0.46	-5.16109E-06	0.0	0.0
0.48	-5.5261E-06	0.0	0.0
0.5	-5.89593E-06	0.0	0.0
0.52	-6.02796E-06	0.0	0.0
0.54	-6.15179E-06	0.0	0.0
0.56	-6.26676E-06	0.0	0.0
0.58	-6.3722E-06	0.0	0.0
0.6	-6.46741E-06	0.0	0.0
0.62	-6.55171E-06	0.0	0.0
0.64	-6.62442E-06	0.0	0.0
0.66	-6.68483E-06	0.0	0.0
0.68	-6.73225E-06	0.0	0.0
0.7	-6.76597E-06	0.0	0.0
0.72	-6.78532E-06	0.0	0.0
0.74	-6.78959E-06	0.0	0.0
0.76	-6.77809E-06	0.0	0.0
0.78	-6.75015E-06	0.0	0.0
0.8	-6.7051E-06	0.0	0.0
0.82	-6.64228E-06	0.0	0.0
0.84	-6.56104E-06	0.0	0.0
0.86	-6.46076E-06	0.0	0.0
0.88	-6.34081E-06	0.0	0.0
0.9	-6.20061E-06	0.0	0.0
0.92	-6.03958E-06	0.0	0.0
0.94	-5.85718E-06	0.0	0.0
0.96	-5.65289E-06	0.0	0.0
0.98	-5.42622E-06	0.0	0.0
1	-5.1767E-06	0.0	0.0
1.02	-4.90392E-06	0.0	0.0
1.04	-4.60749E-06	0.0	0.0
1.06	-4.28705E-06	0.0	0.0
1.08	-3.94231E-06	0.0	0.0
1.1	-3.57299E-06	0.0	0.0
1.12	-3.17889E-06	0.0	0.0
1.14	-2.75983E-06	0.0	0.0
1.16	-2.31571E-06	0.0	0.0
1.18	-1.84646E-06	0.0	0.0
1.2	-1.35208E-06	0.0	0.0
1.22	-8.32632E-07	0.0	0.0
1.24	-2.88232E-07	0.0	0.0
1.26	2.80936E-07	0.0	0.0
1.28	8.74621E-07	0.0	0.0
1.3	1.4925E-06	0.0	0.0
1.32	2.1342E-06	0.0	0.0
1.34	2.79923E-06	0.0	0.0
1.36	3.48707E-06	0.0	0.0
1.38	4.19709E-06	0.0	0.0
1.4	4.9286E-06	0.0	0.0
1.42	5.68083E-06	0.0	0.0
1.44	6.45291E-06	0.0	0.0
1.46	7.2439E-06	0.0	0.0
1.48	8.05277E-06	0.0	0.0
1.5	8.8784E-06	0.0	0.0
1.52	9.7196E-06	0.0	0.0
1.54	1.05751E-05	0.0	0.0
1.56	1.14434E-05	0.0	0.0
1.58	1.23232E-05	0.0	0.0
1.6	1.32128E-05	0.0	0.0
1.62	1.41106E-05	0.0	0.0
1.64	1.50149E-05	0.0	0.0
1.66	1.59238E-05	0.0	0.0
1.68	1.68354E-05	0.0	0.0
1.7	1.77477E-05	0.0	0.0
1.72	1.86586E-05	0.0	0.0
1.74	1.95659E-05	0.0	0.0
1.76	2.04674E-05	0.0	0.0
1.78	2.13606E-05	0.0	0.0
1.8	2.22433E-05	0.0	0.0
1.82	2.31127E-05	0.0	0.0
1.84	2.39665E-05	0.0	0.0
1.86	2.48018E-05	0.0	0.0
1.88	2.56161E-05	0.0	0.0
1.9	2.64064E-05	0.0	0.0
1.92	2.717E-05	0.0	0.0
1.94	2.79039E-05	0.0	0.0
1.96	2.86051E-05	0.0	0.0
1.98	2.92706E-05	0.0	0.0
2	2.98975E-05	0.0	0.0
2.02	3.04825E-05	0.0	0.0
2.04	3.10225E-05	0.0	0.0
2.06	3.15144E-05	0.0	0.0
2.08	3.1955E-05	0.0	0.0
2.1	3.23411E-05	0.0	0.0
2.12	3.26696E-05	0.0	0.0
2.14	3.29371E-05	0.0	0.0
2.16	3.31406E-05	0.0	0.0
2.18	3.32768E-05	0.0	0.0
2.2	3.33426E-05	0.0	0.0
2.22	3.33349E-05	0.0	0.0
2.24	3.32506E-05	0.0	0.0
2.26	3.30867E-05	0.0	0.0
2.28	3.28402E-05	0.0	0.0
2.3	3.25082E-05	0.0	0.0
2.32	3.2088E-05	0.0	0.0
2.34	3.15767E-05	0.0	0.0
2.36	3.09718E-05	0.0	0.0
2.38	3.02707E-05	0.0	0.0
2.4	2.9471E-05	0.0	0.0
2.42	2.85705E-05	0.0	0.0
2.44	2.75671E-05	0.0	0.0
2.46	2.64587E-05	0.0	0.0
2.48	2.52435E-05	0.0	0.0
2.5	2.39199E-05	0.0	0.0
2.52	2.24864E-05	0.0	0.0
2.54	2.09418E-05	0.0	0.0
2.56	1.9285E-05	0.0	0.0
2.58	1.75152E-05	0.0	0.0
2.6	1.56317E-05	0.0	0.0
2.62	1.36342E-05	0.0	0.0
2.64	1.15226E-05	0.0	0.0
2.66	9.29694E-06	0.0	0.0
2.68	6.95768E-06	0.0	0.0
2.7	4.50549E-06	0.0	0.0
2.72	1.94135E-06	0.0	0.0
2.74	-7.33481E-07	0.0	0.0
2.76	-3.51742E-06	0.0	0.0
2.78	-6.40856E-06	0.0	0.0
2.8	-9.4047E-06	0.0	0.0
2.82	-1.25033E-05	0.0	0.0
2.84	-1.57014E-05	0.0	0.0
2.86	-1.89958E-05	0.0	0.0
2.88	-2.23829E-05	0.0	0.0
2.9	-2.58588E-05	0.0	0.0
2.92	-2.94191E-05	0.0	0.0
2.94	-3.30592E-05	0.0	0.0
2.96	-3.67739E-05	0.0	0.0
2.98	-4.05579E-05	0.0	0.0
3	-4.44052E-05	0.0	0.0
3.02	-4.83099E-05	0.0	0.0
3.04	-5.22651E-05	0.0	0.0
3.06	-5.62641E-05	0.0	0.0
3.08	-6.02993E-05	0.0	0.0
3.1	-6.43633E-05	0.0	0.0
3.12	-6.84477E-05	0.0	0.0
3.14	-7.25442E-05	0.0	0.0
3.16	-7.66439E-05	0.0	0.0
3.18	-8.07377E-05	0.0	0.0
3.2	-8.48159E-05	0.0	0.0
3.22	-8.88688E-05	0.0	0.0
3.24	-9.2886E-05	0.0	0.0
3.26	-9.6857E-05	0.0	0.0
3.28	-0.000100771	0.0	0.0
3.3	-0.000104617	0.0	0.0
3.32	-0.000108383	0.0	0.0
3.34	-0.000112058	0.0	0.0
3.36	-0.000115629	0.0	0.0
3.38	-0.000119084	0.0	0.0
3.4	-0.000122412	0.0	0.0
3.42	-0.000125599	0.0	0.0
3.44	-0.000128633	0.0	0.0
3.46	-0.000131499	0.0	0.0
3.48	-0.000134187	0.0	0.0
3.5	-0.000136681	0.0	0.0
3.52	-0.00013897	0.0	0.0
3.54	-0.000141039	0.0	0.0
3.56	-0.000142876	0.0	0.0
3.58	-0.000144466	0.0	0.0
3.6	-0.000145797	0.0	0.0
3.62	-0.000146855	0.0	0.0
3.64	-0.000147627	0.0	0.0
3.66	-0.000148101	0.0	0.0
3.68	-0.000148263	0.0	0.0
3.7	-0.0001481	0.0	0.0
3.72	-0.000147602	0.0	0.0
3.74	-0.000146754	0.0	0.0
3.76	-0.000145546	0.0	0.0
3.78	-0.000143966	0.0	0.0
3.8	-0.000142003	0.0	0.0
3.82	-0.000139647	0.0	0.0
3.84	-0.000136887	0.0	0.0
3.86	-0.000133715	0.0	0.0
3.88	-0.00013012	0.0	0.0
3.9	-0.000126096	0.0	0.0
3.92	-0.000121633	0.0	0.0
3.94	-0.000116725	0.0	0.0
3.96	-0.000111366	0.0	0.0
3.98	-0.00010555	0.0	0.0
4	-9.92732E-05	0.0	0.0
4.02	-9.25309E-05	0.0	0.0
4.04	-8.53207E-05	0.0	0.0
4.06	-7.76405E-05	0.0	0.0
4.08	-6.94894E-05	0.0	0.0
4.1	-6.08675E-05	0.0	0.0
4.12	-5.17761E-05	0.0	0.0
4.14	-4.22173E-05	0.0	0.0
4.16	-3.21947E-05	0.0	0.0
4.18	-2.17127E-05	0.0	0.0
4.2	-1.07773E-05	0.0	0.0
4.22	6.04543E-07	0.0	0.0
4.24	1.24244E-05	0.0	0.0
4.26	2.46728E-05	0.0	0.0
4.28	3.73385E-05	0.0	0.0
4.3	5.04094E-05	0.0	0.0
4.32	6.38716E-05	0.0	0.0
4.34	7.77102E-05	0.0	0.0
4.36	9.19084E-05	0.0	0.0
4.38	0.000106448	0.0	0.0
4.4	0.000121311	0.0	0.0
4.42	0.000136474	0.0	0.0
4.44	0.000151917	0.0	0.0
4.46	0.000167615	0.0	0.0
4.48	0.000183543	0.0	0.0
4.5	0.000199675	0.0	0.0
4.52	0.000215981	0.0	0.0
4.54	0.000232433	0.0	0.0
4.56	0.000248998	0.0	0.0
4.58	0.000265646	0.0	0.0
4.6	0.000282342	0.0	0.0
4.62	0.00029905	0.0	0.0
4.64	0.000315734	0.0	0.0
4.66	0.000332356	0.0	0.0
4.68	0.000348876	0.0	0.0
4.7	0.000365255	0.0	0.0
4.72	0.000381451	0.0	0.0
4.74	0.000397421	0.0	0.0
4.76	0.000413121	0.0	0.0
4.78	0.000428506	0.0	0.0
4.8	0.000443531	0.0	0.0
4.82	0.000458148	0.0	0.0
4.84	0.000472311	0.0	0.0
4.86	0.000485971	0.0	0.0
4.88	0.00049908	0.0	0.0
4.9	0.000511587	0.0	0.0
4.92	0.000523443	0.0	0.0
4.94	0.000534598	0.0	0.0
4.96	0.000545001	0.0	0.0
4.98	0.000554601	0.0	0.0
5	0.000563348	0.0	0.0
5.02	0.000571191	0.0	0.0
5.04	0.000578079	0.0	0.0
5.06	0.000583962	0.0	0.0
5.08	0.00058879	0.0	0.0
5.1	0.000592514	0.0	0.0
5.12	0.000595086	0.0	0.0
5.14	0.000596456	0.0	0.0
5.16	0.000596579	0.0	0.0
5.18	0.000595409	0.0	0.0
5.2	0.0005929	0.0	0.0
5.22	0.000589011	0.0	0.0
5.24	0.000583698	0.0	0.0
5.26	0.000576922	0.0	0.0
5.28	0.000568644	0.0	0.0
5.3	0.000558829	0.0	0.0
5.32	0.000547442	0.0	0.0
5.34	0.000534451	0.0	0.0
5.36	0.000519826	0.0	0.0
5.38	0.000503542	0.0	0.0
5.4	0.000485572	0.0	0.0
5.42	0.000465897	0.0	0.0
5.44	0.000444497	0.0	0.0
5.46	0.000421358	0.0	0.0
5.48	0.000396467	0.0	0.0
5.5	0.000369817	0.0	0.0
5.52	0.000341402	0.0	0.0
5.54	0.000311222	0.0	0.0
5.56	0.000279279	0.0	0.0
5.58	0.00024558	0.0	0.0
5.6	0.000210136	0.0	0.0
5.62	0.000172962	0.0	0.0
5.64	0.000134078	0.0	0.0
5.66	9.35076E-05	0.0	0.0
5.68	5.12797E-05	0.0	0.0
5.7	7.42755E-06	0.0	0.0
5.72	-3.80109E-05	0.0	0.0
5.74	-8.49928E-05	0.0	0.0
5.76	-0.00013347	0.0	0.0
5.78	-0.00018339	0.0	0.0
5.8	-0.000234695	0.0	0.0
5.82	-0.000287323	0.0	0.0
5.84	-0.000341204	0.0	0.0
5.86	-0.000396266	0.0	0.0
5.88	-0.000452431	0.0	0.0
5.9	-0.000509614	0.0	0.0
5.92	-0.000567729	0.0	0.0
5.94	-0.000626679	0.0	0.0
5.96	-0.000686368	0.0	0.0
5.98	-0.00074669	0.0	0.0
6	-0.000807537	0.0	0.0
6.02	-0.000868796	0.0	0.0
6.04	-0.000930346	0.0	0.0
6.06	-0.000992065	0.0	0.0
6.08	-0.001053825	0.0	0.0
6.1	-0.001115493	0.0	0.0
6.12	-0.001176932	0.0	0.0
6.14	-0.001238001	0.0	0.0
6.16	-0.001298555	0.0	0.0
6.18	-0.001358444	0.0	0.0
6.2	-0.001417515	0.0	0.0
6.22	-0.001475613	0.0	0.0
6.24	-0.001532579	0.0	0.0
6.26	-0.001588248	0.0	0.0
6.28	-0.001642457	0.0	0.0
6.3	-0.001695038	0.0	0.0
6.32	-0.001745821	0.0	0.0
6.34	-0.001794635	0.0	0.0
6.36	-0.001841306	0.0	0.0
6.38	-0.00188566	0.0	0.0
6.4	-0.001927523	0.0	0.0
6.42	-0.001966717	0.0	0.0
6.44	-0.002003068	0.0	0.0
6.46	-0.002036401	0.0	0.0
6.48	-0.002066539	0.0	0.0
6.5	-0.00209331	0.0	0.0
6.52	-0.002116541	0.0	0.0
6.54	-0.002136062	0.0	0.0
6.56	-0.002151705	0.0	0.0
6.58	-0.002163305	0.0	0.0
6.6	-0.002170699	0.0	0.0
6.62	-0.00217373	0.0	0.0
6.64	-0.002172244	0.0	0.0
6.66	-0.002166091	0.0	0.0
6.68	-0.002155127	0.0	0.0
6.7	-0.002139215	0.0	0.0
6.72	-0.00211822	0.0	0.0
6.74	-0.002092019	0.0	0.0
6.76	-0.002060492	0.0	0.0
6.78	-0.002023529	0.0	0.0
6.8	-0.001981027	0.0	0.0
6.82	-0.001932892	0.0	0.0
6.84	-0.001879039	0.0	0.0
6.86	-0.001819393	0.0	0.0
6.88	-0.001753889	0.0	0.0
6.9	-0.001682471	0.0	0.0
6.92	-0.001605097	0.0	0.0
6.94	-0.001521734	0.0	0.0
6.96	-0.001432363	0.0	0.0
6.98	-0.001336975	0.0	0.0
7	-0.001235575	0.0	0.0
7.02	-0.001128182	0.0	0.0
7.04	-0.001014827	0.0	0.0
7.06	-0.000895556	0.0	0.0
7.08	-0.00077043	0.0	0.0
7.1	-0.000639523	0.0	0.0
7.12	-0.000502924	0.0	0.0
7.14	-0.000360739	0.0	0.0
7.16	-0.000213089	0.0	0.0
7.18	-6.01081E-05	0.0	0.0
7.2	9.80501E-05	0.0	0.0
7.22	0.000261218	0.0	0.0
7.24	0.00042921	0.0	0.0
7.26	0.000601826	0.0	0.0
7.28	0.000778849	0.0	0.0
7.3	0.000960044	0.0	0.0
7.32	0.001145162	0.0	0.0
7.34	0.001333934	0.0	0.0
7.36	0.001526077	0.0	0.0
7.38	0.001721292	0.0	0.0
7.4	0.001919263	0.0	0.0
7.42	0.002119656	0.0	0.0
7.44	0.002322124	0.0	0.0
7.46	0.002526304	0.0	0.0
7.48	0.002731815	0.0	0.0
7.5	0.002938265	0.0	0.0
7.52	0.003145244	0.0	0.0
7.54	0.00335233	0.0	0.0
7.56	0.003559087	0.0	0.0
7.58	0.003765064	0.0	0.0
7.6	0.003969799	0.0	0.0
7.62	0.00417282	0.0	0.0
7.64	0.004373639	0.0	0.0
7.66	0.004571761	0.0	0.0
7.68	0.004766679	0.0	0.0
7.7	0.00495788	0.0	0.0
7.72	0.005144839	0.0	0.0
7.74	0.005327027	0.0	0.0
7.76	0.005503904	0.0	0.0
7.78	0.00567493	0.0	0.0
7.8	0.005839558	0.0	0.0
7.82	0.005997236	0.0	0.0
7.84	0.006147411	0.0	0.0
7.86	0.006289531	0.0	0.0
7.88	0.006423041	0.0	0.0
7.9	0.006547387	0.0	0.0
7.92	0.006662021	0.0	0.0
7.94	0.006766394	0.0	0.0
7.96	0.006859965	0.0	0.0
7.98	0.006942199	0.0	0.0
8	0.007012568	0.0	0.0
8.02	0.007070553	0.0	0.0
8.04	0.007115645	0.0	0.0
8.06	0.007147349	0.0	0.0
8.08	0.00716518	0.0	0.0
8.1	0.007168672	0.0	0.0
8.12	0.00715737	0.0	0.0
8.14	0.007130842	0.0	0.0
8.16	0.00708867	0.0	0.0
8.18	0.007030462	0.0	0.0
8.2	0.006955844	0.0	0.0
8.22	0.006864467	0.0	0.0
8.24	0.006756007	0.0	0.0
8.26	0.006630167	0.0	0.0
8.28	0.006486677	0.0	0.0
8.3	0.006325298	0.0	0.0
8.32	0.00614582	0.0	0.0
8.34	0.005948067	0.0	0.0
8.36	0.005731894	0.0	0.0
8.38	0.005497194	0.0	0.0
8.4	0.005243894	0.0	0.0
8.42	0.004971958	0.0	0.0
8.44	0.00468139	0.0	0.0
8.46	0.004372234	0.0	0.0
8.48	0.004044574	0.0	0.0
8.5	0.003698535	0.0	0.0
8.52	0.003334286	0.0	0.0
8.54	0.002952039	0.0	0.0
8.56	0.002552052	0.0	0.0
8.58	0.002134627	0.0	0.0
8.6	0.001700112	0.0	0.0
8.62	0.001248903	0.0	0.0
8.64	0.000781441	0.0	0.0
8.66	0.000298217	0.0	0.0
8.68	-0.000200232	0.0	0.0
8.7	-0.000713319	0.0	0.0
8.72	-0.00124041	0.0	0.0
8.74	-0.001780822	0.0	0.0
8.76	-0.002333824	0.0	0.0
8.78	-0.002898636	0.0	0.0
8.8	-0.003474431	0.0	0.0
8.82	-0.004060332	0.0	0.0
8.84	-0.004655418	0.0	0.0
8.86	-0.00525872	0.0	0.0
8.88	-0.005869222	0.0	0.0
8.9	-0.006485866	0.0	0.0
8.92	-0.007107547	0.0	0.0
8.94	-0.007733118	0.0	0.0
8.96	-0.008361392	0.0	0.0
8.98	-0.008991138	0.0	0.0
9	-0.009621091	0.0	0.0
9.02	-0.010249943	0.0	0.0
9.04	-0.010876356	0.0	0.0
9.06	-0.011498954	0.0	0.0
9.08	-0.01211633	0.0	0.0
9.1	-0.01272705	0.0	0.0
9.12	-0.013329649	0.0	0.0
9.14	-0.013922639	0.0	0.0
9.16	-0.014504509	0.0	0.0
9.18	-0.015073726	0.0	0.0
9.2	-0.015628743	0.0	0.0
9.22	-0.016167996	0.0	0.0
9.24	-0.016689909	0.0	0.0
9.26	-0.0171929	0.0	0.0
9.28	-0.017675377	0.0	0.0
9.3	-0.018135751	0.0	0.0
9.32	-0.018572429	0.0	0.0
9.34	-0.018983827	0.0	0.0
9.36	-0.019368366	0.0	0.0
9.38	-0.019724479	0.0	0.0
9.4	-0.020050614	0.0	0.0
9.42	-0.020345241	0.0	0.0
9.44	-0.020606847	0.0	0.0
9.46	-0.020833952	0.0	0.0
9.48	-0.021025101	0.0	0.0
9.5	-0.021178876	0.0	0.0
9.52	-0.021293899	0.0	0.0
9.54	-0.021368831	0.0	0.0
9.56	-0.021402381	0.0	0.0
9.58	-0.02139331	0.0	0.0
9.6	-0.02134043	0.0	0.0
9.62	-0.021242616	0.0	0.0
9.64	-0.021098801	0.0	0.0
9.66	-0.020907989	0.0	0.0
9.68	-0.02066925	0.0	0.0
9.7	-0.020381733	0.0	0.0
9.72	-0.020044661	0.0	0.0
9.74	-0.019657343	0.0	0.0
9.76	-0.019219172	0.0	0.0
9.78	-0.018729629	0.0	0.0
9.8	-0.018188291	0.0	0.0
9.82	-0.01759483	0.0	0.0
9.84	-0.016949017	0.0	0.0
9.86	-0.016250728	0.0	0.0
9.88	-0.015499944	0.0	0.0
9.9	-0.014696755	0.0	0.0
9.92	-0.013841363	0.0	0.0
9.94	-0.012934084	0.0	0.0
9.96	-0.011975353	0.0	0.0
9.98	-0.010965721	0.0	0.0
10	-0.009905861	0.0	0.0
10.02	-0.008796572	0.0	0.0
10.04	-0.007638774	0.0	0.0
10.06	-0.006433515	0.0	0.0
10.08	-0.005181969	0.0	0.0
10.1	-0.00388544	0.0	0.0
10.12	-0.002545359	0.0	0.0
10.14	-0.001163289	0.0	0.0
10.16	0.000259081	0.0	0.0
10.18	0.00171993	0.0	0.0
10.2	0.003217309	0.0	0.0
10.22	0.004749139	0.0	0.0
10.24	0.006313217	0.0	0.0
10.26	0.00790721	0.0	0.0
10.28	0.009528664	0.0	0.0
10.3	0.011174999	0.0	0.0
10.32	0.012843516	0.0	0.0
10.34	0.0145314	0.0	0.0
10.36	0.016235716	0.0	0.0
10.38	0.017953421	0.0	0.0
10.4	0.019681362	0.0	0.0
10.42	0.021416282	0.0	0.0
10.44	0.023154821	0.0	0.0
10.46	0.024893525	0.0	0.0
10.48	0.026628848	0.0	0.0
10.5	0.028357156	0.0	0.0
10.52	0.030074735	0.0	0.0
10.54	0.031777796	0.0	0.0
10.56	0.03346248	0.0	0.0
10.58	0.035124865	0.0	0.0
10.6	0.036760972	0.0	0.0
10.62	0.038366773	0.0	0.0
10.64	0.039938196	0.0	0.0
10.66	0.041471137	0.0	0.0
10.68	0.042961461	0.0	0.0
10.7	0.044405016	0.0	0.0
10.72	0.045797638	0.0	0.0
10.74	0.047135161	0.0	0.0
10.76	0.048413424	0.0	0.0
10.78	0.049628282	0.0	0.0
10.8	0.050775613	0.0	0.0
10.82	0.051851327	0.0	0.0
10.84	0.052851379	0.0	0.0
10.86	0.053771774	0.0	0.0
10.88	0.054608581	0.0	0.0
10.9	0.055357939	0.0	0.0
10.92	0.056016067	0.0	0.0
10.94	0.05657928	0.0	0.0
10.96	0.05704399	0.0	0.0
10.98	0.057406723	0.0	0.0
11	0.057664125	0.0	0.0
11.02	0.057812976	0.0	0.0
11.04	0.057850196	0.0	0.0
11.06	0.057772857	0.0	0.0
11.08	0.057578194	0.0	0.0
11.1	0.05726361	0.0	0.0
11.12	0.056826694	0.0	0.0
11.14	0.056265223	0.0	0.0
11.16	0.055577174	0.0	0.0
11.18	0.054760735	0.0	0.0
11.2	0.05381431	0.0	0.0
11.22	0.052736534	0.0	0.0
11.24	0.051526273	0.0	0.0
11.26	0.050182641	0.0	0.0
11.28	0.048705001	0.0	0.0
11.3	0.047092977	0.0	0.0
11.32	0.045346457	0.0	0.0
11.34	0.043465606	0.0	0.0
11.36	0.041450864	0.0	0.0
11.38	0.039302962	0.0	0.0
11.4	0.037022917	0.0	0.0
11.42	0.034612044	0.0	0.0
11.44	0.03207196	0.0	0.0
11.46	0.029404585	0.0	0.0
11.48	0.026612148	0.0	0.0
11.5	0.023697186	0.0	0.0
11.52	0.020662552	0.0	0.0
11.54	0.017511414	0.0	0.0
11.56	0.014247254	0.0	0.0
11.58	0.01087387	0.0	0.0
11.6	0.007395379	0.0	0.0
11.62	0.003816209	0.0	0.0
11.64	0.000141104	0.0	0.0
11.66	-0.00362488	0.0	0.0
11.68	-0.007476383	0.0	0.0
11.7	-0.011407737	0.0	0.0
11.72	-0.015412974	0.0	0.0
11.74	-0.019485834	0.0	0.0
11.76	-0.023619767	0.0	0.0
11.78	-0.02780794	0.0	0.0
11.8	-0.032043246	0.0	0.0
11.82	-0.036318313	0.0	0.0
11.84	-0.040625509	0.0	0.0
11.86	-0.044956958	0.0	0.0
11.88	-0.049304543	0.0	0.0
11.9	-0.053659923	0.0	0.0
11.92	-0.058014542	0.0	0.0
11.94	-0.062359645	0.0	0.0
11.96	-0.066686285	0.0	0.0
11.98	-0.070985344	0.0	0.0
12	-0.075247544	0.0	0.0
12.02	-0.079463464	0.0	0.0
12.04	-0.083623555	0.0	0.0
12.06	-0.087718156	0.0	0.0
12.08	-0.091737514	0.0	0.0
12.1	-0.095671801	0.0	0.0
12.12	-0.099511132	0.0	0.0
12.14	-0.103245582	0.0	0.0
12.16	-0.106865211	0.0	0.0
12.18	-0.110360079	0.0	0.0
12.2	-0.113720269	0.0	0.0
12.22	-0.116935909	0.0	0.0
12.24	-0.119997189	0.0	0.0
12.26	-0.122894387	0.0	0.0
12.28	-0.125617892	0.0	0.0
12.3	-0.128158219	0.0	0.0
12.32	-0.130506042	0.0	0.0
12.34	-0.132652207	0.0	0.0
12.36	-0.134587761	0.0	0.0
12.38	-0.136303973	0.0	0.0
12.4	-0.137792357	0.0	0.0
12.42	-0.139044695	0.0	0.0
12.44	-0.14005306	0.0	0.0
12.46	-0.140809839	0.0	0.0
12.48	-0.141307756	0.0	0.0
12.5	-0.141539895	0.0	0.0
12.52	-0.141499721	0.0	0.0
12.54	-0.141181102	0.0	0.0
12.56	-0.140578332	0.0	0.0
12.58	-0.139686152	0.0	0.0
12.6	-0.138499769	0.0	0.0
12.62	-0.137014879	0.0	0.0
12.64	-0.135227685	0.0	0.0
12.66	-0.133134915	0.0	0.0
12.68	-0.130733844	0.0	0.0
12.7	-0.128022308	0.0	0.0
12.72	-0.124998723	0.0	0.0
12.74	-0.121662099	0.0	0.0
12.76	-0.118012058	0.0	0.0
12.78	-0.114048847	0.0	0.0
12.8	-0.109773349	0.0	0.0
12.82	-0.105187099	0.0	0.0
12.84	-0.100292293	0.0	0.0
12.86	-0.095091797	0.0	0.0
12.88	-0.089589158	0.0	0.0
12.9	-0.083788609	0.0	0.0
12.92	-0.07769508	0.0	0.0
12.94	-0.071314196	0.0	0.0
12.96	-0.064652286	0.0	0.0
12.98	-0.057716384	0.0	0.0
13	-0.050514228	0.0	0.0
13.02	-0.043054263	0.0	0.0
13.04	-0.035345635	0.0	0.0
13.06	-0.027398188	0.0	0.0
13.08	-0.019222463	0.0	0.0
13.1	-0.010829686	0.0	0.0
13.12	-0.002231762	0.0	0.0
13.14	0.006558734	0.0	0.0
13.16	0.015528571	0.0	0.0
13.18	0.024663871	0.0	0.0
13.2	0.033950128	0.0	0.0
13.22	0.043372221	0.0	0.0
13.24	0.052914434	0.0	0.0
13.26	0.062560476	0.0	0.0
13.28	0.072293498	0.0	0.0
13.3	0.082096121	0.0	0.0
13.32	0.091950457	0.0	0.0
13.34	0.101838136	0.0	0.0
13.36	0.111740333	0.0	0.0
13.38	0.121637796	0.0	0.0
13.4	0.13151088	0.0	0.0
13.42	0.141339572	0.0	0.0
13.44	0.151103533	0.0	0.0
13.46	0.160782126	0.0	0.0
13.48	0.170354452	0.0	0.0
13.5	0.179799392	0.0	0.0
13.52	0.189095642	0.0	0.0
13.54	0.198221753	0.0	0.0
13.56	0.207156171	0.0	0.0
13.58	0.21587728	0.0	0.0
13.6	0.224363446	0.0	0.0
13.62	0.232593056	0.0	0.0
13.64	0.240544569	0.0	0.0
13.66	0.248196554	0.0	0.0
13.68	0.255527742	0.0	0.0
13.7	0.262517071	0.0	0.0
13.72	0.269143729	0.0	0.0
13.74	0.275387207	0.0	0.0
13.76	0.281227343	0.0	0.0
13.78	0.286644373	0.0	0.0
13.8	0.291618976	0.0	0.0
13.82	0.296132324	0.0	0.0
13.84	0.30016613	0.0	0.0
13.86	0.303702697	0.0	0.0
13.88	0.306724963	0.0	0.0
13.9	0.30921655	0.0	0.0
13.92	0.311161812	0.0	0.0
13.94	0.312545878	0.0	0.0
13.96	0.313354701	0.0	0.0
13.98	0.313575103	0.0	0.0
14	0.313194814	0.0	0.0
14.02	0.312202522	0.0	0.0
14.04	0.310587907	0.0	0.0
14.06	0.30834169	0.0	0.0
14.08	0.305455663	0.0	0.0
14.1	0.301922736	0.0	0.0
14.12	0.297736965	0.0	0.0
14.14	0.292893592	0.0	0.0
14.16	0.287389075	0.0	0.0
14.18	0.281221122	0.0	0.0
14.2	0.274388713	0.0	0.0
14.22	0.266892136	0.0	0.0
14.24	0.258733004	0.0	0.0
14.26	0.249914282	0.0	0.0
14.28	0.240440306	0.0	0.0
14.3	0.230316797	0.0	0.0
14.32	0.219550882	0.0	0.0
14.34	0.208151103	0.0	0.0
14.36	0.196127427	0.0	0.0
14.38	0.183491254	0.0	0.0
14.4	0.17025542	0.0	0.0
14.42	0.156434202	0.0	0.0
14.44	0.142043309	0.0	0.0
14.46	0.127099886	0.0	0.0
14.48	0.1116225	0.0	0.0
14.5	0.095631136	0.0	0.0
14.52	0.079147174	0.0	0.0
14.54	0.062193382	0.0	0.0
14.56	0.044793889	0.0	0.0
14.58	0.026974166	0.0	0.0
14.6	0.008760996	0.0	0.0
14.62	-0.009817551	0.0	0.0
14.64	-0.028732154	0.0	0.0
14.66	-0.047952276	0.0	0.0
14.68	-0.067446204	0.0	0.0
14.7	-0.087181088	0.0	0.0
14.72	-0.10712299	0.0	0.0
14.74	-0.12723693	0.0	0.0
14.76	-0.147486938	0.0	0.0
14.78	-0.167836108	0.0	0.0
14.8	-0.188246655	0.0	0.0
14.82	-0.208679975	0.0	0.0
14.84	-0.229096711	0.0	0.0
14.86	-0.249456811	0.0	0.0
14.88	-0.269719604	0.0	0.0
14.9	-0.289843867	0.0	0.0
14.92	-0.309787896	0.0	0.0
14.94	-0.329509585	0.0	0.0
14.96	-0.348966501	0.0	0.0
14.98	-0.368115965	0.0	0.0
15	-0.386915132	0.0	0.0
15.02	-0.405321075	0.0	0.0
15.04	-0.423290869	0.0	0.0
15.06	-0.440781678	0.0	0.0
15.08	-0.457750843	0.0	0.0
15.1	-0.474155971	0.0	0.0
15.12	-0.489955023	0.0	0.0
15.14	-0.505106406	0.0	0.0
15.16	-0.519569064	0.0	0.0
15.18	-0.533302573	0.0	0.0
15.2	-0.546267227	0.0	0.0
15.22	-0.558424137	0.0	0.0
15.24	-0.569735317	0.0	0.0
15.26	-0.580163781	0.0	0.0
15.28	-0.589673634	0.0	0.0
15.3	-0.598230161	0.0	0.0
15.32	-0.605799917	0.0	0.0
15.34	-0.612350819	0.0	0.0
15.36	-0.61785223	0.0	0.0
15.38	-0.622275051	0.0	0.0
15.4	-0.625591798	0.0	0.0
15.42	-0.627776693	0.0	0.0
15.44	-0.628805739	0.0	0.0
15.46	-0.628656802	0.0	0.0
15.48	-0.627309685	0.0	0.0
15.5	-0.624746204	0.0	0.0
15.52	-0.620950256	0.0	0.0
15.54	-0.615907889	0.0	0.0
15.56	-0.609607364	0.0	0.0
15.58	-0.602039218	0.0	0.0
15.6	-0.59319632	0.0	0.0
15.62	-0.583073927	0.0	0.0
15.64	-0.57166973	0.0	0.0
15.66	-0.558983902	0.0	0.0
15.68	-0.545019138	0.0	0.0
15.7	-0.529780694	0.0	0.0
15.72	-0.513276416	0.0	0.0
15.74	-0.49551677	0.0	0.0
15.76	-0.476514861	0.0	0.0
15.78	-0.456286457	0.0	0.0
15.8	-0.434849995	0.0	0.0
15.82	-0.412226591	0.0	0.0
15.84	-0.388440043	0.0	0.0
15.86	-0.363516825	0.0	0.0
15.88	-0.337486079	0.0	0.0
15.9	-0.310379603	0.0	0.0
15.92	-0.282231826	0.0	0.0
15.94	-0.253079786	0.0	0.0
15.96	-0.222963097	0.0	0.0
15.98	-0.191923912	0.0	0.0
16	-0.16000688	0.0	0.0
16.02	-0.127259097	0.0	0.0
16.04	-0.09373005	0.0	0.0
16.06	-0.059471562	0.0	0.0
16.08	-0.02453772	0.0	0.0
16.1	0.011015194	0.0	0.0
16.12	0.047128781	0.0	0.0
16.14	0.083742603	0.0	0.0
16.16	0.12079428	0.0	0.0
16.18	0.158219575	0.0	0.0
16.2	0.195952497	0.0	0.0
16.22	0.233925404	0.0	0.0
16.24	0.272069111	0.0	0.0
16.26	0.310313004	0.0	0.0
16.28	0.348585157	0.0	0.0
16.3	0.386812458	0.0	0.0
16.32	0.424920731	0.0	0.0
16.34	0.462834871	0.0	0.0
16.36	0.500478978	0.0	0.0
16.38	0.537776495	0.0	0.0
16.4	0.57465035	0.0	0.0
16.42	0.611023102	0.0	0.0
16.44	0.646817089	0.0	0.0
16.46	0.681954577	0.0	0.0
16.48	0.716357919	0.0	0.0
16.5	0.749949705	0.0	0.0
16.52	0.78265292	0.0	0.0
16.54	0.814391107	0.0	0.0
16.56	0.845088522	0.0	0.0
16.58	0.874670301	0.0	0.0
16.6	0.903062616	0.0	0.0
16.62	0.93019284	0.0	0.0
16.64	0.955989713	0.0	0.0
16.66	0.980383495	0.0	0.0
16.68	1.003306135	0.0	0.0
16.7	1.024691428	0.0	0.0
16.72	1.044475175	0.0	0.0
16.74	1.062595339	0.0	0.0
16.76	1.078992198	0.0	0.0
16.78	1.093608503	0.0	0.0
16.8	1.106389625	0.0	0.0
16.82	1.117283699	0.0	0.0
16.84	1.126241773	0.0	0.0
16.86	1.133217943	0.0	0.0
16.88	1.13816949	0.0	0.0
16.9	1.141057012	0.0	0.0
16.92	1.14184455	0.0	0.0
16.94	1.140499706	0.0	0.0
16.96	1.136993762	0.0	0.0
16.98	1.13130179	0.0	0.0
17	1.123402754	0.0	0.0
17.02	1.113279607	0.0	0.0
17.04	1.100919383	0.0	0.0
17.06	1.086313283	0.0	0.0
17.08	1.069456747	0.0	0.0
17.1	1.050349527	0.0	0.0
17.12	1.028995745	0.0	0.0
17.14	1.005403951	0.0	0.0
17.16	0.979587165	0.0	0.0
17.18	0.951562915	0.0	0.0
17.2	0.921353267	0.0	0.0
17.22	0.88898484	0.0	0.0
17.24	0.854488825	0.0	0.0
17.26	0.817900977	0.0	0.0
17.28	0.779261617	0.0	0.0
17.3	0.738615609	0.0	0.0
17.32	0.696012337	0.0	0.0
17.34	0.651505668	0.0	0.0
17.36	0.605153909	0.0	0.0
17.38	0.557019751	0.0	0.0
17.4	0.507170205	0.0	0.0
17.42	0.455676532	0.0	0.0
17.44	0.402614153	0.0	0.0
17.46	0.348062564	0.0	0.0
17.48	0.292105229	0.0	0.0
17.5	0.234829471	0.0	0.0
17.52	0.176326352	0.0	0.0
17.54	0.11669054	0.0	0.0
17.56	0.056020176	0.0	0.0
17.58	-0.005583279	0.0	0.0
17.6	-0.068015195	0.0	0.0
17.62	-0.131167941	0.0	0.0
17.64	-0.194931056	0.0	0.0
17.66	-0.259191428	0.0	0.0
17.68	-0.323833487	0.0	0.0
17.7	-0.388739394	0.0	0.0
17.72	-0.453789247	0.0	0.0
17.74	-0.518861293	0.0	0.0
17.76	-0.583832138	0.0	0.0
17.78	-0.648576972	0.0	0.0
17.8	-0.712969796	0.0	0.0
17.82	-0.776883657	0.0	0.0
17.84	-0.840190881	0.0	0.0
17.86	-0.902763318	0.0	0.0
17.88	-0.964472591	0.0	0.0
17.9	-1.025190339	0.0	0.0
17.92	-1.084788474	0.0	0.0
17.94	-1.143139439	0.0	0.0
17.96	-1.200116458	0.0	0.0
17.98	-1.255593804	0.0	0.0
18	-1.309447054	0.0	0.0
18.02	-1.36155335	0.0	0.0
18.04	-1.411791665	0.0	0.0
18.06	-1.460043056	0.0	0.0
18.08	-1.506190932	0.0	0.0
18.1	-1.550121306	0.0	0.0
18.12	-1.591723055	0.0	0.0
18.14	-1.630888173	0.0	0.0
18.16	-1.667512018	0.0	0.0
18.18	-1.701493565	0.0	0.0
18.2	-1.732735644	0.0	0.0
18.22	-1.761145179	0.0	0.0
18.24	-1.78663342	0.0	0.0
18.26	-1.809116171	0.0	0.0
18.28	-1.828514011	0.0	0.0
18.3	-1.844752504	0.0	0.0
18.32	-1.857762407	0.0	0.0
18.34	-1.867479869	0.0	0.0
18.36	-1.873846619	0.0	0.0
18.38	-1.876810147	0.0	0.0
18.4	-1.876323877	0.0	0.0
18.42	-1.872347324	0.0	0.0
18.44	-1.864846251	0.0	0.0
18.46	-1.853792806	0.0	0.0
18.48	-1.839165652	0.0	0.0
18.5	-1.820950085	0.0	0.0
18.52	-1.79913814	0.0	0.0
18.54	-1.773728685	0.0	0.0
18.56	-1.744727503	0.0	0.0
18.58	-1.712147358	0.0	0.0
18.6	-1.676008052	0.0	0.0
18.62	-1.636336467	0.0	0.0
18.64	-1.593166594	0.0	0.0
18.66	-1.546539543	0.0	0.0
18.68	-1.496503548	0.0	0.0
18.7	-1.443113954	0.0	0.0
18.72	-1.386433181	0.0	0.0
18.74	-1.326530692	0.0	0.0
18.76	-1.263482927	0.0	0.0
18.78	-1.197373235	0.0	0.0
18.8	-1.12829179	0.0	0.0
18.82	-1.056335485	0.0	0.0
18.84	-0.981607821	0.0	0.0
18.86	-0.904218775	0.0	0.0
18.88	-0.824284658	0.0	0.0
18.9	-0.741927954	0.0	0.0
18.92	-0.657277151	0.0	0.0
18.94	-0.570466553	0.0	0.0
18.96	-0.481636079	0.0	0.0
18.98	-0.390931054	0.0	0.0
19	-0.298501981	0.0	0.0
19.02	-0.2045043	0.0	0.0
19.04	-0.109098143	0.0	0.0
19.06	-0.012448063	0.0	0.0
19.08	0.085277234	0.0	0.0
19.1	0.183905176	0.0	0.0
19.12	0.283259625	0.0	0.0
19.14	0.383161179	0.0	0.0
19.16	0.483427492	0.0	0.0
19.18	0.583873596	0.0	0.0
19.2	0.68431224	0.0	0.0
19.22	0.784554225	0.0	0.0
19.24	0.884408759	0.0	0.0
19.26	0.983683813	0.0	0.0
19.28	1.082186478	0.0	0.0
19.3	1.179723338	0.0	0.0
19.32	1.276100842	0.0	0.0
19.34	1.371125677	0.0	0.0
19.36	1.464605151	0.0	0.0
19.38	1.556347572	0.0	0.0
19.4	1.646162636	0.0	0.0
19.42	1.73386181	0.0	0.0
19.44	1.819258718	0.0	0.0
19.46	1.902169524	0.0	0.0
19.48	1.98241332	0.0	0.0
19.5	2.059812505	0.0	0.0
19.52	2.134193163	0.0	0.0
19.54	2.205385441	0.0	0.0
19.56	2.273223917	0.0	0.0
19.58	2.337547967	0.0	0.0
19.6	2.398202126	0.0	0.0
19.62	2.45503644	0.0	0.0
19.64	2.507906809	0.0	0.0
19.66	2.556675326	0.0	0.0
19.68	2.601210607	0.0	0.0
19.7	2.641388104	0.0	0.0
19.72	2.677090418	0.0	0.0
19.74	2.70820759	0.0	0.0
19.76	2.734637391	0.0	0.0
19.78	2.756285587	0.0	0.0
19.8	2.773066203	0.0	0.0
19.82	2.784901765	0.0	0.0
19.84	2.791723528	0.0	0.0
19.86	2.793471693	0.0	0.0
19.88	2.790095605	0.0	0.0
19.9	2.781553935	0.0	0.0
19.92	2.767814845	0.0	0.0
19.94	2.748856139	0.0	0.0
19.96	2.724665388	0.0	0.0
19.98	2.69524005	0.0	0.0
20	2.660587557	0.0	0.0
20.02	2.620725394	0.0	0.0
20.04	2.57568115	0.0	0.0
20.06	2.525492561	0.0	0.0
20.08	2.47020752	0.0	0.0
20.1	2.409884077	0.0	0.0
20.12	2.344590413	0.0	0.0
20.14	2.274404798	0.0	0.0
20.16	2.199415524	0.0	0.0
20.18	2.119720823	0.0	0.0
20.2	2.03542876	0.0	0.0
20.22	1.946657109	0.0	0.0
20.24	1.853533205	0.0	0.0
20.26	1.756193781	0.0	0.0
20.28	1.654784777	0.0	0.0
20.3	1.549461142	0.0	0.0
20.32	1.440386602	0.0	0.0
20.34	1.327733417	0.0	0.0
20.36	1.211682121	0.0	0.0
20.38	1.092421236	0.0	0.0
20.4	0.970146974	0.0	0.0
20.42	0.845062921	0.0	0.0
20.44	0.717379696	0.0	0.0
20.46	0.587314607	0.0	0.0
20.48	0.45509128	0.0	0.0
20.5	0.320939275	0.0	0.0
20.52	0.185093691	0.0	0.0
20.54	0.04779475	0.0	0.0
20.56	-0.090712622	0.0	0.0
20.58	-0.230179239	0.0	0.0
20.6	-0.370352101	0.0	0.0
20.62	-0.510974856	0.0	0.0
20.64	-0.651788272	0.0	0.0
20.66	-0.792530714	0.0	0.0
20.68	-0.932938638	0.0	0.0
20.7	-1.072747083	0.0	0.0
20.72	-1.211690175	0.0	0.0
20.74	-1.349501636	0.0	0.0
20.76	-1.485915298	0.0	0.0
20.78	-1.620665618	0.0	0.0
20.8	-1.753488199	0.0	0.0
20.82	-1.884120312	0.0	0.0
20.84	-2.012301413	0.0	0.0
20.86	-2.13777367	0.0	0.0
20.88	-2.26028248	0.0	0.0
20.9	-2.379576987	0.0	0.0
20.92	-2.495410594	0.0	0.0
20.94	-2.607541473	0.0	0.0
20.96	-2.715733069	0.0	0.0
20.98	-2.819754596	0.0	0.0
21	-2.919381524	0.0	0.0
21.02	-3.01439606	0.0	0.0
21.04	-3.104587618	0.0	0.0
21.06	-3.189753278	0.0	0.0
21.08	-3.269698232	0.0	0.0
21.1	-3.344236218	0.0	0.0
21.12	-3.413189944	0.0	0.0
21.14	-3.476391488	0.0	0.0
21.16	-3.53368269	0.0	0.0
21.18	-3.584915529	0.0	0.0
21.2	-3.629952472	0.0	0.0
21.22	-3.668666818	0.0	0.0
21.24	-3.700943012	0.0	0.0
21.26	-3.726676947	0.0	0.0
21.28	-3.745776239	0.0	0.0
21.3	-3.758160486	0.0	0.0
21.32	-3.763761503	0.0	0.0
21.34	-3.762523534	0.0	0.0
21.36	-3.75440344	0.0	0.0
21.38	-3.739370866	0.0	0.0
21.4	-3.717408385	0.0	0.0
21.42	-3.688511609	0.0	0.0
21.44	-3.652689288	0.0	0.0
21.46	-3.609963371	0.0	0.0
21.48	-3.560369052	0.0	0.0
21.5	-3.503954783	0.0	0.0
21.52	-3.440782263	0.0	0.0
21.54	-3.370926402	0.0	0.0
21.56	-3.294475262	0.0	0.0
21.58	-3.211529959	0.0	0.0
21.6	-3.122204557	0.0	0.0
21.62	-3.02662592	0.0	0.0
21.64	-2.924933548	0.0	0.0
21.66	-2.817279382	0.0	0.0
21.68	-2.703827584	0.0	0.0
21.7	-2.584754296	0.0	0.0
21.72	-2.460247367	0.0	0.0
21.74	-2.33050606	0.0	0.0
21.76	-2.195740735	0.0	0.0
21.78	-2.056172506	0.0	0.0
21.8	-1.912032877	0.0	0.0
21.82	-1.763563352	0.0	0.0
21.84	-1.61101503	0.0	0.0
21.86	-1.45464817	0.0	0.0
21.88	-1.294731743	0.0	0.0
21.9	-1.131542961	0.0	0.0
21.92	-0.965366787	0.0	0.0
21.94	-0.796495428	0.0	0.0
21.96	-0.62522781	0.0	0.0
21.98	-0.451869038	0.0	0.0
22	-0.276729843	0.0	0.0
22.02	-0.100126008	0.0	0.0
22.04	0.077622209	0.0	0.0
22.06	0.256190676	0.0	0.0
22.08	0.435251984	0.0	0.0
22.1	0.614476068	0.0	0.0
22.12	0.793530828	0.0	0.0
22.14	0.972082756	0.0	0.0
22.16	1.149797579	0.0	0.0
22.18	1.326340892	0.0	0.0
22.2	1.501378808	0.0	0.0
22.22	1.674578602	0.0	0.0
22.24	1.84560936	0.0	0.0
22.26	2.014142625	0.0	0.0
22.28	2.179853043	0.0	0.0
22.3	2.342419003	0.0	0.0
22.32	2.501523281	0.0	0.0
22.34	2.656853667	0.0	0.0
22.36	2.808103594	0.0	0.0
22.38	2.954972754	0.0	0.0
22.4	3.097167709	0.0	0.0
22.42	3.234402483	0.0	0.0
22.44	3.366399156	0.0	0.0
22.46	3.492888431	0.0	0.0
22.48	3.613610191	0.0	0.0
22.5	3.728314047	0.0	0.0
22.52	3.836759862	0.0	0.0
22.54	3.938718258	0.0	0.0
22.56	4.033971106	0.0	0.0
22.58	4.122311997	0.0	0.0
22.6	4.203546689	0.0	0.0
22.62	4.277493536	0.0	0.0
22.64	4.343983889	0.0	0.0
22.66	4.402862477	0.0	0.0
22.68	4.453987763	0.0	0.0
22.7	4.497232273	0.0	0.0
22.72	4.532482901	0.0	0.0
22.74	4.559641183	0.0	0.0
22.76	4.578623551	0.0	0.0
22.78	4.589361547	0.0	0.0
22.8	4.591802023	0.0	0.0
22.82	4.585907296	0.0	0.0
22.84	4.571655288	0.0	0.0
22.86	4.549039626	0.0	0.0
22.88	4.518069713	0.0	0.0
22.9	4.478770774	0.0	0.0
22.92	4.431183865	0.0	0.0
22.94	4.375365853	0.0	0.0
22.96	4.311389366	0.0	0.0
22.98	4.239342711	0.0	0.0
23	4.159329762	0.0	0.0
23.02	4.071469812	0.0	0.0
23.04	3.975897405	0.0	0.0
23.06	3.872762126	0.0	0.0
23.08	3.762228367	0.0	0.0
23.1	3.644475062	0.0	0.0
23.12	3.519695393	0.0	0.0
23.14	3.388096467	0.0	0.0
23.16	3.249898963	0.0	0.0
23.18	3.105336752	0.0	0.0
23.2	2.954656493	0.0	0.0
23.22	2.798117198	0.0	0.0
23.24	2.635989773	0.0	0.0
23.26	2.468556537	0.0	0.0
23.28	2.296110714	0.0	0.0
23.3	2.118955899	0.0	0.0
23.32	1.937405514	0.0	0.0
23.34	1.751782228	0.0	0.0
23.36	1.562417367	0.0	0.0
23.38	1.369650302	0.0	0.0
23.4	1.173827822	0.0	0.0
23.42	0.975303484	0.0	0.0
23.44	0.77443696	0.0	0.0
23.46	0.571593354	0.0	0.0
23.48	0.367142522	0.0	0.0
23.5	0.16145837	0.0	0.0
23.52	-0.04508185	0.0	0.0
23.54	-0.252098259	0.0	0.0
23.56	-0.459209075	0.0	0.0
23.58	-0.666031339	0.0	0.0
23.6	-0.87218165	0.0	0.0
23.62	-1.0772769	0.0	0.0
23.64	-1.28093501	0.0	0.0
23.66	-1.48277567	0.0	0.0
23.68	-1.68242107	0.0	0.0
23.7	-1.879496636	0.0	0.0
23.72	-2.073631755	0.0	0.0
23.74	-2.264460494	0.0	0.0
23.76	-2.451622321	0.0	0.0
23.78	-2.634762802	0.0	0.0
23.8	-2.8135343	0.0	0.0
23.82	-2.987596656	0.0	0.0
23.84	-3.15661786	0.0	0.0
23.86	-3.320274705	0.0	0.0
23.88	-3.478253425	0.0	0.0
23.9	-3.630250319	0.0	0.0
23.92	-3.775972354	0.0	0.0
23.94	-3.915137747	0.0	0.0
23.96	-4.047476531	0.0	0.0
23.98	-4.172731093	0.0	0.0
24	-4.290656695	0.0	0.0
24.02	-4.401021963	0.0	0.0
24.04	-4.503609361	0.0	0.0
24.06	-4.598215626	0.0	0.0
24.08	-4.684652191	0.0	0.0
24.1	-4.762745564	0.0	0.0
24.12	-4.832337692	0.0	0.0
24.14	-4.893286286	0.0	0.0
24.16	-4.94546512	0.0	0.0
24.18	-4.988764298	0.0	0.0
24.2	-5.02309049	0.0	0.0
24.22	-5.048367136	0.0	0.0
24.24	-5.064534616	0.0	0.0
24.26	-5.071550387	0.0	0.0
24.28	-5.069389091	0.0	0.0
24.3	-5.058042625	0.0	0.0
24.32	-5.037520179	0.0	0.0
24.34	-5.00784824	0.0	0.0
24.36	-4.96907056	0.0	0.0
24.38	-4.921248099	0.0	0.0
24.4	-4.86445892	0.0	0.0
24.42	-4.798798065	0.0	0.0
24.44	-4.724377384	0.0	0.0
24.46	-4.641325346	0.0	0.0
24.48	-4.549786802	0.0	0.0
24.5	-4.449922727	0.0	0.0
24.52	-4.341909925	0.0	0.0
24.54	-4.225940706	0.0	0.0
24.56	-4.102222525	0.0	0.0
24.58	-3.970977603	0.0	0.0
24.6	-3.832442509	0.0	0.0
24.62	-3.686867717	0.0	0.0
24.64	-3.534517136	0.0	0.0
24.66	-3.375667613	0.0	0.0
24.68	-3.210608412	0.0	0.0
24.7	-3.039640662	0.0	0.0
24.72	-2.86307679	0.0	0.0
24.74	-2.681239929	0.0	0.0
24.76	-2.494463298	0.0	0.0
24.78	-2.303089575	0.0	0.0
24.8	-2.107470236	0.0	0.0
24.82	-1.907964891	0.0	0.0
24.84	-1.704940594	0.0	0.0
24.86	-1.498771139	0.0	0.0
24.88	-1.28983635	0.0	0.0
24.9	-1.078521353	0.0	0.0
24.92	-0.865215834	0.0	0.0
24.94	-0.650313298	0.0	0.0
24.96	-0.434210312	0.0	0.0
24.98	-0.217305744	0.0	0.0
25	-4.82664E-12	0.0	0.0
25.02	0.217305744	0.0	0.0
25.04	0.434210312	0.0	0.0
25.06	0.650313298	0.0	0.0
25.08	0.865215834	0.0	0.0
25.1	1.078521353	0.0	0.0
25.12	1.28983635	0.0	0.0
25.14	1.498771138	0.0	0.0
25.16	1.704940593	0.0	0.0
25.18	1.907964891	0.0	0.0
25.2	2.107470236	0.0	0.0
25.22	2.303089575	0.0	0.0
25.24	2.494463298	0.0	0.0
25.26	2.681239929	0.0	0.0
25.28	2.86307679	0.0	0.0
25.3	3.039640662	0.0	0.0
25.32	3.210608412	0.0	0.0
25.34	3.375667613	0.0	0.0
25.36	3.534517136	0.0	0.0
25.38	3.686867717	0.0	0.0
25.4	3.832442509	0.0	0.0
25.42	3.970977603	0.0	0.0
25.44	4.102222525	0.0	0.0
25.46	4.225940706	0.0	0.0
25.48	4.341909925	0.0	0.0
25.5	4.449922727	0.0	0.0
25.52	4.549786802	0.0	0.0
25.54	4.641325346	0.0	0.0
25.56	4.724377384	0.0	0.0
25.58	4.798798065	0.0	0.0
25.6	4.86445892	0.0	0.0
25.62	4.921248099	0.0	0.0
25.64	4.96907056	0.0	0.0
25.66	5.00784824	0.0	0.0
25.68	5.037520179	0.0	0.0
25.7	5.058042625	0.0	0.0
25.72	5.069389091	0.0	0.0
25.74	5.071550387	0.0	0.0
25.76	5.064534616	0.0	0.0
25.78	5.048367136	0.0	0.0
25.8	5.02309049	0.0	0.0
25.82	4.988764298	0.0	0.0
25.84	4.94546512	0.0	0.0
25.86	4.893286286	0.0	0.0
25.88	4.832337692	0.0	0.0
25.9	4.762745564	0.0	0.0
25.92	4.684652191	0.0	0.0
25.94	4.598215626	0.0	0.0
25.96	4.503609361	0.0	0.0
25.98	4.401021963	0.0	0.0
26	4.290656695	0.0	0.0
26.02	4.172731093	0.0	0.0
26.04	4.047476531	0.0	0.0
26.06	3.915137747	0.0	0.0
26.08	3.775972354	0.0	0.0
26.1	3.630250319	0.0	0.0
26.12	3.478253425	0.0	0.0
26.14	3.320274705	0.0	0.0
26.16	3.15661786	0.0	0.0
26.18	2.987596656	0.0	0.0
26.2	2.8135343	0.0	0.0
26.22	2.634762802	0.0	0.0
26.24	2.451622321	0.0	0.0
26.26	2.264460494	0.0	0.0
26.28	2.073631755	0.0	0.0
26.3	1.879496636	0.0	0.0
26.32	1.68242107	0.0	0.0
26.34	1.48277567	0.0	0.0
26.36	1.28093501	0.0	0.0
26.38	1.0772769	0.0	0.0
26.4	0.87218165	0.0	0.0
26.42	0.666031339	0.0	0.0
26.44	0.459209075	0.0	0.0
26.46	0.252098259	0.0	0.0
26.48	0.04508185	0.0	0.0
26.5	-0.16145837	0.0	0.0
26.52	-0.367142522	0.0	0.0
26.54	-0.571593354	0.0	0.0
26.56	-0.77443696	0.0	0.0
26.58	-0.975303484	0.0	0.0
26.6	-1.173827822	0.0	0.0
26.62	-1.369650302	0.0	0.0
26.64	-1.562417367	0.0	0.0
26.66	-1.751782228	0.0	0.0
26.68	-1.937405514	0.0	0.0
26.7	-2.118955899	0.0	0.0
26.72	-2.296110714	0.0	0.0
26.74	-2.468556537	0.0	0.0
26.76	-2.635989773	0.0	0.0
26.78	-2.798117198	0.0	0.0
26.8	-2.954656493	0.0	0.0
26.82	-3.105336752	0.0	0.0
26.84	-3.249898963	0.0	0.0
26.86	-3.388096467	0.0	0.0
26.88	-3.519695393	0.0	0.0
26.9	-3.644475062	0.0	0.0
26.92	-3.762228367	0.0	0.0
26.94	-3.872762126	0.0	0.0
26.96	-3.975897405	0.0	0.0
26.98	-4.071469812	0.0	0.0
27	-4.159329762	0.0	0.0
27.02	-4.239342711	0.0	0.0
27.04	-4.311389366	0.0	0.0
27.06	-4.375365853	0.0	0.0
27.08	-4.431183865	0.0	0.0
27.1	-4.478770774	0.0	0.0
27.12	-4.518069713	0.0	0.0
27.14	-4.549039626	0.0	0.0
27.16	-4.571655288	0.0	0.0
27.18	-4.585907296	0.0	0.0
27.2	-4.591802023	0.0	0.0
27.22	-4.589361547	0.0	0.0
27.24	-4.578623551	0.0	0.0
27.26	-4.559641183	0.0	0.0
27.28	-4.532482901	0.0	0.0
27.3	-4.497232273	0.0	0.0
27.32	-4.453987763	0.0	0.0
27.34	-4.402862477	0.0	0.0
27.36	-4.343983889	0.0	0.0
27.38	-4.277493536	0.0	0.0
27.4	-4.203546689	0.0	0.0
27.42	-4.122311997	0.0	0.0
27.44	-4.033971106	0.0	0.0
27.46	-3.938718258	0.0	0.0
27.48	-3.836759862	0.0	0.0
27.5	-3.728314047	0.0	0.0
27.52	-3.613610191	0.0	0.0
27.54	-3.492888431	0.0	0.0
27.56	-3.366399156	0.0	0.0
27.58	-3.234402483	0.0	0.0
27.6	-3.097167709	0.0	0.0
27.62	-2.954972754	0.0	0.0
27.64	-2.808103594	0.0	0.0
27.66	-2.656853667	0.0	0.0
27.68	-2.501523281	0.0	0.0
27.7	-2.342419003	0.0	0.0
27.72	-2.179853043	0.0	0.0
27.74	-2.014142625	0.0	0.0
27.76	-1.84560936	0.0	0.0
27.78	-1.674578602	0.0	0.0
27.8	-1.501378808	0.0	0.0
27.82	-1.326340892	0.0	0.0
27.84	-1.149797579	0.0	0.0
27.86	-0.972082756	0.0	0.0
27.88	-0.793530828	0.0	0.0
27.9	-0.614476068	0.0	0.0
27.92	-0.435251984	0.0	0.0
27.94	-0.256190676	0.0	0.0
27.96	-0.077622209	0.0	0.0
27.98	0.100126008	0.0	0.0
28	0.276729843	0.0	0.0
28.02	0.451869038	0.0	0.0
28.04	0.62522781	0.0	0.0
28.06	0.796495428	0.0	0.0
28.08	0.965366787	0.0	0.0
28.1	1.131542961	0.0	0.0
28.12	1.294731743	0.0	0.0
28.14	1.45464817	0.0	0.0
28.16	1.61101503	0.0	0.0
28.18	1.763563352	0.0	0.0
28.2	1.912032877	0.0	0.0
28.22	2.056172506	0.0	0.0
28.24	2.195740735	0.0	0.0
28.26	2.33050606	0.0	0.0
28.28	2.460247367	0.0	0.0
28.3	2.584754296	0.0	0.0
28.32	2.703827584	0.0	0.0
28.34	2.817279382	0.0	0.0
28.36	2.924933548	0.0	0.0
28.38	3.02662592	0.0	0.0
28.4	3.122204557	0.0	0.0
28.42	3.211529959	0.0	0.0
28.44	3.294475262	0.0	0.0
28.46	3.370926402	0.0	0.0
28.48	3.440782263	0.0	0.0
28.5	3.503954783	0.0	0.0
28.52	3.560369052	0.0	0.0
28.54	3.609963371	0.0	0.0
28.56	3.652689288	0.0	0.0
28.58	3.688511609	0.0	0.0
28.6	3.717408385	0.0	0.0
28.62	3.739370866	0.0	0.0
28.64	3.75440344	0.0	0.0
28.66	3.762523534	0.0	0.0
28.68	3.763761503	0.0	0.0
28.7	3.758160486	0.0	0.0
28.72	3.745776239	0.0	0.0
28.74	3.726676947	0.0	0.0
28.76	3.700943012	0.0	0.0
28.78	3.668666818	0.0	0.0
28.8	3.629952472	0.0	0.0
28.82	3.584915529	0.0	0.0
28.84	3.53368269	0.0	0.0
28.86	3.476391488	0.0	0.0
28.88	3.413189944	0.0	0.0
28.9	3.344236218	0.0	0.0
28.92	3.269698232	0.0	0.0
28.94	3.189753278	0.0	0.0
28.96	3.104587618	0.0	0.0
28.98	3.01439606	0.0	0.0
29	2.919381524	0.0	0.0
29.02	2.819754596	0.0	0.0
29.04	2.715733069	0.0	0.0
29.06	2.607541473	0.0	0.0
29.08	2.495410594	0.0	0.0
29.1	2.379576987	0.0	0.0
29.12	2.26028248	0.0	0.0
29.14	2.13777367	0.0	0.0
29.16	2.012301413	0.0	0.0
29.18	1.884120312	0.0	0.0
29.2	1.753488199	0.0	0.0
29.22	1.620665618	0.0	0.0
29.24	1.485915298	0.0	0.0
29.26	1.349501636	0.0	0.0
29.28	1.211690175	0.0	0.0
29.3	1.072747083	0.0	0.0
29.32	0.932938638	0.0	0.0
29.34	0.792530714	0.0	0.0
29.36	0.651788272	0.0	0.0
29.38	0.510974856	0.0	0.0
29.4	0.370352101	0.0	0.0
29.42	0.230179239	0.0	0.0
29.44	0.090712622	0.0	0.0
29.46	-0.04779475	0.0	0.0
29.48	-0.185093691	0.0	0.0
29.5	-0.320939275	0.0	0.0
29.52	-0.45509128	0.0	0.0
29.54	-0.587314607	0.0	0.0
29.56	-0.717379696	0.0	0.0
29.58	-0.845062921	0.0	0.0
29.6	-0.970146974	0.0	0.0
29.62	-1.092421236	0.0	0.0
29.64	-1.211682121	0.0	0.0
29.66	-1.327733417	0.0	0.0
29.68	-1.440386602	0.0	0.0
29.7	-1.549461142	0.0	0.0
29.72	-1.654784777	0.0	0.0
29.74	-1.756193781	0.0	0.0
29.76	-1.853533205	0.0	0.0
29.78	-1.946657109	0.0	0.0
29.8	-2.03542876	0.0	0.0
29.82	-2.119720823	0.0	0.0
29.84	-2.199415524	0.0	0.0
29.86	-2.274404798	0.0	0.0
29.88	-2.344590413	0.0	0.0
29.9	-2.409884077	0.0	0.0
29.92	-2.47020752	0.0	0.0
29.94	-2.525492561	0.0	0.0
29.96	-2.57568115	0.0	0.0
29.98	-2.620725394	0.0	0.0
30	-2.660587557	0.0	0.0
30.02	-2.69524005	0.0	0.0
30.04	-2.724665388	0.0	0.0
30.06	-2.748856139	0.0	0.0
30.08	-2.767814845	0.0	0.0
30.1	-2.781553935	0.0	0.0
30.12	-2.790095605	0.0	0.0
30.14	-2.793471693	0.0	0.0
30.16	-2.791723528	0.0	0.0
30.18	-2.784901765	0.0	0.0
30.2	-2.773066203	0.0	0.0
30.22	-2.756285587	0.0	0.0
30.24	-2.734637391	0.0	0.0
30.26	-2.70820759	0.0	0.0
30.28	-2.677090418	0.0	0.0
30.3	-2.641388104	0.0	0.0
30.32	-2.601210607	0.0	0.0
30.34	-2.556675326	0.0	0.0
30.36	-2.507906809	0.0	0.0
30.38	-2.45503644	0.0	0.0
30.4	-2.398202126	0.0	0.0
30.42	-2.337547967	0.0	0.0
30.44	-2.273223917	0.0	0.0
30.46	-2.205385441	0.0	0.0
30.48	-2.134193163	0.0	0.0
30.5	-2.059812505	0.0	0.0
30.52	-1.98241332	0.0	0.0
30.54	-1.902169524	0.0	0.0
30.56	-1.819258718	0.0	0.0
30.58	-1.73386181	0.0	0.0
30.6	-1.646162636	0.0	0.0
30.62	-1.556347572	0.0	0.0
30.64	-1.464605151	0.0	0.0
30.66	-1.371125677	0.0	0.0
30.68	-1.276100842	0.0	0.0
30.7	-1.179723338	0.0	0.0
30.72	-1.082186478	0.0	0.0
30.74	-0.983683813	0.0	0.0
30.76	-0.884408759	0.0	0.0
30.78	-0.784554225	0.0	0.0
30.8	-0.68431224	0.0	0.0
30.82	-0.583873596	0.0	0.0
30.84	-0.483427492	0.0	0.0
30.86	-0.383161179	0.0	0.0
30.88	-0.283259625	0.0	0.0
30.9	-0.183905176	0.0	0.0
30.92	-0.085277234	0.0	0.0
30.94	0.012448062	0.0	0.0
30.96	0.109098143	0.0	0.0
30.98	0.2045043	0.0	0.0
31	0.298501981	0.0	0.0
31.02	0.390931054	0.0	0.0
31.04	0.481636079	0.0	0.0
31.06	0.570466553	0.0	0.0
31.08	0.657277151	0.0	0.0
31.1	0.741927954	0.0	0.0
31.12	0.824284658	0.0	0.0
31.14	0.904218775	0.0	0.0
31.16	0.981607821	0.0	0.0
31.18	1.056335485	0.0	0.0
31.2	1.12829179	0.0	0.0
31.22	1.197373235	0.0	0.0
31.24	1.263482927	0.0	0.0
31.26	1.326530692	0.0	0.0
31.28	1.386433181	0.0	0.0
31.3	1.443113954	0.0	0.0
31.32	1.496503548	0.0	0.0
31.34	1.546539543	0.0	0.0
31.36	1.593166594	0.0	0.0
31.38	1.636336467	0.0	0.0
31.4	1.676008052	0.0	0.0
31.42	1.712147358	0.0	0.0
31.44	1.744727503	0.0	0.0
31.46	1.773728685	0.0	0.0
31.48	1.79913814	0.0	0.0
31.5	1.820950085	0.0	0.0
31.52	1.839165652	0.0	0.0
31.54	1.853792806	0.0	0.0
31.56	1.864846251	0.0	0.0
31.58	1.872347324	0.0	0.0
31.6	1.876323877	0.0	0.0
31.62	1.876810147	0.0	0.0
31.64	1.873846619	0.0	0.0
31.66	1.867479869	0.0	0.0
31.68	1.857762407	0.0	0.0
31.7	1.844752504	0.0	0.0
31.72	1.828514011	0.0	0.0
31.74	1.809116171	0.0	0.0
31.76	1.78663342	0.0	0.0
31.78	1.761145179	0.0	0.0
31.8	1.732735644	0.0	0.0
31.82	1.701493565	0.0	0.0
31.84	1.667512018	0.0	0.0
31.86	1.630888173	0.0	0.0
31.88	1.591723055	0.0	0.0
31.9	1.550121306	0.0	0.0
31.92	1.506190932	0.0	0.0
31.94	1.460043056	0.0	0.0
31.96	1.411791665	0.0	0.0
31.98	1.36155335	0.0	0.0
32	1.309447054	0.0	0.0
32.02	1.255593804	0.0	0.0
32.04	1.200116458	0.0	0.0
32.06	1.143139439	0.0	0.0
32.08	1.084788474	0.0	0.0
32.1	1.025190339	0.0	0.0
32.12	0.964472591	0.0	0.0
32.14	0.902763318	0.0	0.0
32.16	0.840190881	0.0	0.0
32.18	0.776883657	0.0	0.0
32.2	0.712969796	0.0	0.0
32.22	0.648576972	0.0	0.0
32.24	0.583832138	0.0	0.0
32.26	0.518861293	0.0	0.0
32.28	0.453789247	0.0	0.0
32.3	0.388739394	0.0	0.0
32.32	0.323833487	0.0	0.0
32.34	0.259191428	0.0	0.0
32.36	0.194931056	0.0	0.0
32.38	0.131167941	0.0	0.0
32.4	0.068015195	0.0	0.0
32.42	0.005583279	0.0	0.0
32.44	-0.056020176	0.0	0.0
32.46	-0.11669054	0.0	0.0
32.48	-0.176326352	0.0	0.0
32.5	-0.234829471	0.0	0.0
32.52	-0.292105229	0.0	0.0
32.54	-0.348062564	0.0	0.0
32.56	-0.402614153	0.0	0.0
32.58	-0.455676532	0.0	0.0
32.6	-0.507170205	0.0	0.0
32.62	-0.557019751	0.0	0.0
32.64	-0.605153909	0.0	0.0
32.66	-0.651505668	0.0	0.0
32.68	-0.696012337	0.0	0.0
32.7	-0.738615609	0.0	0.0
32.72	-0.779261617	0.0	0.0
32.74	-0.817900977	0.0	0.0
32.76	-0.854488825	0.0	0.0
32.78	-0.88898484	0.0	0.0
32.8	-0.921353267	0.0	0.0
32.82	-0.951562915	0.0	0.0
32.84	-0.979587165	0.0	0.0
32.86	-1.005403951	0.0	0.0
32.88	-1.028995745	0.0	0.0
32.9	-1.050349527	0.0	0.0
32.92	-1.069456747	0.0	0.0
32.94	-1.086313283	0.0	0.0
32.96	-1.100919383	0.0	0.0
32.98	-1.113279607	0.0	0.0
33	-1.123402754	0.0	0.0
33.02	-1.13130179	0.0	0.0
33.04	-1.136993762	0.0	0.0
33.06	-1.140499706	0.0	0.0
33.08	-1.14184455	0.0	0.0
33.1	-1.141057012	0.0	0.0
33.12	-1.13816949	0.0	0.0
33.14	-1.133217943	0.0	0.0
33.16	-1.126241773	0.0	0.0
33.18	-1.117283699	0.0	0.0
33.2	-1.106389625	0.0	0.0
33.22	-1.093608503	0.0	0.0
33.24	-1.078992198	0.0	0.0
33.26	-1.062595339	0.0	0.0
33.28	-1.044475175	0.0	0.0
33.3	-1.024691428	0.0	0.0
33.32	-1.003306135	0.0	0.0
33.34	-0.980383495	0.0	0.0
33.36	-0.955989713	0.0	0.0
33.38	-0.93019284	0.0	0.0
33.4	-0.903062616	0.0	0.0
33.42	-0.874670301	0.0	0.0
33.44	-0.845088522	0.0	0.0
33.46	-0.814391107	0.0	0.0
33.48	-0.78265292	0.0	0.0
33.5	-0.749949705	0.0	0.0
33.52	-0.716357919	0.0	0.0
33.54	-0.681954577	0.0	0.0
33.56	-0.646817089	0.0	0.0
33.58	-0.611023102	0.0	0.0
33.6	-0.57465035	0.0	0.0
33.62	-0.537776495	0.0	0.0
33.64	-0.500478978	0.0	0.0
33.66	-0.462834871	0.0	0.0
33.68	-0.424920731	0.0	0.0
33.7	-0.386812458	0.0	0.0
33.72	-0.348585157	0.0	0.0
33.74	-0.310313004	0.0	0.0
33.76	-0.272069111	0.0	0.0
33.78	-0.233925404	0.0	0.0
33.8	-0.195952497	0.0	0.0
33.82	-0.158219575	0.0	0.0
33.84	-0.12079428	0.0	0.0
33.86	-0.083742603	0.0	0.0
33.88	-0.047128781	0.0	0.0
33.9	-0.011015194	0.0	0.0
33.92	0.02453772	0.0	0.0
33.94	0.059471562	0.0	0.0
33.96	0.09373005	0.0	0.0
33.98	0.127259097	0.0	0.0
34	0.16000688	0.0	0.0
34.02	0.191923912	0.0	0.0
34.04	0.222963097	0.0	0.0
34.06	0.253079786	0.0	0.0
34.08	0.282231826	0.0	0.0
34.1	0.310379603	0.0	0.0
34.12	0.337486079	0.0	0.0
34.14	0.363516825	0.0	0.0
34.16	0.388440043	0.0	0.0
34.18	0.412226591	0.0	0.0
34.2	0.434849995	0.0	0.0
34.22	0.456286457	0.0	0.0
34.24	0.476514861	0.0	0.0
34.26	0.49551677	0.0	0.0
34.28	0.513276416	0.0	0.0
34.3	0.529780694	0.0	0.0
34.32	0.545019138	0.0	0.0
34.34	0.558983902	0.0	0.0
34.36	0.57166973	0.0	0.0
34.38	0.583073927	0.0	0.0
34.4	0.59319632	0.0	0.0
34.42	0.602039218	0.0	0.0
34.44	0.609607364	0.0	0.0
34.46	0.615907889	0.0	0.0
34.48	0.620950256	0.0	0.0
34.5	0.624746204	0.0	0.0
34.52	0.627309685	0.0	0.0
34.54	0.628656802	0.0	0.0
34.56	0.628805739	0.0	0.0
34.58	0.627776693	0.0	0.0
34.6	0.625591798	0.0	0.0
34.62	0.622275051	0.0	0.0
34.64	0.61785223	0.0	0.0
34.66	0.612350819	0.0	0.0
34.68	0.605799917	0.0	0.0
34.7	0.598230161	0.0	0.0
34.72	0.589673634	0.0	0.0
34.74	0.580163781	0.0	0.0
34.76	0.569735317	0.0	0.0
34.78	0.558424137	0.0	0.0
34.8	0.546267227	0.0	0.0
34.82	0.533302573	0.0	0.0
34.84	0.519569064	0.0	0.0
34.86	0.505106406	0.0	0.0
34.88	0.489955023	0.0	0.0
34.9	0.474155971	0.0	0.0
34.92	0.457750843	0.0	0.0
34.94	0.440781678	0.0	0.0
34.96	0.423290869	0.0	0.0
34.98	0.405321075	0.0	0.0
35	0.386915132	0.0	0.0
35.02	0.368115965	0.0	0.0
35.04	0.348966501	0.0	0.0
35.06	0.329509585	0.0	0.0
35.08	0.309787896	0.0	0.0
35.1	0.289843867	0.0	0.0
35.12	0.269719604	0.0	0.0
35.14	0.249456811	0.0	0.0
35.16	0.229096711	0.0	0.0
35.18	0.208679975	0.0	0.0
35.2	0.188246655	0.0	0.0
35.22	0.167836108	0.0	0.0
35.24	0.147486938	0.0	0.0
35.26	0.12723693	0.0	0.0
35.28	0.10712299	0.0	0.0
35.3	0.087181088	0.0	0.0
35.32	0.067446204	0.0	0.0
35.34	0.047952276	0.0	0.0
35.36	0.028732154	0.0	0.0
35.38	0.009817551	0.0	0.0
35.4	-0.008760996	0.0	0.0
35.42	-0.026974166	0.0	0.0
35.44	-0.044793889	0.0	0.0
35.46	-0.062193382	0.0	0.0
35.48	-0.079147174	0.0	0.0
35.5	-0.095631136	0.0	0.0
35.52	-0.1116225	0.0	0.0
35.54	-0.127099886	0.0	0.0
35.56	-0.142043309	0.0	0.0
35.58	-0.156434202	0.0	0.0
35.6	-0.17025542	0.0	0.0
35.62	-0.183491254	0.0	0.0
35.64	-0.196127427	0.0	0.0
35.66	-0.208151103	0.0	0.0
35.68	-0.219550882	0.0	0.0
35.7	-0.230316797	0.0	0.0
35.72	-0.240440306	0.0	0.0
35.74	-0.249914282	0.0	0.0
35.76	-0.258733004	0.0	0.0
35.78	-0.266892136	0.0	0.0
35.8	-0.274388713	0.0	0.0
35.82	-0.281221122	0.0	0.0
35.84	-0.287389075	0.0	0.0
35.86	-0.292893592	0.0	0.0
35.88	-0.297736965	0.0	0.0
35.9	-0.301922736	0.0	0.0
35.92	-0.305455663	0.0	0.0
35.94	-0.30834169	0.0	0.0
35.96	-0.310587907	0.0	0.0
35.98	-0.312202522	0.0	0.0
36	-0.313194814	0.0	0.0
36.02	-0.313575103	0.0	0.0
36.04	-0.313354701	0.0	0.0
36.06	-0.312545878	0.0	0.0
36.08	-0.311161812	0.0	0.0
36.1	-0.30921655	0.0	0.0
36.12	-0.306724963	0.0	0.0
36.14	-0.303702697	0.0	0.0
36.16	-0.30016613	0.0	0.0
36.18	-0.296132324	0.0	0.0
36.2	-0.291618976	0.0	0.0
36.22	-0.286644373	0.0	0.0
36.24	-0.281227343	0.0	0.0
36.26	-0.275387207	0.0	0.0
36.28	-0.269143729	0.0	0.0
36.3	-0.262517071	0.0	0.0
36.32	-0.255527742	0.0	0.0
36.34	-0.248196554	0.0	0.0
36.36	-0.240544569	0.0	0.0
36.38	-0.232593056	0.0	0.0
36.4	-0.224363446	0.0	0.0
36.42	-0.21587728	0.0	0.0
36.44	-0.207156171	0.0	0.0
36.46	-0.198221753	0.0	0.0
36.48	-0.189095642	0.0	0.0
36.5	-0.179799392	0.0	0.0
36.52	-0.170354452	0.0	0.0
36.54	-0.160782126	0.0	0.0
36.56	-0.151103533	0.0	0.0
36.58	-0.141339572	0.0	0.0
36.6	-0.13151088	0.0	0.0
36.62	-0.121637796	0.0	0.0
36.64	-0.111740333	0.0	0.0
36.66	-0.101838136	0.0	0.0
36.68	-0.091950457	0.0	0.0
36.7	-0.082096121	0.0	0.0
36.72	-0.072293498	0.0	0.0
36.74	-0.062560476	0.0	0.0
36.76	-0.052914434	0.0	0.0
36.78	-0.043372221	0.0	0.0
36.8	-0.033950128	0.0	0.0
36.82	-0.024663871	0.0	0.0
36.84	-0.015528571	0.0	0.0
36.86	-0.006558734	0.0	0.0
36.88	0.002231762	0.0	0.0
36.9	0.010829686	0.0	0.0
36.92	0.019222463	0.0	0.0
36.94	0.027398188	0.0	0.0
36.96	0.035345635	0.0	0.0
36.98	0.043054263	0.0	0.0
37	0.050514228	0.0	0.0
37.02	0.057716384	0.0	0.0
37.04	0.064652286	0.0	0.0
37.06	0.071314196	0.0	0.0
37.08	0.07769508	0.0	0.0
37.1	0.083788609	0.0	0.0
37.12	0.089589158	0.0	0.0
37.14	0.095091797	0.0	0.0
37.16	0.100292293	0.0	0.0
37.18	0.105187099	0.0	0.0
37.2	0.109773349	0.0	0.0
37.22	0.114048847	0.0	0.0
37.24	0.118012058	0.0	0.0
37.26	0.121662099	0.0	0.0
37.28	0.124998723	0.0	0.0
37.3	0.128022308	0.0	0.0
37.32	0.130733844	0.0	0.0
37.34	0.133134915	0.0	0.0
37.36	0.135227685	0.0	0.0
37.38	0.137014879	0.0	0.0
37.4	0.138499769	0.0	0.0
37.42	0.139686152	0.0	0.0
37.44	0.140578332	0.0	0.0
37.46	0.141181102	0.0	0.0
37.48	0.141499721	0.0	0.0
37.5	0.141539895	0.0	0.0
37.52	0.141307756	0.0	0.0
37.54	0.140809839	0.0	0.0
37.56	0.14005306	0.0	0.0
37.58	0.139044695	0.0	0.0
37.6	0.137792357	0.0	0.0
37.62	0.136303973	0.0	0.0
37.64	0.134587761	0.0	0.0
37.66	0.132652207	0.0	0.0
37.68	0.130506042	0.0	0.0
37.7	0.128158219	0.0	0.0
37.72	0.125617892	0.0	0.0
37.74	0.122894387	0.0	0.0
37.76	0.119997189	0.0	0.0
37.78	0.116935909	0.0	0.0
37.8	0.113720269	0.0	0.0
37.82	0.110360079	0.0	0.0
37.84	0.106865211	0.0	0.0
37.86	0.103245582	0.0	0.0
37.88	0.099511132	0.0	0.0
37.9	0.095671801	0.0	0.0
37.92	0.091737514	0.0	0.0
37.94	0.087718156	0.0	0.0
37.96	0.083623555	0.0	0.0
37.98	0.079463464	0.0	0.0
38	0.075247544	0.0	0.0
38.02	0.070985344	0.0	0.0
38.04	0.066686285	0.0	0.0
38.06	0.062359645	0.0	0.0
38.08	0.058014542	0.0	0.0
38.1	0.053659923	0.0	0.0
38.12	0.049304543	0.0	0.0
38.14	0.044956958	0.0	0.0
38.16	0.040625509	0.0	0.0
38.18	0.036318313	0.0	0.0
38.2	0.032043246	0.0	0.0
38.22	0.02780794	0.0	0.0
38.24	0.023619767	0.0	0.0
38.26	0.019485834	0.0	0.0
38.28	0.015412974	0.0	0.0
38.3	0.011407737	0.0	0.0
38.32	0.007476383	0.0	0.0
38.34	0.00362488	0.0	0.0
38.36	-0.000141104	0.0	0.0
38.38	-0.003816209	0.0	0.0
38.4	-0.007395379	0.0	0.0
38.42	-0.01087387	0.0	0.0
38.44	-0.014247254	0.0	0.0
38.46	-0.017511414	0.0	0.0
38.48	-0.020662552	0.0	0.0
38.5	-0.023697186	0.0	0.0
38.52	-0.026612148	0.0	0.0
38.54	-0.029404585	0.0	0.0
38.56	-0.03207196	0.0	0.0
38.58	-0.034612044	0.0	0.0
38.6	-0.037022917	0.0	0.0
38.62	-0.039302962	0.0	0.0
38.64	-0.041450864	0.0	0.0
38.66	-0.043465606	0.0	0.0
38.68	-0.045346457	0.0	0.0
38.7	-0.047092977	0.0	0.0
38.72	-0.048705001	0.0	0.0
38.74	-0.050182641	0.0	0.0
38.76	-0.051526273	0.0	0.0
38.78	-0.052736534	0.0	0.0
38.8	-0.05381431	0.0	0.0
38.82	-0.054760735	0.0	0.0
38.84	-0.055577174	0.0	0.0
38.86	-0.056265223	0.0	0.0
38.88	-0.056826694	0.0	0.0
38.9	-0.05726361	0.0	0.0
38.92	-0.057578194	0.0	0.0
38.94	-0.057772857	0.0	0.0
38.96	-0.057850196	0.0	0.0
38.98	-0.057812976	0.0	0.0
39	-0.057664125	0.0	0.0
39.02	-0.057406723	0.0	0.0
39.04	-0.05704399	0.0	0.0
39.06	-0.05657928	0.0	0.0
39.08	-0.056016067	0.0	0.0
39.1	-0.055357939	0.0	0.0
39.12	-0.054608581	0.0	0.0
39.14	-0.053771774	0.0	0.0
39.16	-0.052851379	0.0	0.0
39.18	-0.051851327	0.0	0.0
39.2	-0.050775613	0.0	0.0
39.22	-0.049628282	0.0	0.0
39.24	-0.048413424	0.0	0.0
39.26	-0.047135161	0.0	0.0
39.28	-0.045797638	0.0	0.0
39.3	-0.044405016	0.0	0.0
39.32	-0.042961461	0.0	0.0
39.34	-0.041471137	0.0	0.0
39.36	-0.039938196	0.0	0.0
39.38	-0.038366773	0.0	0.0
39.4	-0.036760972	0.0	0.0
39.42	-0.035124865	0.0	0.0
39.44	-0.03346248	0.0	0.0
39.46	-0.031777796	0.0	0.0
39.48	-0.030074735	0.0	0.0
39.5	-0.028357156	0.0	0.0
39.52	-0.026628848	0.0	0.0
39.54	-0.024893525	0.0	0.0
39.56	-0.023154821	0.0	0.0
39.58	-0.021416282	0.0	0.0
39.6	-0.019681362	0.0	0.0
39.62	-0.017953421	0.0	0.0
39.64	-0.016235716	0.0	0.0
39.66	-0.0145314	0.0	0.0
39.68	-0.012843516	0.0	0.0
39.7	-0.011174999	0.0	0.0
39.72	-0.009528664	0.0	0.0
39.74	-0.00790721	0.0	0.0
39.76	-0.006313217	0.0	0.0
39.78	-0.004749139	0.0	0.0
39.8	-0.003217309	0.0	0.0
39.82	-0.00171993	0.0	0.0
39.84	-0.000259081	0.0	0.0
39.86	0.001163289	0.0	0.0
39.88	0.002545359	0.0	0.0
39.9	0.00388544	0.0	0.0
39.92	0.005181969	0.0	0.0
39.94	0.006433515	0.0	0.0
39.96	0.007638774	0.0	0.0
39.98	0.008796572	0.0	0.0
40	0.009905861	0.0	0.0
40.02	0.010965721	0.0	0.0
40.04	0.011975353	0.0	0.0
40.06	0.012934084	0.0	0.0
40.08	0.013841363	0.0	0.0
40.1	0.014696755	0.0	0.0
40.12	0.015499944	0.0	0.0
40.14	0.016250728	0.0	0.0
40.16	0.016949017	0.0	0.0
40.18	0.01759483	0.0	0.0
40.2	0.018188291	0.0	0.0
40.22	0.018729629	0.0	0.0
40.24	0.019219172	0.0	0.0
40.26	0.019657343	0.0	0.0
40.28	0.020044661	0.0	0.0
40.3	0.020381733	0.0	0.0
40.32	0.02066925	0.0	0.0
40.34	0.020907989	0.0	0.0
40.36	0.021098801	0.0	0.0
40.38	0.021242616	0.0	0.0
40.4	0.02134043	0.0	0.0
40.42	0.02139331	0.0	0.0
40.44	0.021402381	0.0	0.0
40.46	0.021368831	0.0	0.0
40.48	0.021293899	0.0	0.0
40.5	0.021178876	0.0	0.0
40.52	0.021025101	0.0	0.0
40.54	0.020833952	0.0	0.0
40.56	0.020606847	0.0	0.0
40.58	0.020345241	0.0	0.0
40.6	0.020050614	0.0	0.0
40.62	0.019724479	0.0	0.0
40.64	0.019368366	0.0	0.0
40.66	0.018983827	0.0	0.0
40.68	0.018572429	0.0	0.0
40.7	0.018135751	0.0	0.0
40.72	0.017675377	0.0	0.0
40.74	0.0171929	0.0	0.0
40.76	0.016689909	0.0	0.0
40.78	0.016167996	0.0	0.0
40.8	0.015628743	0.0	0.0
40.82	0.015073726	0.0	0.0
40.84	0.014504509	0.0	0.0
40.86	0.013922639	0.0	0.0
40.88	0.013329649	0.0	0.0
40.9	0.01272705	0.0	0.0
40.92	0.01211633	0.0	0.0
40.94	0.011498954	0.0	0.0
40.96	0.010876356	0.0	0.0
40.98	0.010249943	0.0	0.0
41	0.009621091	0.0	0.0
41.02	0.008991138	0.0	0.0
41.04	0.008361392	0.0	0.0
41.06	0.007733118	0.0	0.0
41.08	0.007107547	0.0	0.0
41.1	0.006485866	0.0	0.0
41.12	0.005869222	0.0	0.0
41.14	0.00525872	0.0	0.0
41.16	0.004655418	0.0	0.0
41.18	0.004060332	0.0	0.0
41.2	0.003474431	0.0	0.0
41.22	0.002898636	0.0	0.0
41.24	0.002333824	0.0	0.0
41.26	0.001780822	0.0	0.0
41.28	0.00124041	0.0	0.0
41.3	0.000713319	0.0	0.0
41.32	0.000200232	0.0	0.0
41.34	-0.000298217	0.0	0.0
41.36	-0.000781441	0.0	0.0
41.38	-0.001248903	0.0	0.0
41.4	-0.001700112	0.0	0.0
41.42	-0.002134627	0.0	0.0
41.44	-0.002552052	0.0	0.0
41.46	-0.002952039	0.0	0.0
41.48	-0.003334286	0.0	0.0
41.5	-0.003698535	0.0	0.0
41.52	-0.004044574	0.0	0.0
41.54	-0.004372234	0.0	0.0
41.56	-0.00468139	0.0	0.0
41.58	-0.004971958	0.0	0.0
41.6	-0.005243894	0.0	0.0
41.62	-0.005497194	0.0	0.0
41.64	-0.005731894	0.0	0.0
41.66	-0.005948067	0.0	0.0
41.68	-0.00614582	0.0	0.0
41.7	-0.006325298	0.0	0.0
41.72	-0.006486677	0.0	0.0
41.74	-0.006630167	0.0	0.0
41.76	-0.006756007	0.0	0.0
41.78	-0.006864467	0.0	0.0
41.8	-0.006955844	0.0	0.0
41.82	-0.007030462	0.0	0.0
41.84	-0.00708867	0.0	0.0
41.86	-0.007130842	0.0	0.0
41.88	-0.00715737	0.0	0.0
41.9	-0.007168672	0.0	0.0
41.92	-0.00716518	0.0	0.0
41.94	-0.007147349	0.0	0.0
41.96	-0.007115645	0.0	0.0
41.98	-0.007070553	0.0	0.0
42	-0.007012568	0.0	0.0
42.02	-0.006942199	0.0	0.0
42.04	-0.006859965	0.0	0.0
42.06	-0.006766394	0.0	0.0
42.08	-0.006662021	0.0	0.0
42.1	-0.006547387	0.0	0.0
42.12	-0.006423041	0.0	0.0
42.14	-0.006289531	0.0	0.0
42.16	-0.006147411	0.0	0.0
42.18	-0.005997236	0.0	0.0
42.2	-0.005839558	0.0	0.0
42.22	-0.00567493	0.0	0.0
42.24	-0.005503904	0.0	0.0
42.26	-0.005327027	0.0	0.0
42.28	-0.005144839	0.0	0.0
42.3	-0.00495788	0.0	0.0
42.32	-0.004766679	0.0	0.0
42.34	-0.004571761	0.0	0.0
42.36	-0.004373639	0.0	0.0
42.38	-0.00417282	0.0	0.0
42.4	-0.003969799	0.0	0.0
42.42	-0.003765064	0.0	0.0
42.44	-0.003559087	0.0	0.0
42.46	-0.00335233	0.0	0.0
42.48	-0.003145244	0.0	0.0
42.5	-0.002938265	0.0	0.0
42.52	-0.002731815	0.0	0.0
42.54	-0.002526304	0.0	0.0
42.56	-0.002322124	0.0	0.0
42.58	-0.002119656	0.0	0.0
42.6	-0.001919263	0.0	0.0
42.62	-0.001721292	0.0	0.0
42.64	-0.001526077	0.0	0.0
42.66	-0.001333934	0.0	0.0
42.68	-0.001145162	0.0	0.0
42.7	-0.000960044	0.0	0.0
42.72	-0.000778849	0.0	0.0
42.74	-0.000601826	0.0	0.0
42.76	-0.00042921	0.0	0.0
42.78	-0.000261218	0.0	0.0
42.8	-9.80501E-05	0.0	0.0
42.82	6.01081E-05	0.0	0.0
42.84	0.000213089	0.0	0.0
42.86	0.000360739	0.0	0.0
42.88	0.000502924	0.0	0.0
42.9	0.000639523	0.0	0.0
42.92	0.00077043	0.0	0.0
42.94	0.000895556	0.0	0.0
42.96	0.001014827	0.0	0.0
42.98	0.001128182	0.0	0.0
43	0.001235575	0.0	0.0
43.02	0.001336975	0.0	0.0
43.04	0.001432363	0.0	0.0
43.06	0.001521734	0.0	0.0
43.08	0.001605097	0.0	0.0
43.1	0.001682471	0.0	0.0
43.12	0.001753889	0.0	0.0
43.14	0.001819393	0.0	0.0
43.16	0.001879039	0.0	0.0
43.18	0.001932892	0.0	0.0
43.2	0.001981027	0.0	0.0
43.22	0.002023529	0.0	0.0
43.24	0.002060492	0.0	0.0
43.26	0.002092019	0.0	0.0
43.28	0.00211822	0.0	0.0
43.3	0.002139215	0.0	0.0
43.32	0.002155127	0.0	0.0
43.34	0.002166091	0.0	0.0
43.36	0.002172244	0.0	0.0
43.38	0.00217373	0.0	0.0
43.4	0.002170699	0.0	0.0
43.42	0.002163305	0.0	0.0
43.44	0.002151705	0.0	0.0
43.46	0.002136062	0.0	0.0
43.48	0.002116541	0.0	0.0
43.5	0.00209331	0.0	0.0
43.52	0.002066539	0.0	0.0
43.54	0.002036401	0.0	0.0
43.56	0.002003068	0.0	0.0
43.58	0.001966717	0.0	0.0
43.6	0.001927523	0.0	0.0
43.62	0.00188566	0.0	0.0
43.64	0.001841306	0.0	0.0
43.66	0.001794635	0.0	0.0
43.68	0.001745821	0.0	0.0
43.7	0.001695038	0.0	0.0
43.72	0.001642457	0.0	0.0
43.74	0.001588248	0.0	0.0
43.76	0.001532579	0.0	0.0
43.78	0.001475613	0.0	0.0
43.8	0.001417515	0.0	0.0
43.82	0.001358444	0.0	0.0
43.84	0.001298555	0.0	0.0
43.86	0.001238001	0.0	0.0
43.88	0.001176932	0.0	0.0
43.9	0.001115493	0.0	0.0
43.92	0.001053825	0.0	0.0
43.94	0.000992065	0.0	0.0
43.96	0.000930346	0.0	0.0
43.98	0.000868796	0.0	0.0
44	0.000807537	0.0	0.0
44.02	0.00074669	0.0	0.0
44.04	0.000686368	0.0	0.0
44.06	0.000626679	0.0	0.0
44.08	0.000567729	0.0	0.0
44.1	0.000509614	0.0	0.0
44.12	0.000452431	0.0	0.0
44.14	0.000396266	0.0	0.0
44.16	0.000341204	0.0	0.0
44.18	0.000287323	0.0	0.0
44.2	0.000234695	0.0	0.0
44.22	0.00018339	0.0	0.0
44.24	0.00013347	0.0	0.0
44.26	8.49928E-05	0.0	0.0
44.28	3.80109E-05	0.0	0.0
44.3	-7.42755E-06	0.0	0.0
44.32	-5.12797E-05	0.0	0.0
44.34	-9.35076E-05	0.0	0.0
44.36	-0.000134078	0.0	0.0
44.38	-0.000172962	0.0	0.0
44.4	-0.000210136	0.0	0.0
44.42	-0.00024558	0.0	0.0
44.44	-0.000279279	0.0	0.0
44.46	-0.000311222	0.0	0.0
44.48	-0.000341402	0.0	0.0
44.5	-0.000369817	0.0	0.0
44.52	-0.000396467	0.0	0.0
44.54	-0.000421358	0.0	0.0
44.56	-0.000444497	0.0	0.0
44.58	-0.000465897	0.0	0.0
44.6	-0.000485572	0.0	0.0
44.62	-0.000503542	0.0	0.0
44.64	-0.000519826	0.0	0.0
44.66	-0.000534451	0.0	0.0
44.68	-0.000547442	0.0	0.0
44.7	-0.000558829	0.0	0.0
44.72	-0.000568644	0.0	0.0
44.74	-0.000576922	0.0	0.0
44.76	-0.000583698	0.0	0.0
44.78	-0.000589011	0.0	0.0
44.8	-0.0005929	0.0	0.0
44.82	-0.000595409	0.0	0.0
44.84	-0.000596579	0.0	0.0
44.86	-0.000596456	0.0	0.0
44.88	-0.000595086	0.0	0.0
44.9	-0.000592514	0.0	0.0
44.92	-0.00058879	0.0	0.0
44.94	-0.000583962	0.0	0.0
44.96	-0.000578079	0.0	0.0
44.98	-0.000571191	0.0	0.0
45	-0.000563348	0.0	0.0
45.02	-0.000554601	0.0	0.0
45.04	-0.000545001	0.0	0.0
45.06	-0.000534598	0.0	0.0
45.08	-0.000523443	0.0	0.0
45.1	-0.000511587	0.0	0.0
45.12	-0.00049908	0.0	0.0
45.14	-0.000485971	0.0	0.0
45.16	-0.000472311	0.0	0.0
45.18	-0.000458148	0.0	0.0
45.2	-0.000443531	0.0	0.0
45.22	-0.000428506	0.0	0.0
45.24	-0.000413121	0.0	0.0
45.26	-0.000397421	0.0	0.0
45.28	-0.000381451	0.0	0.0
45.3	-0.000365255	0.0	0.0
45.32	-0.000348876	0.0	0.0
45.34	-0.000332356	0.0	0.0
45.36	-0.000315734	0.0	0.0
45.38	-0.00029905	0.0	0.0
45.4	-0.000282342	0.0	0.0
45.42	-0.000265646	0.0	0.0
45.44	-0.000248998	0.0	0.0
45.46	-0.000232433	0.0	0.0
45.48	-0.000215981	0.0	0.0
45.5	-0.000199675	0.0	0.0
45.52	-0.000183543	0.0	0.0
45.54	-0.000167615	0.0	0.0
45.56	-0.000151917	0.0	0.0
45.58	-0.000136474	0.0	0.0
45.6	-0.000121311	0.0	0.0
45.62	-0.000106448	0.0	0.0
45.64	-9.19084E-05	0.0	0.0
45.66	-7.77102E-05	0.0	0.0
45.68	-6.38716E-05	0.0	0.0
45.7	-5.04094E-05	0.0	0.0
45.72	-3.73385E-05	0.0	0.0
45.74	-2.46728E-05	0.0	0.0
45.76	-1.24244E-05	0.0	0.0
45.78	-6.04543E-07	0.0	0.0
45.8	1.07773E-05	0.0	0.0
45.82	2.17127E-05	0.0	0.0
45.84	3.21947E-05	0.0	0.0
45.86	4.22173E-05	0.0	0.0
45.88	5.17761E-05	0.0	0.0
45.9	6.08675E-05	0.0	0.0
45.92	6.94894E-05	0.0	0.0
45.94	7.76405E-05	0.0	0.0
45.96	8.53207E-05	0.0	0.0
45.98	9.25309E-05	0.0	0.0
46	9.92732E-05	0.0	0.0
46.02	0.00010555	0.0	0.0
46.04	0.000111366	0.0	0.0
46.06	0.000116725	0.0	0.0
46.08	0.000121633	0.0	0.0
46.1	0.000126096	0.0	0.0
46.12	0.00013012	0.0	0.0
46.14	0.000133715	0.0	0.0
46.16	0.000136887	0.0	0.0
46.18	0.000139647	0.0	0.0
46.2	0.000142003	0.0	0.0
46.22	0.000143966	0.0	0.0
46.24	0.000145546	0.0	0.0
46.26	0.000146754	0.0	0.0
46.28	0.000147602	0.0	0.0
46.3	0.0001481	0.0	0.0
46.32	0.000148263	0.0	0.0
46.34	0.000148101	0.0	0.0
46.36	0.000147627	0.0	0.0
46.38	0.000146855	0.0	0.0
46.4	0.000145797	0.0	0.0
46.42	0.000144466	0.0	0.0
46.44	0.000142876	0.0	0.0
46.46	0.000141039	0.0	0.0
46.48	0.00013897	0.0	0.0
46.5	0.000136681	0.0	0.0
46.52	0.000134187	0.0	0.0
46.54	0.000131499	0.0	0.0
46.56	0.000128633	0.0	0.0
46.58	0.000125599	0.0	0.0
46.6	0.000122412	0.0	0.0
46.62	0.000119084	0.0	0.0
46.64	0.000115629	0.0	0.0
46.66	0.000112058	0.0	0.0
46.68	0.000108383	0.0	0.0
46.7	0.000104617	0.0	0.0
46.72	0.000100771	0.0	0.0
46.74	9.6857E-05	0.0	0.0
46.76	9.2886E-05	0.0	0.0
46.78	8.88688E-05	0.0	0.0
46.8	8.48159E-05	0.0	0.0
46.82	8.07377E-05	0.0	0.0
46.84	7.66439E-05	0.0	0.0
46.86	7.25442E-05	0.0	0.0
46.88	6.84477E-05	0.0	0.0
46.9	6.43633E-05	0.0	0.0
46.92	6.02993E-05	0.0	0.0
46.94	5.62641E-05	0.0	0.0
46.96	5.22651E-05	0.0	0.0
46.98	4.83099E-05	0.0	0.0
47	4.44052E-05	0.0	0.0
47.02	4.05579E-05	0.0	0.0
47.04	3.67739E-05	0.0	0.0
47.06	3.30592E-05	0.0	0.0
47.08	2.94191E-05	0.0	0.0
47.1	2.58588E-05	0.0	0.0
47.12	2.23829E-05	0.0	0.0
47.14	1.89958E-05	0.0	0.0
47.16	1.57014E-05	0.0	0.0
47.18	1.25033E-05	0.0	0.0
47.2	9.4047E-06	0.0	0.0
47.22	6.40856E-06	0.0	0.0
47.24	3.51742E-06	0.0	0.0
47.26	7.33481E-07	0.0	0.0
47.28	-1.94135E-06	0.0	0.0
47.3	-4.50549E-06	0.0	0.0
47.32	-6.95768E-06	0.0	0.0
47.34	-9.29694E-06	0.0	0.0
47.36	-1.15226E-05	0.0	0.0
47.38	-1.36342E-05	0.0	0.0
47.4	-1.56317E-05	0.0	0.0
47.42	-1.75152E-05	0.0	0.0
47.44	-1.9285E-05	0.0	0.0
47.46	-2.09418E-05	0.0	0.0
47.48	-2.24864E-05	0.0	0.0
47.5	-2.39199E-05	0.0	0.0
47.52	-2.52435E-05	0.0	0.0
47.54	-2.64587E-05	0.0	0.0
47.56	-2.75671E-05	0.0	0.0
47.58	-2.85705E-05	0.0	0.0
47.6	-2.9471E-05	0.0	0.0
47.62	-3.02707E-05	0.0	0.0
47.64	-3.09718E-05	0.0	0.0
47.66	-3.15767E-05	0.0	0.0
47.68	-3.2088E-05	0.0	0.0
47.7	-3.25082E-05	0.0	0.0
47.72	-3.28402E-05	0.0	0.0
47.74	-3.30867E-05	0.0	0.0
47.76	-3.32506E-05	0.0	0.0
47.78	-3.33349E-05	0.0	0.0
47.8	-3.33426E-05	0.0	0.0
47.82	-3.32768E-05	0.0	0.0
47.84	-3.31406E-05	0.0	0.0
47.86	-3.29371E-05	0.0	0.0
47.88	-3.26696E-05	0.0	0.0
47.9	-3.23411E-05	0.0	0.0
47.92	-3.1955E-05	0.0	0.0
47.94	-3.15144E-05	0.0	0.0
47.96	-3.10225E-05	0.0	0.0
47.98	-3.04825E-05	0.0	0.0
48	-2.98975E-05	0.0	0.0
48.02	-2.92706E-05	0.0	0.0
48.04	-2.86051E-05	0.0	0.0
48.06	-2.79039E-05	0.0	0.0
48.08	-2.717E-05	0.0	0.0
48.1	-2.64064E-05	0.0	0.0
48.12	-2.56161E-05	0.0	0.0
48.14	-2.48018E-05	0.0	0.0
48.16	-2.39665E-05	0.0	0.0
48.18	-2.31127E-05	0.0	0.0
48.2	-2.22433E-05	0.0	0.0
48.22	-2.13606E-05	0.0	0.0
48.24	-2.04674E-05	0.0	0.0
48.26	-1.95659E-05	0.0	0.0
48.28	-1.86586E-05	0.0	0.0
48.3	-1.77477E-05	0.0	0.0
48.32	-1.68354E-05	0.0	0.0
48.34	-1.59238E-05	0.0	0.0
48.36	-1.50149E-05	0.0	0.0
48.38	-1.41106E-05	0.0	0.0
48.4	-1.32128E-05	0.0	0.0
48.42	-1.23232E-05	0.0	0.0
48.44	-1.14434E-05	0.0	0.0
48.46	-1.05751E-05	0.0	0.0
48.48	-9.7196E-06	0.0	0.0
48.5	-8.8784E-06	0.0	0.0
48.52	-8.05277E-06	0.0	0.0
48.54	-7.2439E-06	0.0	0.0
48.56	-6.45291E-06	0.0	0.0
48.58	-5.68083E-06	0.0	0.0
48.6	-4.9286E-06	0.0	0.0
48.62	-4.19709E-06	0.0	0.0
48.64	-3.48707E-06	0.0	0.0
48.66	-2.79923E-06	0.0	0.0
48.68	-2.1342E-06	0.0	0.0
48.7	-1.4925E-06	0.0	0.0
48.72	-8.74621E-07	0.0	0.0
48.74	-2.80936E-07	0.0	0.0
48.76	2.88232E-07	0.0	0.0
48.78	8.32632E-07	0.0	0.0
48.8	1.35208E-06	0.0	0.0
48.82	1.84646E-06	0.0	0.0
48.84	2.31571E-06	0.0	0.0
48.86	2.75983E-06	0.0	0.0
48.88	3.17889E-06	0.0	0.0
48.9	3.57299E-06	0.0	0.0
48.92	3.94231E-06	0.0	0.0
48.94	4.28705E-06	0.0	0.0
48.96	4.60749E-06	0.0	0.0
48.98	4.90392E-06	0.0	0.0
49	5.1767E-06	0.0	0.0
49.02	5.42622E-06	0.0	0.0
49.04	5.65289E-06	0.0	0.0
49.06	5.85718E-06	0.0	0.0
49.08	6.03958E-06	0.0	0.0
49.1	6.20061E-06	0.0	0.0
49.12	6.34081E-06	0.0	0.0
49.14	6.46076E-06	0.0	0.0
49.16	6.56104E-06	0.0	0.0
49.18	6.64228E-06	0.0	0.0
49.2	6.7051E-06	0.0	0.0
49.22	6.75015E-06	0.0	0.0
49.24	6.77809E-06	0.0	0.0
49.26	6.78959E-06	0.0	0.0
49.28	6.78532E-06	0.0	0.0
49.3	6.76597E-06	0.0	0.0
49.32	6.73225E-06	0.0	0.0
49.34	6.68483E-06	0.0	0.0
49.36	6.62442E-06	0.0	0.0
49.38	6.55171E-06	0.0	0.0
49.4	6.46741E-06	0.0	0.0
49.42	6.3722E-06	0.0	0.0
49.44	6.26676E-06	0.0	0.0
49.46	6.15179E-06	0.0	0.0
49.48	6.02796E-06	0.0	0.0
49.5	5.89593E-06	0.0	0.0
49.52	5.75635E-06	0.0	0.0
49.54	5.60988E-06	0.0	0.0
49.56	5.45714E-06	0.0	0.0
49.58	5.29876E-06	0.0	0.0
49.6	5.13534E-06	0.0	0.0
49.62	4.96747E-06	0.0	0.0
49.64	4.79574E-06	0.0	0.0
49.66	4.6207E-06	0.0	0.0
49.68	4.44289E-06	0.0	0.0
49.7	4.26285E-06	0.0	0.0
49.72	4.08107E-06	0.0	0.0
49.74	3.89806E-06	0.0	0.0
49.76	3.71429E-06	0.0	0.0
49.78	3.5302E-06	0.0	0.0
49.8	3.34624E-06	0.0	0.0
49.82	3.16282E-06	0.0	0.0
49.84	2.98033E-06	0.0	0.0
49.86	2.79915E-06	0.0	0.0
49.88	2.61965E-06	0.0	0.0
49.9	2.44215E-06	0.0	0.0
49.92	2.26698E-06	0.0	0.0
49.94	2.09443E-06	0.0	0.0
49.96	1.92479E-06	0.0	0.0
49.98	1.75832E-06	0.0	0.0
50	1.59526E-06	0.0	0.0
50.02	1.43582E-06	0.0	0.0
50.04	1.28023E-06	0.0	0.0
50.06	1.12866E-06	0.0	0.0
50.08	9.81293E-07	0.0	0.0
50.1	8.38271E-07	0.0	0.0
50.12	6.99734E-07	0.0	0.0
50.14	5.65801E-07	0.0	0.0
50.16	4.36576E-07	0.0	0.0
50.18	3.12148E-07	0.0	0.0
50.2	1.92589E-07	0.0	0.0
50.22	7.79577E-08	0.0	0.0
50.24	-3.17008E-08	0.0	0.0
50.26	-1.36356E-07	0.0	0.0
50.28	-2.3599E-07	0.0	0.0
50.3	-3.30596E-07	0.0	0.0
50.32	-4.20182E-07	0.0	0.0
50.34	-5.04766E-07	0.0	0.0
50.36	-5.84376E-07	0.0	0.0
50.38	-6.5905E-07	0.0	0.0
50.4	-7.28839E-07	0.0	0.0
50.42	-7.93799E-07	0.0	0.0
50.44	-8.53999E-07	0.0	0.0
50.46	-9.09511E-07	0.0	0.0
50.48	-9.60419E-07	0.0	0.0
50.5	-1.00681E-06	0.0	0.0
50.52	-1.04879E-06	0.0	0.0
50.54	-1.08645E-06	0.0	0.0
50.56	-1.11989E-06	0.0	0.0
50.58	-1.14925E-06	0.0	0.0
50.6	-1.17462E-06	0.0	0.0
50.62	-1.19613E-06	0.0	0.0
50.64	-1.21392E-06	0.0	0.0
50.66	-1.22809E-06	0.0	0.0
50.68	-1.23879E-06	0.0	0.0
50.7	-1.24615E-06	0.0	0.0
50.72	-1.2503E-06	0.0	0.0
50.74	-1.25138E-06	0.0	0.0
50.76	-1.24952E-06	0.0	0.0
50.78	-1.24487E-06	0.0	0.0
50.8	-1.23756E-06	0.0	0.0
50.82	-1.22773E-06	0.0	0.0
50.84	-1.21552E-06	0.0	0.0
50.86	-1.20106E-06	0.0	0.0
50.88	-1.18449E-06	0.0	0.0
50.9	-1.16595E-06	0.0	0.0
50.92	-1.14557E-06	0.0	0.0
50.94	-1.12348E-06	0.0	0.0
50.96	-1.09981E-06	0.0	0.0
50.98	-1.07469E-06	0.0	0.0
51	-1.04824E-06	0.0	0.0
51.02	-1.02059E-06	0.0	0.0
51.04	-9.91862E-07	0.0	0.0
51.06	-9.62163E-07	0.0	0.0
51.08	-9.31611E-07	0.0	0.0
51.1	-9.00318E-07	0.0	0.0
51.12	-8.68389E-07	0.0	0.0
51.14	-8.3593E-07	0.0	0.0
51.16	-8.03041E-07	0.0	0.0
51.18	-7.69819E-07	0.0	0.0
51.2	-7.36357E-07	0.0	0.0
51.22	-7.02744E-07	0.0	0.0
51.24	-6.69066E-07	0.0	0.0
51.26	-6.35405E-07	0.0	0.0
51.28	-6.0184E-07	0.0	0.0
51.3	-5.68444E-07	0.0	0.0
51.32	-5.35288E-07	0.0	0.0
51.34	-5.02439E-07	0.0	0.0
51.36	-4.69959E-07	0.0	0.0
51.38	-4.37908E-07	0.0	0.0
51.4	-4.06341E-07	0.0	0.0
51.42	-3.7531E-07	0.0	0.0
51.44	-3.44862E-07	0.0	0.0
51.46	-3.15042E-07	0.0	0.0
51.48	-2.85891E-07	0.0	0.0
51.5	-2.57446E-07	0.0	0.0
51.52	-2.29741E-07	0.0	0.0
51.54	-2.02806E-07	0.0	0.0
51.56	-1.7667E-07	0.0	0.0
51.58	-1.51355E-07	0.0	0.0
51.6	-1.26884E-07	0.0	0.0
51.62	-1.03274E-07	0.0	0.0
51.64	-8.05409E-08	0.0	0.0
51.66	-5.86966E-08	0.0	0.0
51.68	-3.7751E-08	0.0	0.0
51.7	-1.77113E-08	0.0	0.0
51.72	1.41802E-09	0.0	0.0
51.74	1.96346E-08	0.0	0.0
51.76	3.69384E-08	0.0	0.0
51.78	5.33317E-08	0.0	0.0
51.8	6.88188E-08	0.0	0.0
51.82	8.34059E-08	0.0	0.0
51.84	9.7101E-08	0.0	0.0
51.86	1.09914E-07	0.0	0.0
51.88	1.21856E-07	0.0	0.0
51.9	1.32941E-07	0.0	0.0
51.92	1.43183E-07	0.0	0.0
51.94	1.52597E-07	0.0	0.0
51.96	1.61201E-07	0.0	0.0
51.98	1.69013E-07	0.0	0.0
52	1.76051E-07	0.0	0.0
52.02	1.82337E-07	0.0	0.0
52.04	1.8789E-07	0.0	0.0
52.06	1.92734E-07	0.0	0.0
52.08	1.9689E-07	0.0	0.0
52.1	2.0038E-07	0.0	0.0
52.12	2.0323E-07	0.0	0.0
52.14	2.05462E-07	0.0	0.0
52.16	2.07101E-07	0.0	0.0
52.18	2.08172E-07	0.0	0.0
52.2	2.08698E-07	0.0	0.0
52.22	2.08706E-07	0.0	0.0
52.24	2.08219E-07	0.0	0.0
52.26	2.07263E-07	0.0	0.0
52.28	2.05863E-07	0.0	0.0
52.3	2.04043E-07	0.0	0.0
52.32	2.01828E-07	0.0	0.0
52.34	1.99243E-07	0.0	0.0
52.36	1.9631E-07	0.0	0.0
52.38	1.93055E-07	0.0	0.0
52.4	1.895E-07	0.0	0.0
52.42	1.85669E-07	0.0	0.0
52.44	1.81584E-07	0.0	0.0
52.46	1.77266E-07	0.0	0.0
52.48	1.72739E-07	0.0	0.0
52.5	1.68021E-07	0.0	0.0
52.52	1.63136E-07	0.0	0.0
52.54	1.58101E-07	0.0	0.0
52.56	1.52936E-07	0.0	0.0
52.58	1.47661E-07	0.0	0.0
52.6	1.42292E-07	0.0	0.0
52.62	1.36848E-07	0.0	0.0
52.64	1.31346E-07	0.0	0.0
52.66	1.258E-07	0.0	0.0
52.68	1.20228E-07	0.0	0.0
52.7	1.14642E-07	0.0	0.0
52.72	1.09059E-07	0.0	0.0
52.74	1.0349E-07	0.0	0.0
52.76	9.79481E-08	0.0	0.0
52.78	9.24461E-08	0.0	0.0
52.8	8.69948E-08	0.0	0.0
52.82	8.1605E-08	0.0	0.0
52.84	7.62866E-08	0.0	0.0
52.86	7.10488E-08	0.0	0.0
52.88	6.59004E-08	0.0	0.0
52.9	6.08493E-08	0.0	0.0
52.92	5.5903E-08	0.0	0.0
52.94	5.10682E-08	0.0	0.0
52.96	4.63511E-08	0.0	0.0
52.98	4.17573E-08	0.0	0.0
53	3.72918E-08	0.0	0.0
53.02	3.2959E-08	0.0	0.0
53.04	2.87628E-08	0.0	0.0
53.06	2.47067E-08	0.0	0.0
53.08	2.07935E-08	0.0	0.0
53.1	1.70256E-08	0.0	0.0
53.12	1.3405E-08	0.0	0.0
53.14	9.93302E-09	0.0	0.0
53.16	6.61076E-09	0.0	0.0
53.18	3.43883E-09	0.0	0.0
53.2	4.17455E-10	0.0	0.0
53.22	-2.45354E-09	0.0	0.0
53.24	-5.17467E-09	0.0	0.0
53.26	-7.7468E-09	0.0	0.0
53.28	-1.01711E-08	0.0	0.0
53.3	-1.24491E-08	0.0	0.0
53.32	-1.45825E-08	0.0	0.0
53.34	-1.65734E-08	0.0	0.0
53.36	-1.8424E-08	0.0	0.0
53.38	-2.0137E-08	0.0	0.0
53.4	-2.17149E-08	0.0	0.0
53.42	-2.31607E-08	0.0	0.0
53.44	-2.44776E-08	0.0	0.0
53.46	-2.56687E-08	0.0	0.0
53.48	-2.67375E-08	0.0	0.0
53.5	-2.76876E-08	0.0	0.0
53.52	-2.85225E-08	0.0	0.0
53.54	-2.9246E-08	0.0	0.0
53.56	-2.9862E-08	0.0	0.0
53.58	-3.03745E-08	0.0	0.0
53.6	-3.07872E-08	0.0	0.0
53.62	-3.11043E-08	0.0	0.0
53.64	-3.13299E-08	0.0	0.0
53.66	-3.14679E-08	0.0	0.0
53.68	-3.15225E-08	0.0	0.0
53.7	-3.14978E-08	0.0	0.0
53.72	-3.13978E-08	0.0	0.0
53.74	-3.12266E-08	0.0	0.0
53.76	-3.09882E-08	0.0	0.0
53.78	-3.06866E-08	0.0	0.0
53.8	-3.03257E-08	0.0	0.0
53.82	-2.99095E-08	0.0	0.0
53.84	-2.94418E-08	0.0	0.0
53.86	-2.89263E-08	0.0	0.0
53.88	-2.83668E-08	0.0	0.0
53.9	-2.77667E-08	0.0	0.0
53.92	-2.71298E-08	0.0	0.0
53.94	-2.64594E-08	0.0	0.0
53.96	-2.57589E-08	0.0	0.0
53.98	-2.50315E-08	0.0	0.0
54	-2.42804E-08	0.0	0.0
54.02	-2.35087E-08	0.0	0.0
54.04	-2.27193E-08	0.0	0.0
54.06	-2.19151E-08	0.0	0.0
54.08	-2.10987E-08	0.0	0.0
54.1	-2.02729E-08	0.0	0.0
54.12	-1.94401E-08	0.0	0.0
54.14	-1.86028E-08	0.0	0.0
54.16	-1.77632E-08	0.0	0.0
54.18	-1.69236E-08	0.0	0.0
54.2	-1.6086E-08	0.0	0.0
54.22	-1.52524E-08	0.0	0.0
54.24	-1.44246E-08	0.0	0.0
54.26	-1.36043E-08	0.0	0.0
54.28	-1.27933E-08	0.0	0.0
54.3	-1.1993E-08	0.0	0.0
54.32	-1.12049E-08	0.0	0.0
54.34	-1.04303E-08	0.0	0.0
54.36	-9.67032E-09	0.0	0.0
54.38	-8.9262E-09	0.0	0.0
54.4	-8.19893E-09	0.0	0.0
54.42	-7.48943E-09	0.0	0.0
54.44	-6.79854E-09	0.0	0.0
54.46	-6.12701E-09	0.0	0.0
54.48	-5.47549E-09	0.0	0.0
54.5	-4.84457E-09	0.0	0.0
54.52	-4.23473E-09	0.0	0.0
54.54	-3.6464E-09	0.0	0.0
54.56	-3.07991E-09	0.0	0.0
54.58	-2.53554E-09	0.0	0.0
54.6	-2.01348E-09	0.0	0.0
54.62	-1.51387E-09	0.0	0.0
54.64	-1.03679E-09	0.0	0.0
54.66	-5.82227E-10	0.0	0.0
54.68	-1.50153E-10	0.0	0.0
54.7	2.59538E-10	0.0	0.0
54.72	6.46996E-10	0.0	0.0
54.74	1.01242E-09	0.0	0.0
54.76	1.35605E-09	0.0	0.0
54.78	1.67818E-09	0.0	0.0
54.8	1.97913E-09	0.0	0.0
54.82	2.25926E-09	0.0	0.0
54.84	2.51897E-09	0.0	0.0
54.86	2.75868E-09	0.0	0.0
54.88	2.97884E-09	0.0	0.0
54.9	3.17993E-09	0.0	0.0
54.92	3.36246E-09	0.0	0.0
54.94	3.52695E-09	0.0	0.0
54.96	3.67393E-09	0.0	0.0
54.98	3.80397E-09	0.0	0.0
55	3.91762E-09	0.0	0.0
55.02	4.01548E-09	0.0	0.0
55.04	4.09814E-09	0.0	0.0
55.06	4.16618E-09	0.0	0.0
55.08	4.22021E-09	0.0	0.0
55.1	4.26085E-09	0.0	0.0
55.12	4.28869E-09	0.0	0.0
55.14	4.30435E-09	0.0	0.0
55.16	4.30844E-09	0.0	0.0
55.18	4.30155E-09	0.0	0.0
55.2	4.28429E-09	0.0	0.0
55.22	4.25726E-09	0.0	0.0
55.24	4.22103E-09	0.0	0.0
55.26	4.1762E-09	0.0	0.0
55.28	4.12333E-09	0.0	0.0
55.3	4.06299E-09	0.0	0.0
55.32	3.99572E-09	0.0	0.0
55.34	3.92207E-09	0.0	0.0
55.36	3.84256E-09	0.0	0.0
55.38	3.7577E-09	0.0	0.0
55.4	3.66799E-09	0.0	0.0
55.42	3.57393E-09	0.0	0.0
55.44	3.47598E-09	0.0	0.0
55.46	3.37459E-09	0.0	0.0
55.48	3.27021E-09	0.0	0.0
55.5	3.16326E-09	0.0	0.0
55.52	3.05415E-09	0.0	0.0
55.54	2.94327E-09	0.0	0.0
55.56	2.831E-09	0.0	0.0
55.58	2.71769E-09	0.0	0.0
55.6	2.60368E-09	0.0	0.0
55.62	2.48931E-09	0.0	0.0
55.64	2.37489E-09	0.0	0.0
55.66	2.26069E-09	0.0	0.0
55.68	2.14701E-09	0.0	0.0
55.7	2.0341E-09	0.0	0.0
55.72	1.92221E-09	0.0	0.0
55.74	1.81157E-09	0.0	0.0
55.76	1.70238E-09	0.0	0.0
55.78	1.59485E-09	0.0	0.0
55.8	1.48916E-09	0.0	0.0
55.82	1.38548E-09	0.0	0.0
55.84	1.28396E-09	0.0	0.0
55.86	1.18475E-09	0.0	0.0
55.88	1.08796E-09	0.0	0.0
55.9	9.93726E-10	0.0	0.0
55.92	9.02136E-10	0.0	0.0
55.94	8.13281E-10	0.0	0.0
55.96	7.27239E-10	0.0	0.0
55.98	6.44075E-10	0.0	0.0
56	5.63846E-10	0.0	0.0
56.02	4.86595E-10	0.0	0.0
56.04	4.12357E-10	0.0	0.0
56.06	3.41157E-10	0.0	0.0
56.08	2.7301E-10	0.0	0.0
56.1	2.07923E-10	0.0	0.0
56.12	1.45895E-10	0.0	0.0
56.14	8.69176E-11	0.0	0.0
56.16	3.09735E-11	0.0	0.0
56.18	-2.19603E-11	0.0	0.0
56.2	-7.19135E-11	0.0	0.0
56.22	-1.18922E-10	0.0	0.0
56.24	-1.63027E-10	0.0	0.0
56.26	-2.04276E-10	0.0	0.0
56.28	-2.42719E-10	0.0	0.0
56.3	-2.78413E-10	0.0	0.0
56.32	-3.11417E-10	0.0	0.0
56.34	-3.41796E-10	0.0	0.0
56.36	-3.69615E-10	0.0	0.0
56.38	-3.94946E-10	0.0	0.0
56.4	-4.17859E-10	0.0	0.0
56.42	-4.3843E-10	0.0	0.0
56.44	-4.56736E-10	0.0	0.0
56.46	-4.72855E-10	0.0	0.0
56.48	-4.86865E-10	0.0	0.0
56.5	-4.98849E-10	0.0	0.0
56.52	-5.08887E-10	0.0	0.0
56.54	-5.17062E-10	0.0	0.0
56.56	-5.23455E-10	0.0	0.0
56.58	-5.2815E-10	0.0	0.0
56.6	-5.31228E-10	0.0	0.0
56.62	-5.32772E-10	0.0	0.0
56.64	-5.32863E-10	0.0	0.0
56.66	-5.31581E-10	0.0	0.0
56.68	-5.29006E-10	0.0	0.0
56.7	-5.25217E-10	0.0	0.0
56.72	-5.20291E-10	0.0	0.0
56.74	-5.14305E-10	0.0	0.0
56.76	-5.07333E-10	0.0	0.0
56.78	-4.99448E-10	0.0	0.0
56.8	-4.90722E-10	0.0	0.0
56.82	-4.81224E-10	0.0	0.0
56.84	-4.71022E-10	0.0	0.0
56.86	-4.60182E-10	0.0	0.0
56.88	-4.48768E-10	0.0	0.0
56.9	-4.36841E-10	0.0	0.0
56.92	-4.24461E-10	0.0	0.0
56.94	-4.11686E-10	0.0	0.0
56.96	-3.98571E-10	0.0	0.0
56.98	-3.8517E-10	0.0	0.0
57	-3.71532E-10	0.0	0.0
57.02	-3.57707E-10	0.0	0.0
57.04	-3.43741E-10	0.0	0.0
57.06	-3.29678E-10	0.0	0.0
57.08	-3.15561E-10	0.0	0.0
57.1	-3.01429E-10	0.0	0.0
57.12	-2.8732E-10	0.0	0.0
57.14	-2.7327E-10	0.0	0.0
57.16	-2.5931E-10	0.0	0.0
57.18	-2.45474E-10	0.0	0.0
57.2	-2.31789E-10	0.0	0.0
57.22	-2.18283E-10	0.0	0.0
57.24	-2.04982E-10	0.0	0.0
57.26	-1.91907E-10	0.0	0.0
57.28	-1.79081E-10	0.0	0.0
57.3	-1.66522E-10	0.0	0.0
57.32	-1.54249E-10	0.0	0.0
57.34	-1.42277E-10	0.0	0.0
57.36	-1.3062E-10	0.0	0.0
57.38	-1.19291E-10	0.0	0.0
57.4	-1.08301E-10	0.0	0.0
57.42	-9.76593E-11	0.0	0.0
57.44	-8.73739E-11	0.0	0.0
57.46	-7.74514E-11	0.0	0.0
57.48	-6.7897E-11	0.0	0.0
57.5	-5.87149E-11	0.0	0.0
57.52	-4.99078E-11	0.0	0.0
57.54	-4.14773E-11	0.0	0.0
57.56	-3.34241E-11	0.0	0.0
57.58	-2.57476E-11	0.0	0.0
57.6	-1.84465E-11	0.0	0.0
57.62	-1.15184E-11	0.0	0.0
57.64	-4.96014E-12	0.0	0.0
57.66	1.23227E-12	0.0	0.0
57.68	7.06355E-12	0.0	0.0
57.7	1.25391E-11	0.0	0.0
57.72	1.7665E-11	0.0	0.0
57.74	2.24478E-11	0.0	0.0
57.76	2.68946E-11	0.0	0.0
57.78	3.10132E-11	0.0	0.0
57.8	3.48116E-11	0.0	0.0
57.82	3.82981E-11	0.0	0.0
57.84	4.14817E-11	0.0	0.0
57.86	4.43713E-11	0.0	0.0
57.88	4.69764E-11	0.0	0.0
57.9	4.93065E-11	0.0	0.0
57.92	5.13713E-11	0.0	0.0
57.94	5.31807E-11	0.0	0.0
57.96	5.47448E-11	0.0	0.0
57.98	5.60736E-11	0.0	0.0
58	5.71772E-11	0.0	0.0
58.02	5.80658E-11	0.0	0.0
58.04	5.87495E-11	0.0	0.0
58.06	5.92384E-11	0.0	0.0
58.08	5.95424E-11	0.0	0.0
58.1	5.96716E-11	0.0	0.0
58.12	5.96357E-11	0.0	0.0
58.14	5.94445E-11	0.0	0.0
58.16	5.91075E-11	0.0	0.0
58.18	5.86341E-11	0.0	0.0
58.2	5.80335E-11	0.0	0.0
58.22	5.73147E-11	0.0	0.0
58.24	5.64865E-11	0.0	0.0
58.26	5.55576E-11	0.0	0.0
58.28	5.45362E-11	0.0	0.0
58.3	5.34305E-11	0.0	0.0
58.32	5.22484E-11	0.0	0.0
58.34	5.09975E-11	0.0	0.0
58.36	4.96851E-11	0.0	0.0
58.38	4.83184E-11	0.0	0.0
58.4	4.69041E-11	0.0	0.0
58.42	4.54489E-11	0.0	0.0
58.44	4.3959E-11	0.0	0.0
58.46	4.24404E-11	0.0	0.0
58.48	4.08989E-11	0.0	0.0
58.5	3.93399E-11	0.0	0.0
58.52	3.77686E-11	0.0	0.0
58.54	3.619E-11	0.0	0.0
58.56	3.46087E-11	0.0	0.0
58.58	3.30291E-11	0.0	0.0
58.6	3.14553E-11	0.0	0.0
58.62	2.98912E-11	0.0	0.0
58.64	2.83403E-11	0.0	0.0
58.66	2.68061E-11	0.0	0.0
58.68	2.52918E-11	0.0	0.0
58.7	2.38E-11	0.0	0.0
58.72	2.23337E-11	0.0	0.0
58.74	2.08951E-11	0.0	0.0
58.76	1.94864E-11	0.0	0.0
58.78	1.81098E-11	0.0	0.0
58.8	1.67669E-11	0.0	0.0
58.82	1.54595E-11	0.0	0.0
58.84	1.41888E-11	0.0	0.0
58.86	1.29562E-11	0.0	0.0
58.88	1.17626E-11	0.0	0.0
58.9	1.0609E-11	0.0	0.0
58.92	9.4961E-12	0.0	0.0
58.94	8.42446E-12	0.0	0.0
58.96	7.39452E-12	0.0	0.0
58.98	6.40656E-12	0.0	0.0
59	5.46074E-12	0.0	0.0
59.02	4.55709E-12	0.0	0.0
59.04	3.69554E-12	0.0	0.0
59.06	2.87589E-12	0.0	0.0
59.08	2.09785E-12	0.0	0.0
59.1	1.36103E-12	0.0	0.0
59.12	6.64954E-13	0.0	0.0
59.14	9.0636E-15	0.0	0.0
59.16	-6.07278E-13	0.0	0.0
59.18	-1.18477E-12	0.0	0.0
59.2	-1.72419E-12	0.0	0.0
59.22	-2.22636E-12	0.0	0.0
59.24	-2.69216E-12	0.0	0.0
59.26	-3.12251E-12	0.0	0.0
59.28	-3.51838E-12	0.0	0.0
59.3	-3.88076E-12	0.0	0.0
59.32	-4.2107E-12	0.0	0.0
59.34	-4.50925E-12	0.0	0.0
59.36	-4.7775E-12	0.0	0.0
59.38	-5.01654E-12	0.0	0.0
59.4	-5.22748E-12	0.0	0.0
59.42	-5.41146E-12	0.0	0.0
59.44	-5.56959E-12	0.0	0.0
59.46	-5.70302E-12	0.0	0.0
59.48	-5.81286E-12	0.0	0.0
59.5	-5.90026E-12	0.0	0.0
59.52	-5.96633E-12	0.0	0.0
59.54	-6.01218E-12	0.0	0.0
59.56	-6.03892E-12	0.0	0.0
59.58	-6.04763E-12	0.0	0.0
59.6	-6.03938E-12	0.0	0.0
59.62	-6.01523E-12	0.0	0.0
59.64	-5.9762E-12	0.0	0.0
59.66	-5.92331E-12	0.0	0.0
59.68	-5.85754E-12	0.0	0.0
59.7	-5.77986E-12	0.0	0.0
59.72	-5.6912E-12	0.0	0.0
59.74	-5.59248E-12	0.0	0.0
59.76	-5.48459E-12	0.0	0.0
59.78	-5.36836E-12	0.0	0.0
59.8	-5.24464E-12	0.0	0.0
59.82	-5.11421E-12	0.0	0.0
59.84	-4.97785E-12	0.0	0.0
59.86	-4.83629E-12	0.0	0.0
59.88	-4.69024E-12	0.0	0.0
59.9	-4.54037E-12	0.0	0.0
59.92	-4.38733E-12	0.0	0.0
59.94	-4.23173E-12	0.0	0.0
59.96	-4.07415E-12	0.0	0.0
59.98	-3.91516E-12	0.0	0.0
60	-3.75527E-12	0.0	0.0
60.02	-3.59497E-12	0.0	0.0
60.04	-3.43474E-12	0.0	0.0
60.06	-3.27502E-12	0.0	0.0
60.08	-3.1162E-12	0.0	0.0
60.1	-2.95867E-12	0.0	0.0
60.12	-2.80278E-12	0.0	0.0
60.14	-2.64887E-12	0.0	0.0
60.16	-2.49723E-12	0.0	0.0
60.18	-2.34815E-12	0.0	0.0
60.2	-2.20187E-12	0.0	0.0
60.22	-2.05863E-12	0.0	0.0
60.24	-1.91864E-12	0.0	0.0
60.26	-1.78208E-12	0.0	0.0
60.28	-1.64911E-12	0.0	0.0
60.3	-1.51988E-12	0.0	0.0
60.32	-1.39452E-12	0.0	0.0
60.34	-1.27313E-12	0.0	0.0
60.36	-1.15581E-12	0.0	0.0
60.38	-1.04262E-12	0.0	0.0
60.4	-9.33628E-13	0.0	0.0
60.42	-8.28867E-13	0.0	0.0
60.44	-7.28368E-13	0.0	0.0
60.46	-6.32143E-13	0.0	0.0
60.48	-5.40195E-13	0.0	0.0
60.5	-4.52512E-13	0.0	0.0
60.52	-3.69072E-13	0.0	0.0
60.54	-2.89842E-13	0.0	0.0
60.56	-2.14779E-13	0.0	0.0
60.58	-1.43834E-13	0.0	0.0
60.6	-7.69453E-14	0.0	0.0
60.62	-1.40463E-14	0.0	0.0
60.64	4.49374E-14	0.0	0.0
60.66	1.00086E-13	0.0	0.0
60.68	1.51487E-13	0.0	0.0
60.7	1.9923E-13	0.0	0.0
60.72	2.43412E-13	0.0	0.0
60.74	2.84132E-13	0.0	0.0
60.76	3.21495E-13	0.0	0.0
60.78	3.55606E-13	0.0	0.0
60.8	3.86574E-13	0.0	0.0
60.82	4.14511E-13	0.0	0.0
60.84	4.39528E-13	0.0	0.0
60.86	4.61738E-13	0.0	0.0
60.88	4.81258E-13	0.0	0.0
60.9	4.982E-13	0.0	0.0
60.92	5.1268E-13	0.0	0.0
60.94	5.24813E-13	0.0	0.0
60.96	5.34712E-13	0.0	0.0
60.98	5.42491E-13	0.0	0.0
61	5.48261E-13	0.0	0.0
61.02	5.52133E-13	0.0	0.0
61.04	5.54217E-13	0.0	0.0
61.06	5.54618E-13	0.0	0.0
61.08	5.53443E-13	0.0	0.0
61.1	5.50795E-13	0.0	0.0
61.12	5.46773E-13	0.0	0.0
61.14	5.41477E-13	0.0	0.0
61.16	5.35002E-13	0.0	0.0
61.18	5.27441E-13	0.0	0.0
61.2	5.18883E-13	0.0	0.0
61.22	5.09418E-13	0.0	0.0
61.24	4.99127E-13	0.0	0.0
61.26	4.88094E-13	0.0	0.0
61.28	4.76396E-13	0.0	0.0
61.3	4.64109E-13	0.0	0.0
61.32	4.51304E-13	0.0	0.0
61.34	4.38051E-13	0.0	0.0
61.36	4.24415E-13	0.0	0.0
61.38	4.1046E-13	0.0	0.0
61.4	3.96245E-13	0.0	0.0
61.42	3.81828E-13	0.0	0.0
61.44	3.6726E-13	0.0	0.0
61.46	3.52594E-13	0.0	0.0
61.48	3.37878E-13	0.0	0.0
61.5	3.23155E-13	0.0	0.0
61.52	3.08468E-13	0.0	0.0
61.54	2.93857E-13	0.0	0.0
61.56	2.79357E-13	0.0	0.0
61.58	2.65004E-13	0.0	0.0
61.6	2.50827E-13	0.0	0.0
61.62	2.36856E-13	0.0	0.0
61.64	2.23118E-13	0.0	0.0
61.66	2.09636E-13	0.0	0.0
61.68	1.96432E-13	0.0	0.0
61.7	1.83526E-13	0.0	0.0
61.72	1.70936E-13	0.0	0.0
61.74	1.58676E-13	0.0	0.0
61.76	1.46761E-13	0.0	0.0
61.78	1.35202E-13	0.0	0.0
61.8	1.24008E-13	0.0	0.0
61.82	1.13189E-13	0.0	0.0
61.84	1.02751E-13	0.0	0.0
61.86	9.26996E-14	0.0	0.0
61.88	8.30376E-14	0.0	0.0
61.9	7.37677E-14	0.0	0.0
61.92	6.48911E-14	0.0	0.0
61.94	5.64076E-14	0.0	0.0
61.96	4.8316E-14	0.0	0.0
61.98	4.06141E-14	0.0	0.0
62	3.32985E-14	0.0	0.0
62.02	2.63652E-14	0.0	0.0
62.04	1.98092E-14	0.0	0.0
62.06	1.36248E-14	0.0	0.0
62.08	7.80545E-15	0.0	0.0
62.1	2.34419E-15	0.0	0.0
62.12	-2.76663E-15	0.0	0.0
62.14	-7.53517E-15	0.0	0.0
62.16	-1.197E-14	0.0	0.0
62.18	-1.60802E-14	0.0	0.0
62.2	-1.98751E-14	0.0	0.0
62.22	-2.33643E-14	0.0	0.0
62.24	-2.65577E-14	0.0	0.0
62.26	-2.94656E-14	0.0	0.0
62.28	-3.20981E-14	0.0	0.0
62.3	-3.44656E-14	0.0	0.0
62.32	-3.65788E-14	0.0	0.0
62.34	-3.84481E-14	0.0	0.0
62.36	-4.0084E-14	0.0	0.0
62.38	-4.14973E-14	0.0	0.0
62.4	-4.26983E-14	0.0	0.0
62.42	-4.36975E-14	0.0	0.0
62.44	-4.45053E-14	0.0	0.0
62.46	-4.51318E-14	0.0	0.0
62.48	-4.55873E-14	0.0	0.0
62.5	-4.58815E-14	0.0	0.0
62.52	-4.60242E-14	0.0	0.0
62.54	-4.60249E-14	0.0	0.0
62.56	-4.58931E-14	0.0	0.0
62.58	-4.56377E-14	0.0	0.0
62.6	-4.52677E-14	0.0	0.0
62.62	-4.47917E-14	0.0	0.0
62.64	-4.4218E-14	0.0	0.0
62.66	-4.35547E-14	0.0	0.0
62.68	-4.28097E-14	0.0	0.0
62.7	-4.19905E-14	0.0	0.0
62.72	-4.11044E-14	0.0	0.0
62.74	-4.01583E-14	0.0	0.0
62.76	-3.9159E-14	0.0	0.0
62.78	-3.81128E-14	0.0	0.0
62.8	-3.7026E-14	0.0	0.0
62.82	-3.59044E-14	0.0	0.0
62.84	-3.47535E-14	0.0	0.0
62.86	-3.35786E-14	0.0	0.0
62.88	-3.23847E-14	0.0	0.0
62.9	-3.11765E-14	0.0	0.0
62.92	-2.99586E-14	0.0	0.0
62.94	-2.8735E-14	0.0	0.0
62.96	-2.75098E-14	0.0	0.0
62.98	-2.62866E-14	0.0	0.0
63	-2.50688E-14	0.0	0.0
63.02	-2.38597E-14	0.0	0.0
63.04	-2.26621E-14	0.0	0.0
63.06	-2.14788E-14	0.0	0.0
63.08	-2.03123E-14	0.0	0.0
63.1	-1.91649E-14	0.0	0.0
63.12	-1.80387E-14	0.0	0.0
63.14	-1.69355E-14	0.0	0.0
63.16	-1.5857E-14	0.0	0.0
63.18	-1.48048E-14	0.0	0.0
63.2	-1.37801E-14	0.0	0.0
63.22	-1.27841E-14	0.0	0.0
63.24	-1.18178E-14	0.0	0.0
63.26	-1.08821E-14	0.0	0.0
63.28	-9.97758E-15	0.0	0.0
63.3	-9.10487E-15	0.0	0.0
63.32	-8.26439E-15	0.0	0.0
63.34	-7.45643E-15	0.0	0.0
63.36	-6.68119E-15	0.0	0.0
63.38	-5.93874E-15	0.0	0.0
63.4	-5.22906E-15	0.0	0.0
63.42	-4.55204E-15	0.0	0.0
63.44	-3.90747E-15	0.0	0.0
63.46	-3.29505E-15	0.0	0.0
63.48	-2.71444E-15	0.0	0.0
63.5	-2.16518E-15	0.0	0.0
63.52	-1.6468E-15	0.0	0.0
63.54	-1.15873E-15	0.0	0.0
63.56	-7.00364E-16	0.0	0.0
63.58	-2.71052E-16	0.0	0.0
63.6	1.29901E-16	0.0	0.0
63.62	5.0323E-16	0.0	0.0
63.64	8.497E-16	0.0	0.0
63.66	1.1701E-15	0.0	0.0
63.68	1.46526E-15	0.0	0.0
63.7	1.736E-15	0.0	0.0
63.72	1.98318E-15	0.0	0.0
63.74	2.20767E-15	0.0	0.0
63.76	2.41034E-15	0.0	0.0
63.78	2.59207E-15	0.0	0.0
63.8	2.75374E-15	0.0	0.0
63.82	2.89623E-15	0.0	0.0
63.84	3.02044E-15	0.0	0.0
63.86	3.12722E-15	0.0	0.0
63.88	3.21745E-15	0.0	0.0
63.9	3.29199E-15	0.0	0.0
63.92	3.35168E-15	0.0	0.0
63.94	3.39736E-15	0.0	0.0
63.96	3.42984E-15	0.0	0.0
63.98	3.44993E-15	0.0	0.0
64	3.45842E-15	0.0	0.0
64.02	3.45606E-15	0.0	0.0
64.04	3.44361E-15	0.0	0.0
64.06	3.4218E-15	0.0	0.0
64.08	3.39132E-15	0.0	0.0
64.1	3.35286E-15	0.0	0.0
64.12	3.30709E-15	0.0	0.0
64.14	3.25463E-15	0.0	0.0
64.16	3.1961E-15	0.0	0.0
64.18	3.1321E-15	0.0	0.0
64.2	3.06318E-15	0.0	0.0
64.22	2.9899E-15	0.0	0.0
64.24	2.91276E-15	0.0	0.0
64.26	2.83226E-15	0.0	0.0
64.28	2.74888E-15	0.0	0.0
64.3	2.66307E-15	0.0	0.0
64.32	2.57524E-15	0.0	0.0
64.34	2.48579E-15	0.0	0.0
64.36	2.39511E-15	0.0	0.0
64.38	2.30356E-15	0.0	0.0
64.4	2.21146E-15	0.0	0.0
64.42	2.11913E-15	0.0	0.0
64.44	2.02686E-15	0.0	0.0
64.46	1.93493E-15	0.0	0.0
64.48	1.84359E-15	0.0	0.0
64.5	1.75307E-15	0.0	0.0
64.52	1.66358E-15	0.0	0.0
64.54	1.57533E-15	0.0	0.0
64.56	1.48849E-15	0.0	0.0
64.58	1.40323E-15	0.0	0.0
64.6	1.31969E-15	0.0	0.0
64.62	1.23801E-15	0.0	0.0
64.64	1.1583E-15	0.0	0.0
64.66	1.08067E-15	0.0	0.0
64.68	1.0052E-15	0.0	0.0
64.7	9.31977E-16	0.0	0.0
64.72	8.61061E-16	0.0	0.0
64.74	7.92507E-16	0.0	0.0
64.76	7.26358E-16	0.0	0.0
64.78	6.62645E-16	0.0	0.0
64.8	6.01392E-16	0.0	0.0
64.82	5.42613E-16	0.0	0.0
64.84	4.86314E-16	0.0	0.0
64.86	4.3249E-16	0.0	0.0
64.88	3.81134E-16	0.0	0.0
64.9	3.32228E-16	0.0	0.0
64.92	2.85749E-16	0.0	0.0
64.94	2.41669E-16	0.0	0.0
64.96	1.99953E-16	0.0	0.0
64.98	1.60563E-16	0.0	0.0
65	1.23456E-16	0.0	0.0
65.02	8.85852E-17	0.0	0.0
65.04	5.58991E-17	0.0	0.0
65.06	2.53444E-17	0.0	0.0
65.08	-3.1354E-18	0.0	0.0
65.1	-2.95991E-17	0.0	0.0
65.12	-5.41077E-17	0.0	0.0
65.14	-7.67236E-17	0.0	0.0
65.16	-9.7511E-17	0.0	0.0
65.18	-1.16535E-16	0.0	0.0
65.2	-1.33861E-16	0.0	0.0
65.22	-1.49556E-16	0.0	0.0
65.24	-1.63687E-16	0.0	0.0
65.26	-1.76321E-16	0.0	0.0
65.28	-1.87525E-16	0.0	0.0
65.3	-1.97364E-16	0.0	0.0
65.32	-2.05905E-16	0.0	0.0
65.34	-2.13214E-16	0.0	0.0
65.36	-2.19355E-16	0.0	0.0
65.38	-2.24392E-16	0.0	0.0
65.4	-2.28387E-16	0.0	0.0
65.42	-2.31401E-16	0.0	0.0
65.44	-2.33495E-16	0.0	0.0
65.46	-2.34727E-16	0.0	0.0
65.48	-2.35154E-16	0.0	0.0
65.5	-2.34833E-16	0.0	0.0
65.52	-2.33816E-16	0.0	0.0
65.54	-2.32156E-16	0.0	0.0
65.56	-2.29904E-16	0.0	0.0
65.58	-2.27109E-16	0.0	0.0
65.6	-2.23818E-16	0.0	0.0
65.62	-2.20076E-16	0.0	0.0
65.64	-2.15926E-16	0.0	0.0
65.66	-2.11411E-16	0.0	0.0
65.68	-2.06569E-16	0.0	0.0
65.7	-2.0144E-16	0.0	0.0
65.72	-1.96059E-16	0.0	0.0
65.74	-1.90461E-16	0.0	0.0
65.76	-1.84679E-16	0.0	0.0
65.78	-1.78743E-16	0.0	0.0
65.8	-1.72682E-16	0.0	0.0
65.82	-1.66525E-16	0.0	0.0
65.84	-1.60297E-16	0.0	0.0
65.86	-1.54022E-16	0.0	0.0
65.88	-1.47723E-16	0.0	0.0
65.9	-1.41421E-16	0.0	0.0
65.92	-1.35136E-16	0.0	0.0
65.94	-1.28886E-16	0.0	0.0
65.96	-1.22688E-16	0.0	0.0
65.98	-1.16558E-16	0.0	0.0
66	-1.10508E-16	0.0	0.0
66.02	-1.04553E-16	0.0	0.0
66.04	-9.87042E-17	0.0	0.0
66.06	-9.29716E-17	0.0	0.0
66.08	-8.7365E-17	0.0	0.0
66.1	-8.18925E-17	0.0	0.0
66.12	-7.65617E-17	0.0	0.0
66.14	-7.13787E-17	0.0	0.0
66.16	-6.63491E-17	0.0	0.0
66.18	-6.14775E-17	0.0	0.0
66.2	-5.67676E-17	0.0	0.0
66.22	-5.22224E-17	0.0	0.0
66.24	-4.78442E-17	0.0	0.0
66.26	-4.36345E-17	0.0	0.0
66.28	-3.95944E-17	0.0	0.0
66.3	-3.57241E-17	0.0	0.0
66.32	-3.20235E-17	0.0	0.0
66.34	-2.84918E-17	0.0	0.0
66.36	-2.51279E-17	0.0	0.0
66.38	-2.19301E-17	0.0	0.0
66.4	-1.88963E-17	0.0	0.0
66.42	-1.60243E-17	0.0	0.0
66.44	-1.33112E-17	0.0	0.0
66.46	-1.0754E-17	0.0	0.0
66.48	-8.34937E-18	0.0	0.0
66.5	-6.09385E-18	0.0	0.0
66.52	-3.98366E-18	0.0	0.0
66.54	-2.01484E-18	0.0	0.0
66.56	-1.83315E-19	0.0	0.0
66.58	1.51516E-18	0.0	0.0
66.6	3.08492E-18	0.0	0.0
66.62	4.53039E-18	0.0	0.0
66.64	5.85609E-18	0.0	0.0
66.66	7.06656E-18	0.0	0.0
66.68	8.16639E-18	0.0	0.0
66.7	9.16018E-18	0.0	0.0
66.72	1.00525E-17	0.0	0.0
66.74	1.0848E-17	0.0	0.0
66.76	1.15512E-17	0.0	0.0
66.78	1.21666E-17	0.0	0.0
66.8	1.26987E-17	0.0	0.0
66.82	1.31519E-17	0.0	0.0
66.84	1.35306E-17	0.0	0.0
66.86	1.38389E-17	0.0	0.0
66.88	1.4081E-17	0.0	0.0
66.9	1.42611E-17	0.0	0.0
66.92	1.43831E-17	0.0	0.0
66.94	1.44509E-17	0.0	0.0
66.96	1.44681E-17	0.0	0.0
66.98	1.44385E-17	0.0	0.0
67	1.43656E-17	0.0	0.0
67.02	1.42528E-17	0.0	0.0
67.04	1.41034E-17	0.0	0.0
67.06	1.39205E-17	0.0	0.0
67.08	1.37071E-17	0.0	0.0
67.1	1.34663E-17	0.0	0.0
67.12	1.32006E-17	0.0	0.0
67.14	1.2913E-17	0.0	0.0
67.16	1.26057E-17	0.0	0.0
67.18	1.22813E-17	0.0	0.0
67.2	1.19421E-17	0.0	0.0
67.22	1.15902E-17	0.0	0.0
67.24	1.12276E-17	0.0	0.0
67.26	1.08564E-17	0.0	0.0
67.28	1.04783E-17	0.0	0.0
67.3	1.0095E-17	0.0	0.0
67.32	9.70809E-18	0.0	0.0
67.34	9.31914E-18	0.0	0.0
67.36	8.9295E-18	0.0	0.0
67.38	8.54046E-18	0.0	0.0
67.4	8.15321E-18	0.0	0.0
67.42	7.76885E-18	0.0	0.0
67.44	7.3884E-18	0.0	0.0
67.46	7.01276E-18	0.0	0.0
67.48	6.64279E-18	0.0	0.0
67.5	6.27924E-18	0.0	0.0
67.52	5.92279E-18	0.0	0.0
67.54	5.57406E-18	0.0	0.0
67.56	5.23359E-18	0.0	0.0
67.58	4.90184E-18	0.0	0.0
67.6	4.57923E-18	0.0	0.0
67.62	4.26611E-18	0.0	0.0
67.64	3.96278E-18	0.0	0.0
67.66	3.66948E-18	0.0	0.0
67.68	3.3864E-18	0.0	0.0
67.7	3.11368E-18	0.0	0.0
67.72	2.85143E-18	0.0	0.0
67.74	2.5997E-18	0.0	0.0
67.76	2.35853E-18	0.0	0.0
67.78	2.12788E-18	0.0	0.0
67.8	1.90772E-18	0.0	0.0
67.82	1.69798E-18	0.0	0.0
67.84	1.49854E-18	0.0	0.0
67.86	1.30927E-18	0.0	0.0
67.88	1.13004E-18	0.0	0.0
67.9	9.60645E-19	0.0	0.0
67.92	8.00913E-19	0.0	0.0
67.94	6.50629E-19	0.0	0.0
67.96	5.09569E-19	0.0	0.0
67.98	3.77495E-19	0.0	0.0
68	2.54161E-19	0.0	0.0
68.02	1.39307E-19	0.0	0.0
68.04	3.26669E-20	0.0	0.0
68.06	-6.60313E-20	0.0	0.0
68.08	-1.57066E-19	0.0	0.0
68.1	-2.40719E-19	0.0	0.0
68.12	-3.17275E-19	0.0	0.0
68.14	-3.87021E-19	0.0	0.0
68.16	-4.50244E-19	0.0	0.0
68.18	-5.07229E-19	0.0	0.0
68.2	-5.58264E-19	0.0	0.0
68.22	-6.0363E-19	0.0	0.0
68.24	-6.43609E-19	0.0	0.0
68.26	-6.78476E-19	0.0	0.0
68.28	-7.08505E-19	0.0	0.0
68.3	-7.33963E-19	0.0	0.0
68.32	-7.55114E-19	0.0	0.0
68.34	-7.72213E-19	0.0	0.0
68.36	-7.85511E-19	0.0	0.0
68.38	-7.95253E-19	0.0	0.0
68.4	-8.01675E-19	0.0	0.0
68.42	-8.05009E-19	0.0	0.0
68.44	-8.05476E-19	0.0	0.0
68.46	-8.03294E-19	0.0	0.0
68.48	-7.98668E-19	0.0	0.0
68.5	-7.918E-19	0.0	0.0
68.52	-7.82882E-19	0.0	0.0
68.54	-7.72099E-19	0.0	0.0
68.56	-7.59626E-19	0.0	0.0
68.58	-7.45634E-19	0.0	0.0
68.6	-7.30282E-19	0.0	0.0
68.62	-7.13725E-19	0.0	0.0
68.64	-6.96108E-19	0.0	0.0
68.66	-6.77568E-19	0.0	0.0
68.68	-6.58238E-19	0.0	0.0
68.7	-6.3824E-19	0.0	0.0
68.72	-6.17689E-19	0.0	0.0
68.74	-5.96697E-19	0.0	0.0
68.76	-5.75364E-19	0.0	0.0
68.78	-5.53786E-19	0.0	0.0
68.8	-5.32053E-19	0.0	0.0
68.82	-5.10248E-19	0.0	0.0
68.84	-4.88448E-19	0.0	0.0
68.86	-4.66723E-19	0.0	0.0
68.88	-4.45139E-19	0.0	0.0
68.9	-4.23756E-19	0.0	0.0
68.92	-4.02629E-19	0.0	0.0
68.94	-3.81808E-19	0.0	0.0
68.96	-3.61337E-19	0.0	0.0
68.98	-3.41256E-19	0.0	0.0
69	-3.21603E-19	0.0	0.0
69.02	-3.02408E-19	0.0	0.0
69.04	-2.837E-19	0.0	0.0
69.06	-2.65503E-19	0.0	0.0
69.08	-2.47837E-19	0.0	0.0
69.1	-2.3072E-19	0.0	0.0
69.12	-2.14166E-19	0.0	0.0
69.14	-1.98186E-19	0.0	0.0
69.16	-1.82789E-19	0.0	0.0
69.18	-1.6798E-19	0.0	0.0
69.2	-1.53764E-19	0.0	0.0
69.22	-1.40141E-19	0.0	0.0
69.24	-1.27111E-19	0.0	0.0
69.26	-1.14671E-19	0.0	0.0
69.28	-1.02816E-19	0.0	0.0
69.3	-9.15416E-20	0.0	0.0
69.32	-8.08391E-20	0.0	0.0
69.34	-7.07001E-20	0.0	0.0
69.36	-6.11145E-20	0.0	0.0
69.38	-5.20713E-20	0.0	0.0
69.4	-4.35586E-20	0.0	0.0
69.42	-3.55635E-20	0.0	0.0
69.44	-2.80725E-20	0.0	0.0
69.46	-2.10714E-20	0.0	0.0
69.48	-1.45454E-20	0.0	0.0
69.5	-8.4795E-21	0.0	0.0
69.52	-2.85805E-21	0.0	0.0
69.54	2.3347E-21	0.0	0.0
69.56	7.11476E-21	0.0	0.0
69.58	1.14983E-20	0.0	0.0
69.6	1.55014E-20	0.0	0.0
69.62	1.91405E-20	0.0	0.0
69.64	2.24316E-20	0.0	0.0
69.66	2.53909E-20	0.0	0.0
69.68	2.80343E-20	0.0	0.0
69.7	3.03776E-20	0.0	0.0
69.72	3.24363E-20	0.0	0.0
69.74	3.42258E-20	0.0	0.0
69.76	3.5761E-20	0.0	0.0
69.78	3.70566E-20	0.0	0.0
69.8	3.81271E-20	0.0	0.0
69.82	3.89863E-20	0.0	0.0
69.84	3.96479E-20	0.0	0.0
69.86	4.01252E-20	0.0	0.0
69.88	4.04308E-20	0.0	0.0
69.9	4.05773E-20	0.0	0.0
69.92	4.05765E-20	0.0	0.0
69.94	4.044E-20	0.0	0.0
69.96	4.01789E-20	0.0	0.0
69.98	3.98037E-20	0.0	0.0
70	3.93247E-20	0.0	0.0
70.02	3.87517E-20	0.0	0.0
70.04	3.80938E-20	0.0	0.0
70.06	3.736E-20	0.0	0.0
70.08	3.65587E-20	0.0	0.0
70.1	3.56979E-20	0.0	0.0
70.12	3.47851E-20	0.0	0.0
70.14	3.38275E-20	0.0	0.0
70.16	3.28318E-20	0.0	0.0
70.18	3.18044E-20	0.0	0.0
70.2	3.07513E-20	0.0	0.0
70.22	2.96779E-20	0.0	0.0
70.24	2.85895E-20	0.0	0.0
70.26	2.7491E-20	0.0	0.0
70.28	2.63869E-20	0.0	0.0
70.3	2.52812E-20	0.0	0.0
70.32	2.4178E-20	0.0	0.0
70.34	2.30806E-20	0.0	0.0
70.36	2.19924E-20	0.0	0.0
70.38	2.09163E-20	0.0	0.0
70.4	1.9855E-20	0.0	0.0
70.42	1.88108E-20	0.0	0.0
70.44	1.77861E-20	0.0	0.0
70.46	1.67826E-20	0.0	0.0
70.48	1.58022E-20	0.0	0.0
70.5	1.48462E-20	0.0	0.0
70.52	1.39161E-20	0.0	0.0
70.54	1.30129E-20	0.0	0.0
70.56	1.21376E-20	0.0	0.0
70.58	1.12909E-20	0.0	0.0
70.6	1.04733E-20	0.0	0.0
70.62	9.68547E-21	0.0	0.0
70.64	8.9276E-21	0.0	0.0
70.66	8.19991E-21	0.0	0.0
70.68	7.50247E-21	0.0	0.0
70.7	6.83526E-21	0.0	0.0
70.72	6.19814E-21	0.0	0.0
70.74	5.59088E-21	0.0	0.0
70.76	5.01317E-21	0.0	0.0
70.78	4.46463E-21	0.0	0.0
70.8	3.9448E-21	0.0	0.0
70.82	3.45317E-21	0.0	0.0
70.84	2.98916E-21	0.0	0.0
70.86	2.55216E-21	0.0	0.0
70.88	2.14149E-21	0.0	0.0
70.9	1.75647E-21	0.0	0.0
70.92	1.39635E-21	0.0	0.0
70.94	1.06038E-21	0.0	0.0
70.96	7.47775E-22	0.0	0.0
70.98	4.57738E-22	0.0	0.0
71	1.89453E-22	0.0	0.0
71.02	-5.79004E-23	0.0	0.0
71.04	-2.85152E-22	0.0	0.0
71.06	-4.93134E-22	0.0	0.0
71.08	-6.82677E-22	0.0	0.0
71.1	-8.5461E-22	0.0	0.0
71.12	-1.00975E-21	0.0	0.0
71.14	-1.14893E-21	0.0	0.0
71.16	-1.27293E-21	0.0	0.0
71.18	-1.38256E-21	0.0	0.0
71.2	-1.47858E-21	0.0	0.0
71.22	-1.56178E-21	0.0	0.0
71.24	-1.63288E-21	0.0	0.0
71.26	-1.69262E-21	0.0	0.0
71.28	-1.74171E-21	0.0	0.0
71.3	-1.78084E-21	0.0	0.0
71.32	-1.81066E-21	0.0	0.0
71.34	-1.83184E-21	0.0	0.0
71.36	-1.84499E-21	0.0	0.0
71.38	-1.85071E-21	0.0	0.0
71.4	-1.84959E-21	0.0	0.0
71.42	-1.84218E-21	0.0	0.0
71.44	-1.82902E-21	0.0	0.0
71.46	-1.81061E-21	0.0	0.0
71.48	-1.78744E-21	0.0	0.0
71.5	-1.75998E-21	0.0	0.0
71.52	-1.72866E-21	0.0	0.0
71.54	-1.69392E-21	0.0	0.0
71.56	-1.65614E-21	0.0	0.0
71.58	-1.6157E-21	0.0	0.0
71.6	-1.57296E-21	0.0	0.0
71.62	-1.52825E-21	0.0	0.0
71.64	-1.48189E-21	0.0	0.0
71.66	-1.43417E-21	0.0	0.0
71.68	-1.38537E-21	0.0	0.0
71.7	-1.33574E-21	0.0	0.0
71.72	-1.28553E-21	0.0	0.0
71.74	-1.23495E-21	0.0	0.0
71.76	-1.18422E-21	0.0	0.0
71.78	-1.13351E-21	0.0	0.0
71.8	-1.08301E-21	0.0	0.0
71.82	-1.03287E-21	0.0	0.0
71.84	-9.83241E-22	0.0	0.0
71.86	-9.34249E-22	0.0	0.0
71.88	-8.86015E-22	0.0	0.0
71.9	-8.38646E-22	0.0	0.0
71.92	-7.92235E-22	0.0	0.0
71.94	-7.46867E-22	0.0	0.0
71.96	-7.02614E-22	0.0	0.0
71.98	-6.5954E-22	0.0	0.0
72	-6.17699E-22	0.0	0.0
72.02	-5.77136E-22	0.0	0.0
72.04	-5.37889E-22	0.0	0.0
72.06	-4.99987E-22	0.0	0.0
72.08	-4.63453E-22	0.0	0.0
72.1	-4.28302E-22	0.0	0.0
72.12	-3.94544E-22	0.0	0.0
72.14	-3.62184E-22	0.0	0.0
72.16	-3.3122E-22	0.0	0.0
72.18	-3.01646E-22	0.0	0.0
72.2	-2.73452E-22	0.0	0.0
72.22	-2.46623E-22	0.0	0.0
72.24	-2.21142E-22	0.0	0.0
72.26	-1.96987E-22	0.0	0.0
72.28	-1.74135E-22	0.0	0.0
72.3	-1.52558E-22	0.0	0.0
72.32	-1.32227E-22	0.0	0.0
72.34	-1.13112E-22	0.0	0.0
72.36	-9.51792E-23	0.0	0.0
72.38	-7.83949E-23	0.0	0.0
72.4	-6.27235E-23	0.0	0.0
72.42	-4.81284E-23	0.0	0.0
72.44	-3.45724E-23	0.0	0.0
72.46	-2.20177E-23	0.0	0.0
72.48	-1.04258E-23	0.0	0.0
72.5	2.41831E-25	0.0	0.0
72.52	1.00238E-23	0.0	0.0
72.54	1.89586E-23	0.0	0.0
72.56	2.70848E-23	0.0	0.0
72.58	3.44406E-23	0.0	0.0
72.6	4.10635E-23	0.0	0.0
72.62	4.69908E-23	0.0	0.0
72.64	5.2259E-23	0.0	0.0
72.66	5.69042E-23	0.0	0.0
72.68	6.09614E-23	0.0	0.0
72.7	6.4465E-23	0.0	0.0
72.72	6.74484E-23	0.0	0.0
72.74	6.99442E-23	0.0	0.0
72.76	7.19841E-23	0.0	0.0
72.78	7.35985E-23	0.0	0.0
72.8	7.48171E-23	0.0	0.0
72.82	7.56683E-23	0.0	0.0
72.84	7.61798E-23	0.0	0.0
72.86	7.6378E-23	0.0	0.0
72.88	7.62881E-23	0.0	0.0
72.9	7.59344E-23	0.0	0.0
72.92	7.53402E-23	0.0	0.0
72.94	7.45276E-23	0.0	0.0
72.96	7.35176E-23	0.0	0.0
72.98	7.23304E-23	0.0	0.0
73	7.09849E-23	0.0	0.0
73.02	6.9499E-23	0.0	0.0
73.04	6.78899E-23	0.0	0.0
73.06	6.61734E-23	0.0	0.0
73.08	6.43648E-23	0.0	0.0
73.1	6.24781E-23	0.0	0.0
73.12	6.05267E-23	0.0	0.0
73.14	5.85228E-23	0.0	0.0
73.16	5.64781E-23	0.0	0.0
73.18	5.44033E-23	0.0	0.0
73.2	5.23082E-23	0.0	0.0
73.22	5.02022E-23	0.0	0.0
73.24	4.80936E-23	0.0	0.0
73.26	4.59903E-23	0.0	0.0
73.28	4.38992E-23	0.0	0.0
73.3	4.1827E-23	0.0	0.0
73.32	3.97793E-23	0.0	0.0
73.34	3.77616E-23	0.0	0.0
73.36	3.57785E-23	0.0	0.0
73.38	3.38343E-23	0.0	0.0
73.4	3.19327E-23	0.0	0.0
73.42	3.00768E-23	0.0	0.0
73.44	2.82697E-23	0.0	0.0
73.46	2.65135E-23	0.0	0.0
73.48	2.48105E-23	0.0	0.0
73.5	2.31621E-23	0.0	0.0
73.52	2.15699E-23	0.0	0.0
73.54	2.00346E-23	0.0	0.0
73.56	1.85572E-23	0.0	0.0
73.58	1.71381E-23	0.0	0.0
73.6	1.57774E-23	0.0	0.0
73.62	1.44751E-23	0.0	0.0
73.64	1.3231E-23	0.0	0.0
73.66	1.20446E-23	0.0	0.0
73.68	1.09155E-23	0.0	0.0
73.7	9.84277E-24	0.0	0.0
73.72	8.82559E-24	0.0	0.0
73.74	7.86291E-24	0.0	0.0
73.76	6.95362E-24	0.0	0.0
73.78	6.09649E-24	0.0	0.0
73.8	5.2902E-24	0.0	0.0
73.82	4.53337E-24	0.0	0.0
73.84	3.82455E-24	0.0	0.0
73.86	3.16223E-24	0.0	0.0
73.88	2.54488E-24	0.0	0.0
73.9	1.97093E-24	0.0	0.0
73.92	1.43876E-24	0.0	0.0
73.94	9.4677E-25	0.0	0.0
73.96	4.9333E-25	0.0	0.0
73.98	7.68107E-26	0.0	0.0
74	-3.04411E-25	0.0	0.0
74.02	-6.5195E-25	0.0	0.0
74.04	-9.67408E-25	0.0	0.0
74.06	-1.25237E-24	0.0	0.0
74.08	-1.50839E-24	0.0	0.0
74.1	-1.737E-24	0.0	0.0
74.12	-1.93971E-24	0.0	0.0
74.14	-2.11798E-24	0.0	0.0
74.16	-2.27324E-24	0.0	0.0
74.18	-2.4069E-24	0.0	0.0
74.2	-2.52031E-24	0.0	0.0
74.22	-2.61479E-24	0.0	0.0
74.24	-2.6916E-24	0.0	0.0
74.26	-2.75197E-24	0.0	0.0
74.28	-2.7971E-24	0.0	0.0
74.3	-2.82811E-24	0.0	0.0
74.32	-2.8461E-24	0.0	0.0
74.34	-2.85212E-24	0.0	0.0
74.36	-2.84718E-24	0.0	0.0
74.38	-2.83222E-24	0.0	0.0
74.4	-2.80817E-24	0.0	0.0
74.42	-2.77588E-24	0.0	0.0
74.44	-2.73619E-24	0.0	0.0
74.46	-2.68988E-24	0.0	0.0
74.48	-2.63768E-24	0.0	0.0
74.5	-2.58028E-24	0.0	0.0
74.52	-2.51836E-24	0.0	0.0
74.54	-2.45252E-24	0.0	0.0
74.56	-2.38334E-24	0.0	0.0
74.58	-2.31137E-24	0.0	0.0
74.6	-2.23711E-24	0.0	0.0
74.62	-2.16102E-24	0.0	0.0
74.64	-2.08355E-24	0.0	0.0
74.66	-2.00511E-24	0.0	0.0
74.68	-1.92605E-24	0.0	0.0
74.7	-1.84674E-24	0.0	0.0
74.72	-1.76748E-24	0.0	0.0
74.74	-1.68856E-24	0.0	0.0
74.76	-1.61025E-24	0.0	0.0
74.78	-1.53277E-24	0.0	0.0
74.8	-1.45635E-24	0.0	0.0
74.82	-1.38117E-24	0.0	0.0
74.84	-1.30741E-24	0.0	0.0
74.86	-1.23522E-24	0.0	0.0
74.88	-1.16472E-24	0.0	0.0
74.9	-1.09604E-24	0.0	0.0
74.92	-1.02927E-24	0.0	0.0
74.94	-9.64486E-25	0.0	0.0
74.96	-9.01764E-25	0.0	0.0
74.98	-8.41156E-25	0.0	0.0
75	-7.82702E-25	0.0	0.0
75.02	-7.26434E-25	0.0	0.0
75.04	-6.72371E-25	0.0	0.0
75.06	-6.20522E-25	0.0	0.0
75.08	-5.70888E-25	0.0	0.0
75.1	-5.2346E-25	0.0	0.0
75.12	-4.78224E-25	0.0	0.0
75.14	-4.35158E-25	0.0	0.0
75.16	-3.94232E-25	0.0	0.0
75.18	-3.55413E-25	0.0	0.0
75.2	-3.18663E-25	0.0	0.0
75.22	-2.83939E-25	0.0	0.0
75.24	-2.51193E-25	0.0	0.0
75.26	-2.20375E-25	0.0	0.0
75.28	-1.91432E-25	0.0	0.0
75.3	-1.64309E-25	0.0	0.0
75.32	-1.38949E-25	0.0	0.0
75.34	-1.15291E-25	0.0	0.0
75.36	-9.32773E-26	0.0	0.0
75.38	-7.28451E-26	0.0	0.0
75.4	-5.39331E-26	0.0	0.0
75.42	-3.64793E-26	0.0	0.0
75.44	-2.04215E-26	0.0	0.0
75.46	-5.6977E-27	0.0	0.0
75.48	7.75351E-27	0.0	0.0
75.5	1.99931E-26	0.0	0.0
75.52	3.10813E-26	0.0	0.0
75.54	4.10773E-26	0.0	0.0
75.56	5.00393E-26	0.0	0.0
75.58	5.80243E-26	0.0	0.0
75.6	6.50879E-26	0.0	0.0
75.62	7.12844E-26	0.0	0.0
75.64	7.66666E-26	0.0	0.0
75.66	8.12858E-26	0.0	0.0
75.68	8.51915E-26	0.0	0.0
75.7	8.84318E-26	0.0	0.0
75.72	9.10529E-26	0.0	0.0
75.74	9.30993E-26	0.0	0.0
75.76	9.4614E-26	0.0	0.0
75.78	9.56379E-26	0.0	0.0
75.8	9.62104E-26	0.0	0.0
75.82	9.6369E-26	0.0	0.0
75.84	9.61497E-26	0.0	0.0
75.86	9.55866E-26	0.0	0.0
75.88	9.4712E-26	0.0	0.0
75.9	9.35568E-26	0.0	0.0
75.92	9.215E-26	0.0	0.0
75.94	9.05192E-26	0.0	0.0
75.96	8.86904E-26	0.0	0.0
75.98	8.66878E-26	0.0	0.0
76	8.45346E-26	0.0	0.0
76.02	8.22521E-26	0.0	0.0
76.04	7.98603E-26	0.0	0.0
76.06	7.73782E-26	0.0	0.0
76.08	7.48229E-26	0.0	0.0
76.1	7.22108E-26	0.0	0.0
76.12	6.95567E-26	0.0	0.0
76.14	6.68745E-26	0.0	0.0
76.16	6.41768E-26	0.0	0.0
76.18	6.14753E-26	0.0	0.0
76.2	5.87805E-26	0.0	0.0
76.22	5.61021E-26	0.0	0.0
76.24	5.34489E-26	0.0	0.0
76.26	5.08287E-26	0.0	0.0
76.28	4.82485E-26	0.0	0.0
76.3	4.57147E-26	0.0	0.0
76.32	4.32327E-26	0.0	0.0
76.34	4.08075E-26	0.0	0.0
76.36	3.84431E-26	0.0	0.0
76.38	3.61433E-26	0.0	0.0
76.4	3.3911E-26	0.0	0.0
76.42	3.17488E-26	0.0	0.0
76.44	2.96587E-26	0.0	0.0
76.46	2.76422E-26	0.0	0.0
76.48	2.57005E-26	0.0	0.0
76.5	2.38344E-26	0.0	0.0
76.52	2.20442E-26	0.0	0.0
76.54	2.033E-26	0.0	0.0
76.56	1.86916E-26	0.0	0.0
76.58	1.71286E-26	0.0	0.0
76.6	1.56401E-26	0.0	0.0
76.62	1.42252E-26	0.0	0.0
76.64	1.28827E-26	0.0	0.0
76.66	1.16114E-26	0.0	0.0
76.68	1.04098E-26	0.0	0.0
76.7	9.27615E-27	0.0	0.0
76.72	8.20881E-27	0.0	0.0
76.74	7.20592E-27	0.0	0.0
76.76	6.26557E-27	0.0	0.0
76.78	5.38576E-27	0.0	0.0
76.8	4.56446E-27	0.0	0.0
76.82	3.79957E-27	0.0	0.0
76.84	3.08898E-27	0.0	0.0
76.86	2.43055E-27	0.0	0.0
76.88	1.82214E-27	0.0	0.0
76.9	1.2616E-27	0.0	0.0
76.92	7.46792E-28	0.0	0.0
76.94	2.75585E-28	0.0	0.0
76.96	-1.5412E-28	0.0	0.0
76.98	-5.44397E-28	0.0	0.0
77	-8.97287E-28	0.0	0.0
77.02	-1.21479E-27	0.0	0.0
77.04	-1.49887E-27	0.0	0.0
77.06	-1.75144E-27	0.0	0.0
77.08	-1.97435E-27	0.0	0.0
77.1	-2.16943E-27	0.0	0.0
77.12	-2.33842E-27	0.0	0.0
77.14	-2.48303E-27	0.0	0.0
77.16	-2.60489E-27	0.0	0.0
77.18	-2.70559E-27	0.0	0.0
77.2	-2.78665E-27	0.0	0.0
77.22	-2.84952E-27	0.0	0.0
77.24	-2.89562E-27	0.0	0.0
77.26	-2.92627E-27	0.0	0.0
77.28	-2.94275E-27	0.0	0.0
77.3	-2.94629E-27	0.0	0.0
77.32	-2.93803E-27	0.0	0.0
77.34	-2.91909E-27	0.0	0.0
77.36	-2.8905E-27	0.0	0.0
77.38	-2.85324E-27	0.0	0.0
77.4	-2.80826E-27	0.0	0.0
77.42	-2.75642E-27	0.0	0.0
77.44	-2.69855E-27	0.0	0.0
77.46	-2.63542E-27	0.0	0.0
77.48	-2.56776E-27	0.0	0.0
77.5	-2.49624E-27	0.0	0.0
77.52	-2.42149E-27	0.0	0.0
77.54	-2.34409E-27	0.0	0.0
77.56	-2.2646E-27	0.0	0.0
77.58	-2.18351E-27	0.0	0.0
77.6	-2.10128E-27	0.0	0.0
77.62	-2.01834E-27	0.0	0.0
77.64	-1.93508E-27	0.0	0.0
77.66	-1.85185E-27	0.0	0.0
77.68	-1.76898E-27	0.0	0.0
77.7	-1.68676E-27	0.0	0.0
77.72	-1.60545E-27	0.0	0.0
77.74	-1.52529E-27	0.0	0.0
77.76	-1.44648E-27	0.0	0.0
77.78	-1.36922E-27	0.0	0.0
77.8	-1.29366E-27	0.0	0.0
77.82	-1.21995E-27	0.0	0.0
77.84	-1.14821E-27	0.0	0.0
77.86	-1.07854E-27	0.0	0.0
77.88	-1.01102E-27	0.0	0.0
77.9	-9.45719E-28	0.0	0.0
77.92	-8.82698E-28	0.0	0.0
77.94	-8.21993E-28	0.0	0.0
77.96	-7.6363E-28	0.0	0.0
77.98	-7.07626E-28	0.0	0.0
78	-6.53985E-28	0.0	0.0
78.02	-6.02702E-28	0.0	0.0
78.04	-5.53763E-28	0.0	0.0
78.06	-5.07146E-28	0.0	0.0
78.08	-4.62821E-28	0.0	0.0
78.1	-4.20754E-28	0.0	0.0
78.12	-3.80904E-28	0.0	0.0
78.14	-3.43223E-28	0.0	0.0
78.16	-3.07663E-28	0.0	0.0
78.18	-2.74168E-28	0.0	0.0
78.2	-2.42681E-28	0.0	0.0
78.22	-2.13142E-28	0.0	0.0
78.24	-1.85489E-28	0.0	0.0
78.26	-1.59658E-28	0.0	0.0
78.28	-1.35583E-28	0.0	0.0
78.3	-1.13198E-28	0.0	0.0
78.32	-9.24354E-29	0.0	0.0
78.34	-7.32289E-29	0.0	0.0
78.36	-5.55107E-29	0.0	0.0
78.38	-3.92141E-29	0.0	0.0
78.4	-2.42724E-29	0.0	0.0
78.42	-1.06201E-29	0.0	0.0
78.44	1.80783E-30	0.0	0.0
78.46	1.3075E-29	0.0	0.0
78.48	2.32438E-29	0.0	0.0
78.5	3.23754E-29	0.0	0.0
78.52	4.05294E-29	0.0	0.0
78.54	4.77638E-29	0.0	0.0
78.56	5.41348E-29	0.0	0.0
78.58	5.96969E-29	0.0	0.0
78.6	6.45031E-29	0.0	0.0
78.62	6.8604E-29	0.0	0.0
78.64	7.20488E-29	0.0	0.0
78.66	7.48845E-29	0.0	0.0
78.68	7.71563E-29	0.0	0.0
78.7	7.89075E-29	0.0	0.0
78.72	8.01793E-29	0.0	0.0
78.74	8.10113E-29	0.0	0.0
78.76	8.14409E-29	0.0	0.0
78.78	8.15039E-29	0.0	0.0
78.8	8.12341E-29	0.0	0.0
78.82	8.06635E-29	0.0	0.0
78.84	7.98223E-29	0.0	0.0
78.86	7.87392E-29	0.0	0.0
78.88	7.74411E-29	0.0	0.0
78.9	7.59531E-29	0.0	0.0
78.92	7.42989E-29	0.0	0.0
78.94	7.25007E-29	0.0	0.0
78.96	7.05791E-29	0.0	0.0
78.98	6.85534E-29	0.0	0.0
79	6.64414E-29	0.0	0.0
79.02	6.42597E-29	0.0	0.0
79.04	6.20236E-29	0.0	0.0
79.06	5.97471E-29	0.0	0.0
79.08	5.74432E-29	0.0	0.0
79.1	5.51238E-29	0.0	0.0
79.12	5.27996E-29	0.0	0.0
79.14	5.04805E-29	0.0	0.0
79.16	4.81754E-29	0.0	0.0
79.18	4.58922E-29	0.0	0.0
79.2	4.36382E-29	0.0	0.0
79.22	4.14196E-29	0.0	0.0
79.24	3.92422E-29	0.0	0.0
79.26	3.71109E-29	0.0	0.0
79.28	3.503E-29	0.0	0.0
79.3	3.30032E-29	0.0	0.0
79.32	3.10336E-29	0.0	0.0
79.34	2.91238E-29	0.0	0.0
79.36	2.7276E-29	0.0	0.0
79.38	2.54918E-29	0.0	0.0
79.4	2.37725E-29	0.0	0.0
79.42	2.21189E-29	0.0	0.0
79.44	2.05315E-29	0.0	0.0
79.46	1.90107E-29	0.0	0.0
79.48	1.75563E-29	0.0	0.0
79.5	1.61679E-29	0.0	0.0
79.52	1.48451E-29	0.0	0.0
79.54	1.35869E-29	0.0	0.0
79.56	1.23925E-29	0.0	0.0
79.58	1.12606E-29	0.0	0.0
79.6	1.019E-29	0.0	0.0
79.62	9.17929E-30	0.0	0.0
79.64	8.2269E-30	0.0	0.0
79.66	7.33122E-30	0.0	0.0
79.68	6.49054E-30	0.0	0.0
79.7	5.70309E-30	0.0	0.0
79.72	4.96707E-30	0.0	0.0
79.74	4.28062E-30	0.0	0.0
79.76	3.64184E-30	0.0	0.0
79.78	3.04885E-30	0.0	0.0
79.8	2.49974E-30	0.0	0.0
79.82	1.99258E-30	0.0	0.0
79.84	1.5255E-30	0.0	0.0
79.86	1.09659E-30	0.0	0.0
79.88	7.0401E-31	0.0	0.0
79.9	3.45913E-31	0.0	0.0
79.92	2.0498E-32	0.0	0.0
79.94	-2.74001E-31	0.0	0.0
79.96	-5.39309E-31	0.0	0.0
79.98	-7.7711E-31	0.0	0.0
80	-9.8904E-31	0.0	0.0
80.02	-1.17669E-30	0.0	0.0
80.04	-1.34158E-30	0.0	0.0
80.06	-1.48522E-30	0.0	0.0
80.08	-1.60903E-30	0.0	0.0
80.1	-1.71438E-30	0.0	0.0
80.12	-1.8026E-30	0.0	0.0
80.14	-1.87496E-30	0.0	0.0
80.16	-1.93266E-30	0.0	0.0
80.18	-1.97688E-30	0.0	0.0
80.2	-2.0087E-30	0.0	0.0
80.22	-2.02919E-30	0.0	0.0
80.24	-2.03933E-30	0.0	0.0
80.26	-2.04008E-30	0.0	0.0
80.28	-2.03232E-30	0.0	0.0
80.3	-2.0169E-30	0.0	0.0
80.32	-1.99462E-30	0.0	0.0
80.34	-1.96622E-30	0.0	0.0
80.36	-1.9324E-30	0.0	0.0
80.38	-1.89383E-30	0.0	0.0
80.4	-1.85111E-30	0.0	0.0
80.42	-1.80482E-30	0.0	0.0
80.44	-1.7555E-30	0.0	0.0
80.46	-1.70364E-30	0.0	0.0
80.48	-1.64969E-30	0.0	0.0
80.5	-1.59408E-30	0.0	0.0
80.52	-1.5372E-30	0.0	0.0
80.54	-1.47941E-30	0.0	0.0
80.56	-1.42103E-30	0.0	0.0
80.58	-1.36237E-30	0.0	0.0
80.6	-1.30369E-30	0.0	0.0
80.62	-1.24524E-30	0.0	0.0
80.64	-1.18724E-30	0.0	0.0
80.66	-1.12989E-30	0.0	0.0
80.68	-1.07337E-30	0.0	0.0
80.7	-1.01782E-30	0.0	0.0
80.72	-9.63396E-31	0.0	0.0
80.74	-9.10208E-31	0.0	0.0
80.76	-8.58359E-31	0.0	0.0
80.78	-8.07938E-31	0.0	0.0
80.8	-7.59016E-31	0.0	0.0
80.82	-7.11655E-31	0.0	0.0
80.84	-6.659E-31	0.0	0.0
80.86	-6.21788E-31	0.0	0.0
80.88	-5.79346E-31	0.0	0.0
80.9	-5.38589E-31	0.0	0.0
80.92	-4.99525E-31	0.0	0.0
80.94	-4.62155E-31	0.0	0.0
80.96	-4.26471E-31	0.0	0.0
80.98	-3.92459E-31	0.0	0.0
81	-3.60101E-31	0.0	0.0
81.02	-3.29372E-31	0.0	0.0
81.04	-3.00244E-31	0.0	0.0
81.06	-2.72683E-31	0.0	0.0
81.08	-2.46655E-31	0.0	0.0
81.1	-2.22119E-31	0.0	0.0
81.12	-1.99035E-31	0.0	0.0
81.14	-1.77358E-31	0.0	0.0
81.16	-1.57043E-31	0.0	0.0
81.18	-1.38044E-31	0.0	0.0
81.2	-1.20313E-31	0.0	0.0
81.22	-1.03802E-31	0.0	0.0
81.24	-8.8462E-32	0.0	0.0
81.26	-7.42434E-32	0.0	0.0
81.28	-6.10976E-32	0.0	0.0
81.3	-4.89758E-32	0.0	0.0
81.32	-3.78296E-32	0.0	0.0
81.34	-2.76112E-32	0.0	0.0
81.36	-1.82734E-32	0.0	0.0
81.38	-9.77016E-33	0.0	0.0
81.4	-2.05609E-33	0.0	0.0
81.42	4.91299E-33	0.0	0.0
81.44	1.11802E-32	0.0	0.0
81.46	1.67873E-32	0.0	0.0
81.48	2.17749E-32	0.0	0.0
81.5	2.61824E-32	0.0	0.0
81.52	3.00475E-32	0.0	0.0
81.54	3.34069E-32	0.0	0.0
81.56	3.62956E-32	0.0	0.0
81.58	3.87472E-32	0.0	0.0
81.6	4.07942E-32	0.0	0.0
81.62	4.24672E-32	0.0	0.0
81.64	4.37957E-32	0.0	0.0
81.66	4.48078E-32	0.0	0.0
81.68	4.553E-32	0.0	0.0
81.7	4.59877E-32	0.0	0.0
81.72	4.62048E-32	0.0	0.0
81.74	4.62038E-32	0.0	0.0
81.76	4.60062E-32	0.0	0.0
81.78	4.5632E-32	0.0	0.0
81.8	4.51001E-32	0.0	0.0
81.82	4.44282E-32	0.0	0.0
81.84	4.36329E-32	0.0	0.0
81.86	4.27297E-32	0.0	0.0
81.88	4.1733E-32	0.0	0.0
81.9	4.06562E-32	0.0	0.0
81.92	3.95118E-32	0.0	0.0
81.94	3.83114E-32	0.0	0.0
81.96	3.70654E-32	0.0	0.0
81.98	3.57838E-32	0.0	0.0
82	3.44756E-32	0.0	0.0
82.02	3.31488E-32	0.0	0.0
82.04	3.1811E-32	0.0	0.0
82.06	3.04691E-32	0.0	0.0
82.08	2.91291E-32	0.0	0.0
82.1	2.77966E-32	0.0	0.0
82.12	2.64766E-32	0.0	0.0
82.14	2.51736E-32	0.0	0.0
82.16	2.38913E-32	0.0	0.0
82.18	2.26333E-32	0.0	0.0
82.2	2.14026E-32	0.0	0.0
82.22	2.02018E-32	0.0	0.0
82.24	1.9033E-32	0.0	0.0
82.26	1.78982E-32	0.0	0.0
82.28	1.67988E-32	0.0	0.0
82.3	1.57361E-32	0.0	0.0
82.32	1.4711E-32	0.0	0.0
82.34	1.37243E-32	0.0	0.0
82.36	1.27763E-32	0.0	0.0
82.38	1.18673E-32	0.0	0.0
82.4	1.09974E-32	0.0	0.0
82.42	1.01665E-32	0.0	0.0
82.44	9.37427E-33	0.0	0.0
82.46	8.62029E-33	0.0	0.0
82.48	7.90405E-33	0.0	0.0
82.5	7.2249E-33	0.0	0.0
82.52	6.58208E-33	0.0	0.0
82.54	5.97478E-33	0.0	0.0
82.56	5.40209E-33	0.0	0.0
82.58	4.86305E-33	0.0	0.0
82.6	4.35667E-33	0.0	0.0
82.62	3.88188E-33	0.0	0.0
82.64	3.4376E-33	0.0	0.0
82.66	3.02273E-33	0.0	0.0
82.68	2.63614E-33	0.0	0.0
82.7	2.27669E-33	0.0	0.0
82.72	1.94324E-33	0.0	0.0
82.74	1.63465E-33	0.0	0.0
82.76	1.34979E-33	0.0	0.0
82.78	1.08753E-33	0.0	0.0
82.8	8.46763E-34	0.0	0.0
82.82	6.26386E-34	0.0	0.0
82.84	4.25327E-34	0.0	0.0
82.86	2.42537E-34	0.0	0.0
82.88	7.69866E-35	0.0	0.0
82.9	-7.23218E-35	0.0	0.0
82.92	-2.06359E-34	0.0	0.0
82.94	-3.26067E-34	0.0	0.0
82.96	-4.32353E-34	0.0	0.0
82.98	-5.26096E-34	0.0	0.0
83	-6.0814E-34	0.0	0.0
83.02	-6.79296E-34	0.0	0.0
83.04	-7.40343E-34	0.0	0.0
83.06	-7.92025E-34	0.0	0.0
83.08	-8.35052E-34	0.0	0.0
83.1	-8.70105E-34	0.0	0.0
83.12	-8.97826E-34	0.0	0.0
83.14	-9.1883E-34	0.0	0.0
83.16	-9.33697E-34	0.0	0.0
83.18	-9.42977E-34	0.0	0.0
83.2	-9.4719E-34	0.0	0.0
83.22	-9.46826E-34	0.0	0.0
83.24	-9.42344E-34	0.0	0.0
83.26	-9.34177E-34	0.0	0.0
83.28	-9.22732E-34	0.0	0.0
83.3	-9.08388E-34	0.0	0.0
83.32	-8.91498E-34	0.0	0.0
83.34	-8.72393E-34	0.0	0.0
83.36	-8.51379E-34	0.0	0.0
83.38	-8.2874E-34	0.0	0.0
83.4	-8.04739E-34	0.0	0.0
83.42	-7.79619E-34	0.0	0.0
83.44	-7.53602E-34	0.0	0.0
83.46	-7.26894E-34	0.0	0.0
83.48	-6.99681E-34	0.0	0.0
83.5	-6.72134E-34	0.0	0.0
83.52	-6.44409E-34	0.0	0.0
83.54	-6.16644E-34	0.0	0.0
83.56	-5.88967E-34	0.0	0.0
83.58	-5.61491E-34	0.0	0.0
83.6	-5.34317E-34	0.0	0.0
83.62	-5.07534E-34	0.0	0.0
83.64	-4.8122E-34	0.0	0.0
83.66	-4.55446E-34	0.0	0.0
83.68	-4.30269E-34	0.0	0.0
83.7	-4.05742E-34	0.0	0.0
83.72	-3.81906E-34	0.0	0.0
83.74	-3.58797E-34	0.0	0.0
83.76	-3.36445E-34	0.0	0.0
83.78	-3.14871E-34	0.0	0.0
83.8	-2.94092E-34	0.0	0.0
83.82	-2.7412E-34	0.0	0.0
83.84	-2.54961E-34	0.0	0.0
83.86	-2.36618E-34	0.0	0.0
83.88	-2.19091E-34	0.0	0.0
83.9	-2.02373E-34	0.0	0.0
83.92	-1.86457E-34	0.0	0.0
83.94	-1.71332E-34	0.0	0.0
83.96	-1.56986E-34	0.0	0.0
83.98	-1.43402E-34	0.0	0.0
84	-1.30565E-34	0.0	0.0
84.02	-1.18455E-34	0.0	0.0
84.04	-1.07051E-34	0.0	0.0
84.06	-9.63344E-35	0.0	0.0
84.08	-8.62815E-35	0.0	0.0
84.1	-7.68699E-35	0.0	0.0
84.12	-6.80763E-35	0.0	0.0
84.14	-5.9877E-35	0.0	0.0
84.16	-5.22481E-35	0.0	0.0
84.18	-4.51656E-35	0.0	0.0
84.2	-3.86053E-35	0.0	0.0
84.22	-3.25434E-35	0.0	0.0
84.24	-2.69562E-35	0.0	0.0
84.26	-2.18202E-35	0.0	0.0
84.28	-1.71123E-35	0.0	0.0
84.3	-1.281E-35	0.0	0.0
84.32	-8.89107E-36	0.0	0.0
84.34	-5.33392E-36	0.0	0.0
84.36	-2.11754E-36	0.0	0.0
84.38	7.78484E-37	0.0	0.0
84.4	3.37391E-36	0.0	0.0
84.42	5.68784E-36	0.0	0.0
84.44	7.73866E-36	0.0	0.0
84.46	9.54411E-36	0.0	0.0
84.48	1.11212E-35	0.0	0.0
84.5	1.24862E-35	0.0	0.0
84.52	1.36547E-35	0.0	0.0
84.54	1.46415E-35	0.0	0.0
84.56	1.5461E-35	0.0	0.0
84.58	1.61264E-35	0.0	0.0
84.6	1.66507E-35	0.0	0.0
84.62	1.70459E-35	0.0	0.0
84.64	1.73235E-35	0.0	0.0
84.66	1.74943E-35	0.0	0.0
84.68	1.75686E-35	0.0	0.0
84.7	1.75558E-35	0.0	0.0
84.72	1.7465E-35	0.0	0.0
84.74	1.73047E-35	0.0	0.0
84.76	1.70826E-35	0.0	0.0
84.78	1.68062E-35	0.0	0.0
84.8	1.64822E-35	0.0	0.0
84.82	1.61171E-35	0.0	0.0
84.84	1.57167E-35	0.0	0.0
84.86	1.52865E-35	0.0	0.0
84.88	1.48315E-35	0.0	0.0
84.9	1.43562E-35	0.0	0.0
84.92	1.3865E-35	0.0	0.0
84.94	1.33617E-35	0.0	0.0
84.96	1.28498E-35	0.0	0.0
84.98	1.23326E-35	0.0	0.0
85	1.18128E-35	0.0	0.0
85.02	1.12933E-35	0.0	0.0
85.04	1.07762E-35	0.0	0.0
85.06	1.02637E-35	0.0	0.0
85.08	9.75767E-36	0.0	0.0
85.1	9.25969E-36	0.0	0.0
85.12	8.77121E-36	0.0	0.0
85.14	8.29347E-36	0.0	0.0
85.16	7.82753E-36	0.0	0.0
85.18	7.37429E-36	0.0	0.0
85.2	6.9345E-36	0.0	0.0
85.22	6.50877E-36	0.0	0.0
85.24	6.09759E-36	0.0	0.0
85.26	5.70132E-36	0.0	0.0
85.28	5.32022E-36	0.0	0.0
85.3	4.95446E-36	0.0	0.0
85.32	4.60412E-36	0.0	0.0
85.34	4.2692E-36	0.0	0.0
85.36	3.94962E-36	0.0	0.0
85.38	3.64526E-36	0.0	0.0
85.4	3.35593E-36	0.0	0.0
85.42	3.08139E-36	0.0	0.0
85.44	2.82135E-36	0.0	0.0
85.46	2.5755E-36	0.0	0.0
85.48	2.3435E-36	0.0	0.0
85.5	2.12496E-36	0.0	0.0
85.52	1.91948E-36	0.0	0.0
85.54	1.72665E-36	0.0	0.0
85.56	1.54604E-36	0.0	0.0
85.58	1.3772E-36	0.0	0.0
85.6	1.21967E-36	0.0	0.0
85.62	1.07302E-36	0.0	0.0
85.64	9.36762E-37	0.0	0.0
85.66	8.10454E-37	0.0	0.0
85.68	6.93636E-37	0.0	0.0
85.7	5.85855E-37	0.0	0.0
85.72	4.86663E-37	0.0	0.0
85.74	3.9562E-37	0.0	0.0
85.76	3.12295E-37	0.0	0.0
85.78	2.36265E-37	0.0	0.0
85.8	1.67118E-37	0.0	0.0
85.82	1.04453E-37	0.0	0.0
85.84	4.78824E-38	0.0	0.0
85.86	-2.97137E-39	0.0	0.0
85.88	-4.84714E-38	0.0	0.0
85.9	-8.89678E-38	0.0	0.0
85.92	-1.24798E-37	0.0	0.0
85.94	-1.56284E-37	0.0	0.0
85.96	-1.83736E-37	0.0	0.0
85.98	-2.07449E-37	0.0	0.0
86	-2.27707E-37	0.0	0.0
86.02	-2.44776E-37	0.0	0.0
86.04	-2.58914E-37	0.0	0.0
86.06	-2.70361E-37	0.0	0.0
86.08	-2.79348E-37	0.0	0.0
86.1	-2.8609E-37	0.0	0.0
86.12	-2.90793E-37	0.0	0.0
86.14	-2.93649E-37	0.0	0.0
86.16	-2.94838E-37	0.0	0.0
86.18	-2.9453E-37	0.0	0.0
86.2	-2.92884E-37	0.0	0.0
86.22	-2.90049E-37	0.0	0.0
86.24	-2.86162E-37	0.0	0.0
86.26	-2.81353E-37	0.0	0.0
86.28	-2.7574E-37	0.0	0.0
86.3	-2.69436E-37	0.0	0.0
86.32	-2.62541E-37	0.0	0.0
86.34	-2.5515E-37	0.0	0.0
86.36	-2.47351E-37	0.0	0.0
86.38	-2.39221E-37	0.0	0.0
86.4	-2.30835E-37	0.0	0.0
86.42	-2.22258E-37	0.0	0.0
86.44	-2.1355E-37	0.0	0.0
86.46	-2.04766E-37	0.0	0.0
86.48	-1.95955E-37	0.0	0.0
86.5	-1.87161E-37	0.0	0.0
86.52	-1.78423E-37	0.0	0.0
86.54	-1.69777E-37	0.0	0.0
86.56	-1.61252E-37	0.0	0.0
86.58	-1.52876E-37	0.0	0.0
86.6	-1.44673E-37	0.0	0.0
86.62	-1.36662E-37	0.0	0.0
86.64	-1.28861E-37	0.0	0.0
86.66	-1.21283E-37	0.0	0.0
86.68	-1.13942E-37	0.0	0.0
86.7	-1.06846E-37	0.0	0.0
86.72	-1.00003E-37	0.0	0.0
86.74	-9.3417E-38	0.0	0.0
86.76	-8.70929E-38	0.0	0.0
86.78	-8.10322E-38	0.0	0.0
86.8	-7.52355E-38	0.0	0.0
86.82	-6.9702E-38	0.0	0.0
86.84	-6.44298E-38	0.0	0.0
86.86	-5.94159E-38	0.0	0.0
86.88	-5.46565E-38	0.0	0.0
86.9	-5.01469E-38	0.0	0.0
86.92	-4.58818E-38	0.0	0.0
86.94	-4.18553E-38	0.0	0.0
86.96	-3.8061E-38	0.0	0.0
86.98	-3.44921E-38	0.0	0.0
87	-3.11415E-38	0.0	0.0
87.02	-2.80016E-38	0.0	0.0
87.04	-2.50649E-38	0.0	0.0
87.06	-2.23237E-38	0.0	0.0
87.08	-1.97699E-38	0.0	0.0
87.1	-1.73957E-38	0.0	0.0
87.12	-1.51933E-38	0.0	0.0
87.14	-1.31546E-38	0.0	0.0
87.16	-1.12718E-38	0.0	0.0
87.18	-9.53729E-39	0.0	0.0
87.2	-7.94337E-39	0.0	0.0
87.22	-6.48259E-39	0.0	0.0
87.24	-5.14766E-39	0.0	0.0
87.26	-3.93145E-39	0.0	0.0
87.28	-2.82703E-39	0.0	0.0
87.3	-1.8277E-39	0.0	0.0
87.32	-9.26963E-40	0.0	0.0
87.34	-1.18538E-40	0.0	0.0
87.36	6.03612E-40	0.0	0.0
87.38	1.24529E-39	0.0	0.0
87.4	1.81207E-39	0.0	0.0
87.42	2.30927E-39	0.0	0.0
87.44	2.74198E-39	0.0	0.0
87.46	3.11507E-39	0.0	0.0
87.48	3.43314E-39	0.0	0.0
87.5	3.70058E-39	0.0	0.0
87.52	3.92156E-39	0.0	0.0
87.54	4.09999E-39	0.0	0.0
87.56	4.23961E-39	0.0	0.0
87.58	4.3439E-39	0.0	0.0
87.6	4.41618E-39	0.0	0.0
87.62	4.45953E-39	0.0	0.0
87.64	4.47685E-39	0.0	0.0
87.66	4.47087E-39	0.0	0.0
87.68	4.44412E-39	0.0	0.0
87.7	4.39895E-39	0.0	0.0
87.72	4.33757E-39	0.0	0.0
87.74	4.26202E-39	0.0	0.0
87.76	4.17419E-39	0.0	0.0
87.78	4.07581E-39	0.0	0.0
87.8	3.9685E-39	0.0	0.0
87.82	3.85373E-39	0.0	0.0
87.84	3.73286E-39	0.0	0.0
87.86	3.60713E-39	0.0	0.0
87.88	3.47766E-39	0.0	0.0
87.9	3.34548E-39	0.0	0.0
87.92	3.21152E-39	0.0	0.0
87.94	3.0766E-39	0.0	0.0
87.96	2.9415E-39	0.0	0.0
87.98	2.80686E-39	0.0	0.0
88	2.6733E-39	0.0	0.0
88.02	2.54134E-39	0.0	0.0
88.04	2.41143E-39	0.0	0.0
88.06	2.28399E-39	0.0	0.0
88.08	2.15936E-39	0.0	0.0
88.1	2.03784E-39	0.0	0.0
88.12	1.91967E-39	0.0	0.0
88.14	1.80507E-39	0.0	0.0
88.16	1.6942E-39	0.0	0.0
88.18	1.58719E-39	0.0	0.0
88.2	1.48413E-39	0.0	0.0
88.22	1.38511E-39	0.0	0.0
88.24	1.29016E-39	0.0	0.0
88.26	1.19929E-39	0.0	0.0
88.28	1.11251E-39	0.0	0.0
88.3	1.02979E-39	0.0	0.0
88.32	9.51083E-40	0.0	0.0
88.34	8.76344E-40	0.0	0.0
88.36	8.055E-40	0.0	0.0
88.38	7.38471E-40	0.0	0.0
88.4	6.75168E-40	0.0	0.0
88.42	6.15492E-40	0.0	0.0
88.44	5.59338E-40	0.0	0.0
88.46	5.06596E-40	0.0	0.0
88.48	4.5715E-40	0.0	0.0
88.5	4.10882E-40	0.0	0.0
88.52	3.67669E-40	0.0	0.0
88.54	3.27391E-40	0.0	0.0
88.56	2.89922E-40	0.0	0.0
88.58	2.55138E-40	0.0	0.0
88.6	2.22916E-40	0.0	0.0
88.62	1.93134E-40	0.0	0.0
88.64	1.65671E-40	0.0	0.0
88.66	1.40406E-40	0.0	0.0
88.68	1.17223E-40	0.0	0.0
88.7	9.60086E-41	0.0	0.0
88.72	7.66503E-41	0.0	0.0
88.74	5.90399E-41	0.0	0.0
88.76	4.30723E-41	0.0	0.0
88.78	2.8646E-41	0.0	0.0
88.8	1.56628E-41	0.0	0.0
88.82	4.02838E-42	0.0	0.0
88.84	-6.34809E-42	0.0	0.0
88.86	-1.55535E-41	0.0	0.0
88.88	-2.36711E-41	0.0	0.0
88.9	-3.07802E-41	0.0	0.0
88.92	-3.69566E-41	0.0	0.0
88.94	-4.22722E-41	0.0	0.0
88.96	-4.67954E-41	0.0	0.0
88.98	-5.05908E-41	0.0	0.0
89	-5.37197E-41	0.0	0.0
89.02	-5.62398E-41	0.0	0.0
89.04	-5.82057E-41	0.0	0.0
89.06	-5.96686E-41	0.0	0.0
89.08	-6.06764E-41	0.0	0.0
89.1	-6.12742E-41	0.0	0.0
89.12	-6.15042E-41	0.0	0.0
89.14	-6.14056E-41	0.0	0.0
89.16	-6.10151E-41	0.0	0.0
89.18	-6.03667E-41	0.0	0.0
89.2	-5.9492E-41	0.0	0.0
89.22	-5.84201E-41	0.0	0.0
89.24	-5.71782E-41	0.0	0.0
89.26	-5.57909E-41	0.0	0.0
89.28	-5.42812E-41	0.0	0.0
89.3	-5.26701E-41	0.0	0.0
89.32	-5.09766E-41	0.0	0.0
89.34	-4.92182E-41	0.0	0.0
89.36	-4.74107E-41	0.0	0.0
89.38	-4.55685E-41	0.0	0.0
89.4	-4.37046E-41	0.0	0.0
89.42	-4.18305E-41	0.0	0.0
89.44	-3.99566E-41	0.0	0.0
89.46	-3.80922E-41	0.0	0.0
89.48	-3.62455E-41	0.0	0.0
89.5	-3.44236E-41	0.0	0.0
89.52	-3.26329E-41	0.0	0.0
89.54	-3.08788E-41	0.0	0.0
89.56	-2.91659E-41	0.0	0.0
89.58	-2.74982E-41	0.0	0.0
89.6	-2.58789E-41	0.0	0.0
89.62	-2.43107E-41	0.0	0.0
89.64	-2.27958E-41	0.0	0.0
89.66	-2.13357E-41	0.0	0.0
89.68	-1.99317E-41	0.0	0.0
89.7	-1.85845E-41	0.0	0.0
89.72	-1.72946E-41	0.0	0.0
89.74	-1.60619E-41	0.0	0.0
89.76	-1.48864E-41	0.0	0.0
89.78	-1.37674E-41	0.0	0.0
89.8	-1.27043E-41	0.0	0.0
89.82	-1.16962E-41	0.0	0.0
89.84	-1.0742E-41	0.0	0.0
89.86	-9.84046E-42	0.0	0.0
89.88	-8.99025E-42	0.0	0.0
89.9	-8.18989E-42	0.0	0.0
89.92	-7.43785E-42	0.0	0.0
89.94	-6.7325E-42	0.0	0.0
89.96	-6.07218E-42	0.0	0.0
89.98	-5.45517E-42	0.0	0.0
90	-4.87974E-42	0.0	0.0
90.02	-4.34413E-42	0.0	0.0
90.04	-3.8466E-42	0.0	0.0
90.06	-3.38539E-42	0.0	0.0
90.08	-2.95876E-42	0.0	0.0
90.1	-2.565E-42	0.0	0.0
90.12	-2.20241E-42	0.0	0.0
90.14	-1.86933E-42	0.0	0.0
90.16	-1.56415E-42	0.0	0.0
90.18	-1.28529E-42	0.0	0.0
90.2	-1.03119E-42	0.0	0.0
90.22	-8.00376E-43	0.0	0.0
90.24	-5.91405E-43	0.0	0.0
90.26	-4.02886E-43	0.0	0.0
90.28	-2.3348E-43	0.0	0.0
90.3	-8.19018E-44	0.0	0.0
90.32	5.30786E-44	0.0	0.0
90.34	1.72639E-43	0.0	0.0
90.36	2.77903E-43	0.0	0.0
90.38	3.69941E-43	0.0	0.0
90.4	4.49769E-43	0.0	0.0
90.42	5.18353E-43	0.0	0.0
90.44	5.76606E-43	0.0	0.0
90.46	6.25393E-43	0.0	0.0
90.48	6.65528E-43	0.0	0.0
90.5	6.97779E-43	0.0	0.0
90.52	7.22868E-43	0.0	0.0
90.54	7.4147E-43	0.0	0.0
90.56	7.5422E-43	0.0	0.0
90.58	7.61711E-43	0.0	0.0
90.6	7.64496E-43	0.0	0.0
90.62	7.63087E-43	0.0	0.0
90.64	7.57966E-43	0.0	0.0
90.66	7.49573E-43	0.0	0.0
90.68	7.3832E-43	0.0	0.0
90.7	7.24586E-43	0.0	0.0
90.72	7.08718E-43	0.0	0.0
90.74	6.91039E-43	0.0	0.0
90.76	6.71841E-43	0.0	0.0
90.78	6.51392E-43	0.0	0.0
90.8	6.29939E-43	0.0	0.0
90.82	6.07702E-43	0.0	0.0
90.84	5.84883E-43	0.0	0.0
90.86	5.61664E-43	0.0	0.0
90.88	5.38208E-43	0.0	0.0
90.9	5.14661E-43	0.0	0.0
90.92	4.91153E-43	0.0	0.0
90.94	4.678E-43	0.0	0.0
90.96	4.44703E-43	0.0	0.0
90.98	4.21951E-43	0.0	0.0
91	3.99621E-43	0.0	0.0
91.02	3.77779E-43	0.0	0.0
91.04	3.56481E-43	0.0	0.0
91.06	3.35775E-43	0.0	0.0
91.08	3.157E-43	0.0	0.0
91.1	2.96286E-43	0.0	0.0
91.12	2.77559E-43	0.0	0.0
91.14	2.59535E-43	0.0	0.0
91.16	2.42229E-43	0.0	0.0
91.18	2.25646E-43	0.0	0.0
91.2	2.0979E-43	0.0	0.0
91.22	1.9466E-43	0.0	0.0
91.24	1.80251E-43	0.0	0.0
91.26	1.66555E-43	0.0	0.0
91.28	1.53562E-43	0.0	0.0
91.3	1.41258E-43	0.0	0.0
91.32	1.29628E-43	0.0	0.0
91.34	1.18656E-43	0.0	0.0
91.36	1.08323E-43	0.0	0.0
91.38	9.86097E-44	0.0	0.0
91.4	8.94955E-44	0.0	0.0
91.42	8.09592E-44	0.0	0.0
91.44	7.2979E-44	0.0	0.0
91.46	6.55329E-44	0.0	0.0
91.48	5.85983E-44	0.0	0.0
91.5	5.21528E-44	0.0	0.0
91.52	4.61739E-44	0.0	0.0
91.54	4.06393E-44	0.0	0.0
91.56	3.5527E-44	0.0	0.0
91.58	3.08152E-44	0.0	0.0
91.6	2.64827E-44	0.0	0.0
91.62	2.25084E-44	0.0	0.0
91.64	1.88722E-44	0.0	0.0
91.66	1.55543E-44	0.0	0.0
91.68	1.25354E-44	0.0	0.0
91.7	9.79714E-45	0.0	0.0
91.72	7.3216E-45	0.0	0.0
91.74	5.09159E-45	0.0	0.0
91.76	3.09063E-45	0.0	0.0
91.78	1.3029E-45	0.0	0.0
91.8	-2.86684E-46	0.0	0.0
91.82	-1.69254E-45	0.0	0.0
91.84	-2.92839E-45	0.0	0.0
91.86	-4.00726E-45	0.0	0.0
91.88	-4.9415E-45	0.0	0.0
91.9	-5.74283E-45	0.0	0.0
91.92	-6.42228E-45	0.0	0.0
91.94	-6.99028E-45	0.0	0.0
91.96	-7.45665E-45	0.0	0.0
91.98	-7.83059E-45	0.0	0.0
92	-8.12077E-45	0.0	0.0
92.02	-8.33525E-45	0.0	0.0
92.04	-8.48161E-45	0.0	0.0
92.06	-8.5669E-45	0.0	0.0
92.08	-8.59767E-45	0.0	0.0
92.1	-8.58003E-45	0.0	0.0
92.12	-8.51961E-45	0.0	0.0
92.14	-8.42165E-45	0.0	0.0
92.16	-8.29096E-45	0.0	0.0
92.18	-8.13198E-45	0.0	0.0
92.2	-7.9488E-45	0.0	0.0
92.22	-7.74516E-45	0.0	0.0
92.24	-7.52446E-45	0.0	0.0
92.26	-7.28982E-45	0.0	0.0
92.28	-7.04408E-45	0.0	0.0
92.3	-6.78979E-45	0.0	0.0
92.32	-6.52926E-45	0.0	0.0
92.34	-6.26459E-45	0.0	0.0
92.36	-5.99763E-45	0.0	0.0
92.38	-5.73004E-45	0.0	0.0
92.4	-5.46329E-45	0.0	0.0
92.42	-5.19869E-45	0.0	0.0
92.44	-4.93738E-45	0.0	0.0
92.46	-4.68035E-45	0.0	0.0
92.48	-4.42845E-45	0.0	0.0
92.5	-4.18241E-45	0.0	0.0
92.52	-3.94285E-45	0.0	0.0
92.54	-3.71027E-45	0.0	0.0
92.56	-3.4851E-45	0.0	0.0
92.58	-3.26766E-45	0.0	0.0
92.6	-3.05821E-45	0.0	0.0
92.62	-2.85691E-45	0.0	0.0
92.64	-2.66389E-45	0.0	0.0
92.66	-2.4792E-45	0.0	0.0
92.68	-2.30286E-45	0.0	0.0
92.7	-2.13483E-45	0.0	0.0
92.72	-1.97503E-45	0.0	0.0
92.74	-1.82335E-45	0.0	0.0
92.76	-1.67965E-45	0.0	0.0
92.78	-1.54377E-45	0.0	0.0
92.8	-1.41551E-45	0.0	0.0
92.82	-1.29467E-45	0.0	0.0
92.84	-1.18103E-45	0.0	0.0
92.86	-1.07435E-45	0.0	0.0
92.88	-9.74398E-46	0.0	0.0
92.9	-8.80911E-46	0.0	0.0
92.92	-7.93636E-46	0.0	0.0
92.94	-7.12316E-46	0.0	0.0
92.96	-6.36688E-46	0.0	0.0
92.98	-5.66492E-46	0.0	0.0
93	-5.01468E-46	0.0	0.0
93.02	-4.41362E-46	0.0	0.0
93.04	-3.85919E-46	0.0	0.0
93.06	-3.34891E-46	0.0	0.0
93.08	-2.88036E-46	0.0	0.0
93.1	-2.45117E-46	0.0	0.0
93.12	-2.05903E-46	0.0	0.0
93.14	-1.70173E-46	0.0	0.0
93.16	-1.37709E-46	0.0	0.0
93.18	-1.08305E-46	0.0	0.0
93.2	-8.17596E-47	0.0	0.0
93.22	-5.78816E-47	0.0	0.0
93.24	-3.6487E-47	0.0	0.0
93.26	-1.74001E-47	0.0	0.0
93.28	-4.53438E-49	0.0	0.0
93.3	1.45123E-47	0.0	0.0
93.32	2.76486E-47	0.0	0.0
93.34	3.90989E-47	0.0	0.0
93.36	4.8999E-47	0.0	0.0
93.38	5.74771E-47	0.0	0.0
93.4	6.4654E-47	0.0	0.0
93.42	7.06436E-47	0.0	0.0
93.44	7.55525E-47	0.0	0.0
93.46	7.94809E-47	0.0	0.0
93.48	8.25224E-47	0.0	0.0
93.5	8.47646E-47	0.0	0.0
93.52	8.6289E-47	0.0	0.0
93.54	8.71714E-47	0.0	0.0
93.56	8.74822E-47	0.0	0.0
93.58	8.72868E-47	0.0	0.0
93.6	8.66455E-47	0.0	0.0
93.62	8.5614E-47	0.0	0.0
93.64	8.42436E-47	0.0	0.0
93.66	8.25813E-47	0.0	0.0
93.68	8.06703E-47	0.0	0.0
93.7	7.855E-47	0.0	0.0
93.72	7.62564E-47	0.0	0.0
93.74	7.38221E-47	0.0	0.0
93.76	7.12768E-47	0.0	0.0
93.78	6.86471E-47	0.0	0.0
93.8	6.59572E-47	0.0	0.0
93.82	6.32285E-47	0.0	0.0
93.84	6.04804E-47	0.0	0.0
93.86	5.77298E-47	0.0	0.0
93.88	5.4992E-47	0.0	0.0
93.9	5.22802E-47	0.0	0.0
93.92	4.96059E-47	0.0	0.0
93.94	4.69791E-47	0.0	0.0
93.96	4.44085E-47	0.0	0.0
93.98	4.19012E-47	0.0	0.0
94	3.94634E-47	0.0	0.0
94.02	3.71E-47	0.0	0.0
94.04	3.48151E-47	0.0	0.0
94.06	3.26118E-47	0.0	0.0
94.08	3.04922E-47	0.0	0.0
94.1	2.84581E-47	0.0	0.0
94.12	2.65104E-47	0.0	0.0
94.14	2.46494E-47	0.0	0.0
94.16	2.28749E-47	0.0	0.0
94.18	2.11864E-47	0.0	0.0
94.2	1.95828E-47	0.0	0.0
94.22	1.80628E-47	0.0	0.0
94.24	1.66248E-47	0.0	0.0
94.26	1.52669E-47	0.0	0.0
94.28	1.39869E-47	0.0	0.0
94.3	1.27827E-47	0.0	0.0
94.32	1.16518E-47	0.0	0.0
94.34	1.05916E-47	0.0	0.0
94.36	9.59962E-48	0.0	0.0
94.38	8.67311E-48	0.0	0.0
94.4	7.80937E-48	0.0	0.0
94.42	7.00566E-48	0.0	0.0
94.44	6.25925E-48	0.0	0.0
94.46	5.56741E-48	0.0	0.0
94.48	4.92744E-48	0.0	0.0
94.5	4.33667E-48	0.0	0.0
94.52	3.7925E-48	0.0	0.0
94.54	3.29236E-48	0.0	0.0
94.56	2.83375E-48	0.0	0.0
94.58	2.41426E-48	0.0	0.0
94.6	2.03151E-48	0.0	0.0
94.62	1.68325E-48	0.0	0.0
94.64	1.36727E-48	0.0	0.0
94.66	1.08147E-48	0.0	0.0
94.68	8.23824E-49	0.0	0.0
94.7	5.92389E-49	0.0	0.0
94.72	3.85318E-49	0.0	0.0
94.74	2.00845E-49	0.0	0.0
94.76	3.72912E-50	0.0	0.0
94.78	-1.06937E-49	0.0	0.0
94.8	-2.33351E-49	0.0	0.0
94.82	-3.43379E-49	0.0	0.0
94.84	-4.3837E-49	0.0	0.0
94.86	-5.19594E-49	0.0	0.0
94.88	-5.88246E-49	0.0	0.0
94.9	-6.45448E-49	0.0	0.0
94.92	-6.92253E-49	0.0	0.0
94.94	-7.29642E-49	0.0	0.0
94.96	-7.58534E-49	0.0	0.0
94.98	-7.79784E-49	0.0	0.0
95	-7.94188E-49	0.0	0.0
95.02	-8.02484E-49	0.0	0.0
95.04	-8.05356E-49	0.0	0.0
95.06	-8.03437E-49	0.0	0.0
95.08	-7.97309E-49	0.0	0.0
95.1	-7.8751E-49	0.0	0.0
95.12	-7.74532E-49	0.0	0.0
95.14	-7.58829E-49	0.0	0.0
95.16	-7.40811E-49	0.0	0.0
95.18	-7.20856E-49	0.0	0.0
95.2	-6.99307E-49	0.0	0.0
95.22	-6.76472E-49	0.0	0.0
95.24	-6.52633E-49	0.0	0.0
95.26	-6.28041E-49	0.0	0.0
95.28	-6.02922E-49	0.0	0.0
95.3	-5.7748E-49	0.0	0.0
95.32	-5.51893E-49	0.0	0.0
95.34	-5.2632E-49	0.0	0.0
95.36	-5.00902E-49	0.0	0.0
95.38	-4.75761E-49	0.0	0.0
95.4	-4.51003E-49	0.0	0.0
95.42	-4.26719E-49	0.0	0.0
95.44	-4.02987E-49	0.0	0.0
95.46	-3.79872E-49	0.0	0.0
95.48	-3.5743E-49	0.0	0.0
95.5	-3.35702E-49	0.0	0.0
95.52	-3.14725E-49	0.0	0.0
95.54	-2.94525E-49	0.0	0.0
95.56	-2.75121E-49	0.0	0.0
95.58	-2.56524E-49	0.0	0.0
95.6	-2.38741E-49	0.0	0.0
95.62	-2.21773E-49	0.0	0.0
95.64	-2.05617E-49	0.0	0.0
95.66	-1.90264E-49	0.0	0.0
95.68	-1.75703E-49	0.0	0.0
95.7	-1.61921E-49	0.0	0.0
95.72	-1.489E-49	0.0	0.0
95.74	-1.36621E-49	0.0	0.0
95.76	-1.25063E-49	0.0	0.0
95.78	-1.14204E-49	0.0	0.0
95.8	-1.0402E-49	0.0	0.0
95.82	-9.44856E-50	0.0	0.0
95.84	-8.55768E-50	0.0	0.0
95.86	-7.72675E-50	0.0	0.0
95.88	-6.95317E-50	0.0	0.0
95.9	-6.23435E-50	0.0	0.0
95.92	-5.56769E-50	0.0	0.0
95.94	-4.95061E-50	0.0	0.0
95.96	-4.38058E-50	0.0	0.0
95.98	-3.8551E-50	0.0	0.0
96	-3.37173E-50	0.0	0.0
96.02	-2.92808E-50	0.0	0.0
96.04	-2.52184E-50	0.0	0.0
96.06	-2.15074E-50	0.0	0.0
96.08	-1.81263E-50	0.0	0.0
96.1	-1.50539E-50	0.0	0.0
96.12	-1.22703E-50	0.0	0.0
96.14	-9.75592E-51	0.0	0.0
96.16	-7.49237E-51	0.0	0.0
96.18	-5.46194E-51	0.0	0.0
96.2	-3.64777E-51	0.0	0.0
96.22	-2.03383E-51	0.0	0.0
96.24	-6.04909E-52	0.0	0.0
96.26	6.53413E-52	0.0	0.0
96.28	1.75476E-51	0.0	0.0
96.3	2.71199E-51	0.0	0.0
96.32	3.53723E-51	0.0	0.0
96.34	4.24184E-51	0.0	0.0
96.36	4.83653E-51	0.0	0.0
96.38	5.33131E-51	0.0	0.0
96.4	5.73552E-51	0.0	0.0
96.42	6.05792E-51	0.0	0.0
96.44	6.30662E-51	0.0	0.0
96.46	6.4892E-51	0.0	0.0
96.48	6.61268E-51	0.0	0.0
96.5	6.68356E-51	0.0	0.0
96.52	6.70784E-51	0.0	0.0
96.54	6.69106E-51	0.0	0.0
96.56	6.63833E-51	0.0	0.0
96.58	6.55433E-51	0.0	0.0
96.6	6.44335E-51	0.0	0.0
96.62	6.30931E-51	0.0	0.0
96.64	6.15578E-51	0.0	0.0
96.66	5.98601E-51	0.0	0.0
96.68	5.80296E-51	0.0	0.0
96.7	5.60928E-51	0.0	0.0
96.72	5.40737E-51	0.0	0.0
96.74	5.19939E-51	0.0	0.0
96.76	4.98726E-51	0.0	0.0
96.78	4.7727E-51	0.0	0.0
96.8	4.55722E-51	0.0	0.0
96.82	4.34216E-51	0.0	0.0
96.84	4.1287E-51	0.0	0.0
96.86	3.91786E-51	0.0	0.0
96.88	3.71052E-51	0.0	0.0
96.9	3.50743E-51	0.0	0.0
96.92	3.30923E-51	0.0	0.0
96.94	3.11645E-51	0.0	0.0
96.96	2.92953E-51	0.0	0.0
96.98	2.74882E-51	0.0	0.0
97	2.57459E-51	0.0	0.0
97.02	2.40703E-51	0.0	0.0
97.04	2.2463E-51	0.0	0.0
97.06	2.09247E-51	0.0	0.0
97.08	1.94557E-51	0.0	0.0
97.1	1.8056E-51	0.0	0.0
97.12	1.6725E-51	0.0	0.0
97.14	1.54619E-51	0.0	0.0
97.16	1.42657E-51	0.0	0.0
97.18	1.31349E-51	0.0	0.0
97.2	1.20681E-51	0.0	0.0
97.22	1.10634E-51	0.0	0.0
97.24	1.0119E-51	0.0	0.0
97.26	9.23284E-52	0.0	0.0
97.28	8.40292E-52	0.0	0.0
97.3	7.62707E-52	0.0	0.0
97.32	6.90307E-52	0.0	0.0
97.34	6.22871E-52	0.0	0.0
97.36	5.60175E-52	0.0	0.0
97.38	5.01996E-52	0.0	0.0
97.4	4.48111E-52	0.0	0.0
97.42	3.98303E-52	0.0	0.0
97.44	3.52354E-52	0.0	0.0
97.46	3.10054E-52	0.0	0.0
97.48	2.71196E-52	0.0	0.0
97.5	2.3558E-52	0.0	0.0
97.52	2.0301E-52	0.0	0.0
97.54	1.733E-52	0.0	0.0
97.56	1.46266E-52	0.0	0.0
97.58	1.21735E-52	0.0	0.0
97.6	9.95393E-53	0.0	0.0
97.62	7.9518E-53	0.0	0.0
97.64	6.15182E-53	0.0	0.0
97.66	4.53942E-53	0.0	0.0
97.68	3.10071E-53	0.0	0.0
97.7	1.82253E-53	0.0	0.0
97.72	6.92414E-54	0.0	0.0
97.74	-3.01418E-54	0.0	0.0
97.76	-1.17008E-53	0.0	0.0
97.78	-1.92405E-53	0.0	0.0
97.8	-2.57316E-53	0.0	0.0
97.82	-3.12663E-53	0.0	0.0
97.84	-3.59312E-53	0.0	0.0
97.86	-3.98069E-53	0.0	0.0
97.88	-4.29688E-53	0.0	0.0
97.9	-4.54872E-53	0.0	0.0
97.92	-4.74272E-53	0.0	0.0
97.94	-4.88493E-53	0.0	0.0
97.96	-4.98095E-53	0.0	0.0
97.98	-5.03597E-53	0.0	0.0
98	-5.05475E-53	0.0	0.0
98.02	-5.04169E-53	0.0	0.0
98.04	-5.00082E-53	0.0	0.0
98.06	-4.93583E-53	0.0	0.0
98.08	-4.85011E-53	0.0	0.0
98.1	-4.74672E-53	0.0	0.0
98.12	-4.62848E-53	0.0	0.0
98.14	-4.49792E-53	0.0	0.0
98.16	-4.35733E-53	0.0	0.0
98.18	-4.20879E-53	0.0	0.0
98.2	-4.05415E-53	0.0	0.0
98.22	-3.89508E-53	0.0	0.0
98.24	-3.73306E-53	0.0	0.0
98.26	-3.56939E-53	0.0	0.0
98.28	-3.40526E-53	0.0	0.0
98.3	-3.24167E-53	0.0	0.0
98.32	-3.07951E-53	0.0	0.0
98.34	-2.91956E-53	0.0	0.0
98.36	-2.76248E-53	0.0	0.0
98.38	-2.60883E-53	0.0	0.0
98.4	-2.45908E-53	0.0	0.0
98.42	-2.31363E-53	0.0	0.0
98.44	-2.17278E-53	0.0	0.0
98.46	-2.0368E-53	0.0	0.0
98.48	-1.90587E-53	0.0	0.0
98.5	-1.78014E-53	0.0	0.0
98.52	-1.65968E-53	0.0	0.0
98.54	-1.54455E-53	0.0	0.0
98.56	-1.43475E-53	0.0	0.0
98.58	-1.33028E-53	0.0	0.0
98.6	-1.23107E-53	0.0	0.0
98.62	-1.13705E-53	0.0	0.0
98.64	-1.04812E-53	0.0	0.0
98.66	-9.64176E-54	0.0	0.0
98.68	-8.85081E-54	0.0	0.0
98.7	-8.10696E-54	0.0	0.0
98.72	-7.40868E-54	0.0	0.0
98.74	-6.75439E-54	0.0	0.0
98.76	-6.14242E-54	0.0	0.0
98.78	-5.57108E-54	0.0	0.0
98.8	-5.03866E-54	0.0	0.0
98.82	-4.5434E-54	0.0	0.0
98.84	-4.08357E-54	0.0	0.0
98.86	-3.65745E-54	0.0	0.0
98.88	-3.26331E-54	0.0	0.0
98.9	-2.89947E-54	0.0	0.0
98.92	-2.56428E-54	0.0	0.0
98.94	-2.25612E-54	0.0	0.0
98.96	-1.97342E-54	0.0	0.0
98.98	-1.71466E-54	0.0	0.0
99	-1.47834E-54	0.0	0.0
99.02	-1.26306E-54	0.0	0.0
99.04	-1.06744E-54	0.0	0.0
99.06	-8.90162E-55	0.0	0.0
99.08	-7.29976E-55	0.0	0.0
99.1	-5.85678E-55	0.0	0.0
99.12	-4.56123E-55	0.0	0.0
99.14	-3.40224E-55	0.0	0.0
99.16	-2.36947E-55	0.0	0.0
99.18	-1.45317E-55	0.0	0.0
99.2	-6.44085E-56	0.0	0.0
99.22	6.64852E-57	0.0	0.0
99.24	6.86742E-56	0.0	0.0
99.26	1.22439E-55	0.0	0.0
99.28	1.68666E-55	0.0	0.0
99.3	2.0803E-55	0.0	0.0
99.32	2.41165E-55	0.0	0.0
99.34	2.68659E-55	0.0	0.0
99.36	2.91061E-55	0.0	0.0
99.38	3.08882E-55	0.0	0.0
99.4	3.22594E-55	0.0	0.0
99.42	3.32634E-55	0.0	0.0
99.44	3.39408E-55	0.0	0.0
99.46	3.43287E-55	0.0	0.0
99.48	3.44616E-55	0.0	0.0
99.5	3.43709E-55	0.0	0.0
99.52	3.40855E-55	0.0	0.0
99.54	3.36317E-55	0.0	0.0
99.56	3.30337E-55	0.0	0.0
99.58	3.23131E-55	0.0	0.0
99.6	3.149E-55	0.0	0.0
99.62	3.05823E-55	0.0	0.0
99.64	2.9606E-55	0.0	0.0
99.66	2.85759E-55	0.0	0.0
99.68	2.75048E-55	0.0	0.0
99.7	2.64045E-55	0.0	0.0
99.72	2.52852E-55	0.0	0.0
99.74	2.41561E-55	0.0	0.0
99.76	2.30253E-55	0.0	0.0
99.78	2.18996E-55	0.0	0.0
99.8	2.07854E-55	0.0	0.0
99.82	1.96877E-55	0.0	0.0
99.84	1.86112E-55	0.0	0.0
99.86	1.75595E-55	0.0	0.0
99.88	1.6536E-55	0.0	0.0
99.9	1.55431E-55	0.0	0.0
99.92	1.4583E-55	0.0	0.0
99.94	1.36573E-55	0.0	0.0
99.96	1.27671E-55	0.0	0.0
99.98	1.19134E-55	0.0	0.0
100	1.10966E-55	0.0	0.0
100.02	1.0317E-55	0.0	0.0
100.04	9.57454E-56	0.0	0.0
100.06	8.86897E-56	0.0	0.0
100.08	8.19986E-56	0.0	0.0
100.1	7.56661E-56	0.0	0.0
100.12	6.96846E-56	0.0	0.0
100.14	6.40457E-56	0.0	0.0
100.16	5.87398E-56	0.0	0.0
100.18	5.37564E-56	0.0	0.0
100.2	4.90846E-56	0.0	0.0
100.22	4.4713E-56	0.0	0.0
100.24	4.06296E-56	0.0	0.0
100.26	3.68224E-56	0.0	0.0
100.28	3.32793E-56	0.0	0.0
100.3	2.99879E-56	0.0	0.0
100.32	2.6936E-56	0.0	0.0
100.34	2.41116E-56	0.0	0.0
100.36	2.15027E-56	0.0	0.0
100.38	1.90976E-56	0.0	0.0
100.4	1.68848E-56	0.0	0.0
100.42	1.48531E-56	0.0	0.0
100.44	1.29918E-56	0.0	0.0
100.46	1.12903E-56	0.0	0.0
100.48	9.73853E-57	0.0	0.0
100.5	8.32673E-57	0.0	0.0
100.52	7.04556E-57	0.0	0.0
100.54	5.88609E-57	0.0	0.0
100.56	4.83978E-57	0.0	0.0
100.58	3.89848E-57	0.0	0.0
100.6	3.05447E-57	0.0	0.0
100.62	2.30041E-57	0.0	0.0
100.64	1.62937E-57	0.0	0.0
100.66	1.03476E-57	0.0	0.0
100.68	5.10421E-58	0.0	0.0
100.7	5.05174E-59	0.0	0.0
100.72	-3.50417E-58	0.0	0.0
100.74	-6.97511E-58	0.0	0.0
100.76	-9.95563E-58	0.0	0.0
100.78	-1.24906E-57	0.0	0.0
100.8	-1.46217E-57	0.0	0.0
100.82	-1.6388E-57	0.0	0.0
100.84	-1.78255E-57	0.0	0.0
100.86	-1.89678E-57	0.0	0.0
100.88	-1.98459E-57	0.0	0.0
100.9	-2.04884E-57	0.0	0.0
100.92	-2.09218E-57	0.0	0.0
100.94	-2.11703E-57	0.0	0.0
100.96	-2.12563E-57	0.0	0.0
100.98	-2.12001E-57	0.0	0.0
101	-2.10205E-57	0.0	0.0
101.02	-2.07345E-57	0.0	0.0
101.04	-2.03576E-57	0.0	0.0
101.06	-1.99038E-57	0.0	0.0
101.08	-1.93859E-57	0.0	0.0
101.1	-1.88153E-57	0.0	0.0
101.12	-1.82024E-57	0.0	0.0
101.14	-1.75563E-57	0.0	0.0
101.16	-1.68855E-57	0.0	0.0
101.18	-1.61971E-57	0.0	0.0
101.2	-1.54978E-57	0.0	0.0
101.22	-1.47932E-57	0.0	0.0
101.24	-1.40884E-57	0.0	0.0
101.26	-1.33879E-57	0.0	0.0
101.28	-1.26952E-57	0.0	0.0
101.3	-1.20138E-57	0.0	0.0
101.32	-1.13464E-57	0.0	0.0
101.34	-1.06952E-57	0.0	0.0
101.36	-1.00623E-57	0.0	0.0
101.38	-9.44917E-58	0.0	0.0
101.4	-8.85703E-58	0.0	0.0
101.42	-8.28685E-58	0.0	0.0
101.44	-7.73932E-58	0.0	0.0
101.46	-7.21488E-58	0.0	0.0
101.48	-6.71381E-58	0.0	0.0
101.5	-6.23616E-58	0.0	0.0
101.52	-5.78188E-58	0.0	0.0
101.54	-5.35075E-58	0.0	0.0
101.56	-4.94243E-58	0.0	0.0
101.58	-4.55651E-58	0.0	0.0
101.6	-4.19246E-58	0.0	0.0
101.62	-3.84972E-58	0.0	0.0
101.64	-3.52765E-58	0.0	0.0
101.66	-3.22556E-58	0.0	0.0
101.68	-2.94273E-58	0.0	0.0
101.7	-2.67842E-58	0.0	0.0
101.72	-2.43187E-58	0.0	0.0
101.74	-2.2023E-58	0.0	0.0
101.76	-1.98893E-58	0.0	0.0
101.78	-1.79099E-58	0.0	0.0
101.8	-1.6077E-58	0.0	0.0
101.82	-1.43829E-58	0.0	0.0
101.84	-1.28201E-58	0.0	0.0
101.86	-1.13813E-58	0.0	0.0
101.88	-1.00593E-58	0.0	0.0
101.9	-8.84715E-59	0.0	0.0
101.92	-7.73808E-59	0.0	0.0
101.94	-6.72557E-59	0.0	0.0
101.96	-5.80337E-59	0.0	0.0
101.98	-4.96545E-59	0.0	0.0
102	-4.20607E-59	0.0	0.0
102.02	-3.51971E-59	0.0	0.0
102.04	-2.90115E-59	0.0	0.0
102.06	-2.34539E-59	0.0	0.0
102.08	-1.84772E-59	0.0	0.0
102.1	-1.40367E-59	0.0	0.0
102.12	-1.00901E-59	0.0	0.0
102.14	-6.59749E-60	0.0	0.0
102.16	-3.52153E-60	0.0	0.0
102.18	-8.26984E-61	0.0	0.0
102.2	1.51914E-60	0.0	0.0
102.22	3.54771E-60	0.0	0.0
102.24	5.28754E-60	0.0	0.0
102.26	6.76553E-60	0.0	0.0
102.28	8.00666E-60	0.0	0.0
102.3	9.03417E-60	0.0	0.0
102.32	9.86958E-60	0.0	0.0
102.34	1.05328E-59	0.0	0.0
102.36	1.10423E-59	0.0	0.0
102.38	1.1415E-59	0.0	0.0
102.4	1.16664E-59	0.0	0.0
102.42	1.1811E-59	0.0	0.0
102.44	1.18618E-59	0.0	0.0
102.46	1.18308E-59	0.0	0.0
102.48	1.17289E-59	0.0	0.0
102.5	1.15662E-59	0.0	0.0
102.52	1.13516E-59	0.0	0.0
102.54	1.10934E-59	0.0	0.0
102.56	1.07988E-59	0.0	0.0
102.58	1.04745E-59	0.0	0.0
102.6	1.01265E-59	0.0	0.0
102.62	9.76018E-60	0.0	0.0
102.64	9.38017E-60	0.0	0.0
102.66	8.99071E-60	0.0	0.0
102.68	8.59551E-60	0.0	0.0
102.7	8.19784E-60	0.0	0.0
102.72	7.80055E-60	0.0	0.0
102.74	7.40611E-60	0.0	0.0
102.76	7.01664E-60	0.0	0.0
102.78	6.63397E-60	0.0	0.0
102.8	6.25963E-60	0.0	0.0
102.82	5.89491E-60	0.0	0.0
102.84	5.54084E-60	0.0	0.0
102.86	5.19828E-60	0.0	0.0
102.88	4.86789E-60	0.0	0.0
102.9	4.55016E-60	0.0	0.0
102.92	4.24545E-60	0.0	0.0
102.94	3.95398E-60	0.0	0.0
102.96	3.67585E-60	0.0	0.0
102.98	3.41108E-60	0.0	0.0
103	3.15959E-60	0.0	0.0
103.02	2.92123E-60	0.0	0.0
103.04	2.69578E-60	0.0	0.0
103.06	2.48297E-60	0.0	0.0
103.08	2.28249E-60	0.0	0.0
103.1	2.09399E-60	0.0	0.0
103.12	1.91709E-60	0.0	0.0
103.14	1.75139E-60	0.0	0.0
103.16	1.59645E-60	0.0	0.0
103.18	1.45185E-60	0.0	0.0
103.2	1.31715E-60	0.0	0.0
103.22	1.19188E-60	0.0	0.0
103.24	1.07561E-60	0.0	0.0
103.26	9.67889E-61	0.0	0.0
103.28	8.68268E-61	0.0	0.0
103.3	7.76315E-61	0.0	0.0
103.32	6.91602E-61	0.0	0.0
103.34	6.13711E-61	0.0	0.0
103.36	5.42237E-61	0.0	0.0
103.38	4.76787E-61	0.0	0.0
103.4	4.16981E-61	0.0	0.0
103.42	3.62454E-61	0.0	0.0
103.44	3.12854E-61	0.0	0.0
103.46	2.67847E-61	0.0	0.0
103.48	2.2711E-61	0.0	0.0
103.5	1.90338E-61	0.0	0.0
103.52	1.57241E-61	0.0	0.0
103.54	1.27543E-61	0.0	0.0
103.56	1.00983E-61	0.0	0.0
103.58	7.73146E-62	0.0	0.0
103.6	5.6305E-62	0.0	0.0
103.62	3.7736E-62	0.0	0.0
103.64	2.14023E-62	0.0	0.0
103.66	7.11146E-63	0.0	0.0
103.68	-5.31638E-63	0.0	0.0
103.7	-1.60493E-62	0.0	0.0
103.72	-2.52439E-62	0.0	0.0
103.74	-3.30458E-62	0.0	0.0
103.76	-3.95904E-62	0.0	0.0
103.78	-4.50032E-62	0.0	0.0
103.8	-4.94E-62	0.0	0.0
103.82	-5.2888E-62	0.0	0.0
103.84	-5.5566E-62	0.0	0.0
103.86	-5.75248E-62	0.0	0.0
103.88	-5.88477E-62	0.0	0.0
103.9	-5.96112E-62	0.0	0.0
103.92	-5.9885E-62	0.0	0.0
103.94	-5.97328E-62	0.0	0.0
103.96	-5.92125E-62	0.0	0.0
103.98	-5.83767E-62	0.0	0.0
104	-5.72731E-62	0.0	0.0
104.02	-5.59447E-62	0.0	0.0
104.04	-5.44301E-62	0.0	0.0
104.06	-5.27641E-62	0.0	0.0
104.08	-5.09778E-62	0.0	0.0
104.1	-4.9099E-62	0.0	0.0
104.12	-4.71522E-62	0.0	0.0
104.14	-4.51592E-62	0.0	0.0
104.16	-4.31393E-62	0.0	0.0
104.18	-4.11091E-62	0.0	0.0
104.2	-3.90833E-62	0.0	0.0
104.22	-3.70744E-62	0.0	0.0
104.24	-3.50934E-62	0.0	0.0
104.26	-3.31493E-62	0.0	0.0
104.28	-3.125E-62	0.0	0.0
104.3	-2.94017E-62	0.0	0.0
104.32	-2.76098E-62	0.0	0.0
104.34	-2.58784E-62	0.0	0.0
104.36	-2.42105E-62	0.0	0.0
104.38	-2.26087E-62	0.0	0.0
104.4	-2.10745E-62	0.0	0.0
104.42	-1.96088E-62	0.0	0.0
104.44	-1.82121E-62	0.0	0.0
104.46	-1.68841E-62	0.0	0.0
104.48	-1.56244E-62	0.0	0.0
104.5	-1.4432E-62	0.0	0.0
104.52	-1.33057E-62	0.0	0.0
104.54	-1.22439E-62	0.0	0.0
104.56	-1.12449E-62	0.0	0.0
104.58	-1.03069E-62	0.0	0.0
104.6	-9.4277E-63	0.0	0.0
104.62	-8.60523E-63	0.0	0.0
104.64	-7.83723E-63	0.0	0.0
104.66	-7.1214E-63	0.0	0.0
104.68	-6.4554E-63	0.0	0.0
104.7	-5.83691E-63	0.0	0.0
104.72	-5.26357E-63	0.0	0.0
104.74	-4.73307E-63	0.0	0.0
104.76	-4.24311E-63	0.0	0.0
104.78	-3.79145E-63	0.0	0.0
104.8	-3.37589E-63	0.0	0.0
104.82	-2.9943E-63	0.0	0.0
104.84	-2.6446E-63	0.0	0.0
104.86	-2.32479E-63	0.0	0.0
104.88	-2.03293E-63	0.0	0.0
104.9	-1.76718E-63	0.0	0.0
104.92	-1.52576E-63	0.0	0.0
104.94	-1.30696E-63	0.0	0.0
104.96	-1.10919E-63	0.0	0.0
104.98	-9.30892E-64	0.0	0.0
105	-7.70617E-64	0.0	0.0
105.02	-6.26983E-64	0.0	0.0
105.04	-4.98687E-64	0.0	0.0
105.06	-3.84501E-64	0.0	0.0
105.08	-2.83269E-64	0.0	0.0
105.1	-1.93907E-64	0.0	0.0
105.12	-1.15398E-64	0.0	0.0
105.14	-4.67902E-65	0.0	0.0
105.16	1.28034E-65	0.0	0.0
105.18	6.42104E-65	0.0	0.0
105.2	1.082E-64	0.0	0.0
105.22	1.45487E-64	0.0	0.0
105.24	1.76734E-64	0.0	0.0
105.26	2.02552E-64	0.0	0.0
105.28	2.23508E-64	0.0	0.0
105.3	2.40123E-64	0.0	0.0
105.32	2.52875E-64	0.0	0.0
105.34	2.62205E-64	0.0	0.0
105.36	2.68515E-64	0.0	0.0
105.38	2.72175E-64	0.0	0.0
105.4	2.7352E-64	0.0	0.0
105.42	2.72856E-64	0.0	0.0
105.44	2.70461E-64	0.0	0.0
105.46	2.66586E-64	0.0	0.0
105.48	2.61458E-64	0.0	0.0
105.5	2.55282E-64	0.0	0.0
105.52	2.48243E-64	0.0	0.0
105.54	2.40504E-64	0.0	0.0
105.56	2.32212E-64	0.0	0.0
105.58	2.23499E-64	0.0	0.0
105.6	2.14479E-64	0.0	0.0
105.62	2.05256E-64	0.0	0.0
105.64	1.95917E-64	0.0	0.0
105.66	1.86542E-64	0.0	0.0
105.68	1.77198E-64	0.0	0.0
105.7	1.67943E-64	0.0	0.0
105.72	1.58828E-64	0.0	0.0
105.74	1.49893E-64	0.0	0.0
105.76	1.41175E-64	0.0	0.0
105.78	1.32702E-64	0.0	0.0
105.8	1.24498E-64	0.0	0.0
105.82	1.1658E-64	0.0	0.0
105.84	1.08963E-64	0.0	0.0
105.86	1.01657E-64	0.0	0.0
105.88	9.46676E-65	0.0	0.0
105.9	8.79994E-65	0.0	0.0
105.92	8.16529E-65	0.0	0.0
105.94	7.56268E-65	0.0	0.0
105.96	6.99176E-65	0.0	0.0
105.98	6.45205E-65	0.0	0.0
106	5.9429E-65	0.0	0.0
106.02	5.46355E-65	0.0	0.0
106.04	5.01315E-65	0.0	0.0
106.06	4.59076E-65	0.0	0.0
106.08	4.1954E-65	0.0	0.0
106.1	3.82601E-65	0.0	0.0
106.12	3.48153E-65	0.0	0.0
106.14	3.16087E-65	0.0	0.0
106.16	2.86292E-65	0.0	0.0
106.18	2.58658E-65	0.0	0.0
106.2	2.33075E-65	0.0	0.0
106.22	2.09433E-65	0.0	0.0
106.24	1.87627E-65	0.0	0.0
106.26	1.67552E-65	0.0	0.0
106.28	1.49105E-65	0.0	0.0
106.3	1.32187E-65	0.0	0.0
106.32	1.16703E-65	0.0	0.0
106.34	1.02561E-65	0.0	0.0
106.36	8.96717E-66	0.0	0.0
106.38	7.79502E-66	0.0	0.0
106.4	6.73154E-66	0.0	0.0
106.42	5.76898E-66	0.0	0.0
106.44	4.89998E-66	0.0	0.0
106.46	4.11756E-66	0.0	0.0
106.48	3.4151E-66	0.0	0.0
106.5	2.78637E-66	0.0	0.0
106.52	2.22547E-66	0.0	0.0
106.54	1.72688E-66	0.0	0.0
106.56	1.28539E-66	0.0	0.0
106.58	8.96139E-67	0.0	0.0
106.6	5.54565E-67	0.0	0.0
106.62	2.56421E-67	0.0	0.0
106.64	-2.25579E-69	0.0	0.0
106.66	-2.25148E-67	0.0	0.0
106.68	-4.15677E-67	0.0	0.0
106.7	-5.7701E-67	0.0	0.0
106.72	-7.1208E-67	0.0	0.0
106.74	-8.23591E-67	0.0	0.0
106.76	-9.14036E-67	0.0	0.0
106.78	-9.8571E-67	0.0	0.0
106.8	-1.04072E-66	0.0	0.0
106.82	-1.08098E-66	0.0	0.0
106.84	-1.10827E-66	0.0	0.0
106.86	-1.12419E-66	0.0	0.0
106.88	-1.13021E-66	0.0	0.0
106.9	-1.12764E-66	0.0	0.0
106.92	-1.11771E-66	0.0	0.0
106.94	-1.10149E-66	0.0	0.0
106.96	-1.07996E-66	0.0	0.0
106.98	-1.05402E-66	0.0	0.0
107	-1.02444E-66	0.0	0.0
107.02	-9.91938E-67	0.0	0.0
107.04	-9.57135E-67	0.0	0.0
107.06	-9.20591E-67	0.0	0.0
107.08	-8.82798E-67	0.0	0.0
107.1	-8.44187E-67	0.0	0.0
107.12	-8.05137E-67	0.0	0.0
107.14	-7.65978E-67	0.0	0.0
107.16	-7.26992E-67	0.0	0.0
107.18	-6.88424E-67	0.0	0.0
107.2	-6.5048E-67	0.0	0.0
107.22	-6.13335E-67	0.0	0.0
107.24	-5.77133E-67	0.0	0.0
107.26	-5.41992E-67	0.0	0.0
107.28	-5.08007E-67	0.0	0.0
107.3	-4.7525E-67	0.0	0.0
107.32	-4.43777E-67	0.0	0.0
107.34	-4.13626E-67	0.0	0.0
107.36	-3.8482E-67	0.0	0.0
107.38	-3.57371E-67	0.0	0.0
107.4	-3.3128E-67	0.0	0.0
107.42	-3.06538E-67	0.0	0.0
107.44	-2.83127E-67	0.0	0.0
107.46	-2.61024E-67	0.0	0.0
107.48	-2.40199E-67	0.0	0.0
107.5	-2.20618E-67	0.0	0.0
107.52	-2.02243E-67	0.0	0.0
107.54	-1.85033E-67	0.0	0.0
107.56	-1.68945E-67	0.0	0.0
107.58	-1.53934E-67	0.0	0.0
107.6	-1.39952E-67	0.0	0.0
107.62	-1.26955E-67	0.0	0.0
107.64	-1.14893E-67	0.0	0.0
107.66	-1.0372E-67	0.0	0.0
107.68	-9.33901E-68	0.0	0.0
107.7	-8.38565E-68	0.0	0.0
107.72	-7.50741E-68	0.0	0.0
107.74	-6.69991E-68	0.0	0.0
107.76	-5.95886E-68	0.0	0.0
107.78	-5.28013E-68	0.0	0.0
107.8	-4.65972E-68	0.0	0.0
107.82	-4.09378E-68	0.0	0.0
107.84	-3.57864E-68	0.0	0.0
107.86	-3.11077E-68	0.0	0.0
107.88	-2.6868E-68	0.0	0.0
107.9	-2.30356E-68	0.0	0.0
107.92	-1.958E-68	0.0	0.0
107.94	-1.64725E-68	0.0	0.0
107.96	-1.36862E-68	0.0	0.0
107.98	-1.11953E-68	0.0	0.0
108	-8.9759E-69	0.0	0.0
108.02	-7.00542E-69	0.0	0.0
108.04	-5.26272E-69	0.0	0.0
108.06	-3.72802E-69	0.0	0.0
108.08	-2.38288E-69	0.0	0.0
108.1	-1.21011E-69	0.0	0.0
108.12	-1.93727E-70	0.0	0.0
108.14	6.81116E-70	0.0	0.0
108.16	1.42816E-69	0.0	0.0
108.18	2.06012E-69	0.0	0.0
108.2	2.58874E-69	0.0	0.0
108.22	3.02481E-69	0.0	0.0
108.24	3.3783E-69	0.0	0.0
108.26	3.65831E-69	0.0	0.0
108.28	3.87323E-69	0.0	0.0
108.3	4.03068E-69	0.0	0.0
108.32	4.13764E-69	0.0	0.0
108.34	4.20047E-69	0.0	0.0
108.36	4.22492E-69	0.0	0.0
108.38	4.21622E-69	0.0	0.0
108.4	4.1791E-69	0.0	0.0
108.42	4.11781E-69	0.0	0.0
108.44	4.03619E-69	0.0	0.0
108.46	3.93767E-69	0.0	0.0
108.48	3.82533E-69	0.0	0.0
108.5	3.70189E-69	0.0	0.0
108.52	3.5698E-69	0.0	0.0
108.54	3.43119E-69	0.0	0.0
108.56	3.28797E-69	0.0	0.0
108.58	3.14179E-69	0.0	0.0
108.6	2.99409E-69	0.0	0.0
108.62	2.84613E-69	0.0	0.0
108.64	2.699E-69	0.0	0.0
108.66	2.5536E-69	0.0	0.0
108.68	2.41072E-69	0.0	0.0
108.7	2.27101E-69	0.0	0.0
108.72	2.13502E-69	0.0	0.0
108.74	2.00317E-69	0.0	0.0
108.76	1.8758E-69	0.0	0.0
108.78	1.7532E-69	0.0	0.0
108.8	1.63554E-69	0.0	0.0
108.82	1.52297E-69	0.0	0.0
108.84	1.41555E-69	0.0	0.0
108.86	1.31332E-69	0.0	0.0
108.88	1.21627E-69	0.0	0.0
108.9	1.12435E-69	0.0	0.0
108.92	1.03749E-69	0.0	0.0
108.94	9.55591E-70	0.0	0.0
108.96	8.78521E-70	0.0	0.0
108.98	8.06149E-70	0.0	0.0
109	7.3832E-70	0.0	0.0
109.02	6.74873E-70	0.0	0.0
109.04	6.15637E-70	0.0	0.0
109.06	5.60435E-70	0.0	0.0
109.08	5.09088E-70	0.0	0.0
109.1	4.61413E-70	0.0	0.0
109.12	4.17229E-70	0.0	0.0
109.14	3.76354E-70	0.0	0.0
109.16	3.38609E-70	0.0	0.0
109.18	3.03819E-70	0.0	0.0
109.2	2.71812E-70	0.0	0.0
109.22	2.4242E-70	0.0	0.0
109.24	2.15481E-70	0.0	0.0
109.26	1.90839E-70	0.0	0.0
109.28	1.68342E-70	0.0	0.0
109.3	1.47847E-70	0.0	0.0
109.32	1.29215E-70	0.0	0.0
109.34	1.12314E-70	0.0	0.0
109.36	9.70184E-71	0.0	0.0
109.38	8.3209E-71	0.0	0.0
109.4	7.0773E-71	0.0	0.0
109.42	5.96037E-71	0.0	0.0
109.44	4.96008E-71	0.0	0.0
109.46	4.06696E-71	0.0	0.0
109.48	3.27215E-71	0.0	0.0
109.5	2.56732E-71	0.0	0.0
109.52	1.9447E-71	0.0	0.0
109.54	1.39704E-71	0.0	0.0
109.56	9.17566E-72	0.0	0.0
109.58	5.00001E-72	0.0	0.0
109.6	1.38507E-72	0.0	0.0
109.62	-1.72319E-72	0.0	0.0
109.64	-4.37476E-72	0.0	0.0
109.66	-6.61579E-72	0.0	0.0
109.68	-8.48876E-72	0.0	0.0
109.7	-1.00328E-71	0.0	0.0
109.72	-1.12837E-71	0.0	0.0
109.74	-1.22744E-71	0.0	0.0
109.76	-1.3035E-71	0.0	0.0
109.78	-1.35927E-71	0.0	0.0
109.8	-1.39727E-71	0.0	0.0
109.82	-1.41976E-71	0.0	0.0
109.84	-1.42878E-71	0.0	0.0
109.86	-1.42621E-71	0.0	0.0
109.88	-1.41372E-71	0.0	0.0
109.9	-1.39282E-71	0.0	0.0
109.92	-1.36485E-71	0.0	0.0
109.94	-1.33104E-71	0.0	0.0
109.96	-1.29247E-71	0.0	0.0
109.98	-1.25009E-71	0.0	0.0
110	-1.20475E-71	0.0	0.0
110.02	-1.1572E-71	0.0	0.0
110.04	-1.10812E-71	0.0	0.0
110.06	-1.05806E-71	0.0	0.0
110.08	-1.00753E-71	0.0	0.0
110.1	-9.5696E-72	0.0	0.0
110.12	-9.06726E-72	0.0	0.0
110.14	-8.57142E-72	0.0	0.0
110.16	-8.08472E-72	0.0	0.0
110.18	-7.60936E-72	0.0	0.0
110.2	-7.14717E-72	0.0	0.0
110.22	-6.6996E-72	0.0	0.0
110.24	-6.26779E-72	0.0	0.0
110.26	-5.85261E-72	0.0	0.0
110.28	-5.45467E-72	0.0	0.0
110.3	-5.07439E-72	0.0	0.0
110.32	-4.71198E-72	0.0	0.0
110.34	-4.36751E-72	0.0	0.0
110.36	-4.04089E-72	0.0	0.0
110.38	-3.73194E-72	0.0	0.0
110.4	-3.44035E-72	0.0	0.0
110.42	-3.16574E-72	0.0	0.0
110.44	-2.90766E-72	0.0	0.0
110.46	-2.66562E-72	0.0	0.0
110.48	-2.43907E-72	0.0	0.0
110.5	-2.22742E-72	0.0	0.0
110.52	-2.03006E-72	0.0	0.0
110.54	-1.84638E-72	0.0	0.0
110.56	-1.67574E-72	0.0	0.0
110.58	-1.51751E-72	0.0	0.0
110.6	-1.37105E-72	0.0	0.0
110.62	-1.23573E-72	0.0	0.0
110.64	-1.11094E-72	0.0	0.0
110.66	-9.96053E-73	0.0	0.0
110.68	-8.90493E-73	0.0	0.0
110.7	-7.93681E-73	0.0	0.0
110.72	-7.05062E-73	0.0	0.0
110.74	-6.241E-73	0.0	0.0
110.76	-5.50282E-73	0.0	0.0
110.78	-4.83114E-73	0.0	0.0
110.8	-4.22129E-73	0.0	0.0
110.82	-3.66878E-73	0.0	0.0
110.84	-3.16938E-73	0.0	0.0
110.86	-2.71906E-73	0.0	0.0
110.88	-2.31403E-73	0.0	0.0
110.9	-1.9507E-73	0.0	0.0
110.92	-1.6257E-73	0.0	0.0
110.94	-1.33588E-73	0.0	0.0
110.96	-1.07826E-73	0.0	0.0
110.98	-8.50082E-74	0.0	0.0
111	-6.48751E-74	0.0	0.0
111.02	-4.71859E-74	0.0	0.0
111.04	-3.17167E-74	0.0	0.0
111.06	-1.82595E-74	0.0	0.0
111.08	-6.62165E-75	0.0	0.0
111.1	3.37491E-75	0.0	0.0
111.12	1.18946E-74	0.0	0.0
111.14	1.90888E-74	0.0	0.0
111.16	2.50968E-74	0.0	0.0
111.18	3.00464E-74	0.0	0.0
111.2	3.40547E-74	0.0	0.0
111.22	3.72288E-74	0.0	0.0
111.24	3.96664E-74	0.0	0.0
111.26	4.14563E-74	0.0	0.0
111.28	4.26794E-74	0.0	0.0
111.3	4.34091E-74	0.0	0.0
111.32	4.37115E-74	0.0	0.0
111.34	4.36465E-74	0.0	0.0
111.36	4.32681E-74	0.0	0.0
111.38	4.26245E-74	0.0	0.0
111.4	4.1759E-74	0.0	0.0
111.42	4.07103E-74	0.0	0.0
111.44	3.95128E-74	0.0	0.0
111.46	3.8197E-74	0.0	0.0
111.48	3.67899E-74	0.0	0.0
111.5	3.53151E-74	0.0	0.0
111.52	3.37934E-74	0.0	0.0
111.54	3.22428E-74	0.0	0.0
111.56	3.06792E-74	0.0	0.0
111.58	2.91159E-74	0.0	0.0
111.6	2.75646E-74	0.0	0.0
111.62	2.60349E-74	0.0	0.0
111.64	2.45351E-74	0.0	0.0
111.66	2.30719E-74	0.0	0.0
111.68	2.16508E-74	0.0	0.0
111.7	2.02764E-74	0.0	0.0
111.72	1.89518E-74	0.0	0.0
111.74	1.76798E-74	0.0	0.0
111.76	1.64622E-74	0.0	0.0
111.78	1.52999E-74	0.0	0.0
111.8	1.41936E-74	0.0	0.0
111.82	1.31434E-74	0.0	0.0
111.84	1.21489E-74	0.0	0.0
111.86	1.12093E-74	0.0	0.0
111.88	1.03236E-74	0.0	0.0
111.9	9.49048E-75	0.0	0.0
111.92	8.70856E-75	0.0	0.0
111.94	7.97613E-75	0.0	0.0
111.96	7.29142E-75	0.0	0.0
111.98	6.65255E-75	0.0	0.0
112	6.0576E-75	0.0	0.0
112.02	5.50456E-75	0.0	0.0
112.04	4.99144E-75	0.0	0.0
112.06	4.51623E-75	0.0	0.0
112.08	4.07693E-75	0.0	0.0
112.1	3.67155E-75	0.0	0.0
112.12	3.29817E-75	0.0	0.0
112.14	2.95488E-75	0.0	0.0
112.16	2.63985E-75	0.0	0.0
112.18	2.35129E-75	0.0	0.0
112.2	2.08747E-75	0.0	0.0
112.22	1.84676E-75	0.0	0.0
112.24	1.62756E-75	0.0	0.0
112.26	1.42836E-75	0.0	0.0
112.28	1.24772E-75	0.0	0.0
112.3	1.08426E-75	0.0	0.0
112.32	9.36701E-76	0.0	0.0
112.34	8.03806E-76	0.0	0.0
112.36	6.84421E-76	0.0	0.0
112.38	5.77458E-76	0.0	0.0
112.4	4.81896E-76	0.0	0.0
112.42	3.96777E-76	0.0	0.0
112.44	3.21206E-76	0.0	0.0
112.46	2.54349E-76	0.0	0.0
112.48	1.95425E-76	0.0	0.0
112.5	1.43713E-76	0.0	0.0
112.52	9.85403E-77	0.0	0.0
112.54	5.92848E-77	0.0	0.0
112.56	2.53716E-77	0.0	0.0
112.58	-3.73025E-78	0.0	0.0
112.6	-2.85098E-77	0.0	0.0
112.62	-4.94167E-77	0.0	0.0
112.64	-6.68636E-77	0.0	0.0
112.66	-8.12288E-77	0.0	0.0
112.68	-9.28578E-77	0.0	0.0
112.7	-1.02066E-76	0.0	0.0
112.72	-1.09141E-76	0.0	0.0
112.74	-1.14344E-76	0.0	0.0
112.76	-1.17912E-76	0.0	0.0
112.78	-1.20058E-76	0.0	0.0
112.8	-1.20976E-76	0.0	0.0
112.82	-1.20841E-76	0.0	0.0
112.84	-1.1981E-76	0.0	0.0
112.86	-1.18021E-76	0.0	0.0
112.88	-1.15601E-76	0.0	0.0
112.9	-1.12661E-76	0.0	0.0
112.92	-1.09301E-76	0.0	0.0
112.94	-1.05607E-76	0.0	0.0
112.96	-1.01658E-76	0.0	0.0
112.98	-9.75202E-77	0.0	0.0
113	-9.32538E-77	0.0	0.0
113.02	-8.891E-77	0.0	0.0
113.04	-8.45332E-77	0.0	0.0
113.06	-8.01616E-77	0.0	0.0
113.08	-7.58276E-77	0.0	0.0
113.1	-7.15586E-77	0.0	0.0
113.12	-6.73775E-77	0.0	0.0
113.14	-6.33029E-77	0.0	0.0
113.16	-5.93503E-77	0.0	0.0
113.18	-5.55315E-77	0.0	0.0
113.2	-5.18558E-77	0.0	0.0
113.22	-4.83301E-77	0.0	0.0
113.24	-4.49589E-77	0.0	0.0
113.26	-4.1745E-77	0.0	0.0
113.28	-3.86897E-77	0.0	0.0
113.3	-3.57927E-77	0.0	0.0
113.32	-3.30526E-77	0.0	0.0
113.34	-3.04671E-77	0.0	0.0
113.36	-2.80329E-77	0.0	0.0
113.38	-2.57462E-77	0.0	0.0
113.4	-2.36025E-77	0.0	0.0
113.42	-2.15971E-77	0.0	0.0
113.44	-1.97246E-77	0.0	0.0
113.46	-1.79797E-77	0.0	0.0
113.48	-1.63568E-77	0.0	0.0
113.5	-1.48501E-77	0.0	0.0
113.52	-1.34539E-77	0.0	0.0
113.54	-1.21625E-77	0.0	0.0
113.56	-1.09701E-77	0.0	0.0
113.58	-9.87123E-78	0.0	0.0
113.6	-8.86033E-78	0.0	0.0
113.62	-7.93209E-78	0.0	0.0
113.64	-7.08131E-78	0.0	0.0
113.66	-6.30299E-78	0.0	0.0
113.68	-5.59231E-78	0.0	0.0
113.7	-4.94467E-78	0.0	0.0
113.72	-4.35563E-78	0.0	0.0
113.74	-3.821E-78	0.0	0.0
113.76	-3.33678E-78	0.0	0.0
113.78	-2.89917E-78	0.0	0.0
113.8	-2.5046E-78	0.0	0.0
113.82	-2.14967E-78	0.0	0.0
113.84	-1.83121E-78	0.0	0.0
113.86	-1.54623E-78	0.0	0.0
113.88	-1.29193E-78	0.0	0.0
113.9	-1.06568E-78	0.0	0.0
113.92	-8.6505E-79	0.0	0.0
113.94	-6.87753E-79	0.0	0.0
113.96	-5.31675E-79	0.0	0.0
113.98	-3.94849E-79	0.0	0.0
114	-2.75454E-79	0.0	0.0
114.02	-1.71808E-79	0.0	0.0
114.04	-8.23576E-80	0.0	0.0
114.06	-5.6706E-81	0.0	0.0
114.08	5.95686E-80	0.0	0.0
114.1	1.14568E-79	0.0	0.0
114.12	1.60434E-79	0.0	0.0
114.14	1.98178E-79	0.0	0.0
114.16	2.28725E-79	0.0	0.0
114.18	2.52914E-79	0.0	0.0
114.2	2.7151E-79	0.0	0.0
114.22	2.85208E-79	0.0	0.0
114.24	2.94634E-79	0.0	0.0
114.26	3.00355E-79	0.0	0.0
114.28	3.02883E-79	0.0	0.0
114.3	3.02675E-79	0.0	0.0
114.32	3.00145E-79	0.0	0.0
114.34	2.95659E-79	0.0	0.0
114.36	2.89547E-79	0.0	0.0
114.38	2.82098E-79	0.0	0.0
114.4	2.73573E-79	0.0	0.0
114.42	2.64197E-79	0.0	0.0
114.44	2.54173E-79	0.0	0.0
114.46	2.43676E-79	0.0	0.0
114.48	2.32857E-79	0.0	0.0
114.5	2.2185E-79	0.0	0.0
114.52	2.10768E-79	0.0	0.0
114.54	1.9971E-79	0.0	0.0
114.56	1.88757E-79	0.0	0.0
114.58	1.7798E-79	0.0	0.0
114.6	1.67435E-79	0.0	0.0
114.62	1.5717E-79	0.0	0.0
114.64	1.47224E-79	0.0	0.0
114.66	1.37625E-79	0.0	0.0
114.68	1.28396E-79	0.0	0.0
114.7	1.19555E-79	0.0	0.0
114.72	1.1111E-79	0.0	0.0
114.74	1.0307E-79	0.0	0.0
114.76	9.54351E-80	0.0	0.0
114.78	8.82047E-80	0.0	0.0
114.8	8.13742E-80	0.0	0.0
114.82	7.49369E-80	0.0	0.0
114.84	6.88839E-80	0.0	0.0
114.86	6.32045E-80	0.0	0.0
114.88	5.7887E-80	0.0	0.0
114.9	5.29185E-80	0.0	0.0
114.92	4.82853E-80	0.0	0.0
114.94	4.3973E-80	0.0	0.0
114.96	3.99671E-80	0.0	0.0
114.98	3.62528E-80	0.0	0.0
115	3.28151E-80	0.0	0.0
115.02	2.96394E-80	0.0	0.0
115.04	2.67109E-80	0.0	0.0
115.06	2.40154E-80	0.0	0.0
115.08	2.15388E-80	0.0	0.0
115.1	1.92676E-80	0.0	0.0
115.12	1.71884E-80	0.0	0.0
115.14	1.52887E-80	0.0	0.0
115.16	1.35562E-80	0.0	0.0
115.18	1.19794E-80	0.0	0.0
115.2	1.0547E-80	0.0	0.0
115.22	9.24853E-81	0.0	0.0
115.24	8.07392E-81	0.0	0.0
115.26	7.01367E-81	0.0	0.0
115.28	6.05884E-81	0.0	0.0
115.3	5.201E-81	0.0	0.0
115.32	4.43222E-81	0.0	0.0
115.34	3.74507E-81	0.0	0.0
115.36	3.13262E-81	0.0	0.0
115.38	2.58838E-81	0.0	0.0
115.4	2.10631E-81	0.0	0.0
115.42	1.68079E-81	0.0	0.0
115.44	1.30661E-81	0.0	0.0
115.46	9.78948E-82	0.0	0.0
115.48	6.93331E-82	0.0	0.0
115.5	4.45643E-82	0.0	0.0
115.52	2.32087E-82	0.0	0.0
115.54	4.91734E-83	0.0	0.0
115.56	-1.06302E-82	0.0	0.0
115.58	-2.37274E-82	0.0	0.0
115.6	-3.46425E-82	0.0	0.0
115.62	-4.36207E-82	0.0	0.0
115.64	-5.0885E-82	0.0	0.0
115.66	-5.66382E-82	0.0	0.0
115.68	-6.10644E-82	0.0	0.0
115.7	-6.43303E-82	0.0	0.0
115.72	-6.65863E-82	0.0	0.0
115.74	-6.79682E-82	0.0	0.0
115.76	-6.85979E-82	0.0	0.0
115.78	-6.85849E-82	0.0	0.0
115.8	-6.80272E-82	0.0	0.0
115.82	-6.7012E-82	0.0	0.0
115.84	-6.56172E-82	0.0	0.0
115.86	-6.39116E-82	0.0	0.0
115.88	-6.19562E-82	0.0	0.0
115.9	-5.98046E-82	0.0	0.0
115.92	-5.75038E-82	0.0	0.0
115.94	-5.5095E-82	0.0	0.0
115.96	-5.26137E-82	0.0	0.0
115.98	-5.00909E-82	0.0	0.0
116	-4.7553E-82	0.0	0.0
116.02	-4.50225E-82	0.0	0.0
116.04	-4.25186E-82	0.0	0.0
116.06	-4.00572E-82	0.0	0.0
116.08	-3.76514E-82	0.0	0.0
116.1	-3.5312E-82	0.0	0.0
116.12	-3.30475E-82	0.0	0.0
116.14	-3.08647E-82	0.0	0.0
116.16	-2.87684E-82	0.0	0.0
116.18	-2.67624E-82	0.0	0.0
116.2	-2.48487E-82	0.0	0.0
116.22	-2.30287E-82	0.0	0.0
116.24	-2.13026E-82	0.0	0.0
116.26	-1.96698E-82	0.0	0.0
116.28	-1.81293E-82	0.0	0.0
116.3	-1.66791E-82	0.0	0.0
116.32	-1.53172E-82	0.0	0.0
116.34	-1.40409E-82	0.0	0.0
116.36	-1.28474E-82	0.0	0.0
116.38	-1.17336E-82	0.0	0.0
116.4	-1.06962E-82	0.0	0.0
116.42	-9.73189E-83	0.0	0.0
116.44	-8.83719E-83	0.0	0.0
116.46	-8.00864E-83	0.0	0.0
116.48	-7.24277E-83	0.0	0.0
116.5	-6.53611E-83	0.0	0.0
116.52	-5.88529E-83	0.0	0.0
116.54	-5.28698E-83	0.0	0.0
116.56	-4.73794E-83	0.0	0.0
116.58	-4.23504E-83	0.0	0.0
116.6	-3.77525E-83	0.0	0.0
116.62	-3.35566E-83	0.0	0.0
116.64	-2.97349E-83	0.0	0.0
116.66	-2.62607E-83	0.0	0.0
116.68	-2.31086E-83	0.0	0.0
116.7	-2.02547E-83	0.0	0.0
116.72	-1.76761E-83	0.0	0.0
116.74	-1.53515E-83	0.0	0.0
116.76	-1.32605E-83	0.0	0.0
116.78	-1.13842E-83	0.0	0.0
116.8	-9.7046E-84	0.0	0.0
116.82	-8.20517E-84	0.0	0.0
116.84	-6.87029E-84	0.0	0.0
116.86	-5.68545E-84	0.0	0.0
116.88	-4.63715E-84	0.0	0.0
116.9	-3.71287E-84	0.0	0.0
116.92	-2.901E-84	0.0	0.0
116.94	-2.19082E-84	0.0	0.0
116.96	-1.57241E-84	0.0	0.0
116.98	-1.03667E-84	0.0	0.0
117	-5.75201E-85	0.0	0.0
117.02	-1.80301E-85	0.0	0.0
117.04	1.55083E-85	0.0	0.0
117.06	4.37402E-85	0.0	0.0
117.08	6.72545E-85	0.0	0.0
117.1	8.65877E-85	0.0	0.0
117.12	1.02227E-84	0.0	0.0
117.14	1.14616E-84	0.0	0.0
117.16	1.24156E-84	0.0	0.0
117.18	1.31207E-84	0.0	0.0
117.2	1.36098E-84	0.0	0.0
117.22	1.39121E-84	0.0	0.0
117.24	1.40541E-84	0.0	0.0
117.26	1.40593E-84	0.0	0.0
117.28	1.39489E-84	0.0	0.0
117.3	1.37417E-84	0.0	0.0
117.32	1.34542E-84	0.0	0.0
117.34	1.31012E-84	0.0	0.0
117.36	1.26957E-84	0.0	0.0
117.38	1.22492E-84	0.0	0.0
117.4	1.17717E-84	0.0	0.0
117.42	1.12718E-84	0.0	0.0
117.44	1.07571E-84	0.0	0.0
117.46	1.02341E-84	0.0	0.0
117.48	9.70831E-85	0.0	0.0
117.5	9.18453E-85	0.0	0.0
117.52	8.6667E-85	0.0	0.0
117.54	8.15815E-85	0.0	0.0
117.56	7.66159E-85	0.0	0.0
117.58	7.17924E-85	0.0	0.0
117.6	6.71285E-85	0.0	0.0
117.62	6.26375E-85	0.0	0.0
117.64	5.83296E-85	0.0	0.0
117.66	5.42116E-85	0.0	0.0
117.68	5.02879E-85	0.0	0.0
117.7	4.65606E-85	0.0	0.0
117.72	4.30296E-85	0.0	0.0
117.74	3.96936E-85	0.0	0.0
117.76	3.65497E-85	0.0	0.0
117.78	3.35939E-85	0.0	0.0
117.8	3.08213E-85	0.0	0.0
117.82	2.82262E-85	0.0	0.0
117.84	2.58023E-85	0.0	0.0
117.86	2.35431E-85	0.0	0.0
117.88	2.14414E-85	0.0	0.0
117.9	1.94902E-85	0.0	0.0
117.92	1.76821E-85	0.0	0.0
117.94	1.60097E-85	0.0	0.0
117.96	1.44657E-85	0.0	0.0
117.98	1.30429E-85	0.0	0.0
118	1.1734E-85	0.0	0.0
118.02	1.05323E-85	0.0	0.0
118.04	9.4309E-86	0.0	0.0
118.06	8.42329E-86	0.0	0.0
118.08	7.50319E-86	0.0	0.0
118.1	6.66456E-86	0.0	0.0
118.12	5.90165E-86	0.0	0.0
118.14	5.20896E-86	0.0	0.0
118.16	4.58126E-86	0.0	0.0
118.18	4.01363E-86	0.0	0.0
118.2	3.50139E-86	0.0	0.0
118.22	3.04014E-86	0.0	0.0
118.24	2.62575E-86	0.0	0.0
118.26	2.25433E-86	0.0	0.0
118.28	1.92227E-86	0.0	0.0
118.3	1.62616E-86	0.0	0.0
118.32	1.36286E-86	0.0	0.0
118.34	1.12941E-86	0.0	0.0
118.36	9.23105E-87	0.0	0.0
118.38	7.41405E-87	0.0	0.0
118.4	5.81978E-87	0.0	0.0
118.42	4.42666E-87	0.0	0.0
118.44	3.21482E-87	0.0	0.0
118.46	2.16601E-87	0.0	0.0
118.48	1.26345E-87	0.0	0.0
118.5	4.91767E-88	0.0	0.0
118.52	-1.63088E-88	0.0	0.0
118.54	-7.13944E-88	0.0	0.0
118.56	-1.17249E-87	0.0	0.0
118.58	-1.54935E-87	0.0	0.0
118.6	-1.85419E-87	0.0	0.0
118.62	-2.09572E-87	0.0	0.0
118.64	-2.28186E-87	0.0	0.0
118.66	-2.41973E-87	0.0	0.0
118.68	-2.51574E-87	0.0	0.0
118.7	-2.57565E-87	0.0	0.0
118.72	-2.60461E-87	0.0	0.0
118.74	-2.60724E-87	0.0	0.0
118.76	-2.58764E-87	0.0	0.0
118.78	-2.54945E-87	0.0	0.0
118.8	-2.49593E-87	0.0	0.0
118.82	-2.42991E-87	0.0	0.0
118.84	-2.35391E-87	0.0	0.0
118.86	-2.27013E-87	0.0	0.0
118.88	-2.18049E-87	0.0	0.0
118.9	-2.08667E-87	0.0	0.0
118.92	-1.9901E-87	0.0	0.0
118.94	-1.89203E-87	0.0	0.0
118.96	-1.7935E-87	0.0	0.0
118.98	-1.69543E-87	0.0	0.0
119	-1.59855E-87	0.0	0.0
119.02	-1.5035E-87	0.0	0.0
119.04	-1.41078E-87	0.0	0.0
119.06	-1.32081E-87	0.0	0.0
119.08	-1.2339E-87	0.0	0.0
119.1	-1.15031E-87	0.0	0.0
119.12	-1.07021E-87	0.0	0.0
119.14	-9.93733E-88	0.0	0.0
119.16	-9.20945E-88	0.0	0.0
119.18	-8.51878E-88	0.0	0.0
119.2	-7.86527E-88	0.0	0.0
119.22	-7.24857E-88	0.0	0.0
119.24	-6.66807E-88	0.0	0.0
119.26	-6.12295E-88	0.0	0.0
119.28	-5.61222E-88	0.0	0.0
119.3	-5.13476E-88	0.0	0.0
119.32	-4.68936E-88	0.0	0.0
119.34	-4.27471E-88	0.0	0.0
119.36	-3.88945E-88	0.0	0.0
119.38	-3.5322E-88	0.0	0.0
119.4	-3.20155E-88	0.0	0.0
119.42	-2.8961E-88	0.0	0.0
119.44	-2.61444E-88	0.0	0.0
119.46	-2.35521E-88	0.0	0.0
119.48	-2.11704E-88	0.0	0.0
119.5	-1.89862E-88	0.0	0.0
119.52	-1.69869E-88	0.0	0.0
119.54	-1.516E-88	0.0	0.0
119.56	-1.34938E-88	0.0	0.0
119.58	-1.19771E-88	0.0	0.0
119.6	-1.05989E-88	0.0	0.0
119.62	-9.34913E-89	0.0	0.0
119.64	-8.21799E-89	0.0	0.0
119.66	-7.19632E-89	0.0	0.0
119.68	-6.27545E-89	0.0	0.0
119.7	-5.44724E-89	0.0	0.0
119.72	-4.70405E-89	0.0	0.0
119.74	-4.03872E-89	0.0	0.0
119.76	-3.44458E-89	0.0	0.0
119.78	-2.91539E-89	0.0	0.0
119.8	-2.44536E-89	0.0	0.0
119.82	-2.02911E-89	0.0	0.0
119.84	-1.66166E-89	0.0	0.0
119.86	-1.33839E-89	0.0	0.0
119.88	-1.05505E-89	0.0	0.0
119.9	-8.07718E-90	0.0	0.0
119.92	-5.92791E-90	0.0	0.0
119.94	-4.06956E-90	0.0	0.0
119.96	-2.47182E-90	0.0	0.0
119.98	-1.10695E-90	0.0	0.0
120	5.03963E-92	0.0	0.0
