6000
0.02	0.0	0.0	-3.69684E-06
0.04	0.0	0.0	-8.04253E-06
0.06	0.0	0.0	-1.30441E-05
0.08	0.0	0.0	-1.87062E-05
0.1	0.0	0.0	-2.50306E-05
0.12	0.0	0.0	-3.20168E-05
0.14	0.0	0.0	-3.96612E-05
0.16	0.0	0.0	-4.79572E-05
0.18	0.0	0.0	-5.68955E-05
0.2	0.0	0.0	-6.64633E-05
0.22	0.0	0.0	-7.66448E-05
0.24	0.0	0.0	-8.74209E-05
0.26	0.0	0.0	-9.8769E-05
0.28	0.0	0.0	-0.000110663
0.3	0.0	0.0	-0.000123074
0.32	0.0	0.0	-0.000135968
0.34	0.0	0.0	-0.000149309
0.36	0.0	0.0	-0.000163057
0.38	0.0	0.0	-0.000177168
0.4	0.0	0.0	-0.000191593
0.42	0.0	0.0	-0.000206282
0.44	0.0	0.0	-0.00022118
0.46	0.0	0.0	-0.000236228
0.48	0.0	0.0	-0.000251364
0.5	0.0	0.0	-0.000266522
0.52	0.0	0.0	-0.000270801
0.54	0.0	0.0	-0.000274652
0.56	0.0	0.0	-0.000278053
0.58	0.0	0.0	-0.000280982
0.6	0.0	0.0	-0.000283418
0.62	0.0	0.0	-0.00028534
0.64	0.0	0.0	-0.000286726
0.66	0.0	0.0	-0.000287557
0.68	0.0	0.0	-0.000287813
0.7	0.0	0.0	-0.000287474
0.72	0.0	0.0	-0.000286523
0.74	0.0	0.0	-0.000284941
0.76	0.0	0.0	-0.000282713
0.78	0.0	0.0	-0.00027982
0.8	0.0	0.0	-0.000276249
0.82	0.0	0.0	-0.000271984
0.84	0.0	0.0	-0.000267014
0.86	0.0	0.0	-0.000261325
0.88	0.0	0.0	-0.000254906
0.9	0.0	0.0	-0.000247748
0.92	0.0	0.0	-0.000239842
0.94	0.0	0.0	-0.000231181
0.96	0.0	0.0	-0.000221759
0.98	0.0	0.0	-0.000211572
1	0.0	0.0	-0.000200616
1.02	0.0	0.0	-0.00018889
1.04	0.0	0.0	-0.000176395
1.06	0.0	0.0	-0.000163132
1.08	0.0	0.0	-0.000149105
1.1	0.0	0.0	-0.000134318
1.12	0.0	0.0	-0.00011878
1.14	0.0	0.0	-0.000102499
1.16	0.0	0.0	-8.54848E-05
1.18	0.0	0.0	-6.77511E-05
1.2	0.0	0.0	-4.93121E-05
1.22	0.0	0.0	-3.01842E-05
1.24	0.0	0.0	-1.0386E-05
1.26	0.0	0.0	1.00622E-05
1.28	0.0	0.0	3.11378E-05
1.3	0.0	0.0	5.28164E-05
1.32	0.0	0.0	7.50713E-05
1.34	0.0	0.0	9.78741E-05
1.36	0.0	0.0	0.000121194
1.38	0.0	0.0	0.000144998
1.4	0.0	0.0	0.000169252
1.42	0.0	0.0	0.000193919
1.44	0.0	0.0	0.00021896
1.46	0.0	0.0	0.000244334
1.48	0.0	0.0	0.000269998
1.5	0.0	0.0	0.000295908
1.52	0.0	0.0	0.000322018
1.54	0.0	0.0	0.000348277
1.56	0.0	0.0	0.000374637
1.58	0.0	0.0	0.000401046
1.6	0.0	0.0	0.000427448
1.62	0.0	0.0	0.00045379
1.64	0.0	0.0	0.000480013
1.66	0.0	0.0	0.00050606
1.68	0.0	0.0	0.000531871
1.7	0.0	0.0	0.000557383
1.72	0.0	0.0	0.000582535
1.74	0.0	0.0	0.000607262
1.76	0.0	0.0	0.000631501
1.78	0.0	0.0	0.000655185
1.8	0.0	0.0	0.000678247
1.82	0.0	0.0	0.000700621
1.84	0.0	0.0	0.000722239
1.86	0.0	0.0	0.000743031
1.88	0.0	0.0	0.00076293
1.9	0.0	0.0	0.000781866
1.92	0.0	0.0	0.00079977
1.94	0.0	0.0	0.000816574
1.96	0.0	0.0	0.000832208
1.98	0.0	0.0	0.000846605
2	0.0	0.0	0.000859696
2.02	0.0	0.0	0.000871415
2.04	0.0	0.0	0.000881694
2.06	0.0	0.0	0.000890469
2.08	0.0	0.0	0.000897676
2.1	0.0	0.0	0.000903252
2.12	0.0	0.0	0.000907136
2.14	0.0	0.0	0.000909268
2.16	0.0	0.0	0.000909591
2.18	0.0	0.0	0.000908049
2.2	0.0	0.0	0.000904589
2.22	0.0	0.0	0.000899161
2.24	0.0	0.0	0.000891716
2.26	0.0	0.0	0.000882208
2.28	0.0	0.0	0.000870595
2.3	0.0	0.0	0.000856839
2.32	0.0	0.0	0.000840902
2.34	0.0	0.0	0.000822753
2.36	0.0	0.0	0.000802362
2.38	0.0	0.0	0.000779705
2.4	0.0	0.0	0.000754761
2.42	0.0	0.0	0.000727513
2.44	0.0	0.0	0.000697949
2.46	0.0	0.0	0.00066606
2.48	0.0	0.0	0.000631844
2.5	0.0	0.0	0.000595301
2.52	0.0	0.0	0.000556438
2.54	0.0	0.0	0.000515267
2.56	0.0	0.0	0.000471805
2.58	0.0	0.0	0.000426072
2.6	0.0	0.0	0.000378097
2.62	0.0	0.0	0.000327912
2.64	0.0	0.0	0.000275556
2.66	0.0	0.0	0.000221072
2.68	0.0	0.0	0.000164511
2.7	0.0	0.0	0.000105929
2.72	0.0	0.0	4.53853E-05
2.74	0.0	0.0	-1.70508E-05
2.76	0.0	0.0	-8.13065E-05
2.78	0.0	0.0	-0.000147303
2.8	0.0	0.0	-0.000214954
2.82	0.0	0.0	-0.000284169
2.84	0.0	0.0	-0.00035485
2.86	0.0	0.0	-0.000426896
2.88	0.0	0.0	-0.000500196
2.9	0.0	0.0	-0.000574636
2.92	0.0	0.0	-0.000650096
2.94	0.0	0.0	-0.000726449
2.96	0.0	0.0	-0.000803565
2.98	0.0	0.0	-0.000881305
3	0.0	0.0	-0.000959529
3.02	0.0	0.0	-0.001038088
3.04	0.0	0.0	-0.00111683
3.06	0.0	0.0	-0.001195597
3.08	0.0	0.0	-0.001274229
3.1	0.0	0.0	-0.001352559
3.12	0.0	0.0	-0.001430417
3.14	0.0	0.0	-0.001507628
3.16	0.0	0.0	-0.001584015
3.18	0.0	0.0	-0.001659396
3.2	0.0	0.0	-0.001733587
3.22	0.0	0.0	-0.0018064
3.24	0.0	0.0	-0.001877646
3.26	0.0	0.0	-0.001947133
3.28	0.0	0.0	-0.002014667
3.3	0.0	0.0	-0.002080053
3.32	0.0	0.0	-0.002143094
3.34	0.0	0.0	-0.002203594
3.36	0.0	0.0	-0.002261354
3.38	0.0	0.0	-0.002316178
3.4	0.0	0.0	-0.002367868
3.42	0.0	0.0	-0.002416229
3.44	0.0	0.0	-0.002461066
3.46	0.0	0.0	-0.002502186
3.48	0.0	0.0	-0.002539399
3.5	0.0	0.0	-0.002572515
3.52	0.0	0.0	-0.002601352
3.54	0.0	0.0	-0.002625727
3.56	0.0	0.0	-0.002645464
3.58	0.0	0.0	-0.00266039
3.6	0.0	0.0	-0.002670338
3.62	0.0	0.0	-0.002675147
3.64	0.0	0.0	-0.002674661
3.66	0.0	0.0	-0.002668731
3.68	0.0	0.0	-0.002657215
3.7	0.0	0.0	-0.00263998
3.72	0.0	0.0	-0.002616898
3.74	0.0	0.0	-0.002587853
3.76	0.0	0.0	-0.002552736
3.78	0.0	0.0	-0.002511448
3.8	0.0	0.0	-0.0024639
3.82	0.0	0.0	-0.002410014
3.84	0.0	0.0	-0.002349722
3.86	0.0	0.0	-0.002282968
3.88	0.0	0.0	-0.002209707
3.9	0.0	0.0	-0.002129908
3.92	0.0	0.0	-0.002043551
3.94	0.0	0.0	-0.001950629
3.96	0.0	0.0	-0.00185115
3.98	0.0	0.0	-0.001745133
4	0.0	0.0	-0.001632615
4.02	0.0	0.0	-0.001513643
4.04	0.0	0.0	-0.001388282
4.06	0.0	0.0	-0.001256611
4.08	0.0	0.0	-0.001118723
4.1	0.0	0.0	-0.000974728
4.12	0.0	0.0	-0.000824751
4.14	0.0	0.0	-0.000668933
4.16	0.0	0.0	-0.00050743
4.18	0.0	0.0	-0.000340415
4.2	0.0	0.0	-0.000168077
4.22	0.0	0.0	9.3785E-06
4.24	0.0	0.0	0.000191731
4.26	0.0	0.0	0.000378743
4.28	0.0	0.0	0.00057016
4.3	0.0	0.0	0.000765715
4.32	0.0	0.0	0.000965121
4.34	0.0	0.0	0.001168077
4.36	0.0	0.0	0.001374267
4.38	0.0	0.0	0.001583359
4.4	0.0	0.0	0.001795007
4.42	0.0	0.0	0.002008849
4.44	0.0	0.0	0.002224509
4.46	0.0	0.0	0.002441598
4.48	0.0	0.0	0.002659712
4.5	0.0	0.0	0.002878437
4.52	0.0	0.0	0.003097342
4.54	0.0	0.0	0.003315988
4.56	0.0	0.0	0.003533923
4.58	0.0	0.0	0.003750684
4.6	0.0	0.0	0.003965799
4.62	0.0	0.0	0.004178786
4.64	0.0	0.0	0.004389155
4.66	0.0	0.0	0.004596407
4.68	0.0	0.0	0.004800037
4.7	0.0	0.0	0.004999534
4.72	0.0	0.0	0.005194382
4.74	0.0	0.0	0.00538406
4.76	0.0	0.0	0.005568045
4.78	0.0	0.0	0.00574581
4.8	0.0	0.0	0.005916827
4.82	0.0	0.0	0.00608057
4.84	0.0	0.0	0.006236512
4.86	0.0	0.0	0.006384128
4.88	0.0	0.0	0.006522896
4.9	0.0	0.0	0.0066523
4.92	0.0	0.0	0.006771827
4.94	0.0	0.0	0.006880974
4.96	0.0	0.0	0.006979243
4.98	0.0	0.0	0.007066146
5	0.0	0.0	0.007141205
5.02	0.0	0.0	0.007203956
5.04	0.0	0.0	0.007253946
5.06	0.0	0.0	0.007290735
5.08	0.0	0.0	0.007313901
5.1	0.0	0.0	0.007323039
5.12	0.0	0.0	0.007317759
5.14	0.0	0.0	0.007297693
5.16	0.0	0.0	0.007262493
5.18	0.0	0.0	0.007211832
5.2	0.0	0.0	0.007145407
5.22	0.0	0.0	0.00706294
5.24	0.0	0.0	0.006964177
5.26	0.0	0.0	0.006848891
5.28	0.0	0.0	0.006716883
5.3	0.0	0.0	0.006567984
5.32	0.0	0.0	0.006402054
5.34	0.0	0.0	0.006218985
5.36	0.0	0.0	0.0060187
5.38	0.0	0.0	0.005801156
5.4	0.0	0.0	0.005566343
5.42	0.0	0.0	0.005314289
5.44	0.0	0.0	0.005045054
5.46	0.0	0.0	0.004758737
5.48	0.0	0.0	0.004455474
5.5	0.0	0.0	0.004135438
5.52	0.0	0.0	0.003798843
5.54	0.0	0.0	0.003445939
5.56	0.0	0.0	0.003077018
5.58	0.0	0.0	0.002692413
5.6	0.0	0.0	0.002292493
5.62	0.0	0.0	0.001877673
5.64	0.0	0.0	0.001448405
5.66	0.0	0.0	0.001005184
5.68	0.0	0.0	0.000548545
5.7	0.0	0.0	7.90645E-05
5.72	0.0	0.0	-0.00040264
5.74	0.0	0.0	-0.000895911
5.76	0.0	0.0	-0.001400052
5.78	0.0	0.0	-0.001914324
5.8	0.0	0.0	-0.00243795
5.82	0.0	0.0	-0.002970115
5.84	0.0	0.0	-0.003509966
5.86	0.0	0.0	-0.004056613
5.88	0.0	0.0	-0.004609128
5.9	0.0	0.0	-0.005166549
5.92	0.0	0.0	-0.005727881
5.94	0.0	0.0	-0.006292094
5.96	0.0	0.0	-0.006858127
5.98	0.0	0.0	-0.007424891
6	0.0	0.0	-0.007991264
6.02	0.0	0.0	-0.0085561
6.04	0.0	0.0	-0.009118227
6.06	0.0	0.0	-0.009676448
6.08	0.0	0.0	-0.010229545
6.1	0.0	0.0	-0.010776281
6.12	0.0	0.0	-0.011315399
6.14	0.0	0.0	-0.011845629
6.16	0.0	0.0	-0.012365684
6.18	0.0	0.0	-0.01287427
6.2	0.0	0.0	-0.013370079
6.22	0.0	0.0	-0.013851803
6.24	0.0	0.0	-0.014318124
6.26	0.0	0.0	-0.014767726
6.28	0.0	0.0	-0.015199294
6.3	0.0	0.0	-0.015611518
6.32	0.0	0.0	-0.016003093
6.34	0.0	0.0	-0.016372725
6.36	0.0	0.0	-0.016719133
6.38	0.0	0.0	-0.01704105
6.4	0.0	0.0	-0.017337229
6.42	0.0	0.0	-0.017606444
6.44	0.0	0.0	-0.017847494
6.46	0.0	0.0	-0.018059206
6.48	0.0	0.0	-0.018240436
6.5	0.0	0.0	-0.018390076
6.52	0.0	0.0	-0.018507053
6.54	0.0	0.0	-0.018590335
6.56	0.0	0.0	-0.018638933
6.58	0.0	0.0	-0.018651904
6.6	0.0	0.0	-0.018628354
6.62	0.0	0.0	-0.018567442
6.64	0.0	0.0	-0.01846838
6.66	0.0	0.0	-0.018330441
6.68	0.0	0.0	-0.018152956
6.7	0.0	0.0	-0.017935321
6.72	0.0	0.0	-0.017677
6.74	0.0	0.0	-0.017377525
6.76	0.0	0.0	-0.017036497
6.78	0.0	0.0	-0.016653597
6.8	0.0	0.0	-0.016228578
6.82	0.0	0.0	-0.015761274
6.84	0.0	0.0	-0.0152516
6.86	0.0	0.0	-0.014699554
6.88	0.0	0.0	-0.014105221
6.9	0.0	0.0	-0.013468772
6.92	0.0	0.0	-0.012790465
6.94	0.0	0.0	-0.012070653
6.96	0.0	0.0	-0.011309777
6.98	0.0	0.0	-0.010508372
7	0.0	0.0	-0.009667069
7.02	0.0	0.0	-0.008786593
7.04	0.0	0.0	-0.007867765
7.06	0.0	0.0	-0.006911502
7.08	0.0	0.0	-0.005918819
7.1	0.0	0.0	-0.004890829
7.12	0.0	0.0	-0.003828739
7.14	0.0	0.0	-0.002733856
7.16	0.0	0.0	-0.001607583
7.18	0.0	0.0	-0.000451418
7.2	0.0	0.0	0.000733045
7.22	0.0	0.0	0.001944118
7.24	0.0	0.0	0.00318002
7.26	0.0	0.0	0.004438879
7.28	0.0	0.0	0.005718733
7.3	0.0	0.0	0.007017532
7.32	0.0	0.0	0.00833314
7.34	0.0	0.0	0.009663338
7.36	0.0	0.0	0.011005826
7.38	0.0	0.0	0.012358227
7.4	0.0	0.0	0.013718088
7.42	0.0	0.0	0.015082884
7.44	0.0	0.0	0.016450023
7.46	0.0	0.0	0.017816847
7.48	0.0	0.0	0.019180639
7.5	0.0	0.0	0.020538625
7.52	0.0	0.0	0.021887978
7.54	0.0	0.0	0.023225824
7.56	0.0	0.0	0.024549246
7.58	0.0	0.0	0.02585529
7.6	0.0	0.0	0.027140968
7.62	0.0	0.0	0.028403265
7.64	0.0	0.0	0.029639144
7.66	0.0	0.0	0.030845552
7.68	0.0	0.0	0.032019424
7.7	0.0	0.0	0.033157694
7.72	0.0	0.0	0.034257292
7.74	0.0	0.0	0.035315161
7.76	0.0	0.0	0.036328256
7.78	0.0	0.0	0.037293553
7.8	0.0	0.0	0.038208053
7.82	0.0	0.0	0.039068795
7.84	0.0	0.0	0.039872856
7.86	0.0	0.0	0.04061736
7.88	0.0	0.0	0.041299488
7.9	0.0	0.0	0.041916481
7.92	0.0	0.0	0.042465646
7.94	0.0	0.0	0.042944369
7.96	0.0	0.0	0.043350115
7.98	0.0	0.0	0.04368044
8	0.0	0.0	0.043932996
8.02	0.0	0.0	0.044105537
8.04	0.0	0.0	0.044195928
8.06	0.0	0.0	0.044202148
8.08	0.0	0.0	0.044122301
8.1	0.0	0.0	0.043954622
8.12	0.0	0.0	0.043697479
8.14	0.0	0.0	0.043349385
8.16	0.0	0.0	0.042909
8.18	0.0	0.0	0.042375139
8.2	0.0	0.0	0.041746777
8.22	0.0	0.0	0.041023055
8.24	0.0	0.0	0.040203286
8.26	0.0	0.0	0.039286959
8.28	0.0	0.0	0.038273743
8.3	0.0	0.0	0.037163495
8.32	0.0	0.0	0.03595626
8.34	0.0	0.0	0.034652279
8.36	0.0	0.0	0.033251991
8.38	0.0	0.0	0.031756034
8.4	0.0	0.0	0.030165254
8.42	0.0	0.0	0.028480702
8.44	0.0	0.0	0.026703639
8.46	0.0	0.0	0.024835537
8.48	0.0	0.0	0.022878084
8.5	0.0	0.0	0.020833178
8.52	0.0	0.0	0.018702937
8.54	0.0	0.0	0.016489689
8.56	0.0	0.0	0.014195983
8.58	0.0	0.0	0.01182458
8.6	0.0	0.0	0.009378456
8.62	0.0	0.0	0.006860798
8.64	0.0	0.0	0.004275006
8.66	0.0	0.0	0.001624687
8.68	0.0	0.0	-0.001086346
8.7	0.0	0.0	-0.003854077
8.72	0.0	0.0	-0.006674293
8.74	0.0	0.0	-0.009542584
8.76	0.0	0.0	-0.012454353
8.78	0.0	0.0	-0.015404818
8.8	0.0	0.0	-0.018389018
8.82	0.0	0.0	-0.021401819
8.84	0.0	0.0	-0.024437923
8.86	0.0	0.0	-0.02749187
8.88	0.0	0.0	-0.030558054
8.9	0.0	0.0	-0.033630721
8.92	0.0	0.0	-0.036703985
8.94	0.0	0.0	-0.039771835
8.96	0.0	0.0	-0.042828143
8.98	0.0	0.0	-0.045866675
9	0.0	0.0	-0.048881102
9.02	0.0	0.0	-0.051865009
9.04	0.0	0.0	-0.054811907
9.06	0.0	0.0	-0.057715245
9.08	0.0	0.0	-0.060568421
9.1	0.0	0.0	-0.063364795
9.12	0.0	0.0	-0.066097699
9.14	0.0	0.0	-0.068760455
9.16	0.0	0.0	-0.071346381
9.18	0.0	0.0	-0.073848813
9.2	0.0	0.0	-0.076261108
9.22	0.0	0.0	-0.07857667
9.24	0.0	0.0	-0.080788954
9.26	0.0	0.0	-0.082891484
9.28	0.0	0.0	-0.084877869
9.3	0.0	0.0	-0.086741816
9.32	0.0	0.0	-0.088477142
9.34	0.0	0.0	-0.090077796
9.36	0.0	0.0	-0.091537863
9.38	0.0	0.0	-0.09285159
9.4	0.0	0.0	-0.094013393
9.42	0.0	0.0	-0.095017872
9.44	0.0	0.0	-0.095859831
9.46	0.0	0.0	-0.096534289
9.48	0.0	0.0	-0.097036491
9.5	0.0	0.0	-0.097361929
9.52	0.0	0.0	-0.097506351
9.54	0.0	0.0	-0.097465776
9.56	0.0	0.0	-0.097236507
9.58	0.0	0.0	-0.096815148
9.6	0.0	0.0	-0.096198609
9.62	0.0	0.0	-0.095384126
9.64	0.0	0.0	-0.094369269
9.66	0.0	0.0	-0.093151954
9.68	0.0	0.0	-0.091730454
9.7	0.0	0.0	-0.090103412
9.72	0.0	0.0	-0.088269848
9.74	0.0	0.0	-0.08622917
9.76	0.0	0.0	-0.083981182
9.78	0.0	0.0	-0.081526093
9.8	0.0	0.0	-0.078864525
9.82	0.0	0.0	-0.075997519
9.84	0.0	0.0	-0.072926542
9.86	0.0	0.0	-0.069653492
9.88	0.0	0.0	-0.066180701
9.9	0.0	0.0	-0.062510945
9.92	0.0	0.0	-0.058647439
9.94	0.0	0.0	-0.054593844
9.96	0.0	0.0	-0.050354268
9.98	0.0	0.0	-0.045933268
10	0.0	0.0	-0.041335845
10.02	0.0	0.0	-0.036567448
10.04	0.0	0.0	-0.031633967
10.06	0.0	0.0	-0.026541736
10.08	0.0	0.0	-0.021297521
10.1	0.0	0.0	-0.015908523
10.12	0.0	0.0	-0.010382368
10.14	0.0	0.0	-0.004727098
10.16	0.0	0.0	0.001048831
10.18	0.0	0.0	0.006936563
10.2	0.0	0.0	0.01292685
10.22	0.0	0.0	0.019010062
10.24	0.0	0.0	0.025176202
10.26	0.0	0.0	0.031414915
10.28	0.0	0.0	0.037715501
10.3	0.0	0.0	0.044066936
10.32	0.0	0.0	0.050457882
10.34	0.0	0.0	0.056876704
10.36	0.0	0.0	0.063311489
10.38	0.0	0.0	0.069750066
10.4	0.0	0.0	0.076180021
10.42	0.0	0.0	0.08258872
10.44	0.0	0.0	0.08896333
10.46	0.0	0.0	0.095290837
10.48	0.0	0.0	0.101558076
10.5	0.0	0.0	0.107751745
10.52	0.0	0.0	0.113858436
10.54	0.0	0.0	0.119864657
10.56	0.0	0.0	0.125756856
10.58	0.0	0.0	0.13152145
10.6	0.0	0.0	0.137144847
10.62	0.0	0.0	0.142613476
10.64	0.0	0.0	0.147913815
10.66	0.0	0.0	0.153032415
10.68	0.0	0.0	0.157955932
10.7	0.0	0.0	0.162671153
10.72	0.0	0.0	0.167165025
10.74	0.0	0.0	0.171424685
10.76	0.0	0.0	0.175437488
10.78	0.0	0.0	0.179191035
10.8	0.0	0.0	0.182673206
10.82	0.0	0.0	0.185872185
10.84	0.0	0.0	0.18877649
10.86	0.0	0.0	0.191375005
10.88	0.0	0.0	0.193657004
10.9	0.0	0.0	0.195612183
10.92	0.0	0.0	0.197230687
10.94	0.0	0.0	0.198503137
10.96	0.0	0.0	0.199420658
10.98	0.0	0.0	0.199974907
11	0.0	0.0	0.200158096
11.02	0.0	0.0	0.199963022
11.04	0.0	0.0	0.199383087
11.06	0.0	0.0	0.198412327
11.08	0.0	0.0	0.197045429
11.1	0.0	0.0	0.195277762
11.12	0.0	0.0	0.19310539
11.14	0.0	0.0	0.190525098
11.16	0.0	0.0	0.187534408
11.18	0.0	0.0	0.1841316
11.2	0.0	0.0	0.180315726
11.22	0.0	0.0	0.176086628
11.24	0.0	0.0	0.171444953
11.26	0.0	0.0	0.166392164
11.28	0.0	0.0	0.160930552
11.3	0.0	0.0	0.155063249
11.32	0.0	0.0	0.148794233
11.34	0.0	0.0	0.142128338
11.36	0.0	0.0	0.135071259
11.38	0.0	0.0	0.127629554
11.4	0.0	0.0	0.11981065
11.42	0.0	0.0	0.111622842
11.44	0.0	0.0	0.103075291
11.46	0.0	0.0	0.094178022
11.48	0.0	0.0	0.08494192
11.5	0.0	0.0	0.075378724
11.52	0.0	0.0	0.065501015
11.54	0.0	0.0	0.055322213
11.56	0.0	0.0	0.044856559
11.58	0.0	0.0	0.034119105
11.6	0.0	0.0	0.023125695
11.62	0.0	0.0	0.01189295
11.64	0.0	0.0	0.000438251
11.66	0.0	0.0	-0.011220286
11.68	0.0	0.0	-0.023063834
11.7	0.0	0.0	-0.035072875
11.72	0.0	0.0	-0.047227227
11.74	0.0	0.0	-0.059506078
11.76	0.0	0.0	-0.07188801
11.78	0.0	0.0	-0.084351033
11.8	0.0	0.0	-0.096872619
11.82	0.0	0.0	-0.109429736
11.84	0.0	0.0	-0.121998885
11.86	0.0	0.0	-0.13455614
11.88	0.0	0.0	-0.147077185
11.9	0.0	0.0	-0.159537355
11.92	0.0	0.0	-0.171911684
11.94	0.0	0.0	-0.184174942
11.96	0.0	0.0	-0.196301684
11.98	0.0	0.0	-0.208266295
12	0.0	0.0	-0.220043039
12.02	0.0	0.0	-0.231606108
12.04	0.0	0.0	-0.242929667
12.06	0.0	0.0	-0.25398791
12.08	0.0	0.0	-0.264755108
12.1	0.0	0.0	-0.275205662
12.12	0.0	0.0	-0.285314155
12.14	0.0	0.0	-0.295055405
12.16	0.0	0.0	-0.30440452
12.18	0.0	0.0	-0.313336949
12.2	0.0	0.0	-0.321828537
12.22	0.0	0.0	-0.32985558
12.24	0.0	0.0	-0.33739488
12.26	0.0	0.0	-0.344423794
12.28	0.0	0.0	-0.350920295
12.3	0.0	0.0	-0.356863018
12.32	0.0	0.0	-0.362231319
12.34	0.0	0.0	-0.367005324
12.36	0.0	0.0	-0.371165981
12.38	0.0	0.0	-0.374695113
12.4	0.0	0.0	-0.377575465
12.42	0.0	0.0	-0.379790756
12.44	0.0	0.0	-0.381325724
12.46	0.0	0.0	-0.382166174
12.48	0.0	0.0	-0.382299026
12.5	0.0	0.0	-0.381712353
12.52	0.0	0.0	-0.380395427
12.54	0.0	0.0	-0.37833876
12.56	0.0	0.0	-0.375534141
12.58	0.0	0.0	-0.371974673
12.6	0.0	0.0	-0.367654808
12.62	0.0	0.0	-0.362570381
12.64	0.0	0.0	-0.356718636
12.66	0.0	0.0	-0.350098261
12.68	0.0	0.0	-0.342709408
12.7	0.0	0.0	-0.334553719
12.72	0.0	0.0	-0.325634344
12.74	0.0	0.0	-0.315955964
12.76	0.0	0.0	-0.305524801
12.78	0.0	0.0	-0.294348632
12.8	0.0	0.0	-0.282436799
12.82	0.0	0.0	-0.269800217
12.84	0.0	0.0	-0.256451375
12.86	0.0	0.0	-0.242404338
12.88	0.0	0.0	-0.227674742
12.9	0.0	0.0	-0.212279793
12.92	0.0	0.0	-0.196238253
12.94	0.0	0.0	-0.179570431
12.96	0.0	0.0	-0.162298166
12.98	0.0	0.0	-0.144444809
13	0.0	0.0	-0.126035199
13.02	0.0	0.0	-0.107095642
13.04	0.0	0.0	-0.087653879
13.06	0.0	0.0	-0.067739053
13.08	0.0	0.0	-0.047381679
13.1	0.0	0.0	-0.026613599
13.12	0.0	0.0	-0.005467945
13.14	0.0	0.0	0.016020906
13.16	0.0	0.0	0.037817382
13.18	0.0	0.0	0.059884767
13.2	0.0	0.0	0.082185254
13.22	0.0	0.0	0.104680001
13.24	0.0	0.0	0.127329194
13.26	0.0	0.0	0.150092108
13.28	0.0	0.0	0.172927173
13.3	0.0	0.0	0.195792041
13.32	0.0	0.0	0.21864366
13.34	0.0	0.0	0.241438344
13.36	0.0	0.0	0.26413185
13.38	0.0	0.0	0.286679457
13.4	0.0	0.0	0.309036043
13.42	0.0	0.0	0.331156172
13.44	0.0	0.0	0.352994172
13.46	0.0	0.0	0.374504226
13.48	0.0	0.0	0.395640453
13.5	0.0	0.0	0.416357005
13.52	0.0	0.0	0.436608148
13.54	0.0	0.0	0.456348359
13.56	0.0	0.0	0.475532415
13.58	0.0	0.0	0.494115487
13.6	0.0	0.0	0.512053233
13.62	0.0	0.0	0.529301891
13.64	0.0	0.0	0.545818373
13.66	0.0	0.0	0.561560359
13.68	0.0	0.0	0.576486393
13.7	0.0	0.0	0.590555972
13.72	0.0	0.0	0.603729642
13.74	0.0	0.0	0.615969091
13.76	0.0	0.0	0.627237238
13.78	0.0	0.0	0.637498324
13.8	0.0	0.0	0.646718002
13.82	0.0	0.0	0.654863423
13.84	0.0	0.0	0.661903321
13.86	0.0	0.0	0.667808102
13.88	0.0	0.0	0.672549918
13.9	0.0	0.0	0.676102753
13.92	0.0	0.0	0.678442497
13.94	0.0	0.0	0.67954702
13.96	0.0	0.0	0.679396246
13.98	0.0	0.0	0.677972219
14	0.0	0.0	0.67525917
14.02	0.0	0.0	0.671243577
14.04	0.0	0.0	0.665914227
14.06	0.0	0.0	0.659262267
14.08	0.0	0.0	0.651281257
14.1	0.0	0.0	0.641967214
14.12	0.0	0.0	0.63131866
14.14	0.0	0.0	0.619336655
14.16	0.0	0.0	0.606024832
14.18	0.0	0.0	0.59138943
14.2	0.0	0.0	0.575439311
14.22	0.0	0.0	0.558185988
14.24	0.0	0.0	0.539643635
14.26	0.0	0.0	0.519829096
14.28	0.0	0.0	0.498761894
14.3	0.0	0.0	0.476464226
14.32	0.0	0.0	0.452960959
14.34	0.0	0.0	0.428279617
14.36	0.0	0.0	0.40245037
14.38	0.0	0.0	0.375506004
14.4	0.0	0.0	0.3474819
14.42	0.0	0.0	0.318415997
14.44	0.0	0.0	0.288348757
14.46	0.0	0.0	0.257323117
14.48	0.0	0.0	0.225384443
14.5	0.0	0.0	0.192580476
14.52	0.0	0.0	0.158961266
14.54	0.0	0.0	0.124579114
14.56	0.0	0.0	0.089488495
14.58	0.0	0.0	0.053745985
14.6	0.0	0.0	0.017410181
14.62	0.0	0.0	-0.019458391
14.64	0.0	0.0	-0.056797361
14.66	0.0	0.0	-0.094542613
14.68	0.0	0.0	-0.132628389
14.7	0.0	0.0	-0.170987389
14.72	0.0	0.0	-0.209550886
14.74	0.0	0.0	-0.248248837
14.76	0.0	0.0	-0.287010001
14.78	0.0	0.0	-0.325762062
14.8	0.0	0.0	-0.364431757
14.82	0.0	0.0	-0.402945002
14.84	0.0	0.0	-0.441227024
14.86	0.0	0.0	-0.479202502
14.88	0.0	0.0	-0.5167957
14.9	0.0	0.0	-0.55393061
14.92	0.0	0.0	-0.590531097
14.94	0.0	0.0	-0.626521045
14.96	0.0	0.0	-0.661824501
14.98	0.0	0.0	-0.696365828
15	0.0	0.0	-0.730069854
15.02	0.0	0.0	-0.762862021
15.04	0.0	0.0	-0.794668545
15.06	0.0	0.0	-0.825416558
15.08	0.0	0.0	-0.855034271
15.1	0.0	0.0	-0.88345112
15.12	0.0	0.0	-0.91059792
15.14	0.0	0.0	-0.936407018
15.16	0.0	0.0	-0.960812443
15.18	0.0	0.0	-0.983750054
15.2	0.0	0.0	-1.005157687
15.22	0.0	0.0	-1.024975304
15.24	0.0	0.0	-1.043145131
15.26	0.0	0.0	-1.059611803
15.28	0.0	0.0	-1.074322497
15.3	0.0	0.0	-1.087227071
15.32	0.0	0.0	-1.098278192
15.34	0.0	0.0	-1.107431461
15.36	0.0	0.0	-1.114645541
15.38	0.0	0.0	-1.119882271
15.4	0.0	0.0	-1.123106779
15.42	0.0	0.0	-1.124287593
15.44	0.0	0.0	-1.123396744
15.46	0.0	0.0	-1.120409862
15.48	0.0	0.0	-1.115306268
15.5	0.0	0.0	-1.108069059
15.52	0.0	0.0	-1.098685191
15.54	0.0	0.0	-1.087145546
15.56	0.0	0.0	-1.073445002
15.58	0.0	0.0	-1.057582492
15.6	0.0	0.0	-1.039561052
15.62	0.0	0.0	-1.01938787
15.64	0.0	0.0	-0.997074319
15.66	0.0	0.0	-0.972635987
15.68	0.0	0.0	-0.946092701
15.7	0.0	0.0	-0.917468536
15.72	0.0	0.0	-0.886791821
15.74	0.0	0.0	-0.854095138
15.76	0.0	0.0	-0.819415307
15.78	0.0	0.0	-0.782793368
15.8	0.0	0.0	-0.744274551
15.82	0.0	0.0	-0.703908243
15.84	0.0	0.0	-0.661747936
15.86	0.0	0.0	-0.617851176
15.88	0.0	0.0	-0.572279503
15.9	0.0	0.0	-0.525098373
15.92	0.0	0.0	-0.476377085
15.94	0.0	0.0	-0.426188689
15.96	0.0	0.0	-0.37460989
15.98	0.0	0.0	-0.321720944
16	0.0	0.0	-0.267605543
16.02	0.0	0.0	-0.212350697
16.04	0.0	0.0	-0.156046603
16.06	0.0	0.0	-0.098786508
16.08	0.0	0.0	-0.040666568
16.1	0.0	0.0	0.01821431
16.12	0.0	0.0	0.077754617
16.14	0.0	0.0	0.137850417
16.16	0.0	0.0	0.198395513
16.18	0.0	0.0	0.259281629
16.2	0.0	0.0	0.32039859
16.22	0.0	0.0	0.381634519
16.24	0.0	0.0	0.442876027
16.26	0.0	0.0	0.504008417
16.28	0.0	0.0	0.56491589
16.3	0.0	0.0	0.625481752
16.32	0.0	0.0	0.685588633
16.34	0.0	0.0	0.745118703
16.36	0.0	0.0	0.803953893
16.38	0.0	0.0	0.861976119
16.4	0.0	0.0	0.919067512
16.42	0.0	0.0	0.975110644
16.44	0.0	0.0	1.029988759
16.46	0.0	0.0	1.083586007
16.48	0.0	0.0	1.135787674
16.5	0.0	0.0	1.186480417
16.52	0.0	0.0	1.235552499
16.54	0.0	0.0	1.282894016
16.56	0.0	0.0	1.328397133
16.58	0.0	0.0	1.371956312
16.6	0.0	0.0	1.413468541
16.62	0.0	0.0	1.452833559
16.64	0.0	0.0	1.489954076
16.66	0.0	0.0	1.524735999
16.68	0.0	0.0	1.55708864
16.7	0.0	0.0	1.586924931
16.72	0.0	0.0	1.61416163
16.74	0.0	0.0	1.63871952
16.76	0.0	0.0	1.660523607
16.78	0.0	0.0	1.679503308
16.8	0.0	0.0	1.695592632
16.82	0.0	0.0	1.708730361
16.84	0.0	0.0	1.71886021
16.86	0.0	0.0	1.725930996
16.88	0.0	0.0	1.729896782
16.9	0.0	0.0	1.730717028
16.92	0.0	0.0	1.728356721
16.94	0.0	0.0	1.722786502
16.96	0.0	0.0	1.713982779
16.98	0.0	0.0	1.701927836
17	0.0	0.0	1.686609928
17.02	0.0	0.0	1.668023363
17.04	0.0	0.0	1.646168575
17.06	0.0	0.0	1.621052192
17.08	0.0	0.0	1.592687083
17.1	0.0	0.0	1.561092395
17.12	0.0	0.0	1.526293589
17.14	0.0	0.0	1.488322447
17.16	0.0	0.0	1.44721708
17.18	0.0	0.0	1.403021921
17.2	0.0	0.0	1.3557877
17.22	0.0	0.0	1.305571411
17.24	0.0	0.0	1.252436272
17.26	0.0	0.0	1.196451657
17.28	0.0	0.0	1.137693034
17.3	0.0	0.0	1.076241876
17.32	0.0	0.0	1.012185565
17.34	0.0	0.0	0.945617287
17.36	0.0	0.0	0.876635909
17.38	0.0	0.0	0.805345846
17.4	0.0	0.0	0.731856917
17.42	0.0	0.0	0.656284185
17.44	0.0	0.0	0.578747792
17.46	0.0	0.0	0.499372777
17.48	0.0	0.0	0.418288885
17.5	0.0	0.0	0.335630364
17.52	0.0	0.0	0.251535752
17.54	0.0	0.0	0.166147654
17.56	0.0	0.0	0.079612507
17.58	0.0	0.0	-0.007919662
17.6	0.0	0.0	-0.096295487
17.62	0.0	0.0	-0.18535853
17.64	0.0	0.0	-0.274949543
17.66	0.0	0.0	-0.364906754
17.68	0.0	0.0	-0.455066146
17.7	0.0	0.0	-0.545261753
17.72	0.0	0.0	-0.635325959
17.74	0.0	0.0	-0.7250898
17.76	0.0	0.0	-0.81438328
17.78	0.0	0.0	-0.90303568
17.8	0.0	0.0	-0.990875883
17.82	0.0	0.0	-1.077732696
17.84	0.0	0.0	-1.163435173
17.86	0.0	0.0	-1.247812951
17.88	0.0	0.0	-1.330696576
17.9	0.0	0.0	-1.411917837
17.92	0.0	0.0	-1.491310099
17.94	0.0	0.0	-1.568708637
17.96	0.0	0.0	-1.643950965
17.98	0.0	0.0	-1.716877174
18	0.0	0.0	-1.787330252
18.02	0.0	0.0	-1.855156418
18.04	0.0	0.0	-1.920205441
18.06	0.0	0.0	-1.982330962
18.08	0.0	0.0	-2.041390805
18.1	0.0	0.0	-2.09724729
18.12	0.0	0.0	-2.149767533
18.14	0.0	0.0	-2.198823747
18.16	0.0	0.0	-2.244293526
18.18	0.0	0.0	-2.286060131
18.2	0.0	0.0	-2.324012761
18.22	0.0	0.0	-2.358046819
18.24	0.0	0.0	-2.388064164
18.26	0.0	0.0	-2.413973356
18.28	0.0	0.0	-2.435689891
18.3	0.0	0.0	-2.45313642
18.32	0.0	0.0	-2.46624296
18.34	0.0	0.0	-2.474947094
18.36	0.0	0.0	-2.479194151
18.38	0.0	0.0	-2.478937381
18.4	0.0	0.0	-2.474138111
18.42	0.0	0.0	-2.464765887
18.44	0.0	0.0	-2.450798606
18.46	0.0	0.0	-2.432222623
18.48	0.0	0.0	-2.409032855
18.5	0.0	0.0	-2.381232861
18.52	0.0	0.0	-2.348834908
18.54	0.0	0.0	-2.311860019
18.56	0.0	0.0	-2.27033801
18.58	0.0	0.0	-2.224307506
18.6	0.0	0.0	-2.173815938
18.62	0.0	0.0	-2.118919527
18.64	0.0	0.0	-2.059683252
18.66	0.0	0.0	-1.996180797
18.68	0.0	0.0	-1.928494479
18.7	0.0	0.0	-1.856715168
18.72	0.0	0.0	-1.780942178
18.74	0.0	0.0	-1.70128315
18.76	0.0	0.0	-1.617853914
18.78	0.0	0.0	-1.530778333
18.8	0.0	0.0	-1.440188134
18.82	0.0	0.0	-1.34622272
18.84	0.0	0.0	-1.249028962
18.86	0.0	0.0	-1.148760985
18.88	0.0	0.0	-1.045579929
18.9	0.0	0.0	-0.939653696
18.92	0.0	0.0	-0.831156687
18.94	0.0	0.0	-0.720269519
18.96	0.0	0.0	-0.607178731
18.98	0.0	0.0	-0.492076475
19	0.0	0.0	-0.375160192
19.02	0.0	0.0	-0.25663228
19.04	0.0	0.0	-0.136699746
19.06	0.0	0.0	-0.015573844
19.08	0.0	0.0	0.106530287
19.1	0.0	0.0	0.229394011
19.12	0.0	0.0	0.352795579
19.14	0.0	0.0	0.476510529
19.16	0.0	0.0	0.600312095
19.18	0.0	0.0	0.723971615
19.2	0.0	0.0	0.847258961
19.22	0.0	0.0	0.969942958
19.24	0.0	0.0	1.09179182
19.26	0.0	0.0	1.212573586
19.28	0.0	0.0	1.33205656
19.3	0.0	0.0	1.450009755
19.32	0.0	0.0	1.566203334
19.34	0.0	0.0	1.680409061
19.36	0.0	0.0	1.792400745
19.38	0.0	0.0	1.901954683
19.4	0.0	0.0	2.008850107
19.42	0.0	0.0	2.112869624
19.44	0.0	0.0	2.213799653
19.46	0.0	0.0	2.311430861
19.48	0.0	0.0	2.405558591
19.5	0.0	0.0	2.495983284
19.52	0.0	0.0	2.582510894
19.54	0.0	0.0	2.664953299
19.56	0.0	0.0	2.7431287
19.58	0.0	0.0	2.81686201
19.6	0.0	0.0	2.885985235
19.62	0.0	0.0	2.950337841
19.64	0.0	0.0	3.009767118
19.66	0.0	0.0	3.064128516
19.68	0.0	0.0	3.113285984
19.7	0.0	0.0	3.157112281
19.72	0.0	0.0	3.195489283
19.74	0.0	0.0	3.228308268
19.76	0.0	0.0	3.255470189
19.78	0.0	0.0	3.276885925
19.8	0.0	0.0	3.29247652
19.82	0.0	0.0	3.3021734
19.84	0.0	0.0	3.305918576
19.86	0.0	0.0	3.30366482
19.88	0.0	0.0	3.295375833
19.9	0.0	0.0	3.281026382
19.92	0.0	0.0	3.260602423
19.94	0.0	0.0	3.234101203
19.96	0.0	0.0	3.201531335
19.98	0.0	0.0	3.16291286
20	0.0	0.0	3.118277283
20.02	0.0	0.0	3.067667587
20.04	0.0	0.0	3.011138224
20.06	0.0	0.0	2.94875509
20.08	0.0	0.0	2.880595467
20.1	0.0	0.0	2.806747957
20.12	0.0	0.0	2.727312377
20.14	0.0	0.0	2.642399648
20.16	0.0	0.0	2.552131651
20.18	0.0	0.0	2.456641065
20.2	0.0	0.0	2.356071182
20.22	0.0	0.0	2.250575704
20.24	0.0	0.0	2.140318514
20.26	0.0	0.0	2.025473427
20.28	0.0	0.0	1.906223923
20.3	0.0	0.0	1.782762857
20.32	0.0	0.0	1.655292153
20.34	0.0	0.0	1.524022471
20.36	0.0	0.0	1.389172866
20.38	0.0	0.0	1.250970417
20.4	0.0	0.0	1.10964985
20.42	0.0	0.0	0.965453134
20.44	0.0	0.0	0.81862907
20.46	0.0	0.0	0.669432853
20.48	0.0	0.0	0.518125631
20.5	0.0	0.0	0.364974044
20.52	0.0	0.0	0.210249747
20.54	0.0	0.0	0.054228928
20.56	0.0	0.0	-0.102808191
20.58	0.0	0.0	-0.260577864
20.6	0.0	0.0	-0.418793335
20.62	0.0	0.0	-0.577165368
20.64	0.0	0.0	-0.735402779
20.66	0.0	0.0	-0.893212978
20.68	0.0	0.0	-1.050302516
20.7	0.0	0.0	-1.206377635
20.72	0.0	0.0	-1.361144825
20.74	0.0	0.0	-1.514311382
20.76	0.0	0.0	-1.665585964
20.78	0.0	0.0	-1.814679154
20.8	0.0	0.0	-1.961304019
20.82	0.0	0.0	-2.105176665
20.84	0.0	0.0	-2.246016794
20.86	0.0	0.0	-2.383548252
20.88	0.0	0.0	-2.517499577
20.9	0.0	0.0	-2.647604538
20.92	0.0	0.0	-2.773602666
20.94	0.0	0.0	-2.895239781
20.96	0.0	0.0	-3.012268502
20.98	0.0	0.0	-3.124448756
21	0.0	0.0	-3.231548269
21.02	0.0	0.0	-3.333343045
21.04	0.0	0.0	-3.429617837
21.06	0.0	0.0	-3.520166598
21.08	0.0	0.0	-3.604792915
21.1	0.0	0.0	-3.683310435
21.12	0.0	0.0	-3.755543268
21.14	0.0	0.0	-3.82132637
21.16	0.0	0.0	-3.880505913
21.18	0.0	0.0	-3.932939631
21.2	0.0	0.0	-3.978497148
21.22	0.0	0.0	-4.017060282
21.24	0.0	0.0	-4.048523328
21.26	0.0	0.0	-4.072793323
21.28	0.0	0.0	-4.089790281
21.3	0.0	0.0	-4.099447407
21.32	0.0	0.0	-4.101711288
21.34	0.0	0.0	-4.096542058
21.36	0.0	0.0	-4.083913538
21.38	0.0	0.0	-4.063813351
21.4	0.0	0.0	-4.036243009
21.42	0.0	0.0	-4.001217975
21.44	0.0	0.0	-3.958767701
21.46	0.0	0.0	-3.908935636
21.48	0.0	0.0	-3.851779206
21.5	0.0	0.0	-3.787369775
21.52	0.0	0.0	-3.715792565
21.54	0.0	0.0	-3.637146565
21.56	0.0	0.0	-3.551544405
21.58	0.0	0.0	-3.459112198
21.6	0.0	0.0	-3.359989367
21.62	0.0	0.0	-3.25432844
21.64	0.0	0.0	-3.142294817
21.66	0.0	0.0	-3.024066512
21.68	0.0	0.0	-2.899833877
21.7	0.0	0.0	-2.769799288
21.72	0.0	0.0	-2.634176821
21.74	0.0	0.0	-2.49319189
21.76	0.0	0.0	-2.347080874
21.78	0.0	0.0	-2.196090716
21.8	0.0	0.0	-2.040478497
21.82	0.0	0.0	-1.880510994
21.84	0.0	0.0	-1.716464218
21.86	0.0	0.0	-1.548622924
21.88	0.0	0.0	-1.377280115
21.9	0.0	0.0	-1.202736519
21.92	0.0	0.0	-1.025300049
21.94	0.0	0.0	-0.845285254
21.96	0.0	0.0	-0.663012748
21.98	0.0	0.0	-0.47880863
22	0.0	0.0	-0.293003886
22.02	0.0	0.0	-0.105933785
22.04	0.0	0.0	0.082062737
22.06	0.0	0.0	0.270643707
22.08	0.0	0.0	0.459464748
22.1	0.0	0.0	0.64817972
22.12	0.0	0.0	0.836441368
22.14	0.0	0.0	1.023901973
22.16	0.0	0.0	1.210214012
22.18	0.0	0.0	1.395030809
22.2	0.0	0.0	1.578007197
22.22	0.0	0.0	1.758800174
22.24	0.0	0.0	1.937069563
22.26	0.0	0.0	2.112478658
22.28	0.0	0.0	2.284694877
22.3	0.0	0.0	2.453390408
22.32	0.0	0.0	2.618242835
22.34	0.0	0.0	2.778935778
22.36	0.0	0.0	2.935159503
22.38	0.0	0.0	3.086611534
22.4	0.0	0.0	3.232997247
22.42	0.0	0.0	3.374030454
22.44	0.0	0.0	3.509433975
22.46	0.0	0.0	3.638940184
22.48	0.0	0.0	3.762291555
22.5	0.0	0.0	3.879241176
22.52	0.0	0.0	3.98955325
22.54	0.0	0.0	4.09300358
22.56	0.0	0.0	4.189380026
22.58	0.0	0.0	4.278482945
22.6	0.0	0.0	4.360125607
22.62	0.0	0.0	4.434134592
22.64	0.0	0.0	4.500350151
22.66	0.0	0.0	4.558626559
22.68	0.0	0.0	4.608832424
22.7	0.0	0.0	4.650850986
22.72	0.0	0.0	4.684580376
22.74	0.0	0.0	4.709933857
22.76	0.0	0.0	4.726840028
22.78	0.0	0.0	4.735243008
22.8	0.0	0.0	4.735102583
22.82	0.0	0.0	4.726394328
22.84	0.0	0.0	4.709109701
22.86	0.0	0.0	4.683256099
22.88	0.0	0.0	4.648856892
22.9	0.0	0.0	4.605951422
22.92	0.0	0.0	4.554594974
22.94	0.0	0.0	4.494858711
22.96	0.0	0.0	4.426829589
22.98	0.0	0.0	4.350610229
23	0.0	0.0	4.266318768
23.02	0.0	0.0	4.174088676
23.04	0.0	0.0	4.074068542
23.06	0.0	0.0	3.966421838
23.08	0.0	0.0	3.85132664
23.1	0.0	0.0	3.728975336
23.12	0.0	0.0	3.599574295
23.14	0.0	0.0	3.463343513
23.16	0.0	0.0	3.32051623
23.18	0.0	0.0	3.171338524
23.2	0.0	0.0	3.016068877
23.22	0.0	0.0	2.854977715
23.24	0.0	0.0	2.688346925
23.26	0.0	0.0	2.516469355
23.28	0.0	0.0	2.339648279
23.3	0.0	0.0	2.158196856
23.32	0.0	0.0	1.972437555
23.34	0.0	0.0	1.782701571
23.36	0.0	0.0	1.58932822
23.38	0.0	0.0	1.392664311
23.4	0.0	0.0	1.193063517
23.42	0.0	0.0	0.990885712
23.44	0.0	0.0	0.786496314
23.46	0.0	0.0	0.580265602
23.48	0.0	0.0	0.372568029
23.5	0.0	0.0	0.163781525
23.52	0.0	0.0	-0.045713211
23.54	0.0	0.0	-0.255533419
23.56	0.0	0.0	-0.465295002
23.58	0.0	0.0	-0.674613242
23.6	0.0	0.0	-0.883103528
23.62	0.0	0.0	-1.09038208
23.64	0.0	0.0	-1.296066674
23.66	0.0	0.0	-1.499777365
23.68	0.0	0.0	-1.701137209
23.7	0.0	0.0	-1.899772977
23.72	0.0	0.0	-2.095315866
23.74	0.0	0.0	-2.287402202
23.76	0.0	0.0	-2.475674132
23.78	0.0	0.0	-2.659780312
23.8	0.0	0.0	-2.839376576
23.82	0.0	0.0	-3.014126599
23.84	0.0	0.0	-3.18370254
23.86	0.0	0.0	-3.347785677
23.88	0.0	0.0	-3.506067017
23.9	0.0	0.0	-3.658247896
23.92	0.0	0.0	-3.804040559
23.94	0.0	0.0	-3.94316871
23.96	0.0	0.0	-4.075368057
23.98	0.0	0.0	-4.200386824
24	0.0	0.0	-4.31798624
24.02	0.0	0.0	-4.42794101
24.04	0.0	0.0	-4.530039753
24.06	0.0	0.0	-4.624085424
24.08	0.0	0.0	-4.709895696
24.1	0.0	0.0	-4.787303329
24.12	0.0	0.0	-4.856156495
24.14	0.0	0.0	-4.91631909
24.16	0.0	0.0	-4.967671005
24.18	0.0	0.0	-5.010108369
24.2	0.0	0.0	-5.043543764
24.22	0.0	0.0	-5.067906409
24.24	0.0	0.0	-5.083142307
24.26	0.0	0.0	-5.089214367
24.28	0.0	0.0	-5.086102488
24.3	0.0	0.0	-5.073803615
24.32	0.0	0.0	-5.052331762
24.34	0.0	0.0	-5.021717999
24.36	0.0	0.0	-4.982010407
24.38	0.0	0.0	-4.933274008
24.4	0.0	0.0	-4.87559065
24.42	0.0	0.0	-4.809058872
24.44	0.0	0.0	-4.733793727
24.46	0.0	0.0	-4.64992658
24.48	0.0	0.0	-4.557604875
24.5	0.0	0.0	-4.456991863
24.52	0.0	0.0	-4.34826631
24.54	0.0	0.0	-4.231622166
24.56	0.0	0.0	-4.107268216
24.58	0.0	0.0	-3.975427689
24.6	0.0	0.0	-3.836337849
24.62	0.0	0.0	-3.690249556
24.64	0.0	0.0	-3.537426801
24.66	0.0	0.0	-3.378146211
24.68	0.0	0.0	-3.212696543
24.7	0.0	0.0	-3.041378135
24.72	0.0	0.0	-2.864502353
24.74	0.0	0.0	-2.682391007
24.76	0.0	0.0	-2.495375747
24.78	0.0	0.0	-2.303797443
24.8	0.0	0.0	-2.108005547
24.82	0.0	0.0	-1.908357436
24.84	0.0	0.0	-1.705217743
24.86	0.0	0.0	-1.498957668
24.88	0.0	0.0	-1.289954286
24.9	0.0	0.0	-1.078589834
24.92	0.0	0.0	-0.865250994
24.94	0.0	0.0	-0.650328163
24.96	0.0	0.0	-0.434214723
24.98	0.0	0.0	-0.217306296
25	0.0	0.0	-4.82664E-12
25.02	0.0	0.0	0.217306296
25.04	0.0	0.0	0.434214723
25.06	0.0	0.0	0.650328163
25.08	0.0	0.0	0.865250994
25.1	0.0	0.0	1.078589834
25.12	0.0	0.0	1.289954286
25.14	0.0	0.0	1.498957668
25.16	0.0	0.0	1.705217743
25.18	0.0	0.0	1.908357436
25.2	0.0	0.0	2.108005547
25.22	0.0	0.0	2.303797443
25.24	0.0	0.0	2.495375747
25.26	0.0	0.0	2.682391007
25.28	0.0	0.0	2.864502353
25.3	0.0	0.0	3.041378135
25.32	0.0	0.0	3.212696543
25.34	0.0	0.0	3.378146211
25.36	0.0	0.0	3.537426801
25.38	0.0	0.0	3.690249556
25.4	0.0	0.0	3.836337849
25.42	0.0	0.0	3.975427689
25.44	0.0	0.0	4.107268216
25.46	0.0	0.0	4.231622166
25.48	0.0	0.0	4.34826631
25.5	0.0	0.0	4.456991863
25.52	0.0	0.0	4.557604875
25.54	0.0	0.0	4.64992658
25.56	0.0	0.0	4.733793727
25.58	0.0	0.0	4.809058872
25.6	0.0	0.0	4.87559065
25.62	0.0	0.0	4.933274008
25.64	0.0	0.0	4.982010407
25.66	0.0	0.0	5.021717999
25.68	0.0	0.0	5.052331762
25.7	0.0	0.0	5.073803615
25.72	0.0	0.0	5.086102488
25.74	0.0	0.0	5.089214367
25.76	0.0	0.0	5.083142307
25.78	0.0	0.0	5.067906409
25.8	0.0	0.0	5.043543764
25.82	0.0	0.0	5.010108369
25.84	0.0	0.0	4.967671005
25.86	0.0	0.0	4.91631909
25.88	0.0	0.0	4.856156495
25.9	0.0	0.0	4.787303329
25.92	0.0	0.0	4.709895696
25.94	0.0	0.0	4.624085424
25.96	0.0	0.0	4.530039753
25.98	0.0	0.0	4.42794101
26	0.0	0.0	4.31798624
26.02	0.0	0.0	4.200386824
26.04	0.0	0.0	4.075368057
26.06	0.0	0.0	3.94316871
26.08	0.0	0.0	3.804040559
26.1	0.0	0.0	3.658247896
26.12	0.0	0.0	3.506067017
26.14	0.0	0.0	3.347785677
26.16	0.0	0.0	3.18370254
26.18	0.0	0.0	3.014126599
26.2	0.0	0.0	2.839376576
26.22	0.0	0.0	2.659780312
26.24	0.0	0.0	2.475674132
26.26	0.0	0.0	2.287402202
26.28	0.0	0.0	2.095315866
26.3	0.0	0.0	1.899772977
26.32	0.0	0.0	1.701137209
26.34	0.0	0.0	1.499777365
26.36	0.0	0.0	1.296066674
26.38	0.0	0.0	1.09038208
26.4	0.0	0.0	0.883103528
26.42	0.0	0.0	0.674613242
26.44	0.0	0.0	0.465295002
26.46	0.0	0.0	0.255533419
26.48	0.0	0.0	0.045713211
26.5	0.0	0.0	-0.163781525
26.52	0.0	0.0	-0.372568029
26.54	0.0	0.0	-0.580265602
26.56	0.0	0.0	-0.786496314
26.58	0.0	0.0	-0.990885712
26.6	0.0	0.0	-1.193063517
26.62	0.0	0.0	-1.392664311
26.64	0.0	0.0	-1.58932822
26.66	0.0	0.0	-1.782701571
26.68	0.0	0.0	-1.972437555
26.7	0.0	0.0	-2.158196856
26.72	0.0	0.0	-2.339648279
26.74	0.0	0.0	-2.516469355
26.76	0.0	0.0	-2.688346925
26.78	0.0	0.0	-2.854977715
26.8	0.0	0.0	-3.016068877
26.82	0.0	0.0	-3.171338524
26.84	0.0	0.0	-3.32051623
26.86	0.0	0.0	-3.463343513
26.88	0.0	0.0	-3.599574295
26.9	0.0	0.0	-3.728975336
26.92	0.0	0.0	-3.85132664
26.94	0.0	0.0	-3.966421838
26.96	0.0	0.0	-4.074068542
26.98	0.0	0.0	-4.174088676
27	0.0	0.0	-4.266318768
27.02	0.0	0.0	-4.350610229
27.04	0.0	0.0	-4.426829589
27.06	0.0	0.0	-4.494858711
27.08	0.0	0.0	-4.554594974
27.1	0.0	0.0	-4.605951422
27.12	0.0	0.0	-4.648856892
27.14	0.0	0.0	-4.683256099
27.16	0.0	0.0	-4.709109701
27.18	0.0	0.0	-4.726394328
27.2	0.0	0.0	-4.735102583
27.22	0.0	0.0	-4.735243008
27.24	0.0	0.0	-4.726840028
27.26	0.0	0.0	-4.709933857
27.28	0.0	0.0	-4.684580376
27.3	0.0	0.0	-4.650850986
27.32	0.0	0.0	-4.608832424
27.34	0.0	0.0	-4.558626559
27.36	0.0	0.0	-4.500350151
27.38	0.0	0.0	-4.434134592
27.4	0.0	0.0	-4.360125607
27.42	0.0	0.0	-4.278482945
27.44	0.0	0.0	-4.189380026
27.46	0.0	0.0	-4.09300358
27.48	0.0	0.0	-3.98955325
27.5	0.0	0.0	-3.879241176
27.52	0.0	0.0	-3.762291555
27.54	0.0	0.0	-3.638940184
27.56	0.0	0.0	-3.509433975
27.58	0.0	0.0	-3.374030454
27.6	0.0	0.0	-3.232997247
27.62	0.0	0.0	-3.086611534
27.64	0.0	0.0	-2.935159503
27.66	0.0	0.0	-2.778935778
27.68	0.0	0.0	-2.618242835
27.7	0.0	0.0	-2.453390408
27.72	0.0	0.0	-2.284694877
27.74	0.0	0.0	-2.112478658
27.76	0.0	0.0	-1.937069563
27.78	0.0	0.0	-1.758800174
27.8	0.0	0.0	-1.578007197
27.82	0.0	0.0	-1.395030809
27.84	0.0	0.0	-1.210214012
27.86	0.0	0.0	-1.023901973
27.88	0.0	0.0	-0.836441368
27.9	0.0	0.0	-0.64817972
27.92	0.0	0.0	-0.459464748
27.94	0.0	0.0	-0.270643707
27.96	0.0	0.0	-0.082062737
27.98	0.0	0.0	0.105933785
28	0.0	0.0	0.293003886
28.02	0.0	0.0	0.47880863
28.04	0.0	0.0	0.663012748
28.06	0.0	0.0	0.845285254
28.08	0.0	0.0	1.025300049
28.1	0.0	0.0	1.202736519
28.12	0.0	0.0	1.377280115
28.14	0.0	0.0	1.548622924
28.16	0.0	0.0	1.716464218
28.18	0.0	0.0	1.880510994
28.2	0.0	0.0	2.040478497
28.22	0.0	0.0	2.196090716
28.24	0.0	0.0	2.347080874
28.26	0.0	0.0	2.49319189
28.28	0.0	0.0	2.634176821
28.3	0.0	0.0	2.769799288
28.32	0.0	0.0	2.899833877
28.34	0.0	0.0	3.024066512
28.36	0.0	0.0	3.142294817
28.38	0.0	0.0	3.25432844
28.4	0.0	0.0	3.359989367
28.42	0.0	0.0	3.459112198
28.44	0.0	0.0	3.551544405
28.46	0.0	0.0	3.637146565
28.48	0.0	0.0	3.715792565
28.5	0.0	0.0	3.787369775
28.52	0.0	0.0	3.851779206
28.54	0.0	0.0	3.908935636
28.56	0.0	0.0	3.958767701
28.58	0.0	0.0	4.001217975
28.6	0.0	0.0	4.036243009
28.62	0.0	0.0	4.063813351
28.64	0.0	0.0	4.083913538
28.66	0.0	0.0	4.096542058
28.68	0.0	0.0	4.101711288
28.7	0.0	0.0	4.099447407
28.72	0.0	0.0	4.089790281
28.74	0.0	0.0	4.072793323
28.76	0.0	0.0	4.048523328
28.78	0.0	0.0	4.017060282
28.8	0.0	0.0	3.978497148
28.82	0.0	0.0	3.932939631
28.84	0.0	0.0	3.880505913
28.86	0.0	0.0	3.82132637
28.88	0.0	0.0	3.755543268
28.9	0.0	0.0	3.683310435
28.92	0.0	0.0	3.604792915
28.94	0.0	0.0	3.520166598
28.96	0.0	0.0	3.429617837
28.98	0.0	0.0	3.333343045
29	0.0	0.0	3.231548269
29.02	0.0	0.0	3.124448756
29.04	0.0	0.0	3.012268502
29.06	0.0	0.0	2.895239781
29.08	0.0	0.0	2.773602666
29.1	0.0	0.0	2.647604538
29.12	0.0	0.0	2.517499577
29.14	0.0	0.0	2.383548252
29.16	0.0	0.0	2.246016794
29.18	0.0	0.0	2.105176665
29.2	0.0	0.0	1.961304019
29.22	0.0	0.0	1.814679154
29.24	0.0	0.0	1.665585964
29.26	0.0	0.0	1.514311382
29.28	0.0	0.0	1.361144825
29.3	0.0	0.0	1.206377635
29.32	0.0	0.0	1.050302516
29.34	0.0	0.0	0.893212978
29.36	0.0	0.0	0.735402779
29.38	0.0	0.0	0.577165368
29.4	0.0	0.0	0.418793335
29.42	0.0	0.0	0.260577864
29.44	0.0	0.0	0.102808191
29.46	0.0	0.0	-0.054228928
29.48	0.0	0.0	-0.210249747
29.5	0.0	0.0	-0.364974044
29.52	0.0	0.0	-0.518125631
29.54	0.0	0.0	-0.669432853
29.56	0.0	0.0	-0.81862907
29.58	0.0	0.0	-0.965453134
29.6	0.0	0.0	-1.10964985
29.62	0.0	0.0	-1.250970417
29.64	0.0	0.0	-1.389172866
29.66	0.0	0.0	-1.524022471
29.68	0.0	0.0	-1.655292153
29.7	0.0	0.0	-1.782762857
29.72	0.0	0.0	-1.906223923
29.74	0.0	0.0	-2.025473427
29.76	0.0	0.0	-2.140318514
29.78	0.0	0.0	-2.250575704
29.8	0.0	0.0	-2.356071182
29.82	0.0	0.0	-2.456641065
29.84	0.0	0.0	-2.552131651
29.86	0.0	0.0	-2.642399648
29.88	0.0	0.0	-2.727312377
29.9	0.0	0.0	-2.806747957
29.92	0.0	0.0	-2.880595467
29.94	0.0	0.0	-2.94875509
29.96	0.0	0.0	-3.011138224
29.98	0.0	0.0	-3.067667587
30	0.0	0.0	-3.118277283
30.02	0.0	0.0	-3.16291286
30.04	0.0	0.0	-3.201531335
30.06	0.0	0.0	-3.234101203
30.08	0.0	0.0	-3.260602423
30.1	0.0	0.0	-3.281026382
30.12	0.0	0.0	-3.295375833
30.14	0.0	0.0	-3.30366482
30.16	0.0	0.0	-3.305918576
30.18	0.0	0.0	-3.3021734
30.2	0.0	0.0	-3.29247652
30.22	0.0	0.0	-3.276885925
30.24	0.0	0.0	-3.255470189
30.26	0.0	0.0	-3.228308268
30.28	0.0	0.0	-3.195489283
30.3	0.0	0.0	-3.157112281
30.32	0.0	0.0	-3.113285984
30.34	0.0	0.0	-3.064128516
30.36	0.0	0.0	-3.009767118
30.38	0.0	0.0	-2.950337841
30.4	0.0	0.0	-2.885985235
30.42	0.0	0.0	-2.81686201
30.44	0.0	0.0	-2.7431287
30.46	0.0	0.0	-2.664953299
30.48	0.0	0.0	-2.582510894
30.5	0.0	0.0	-2.495983284
30.52	0.0	0.0	-2.405558591
30.54	0.0	0.0	-2.311430861
30.56	0.0	0.0	-2.213799653
30.58	0.0	0.0	-2.112869624
30.6	0.0	0.0	-2.008850107
30.62	0.0	0.0	-1.901954683
30.64	0.0	0.0	-1.792400745
30.66	0.0	0.0	-1.680409061
30.68	0.0	0.0	-1.566203334
30.7	0.0	0.0	-1.450009755
30.72	0.0	0.0	-1.33205656
30.74	0.0	0.0	-1.212573586
30.76	0.0	0.0	-1.09179182
30.78	0.0	0.0	-0.969942958
30.8	0.0	0.0	-0.847258961
30.82	0.0	0.0	-0.723971615
30.84	0.0	0.0	-0.600312095
30.86	0.0	0.0	-0.476510529
30.88	0.0	0.0	-0.352795579
30.9	0.0	0.0	-0.229394011
30.92	0.0	0.0	-0.106530287
30.94	0.0	0.0	0.015573844
30.96	0.0	0.0	0.136699746
30.98	0.0	0.0	0.25663228
31	0.0	0.0	0.375160192
31.02	0.0	0.0	0.492076475
31.04	0.0	0.0	0.607178731
31.06	0.0	0.0	0.720269519
31.08	0.0	0.0	0.831156687
31.1	0.0	0.0	0.939653696
31.12	0.0	0.0	1.045579929
31.14	0.0	0.0	1.148760985
31.16	0.0	0.0	1.249028962
31.18	0.0	0.0	1.34622272
31.2	0.0	0.0	1.440188134
31.22	0.0	0.0	1.530778333
31.24	0.0	0.0	1.617853914
31.26	0.0	0.0	1.70128315
31.28	0.0	0.0	1.780942178
31.3	0.0	0.0	1.856715168
31.32	0.0	0.0	1.928494479
31.34	0.0	0.0	1.996180797
31.36	0.0	0.0	2.059683252
31.38	0.0	0.0	2.118919527
31.4	0.0	0.0	2.173815938
31.42	0.0	0.0	2.224307506
31.44	0.0	0.0	2.27033801
31.46	0.0	0.0	2.311860019
31.48	0.0	0.0	2.348834908
31.5	0.0	0.0	2.381232861
31.52	0.0	0.0	2.409032855
31.54	0.0	0.0	2.432222623
31.56	0.0	0.0	2.450798606
31.58	0.0	0.0	2.464765887
31.6	0.0	0.0	2.474138111
31.62	0.0	0.0	2.478937381
31.64	0.0	0.0	2.479194151
31.66	0.0	0.0	2.474947094
31.68	0.0	0.0	2.46624296
31.7	0.0	0.0	2.45313642
31.72	0.0	0.0	2.435689891
31.74	0.0	0.0	2.413973356
31.76	0.0	0.0	2.388064164
31.78	0.0	0.0	2.358046819
31.8	0.0	0.0	2.324012761
31.82	0.0	0.0	2.286060131
31.84	0.0	0.0	2.244293526
31.86	0.0	0.0	2.198823747
31.88	0.0	0.0	2.149767533
31.9	0.0	0.0	2.09724729
31.92	0.0	0.0	2.041390805
31.94	0.0	0.0	1.982330962
31.96	0.0	0.0	1.920205441
31.98	0.0	0.0	1.855156418
32	0.0	0.0	1.787330252
32.02	0.0	0.0	1.716877174
32.04	0.0	0.0	1.643950965
32.06	0.0	0.0	1.568708637
32.08	0.0	0.0	1.491310099
32.1	0.0	0.0	1.411917837
32.12	0.0	0.0	1.330696576
32.14	0.0	0.0	1.247812951
32.16	0.0	0.0	1.163435173
32.18	0.0	0.0	1.077732696
32.2	0.0	0.0	0.990875883
32.22	0.0	0.0	0.90303568
32.24	0.0	0.0	0.81438328
32.26	0.0	0.0	0.7250898
32.28	0.0	0.0	0.635325959
32.3	0.0	0.0	0.545261753
32.32	0.0	0.0	0.455066146
32.34	0.0	0.0	0.364906754
32.36	0.0	0.0	0.274949543
32.38	0.0	0.0	0.18535853
32.4	0.0	0.0	0.096295487
32.42	0.0	0.0	0.007919662
32.44	0.0	0.0	-0.079612507
32.46	0.0	0.0	-0.166147654
32.48	0.0	0.0	-0.251535752
32.5	0.0	0.0	-0.335630364
32.52	0.0	0.0	-0.418288885
32.54	0.0	0.0	-0.499372777
32.56	0.0	0.0	-0.578747792
32.58	0.0	0.0	-0.656284185
32.6	0.0	0.0	-0.731856917
32.62	0.0	0.0	-0.805345846
32.64	0.0	0.0	-0.876635909
32.66	0.0	0.0	-0.945617287
32.68	0.0	0.0	-1.012185565
32.7	0.0	0.0	-1.076241876
32.72	0.0	0.0	-1.137693034
32.74	0.0	0.0	-1.196451657
32.76	0.0	0.0	-1.252436272
32.78	0.0	0.0	-1.305571411
32.8	0.0	0.0	-1.3557877
32.82	0.0	0.0	-1.403021921
32.84	0.0	0.0	-1.44721708
32.86	0.0	0.0	-1.488322447
32.88	0.0	0.0	-1.526293589
32.9	0.0	0.0	-1.561092395
32.92	0.0	0.0	-1.592687083
32.94	0.0	0.0	-1.621052192
32.96	0.0	0.0	-1.646168575
32.98	0.0	0.0	-1.668023363
33	0.0	0.0	-1.686609928
33.02	0.0	0.0	-1.701927836
33.04	0.0	0.0	-1.713982779
33.06	0.0	0.0	-1.722786502
33.08	0.0	0.0	-1.728356721
33.1	0.0	0.0	-1.730717028
33.12	0.0	0.0	-1.729896782
33.14	0.0	0.0	-1.725930996
33.16	0.0	0.0	-1.71886021
33.18	0.0	0.0	-1.708730361
33.2	0.0	0.0	-1.695592632
33.22	0.0	0.0	-1.679503308
33.24	0.0	0.0	-1.660523607
33.26	0.0	0.0	-1.63871952
33.28	0.0	0.0	-1.61416163
33.3	0.0	0.0	-1.586924931
33.32	0.0	0.0	-1.55708864
33.34	0.0	0.0	-1.524735999
33.36	0.0	0.0	-1.489954076
33.38	0.0	0.0	-1.452833559
33.4	0.0	0.0	-1.413468541
33.42	0.0	0.0	-1.371956312
33.44	0.0	0.0	-1.328397133
33.46	0.0	0.0	-1.282894016
33.48	0.0	0.0	-1.235552499
33.5	0.0	0.0	-1.186480417
33.52	0.0	0.0	-1.135787674
33.54	0.0	0.0	-1.083586007
33.56	0.0	0.0	-1.029988759
33.58	0.0	0.0	-0.975110644
33.6	0.0	0.0	-0.919067512
33.62	0.0	0.0	-0.861976119
33.64	0.0	0.0	-0.803953893
33.66	0.0	0.0	-0.745118703
33.68	0.0	0.0	-0.685588633
33.7	0.0	0.0	-0.625481752
33.72	0.0	0.0	-0.56491589
33.74	0.0	0.0	-0.504008417
33.76	0.0	0.0	-0.442876027
33.78	0.0	0.0	-0.381634519
33.8	0.0	0.0	-0.32039859
33.82	0.0	0.0	-0.259281629
33.84	0.0	0.0	-0.198395513
33.86	0.0	0.0	-0.137850417
33.88	0.0	0.0	-0.077754617
33.9	0.0	0.0	-0.01821431
33.92	0.0	0.0	0.040666568
33.94	0.0	0.0	0.098786508
33.96	0.0	0.0	0.156046603
33.98	0.0	0.0	0.212350697
34	0.0	0.0	0.267605543
34.02	0.0	0.0	0.321720944
34.04	0.0	0.0	0.37460989
34.06	0.0	0.0	0.426188689
34.08	0.0	0.0	0.476377085
34.1	0.0	0.0	0.525098373
34.12	0.0	0.0	0.572279503
34.14	0.0	0.0	0.617851176
34.16	0.0	0.0	0.661747936
34.18	0.0	0.0	0.703908243
34.2	0.0	0.0	0.744274551
34.22	0.0	0.0	0.782793368
34.24	0.0	0.0	0.819415307
34.26	0.0	0.0	0.854095138
34.28	0.0	0.0	0.886791821
34.3	0.0	0.0	0.917468536
34.32	0.0	0.0	0.946092701
34.34	0.0	0.0	0.972635987
34.36	0.0	0.0	0.997074319
34.38	0.0	0.0	1.01938787
34.4	0.0	0.0	1.039561052
34.42	0.0	0.0	1.057582492
34.44	0.0	0.0	1.073445002
34.46	0.0	0.0	1.087145546
34.48	0.0	0.0	1.098685191
34.5	0.0	0.0	1.108069059
34.52	0.0	0.0	1.115306268
34.54	0.0	0.0	1.120409862
34.56	0.0	0.0	1.123396744
34.58	0.0	0.0	1.124287593
34.6	0.0	0.0	1.123106779
34.62	0.0	0.0	1.119882271
34.64	0.0	0.0	1.114645541
34.66	0.0	0.0	1.107431461
34.68	0.0	0.0	1.098278192
34.7	0.0	0.0	1.087227071
34.72	0.0	0.0	1.074322497
34.74	0.0	0.0	1.059611803
34.76	0.0	0.0	1.043145131
34.78	0.0	0.0	1.024975304
34.8	0.0	0.0	1.005157687
34.82	0.0	0.0	0.983750054
34.84	0.0	0.0	0.960812443
34.86	0.0	0.0	0.936407018
34.88	0.0	0.0	0.91059792
34.9	0.0	0.0	0.88345112
34.92	0.0	0.0	0.855034271
34.94	0.0	0.0	0.825416558
34.96	0.0	0.0	0.794668545
34.98	0.0	0.0	0.762862021
35	0.0	0.0	0.730069854
35.02	0.0	0.0	0.696365828
35.04	0.0	0.0	0.661824501
35.06	0.0	0.0	0.626521045
35.08	0.0	0.0	0.590531097
35.1	0.0	0.0	0.55393061
35.12	0.0	0.0	0.5167957
35.14	0.0	0.0	0.479202502
35.16	0.0	0.0	0.441227024
35.18	0.0	0.0	0.402945002
35.2	0.0	0.0	0.364431757
35.22	0.0	0.0	0.325762062
35.24	0.0	0.0	0.287010001
35.26	0.0	0.0	0.248248837
35.28	0.0	0.0	0.209550886
35.3	0.0	0.0	0.170987389
35.32	0.0	0.0	0.132628389
35.34	0.0	0.0	0.094542613
35.36	0.0	0.0	0.056797361
35.38	0.0	0.0	0.019458391
35.4	0.0	0.0	-0.017410181
35.42	0.0	0.0	-0.053745985
35.44	0.0	0.0	-0.089488495
35.46	0.0	0.0	-0.124579114
35.48	0.0	0.0	-0.158961266
35.5	0.0	0.0	-0.192580476
35.52	0.0	0.0	-0.225384443
35.54	0.0	0.0	-0.257323117
35.56	0.0	0.0	-0.288348757
35.58	0.0	0.0	-0.318415997
35.6	0.0	0.0	-0.3474819
35.62	0.0	0.0	-0.375506004
35.64	0.0	0.0	-0.40245037
35.66	0.0	0.0	-0.428279617
35.68	0.0	0.0	-0.452960959
35.7	0.0	0.0	-0.476464226
35.72	0.0	0.0	-0.498761894
35.74	0.0	0.0	-0.519829096
35.76	0.0	0.0	-0.539643635
35.78	0.0	0.0	-0.558185988
35.8	0.0	0.0	-0.575439311
35.82	0.0	0.0	-0.59138943
35.84	0.0	0.0	-0.606024832
35.86	0.0	0.0	-0.619336655
35.88	0.0	0.0	-0.63131866
35.9	0.0	0.0	-0.641967214
35.92	0.0	0.0	-0.651281257
35.94	0.0	0.0	-0.659262267
35.96	0.0	0.0	-0.665914227
35.98	0.0	0.0	-0.671243577
36	0.0	0.0	-0.67525917
36.02	0.0	0.0	-0.677972219
36.04	0.0	0.0	-0.679396246
36.06	0.0	0.0	-0.67954702
36.08	0.0	0.0	-0.678442497
36.1	0.0	0.0	-0.676102753
36.12	0.0	0.0	-0.672549918
36.14	0.0	0.0	-0.667808102
36.16	0.0	0.0	-0.661903321
36.18	0.0	0.0	-0.654863423
36.2	0.0	0.0	-0.646718002
36.22	0.0	0.0	-0.637498324
36.24	0.0	0.0	-0.627237238
36.26	0.0	0.0	-0.615969091
36.28	0.0	0.0	-0.603729642
36.3	0.0	0.0	-0.590555972
36.32	0.0	0.0	-0.576486393
36.34	0.0	0.0	-0.561560359
36.36	0.0	0.0	-0.545818373
36.38	0.0	0.0	-0.529301891
36.4	0.0	0.0	-0.512053233
36.42	0.0	0.0	-0.494115487
36.44	0.0	0.0	-0.475532415
36.46	0.0	0.0	-0.456348359
36.48	0.0	0.0	-0.436608148
36.5	0.0	0.0	-0.416357005
36.52	0.0	0.0	-0.395640453
36.54	0.0	0.0	-0.374504226
36.56	0.0	0.0	-0.352994172
36.58	0.0	0.0	-0.331156172
36.6	0.0	0.0	-0.309036043
36.62	0.0	0.0	-0.286679457
36.64	0.0	0.0	-0.26413185
36.66	0.0	0.0	-0.241438344
36.68	0.0	0.0	-0.21864366
36.7	0.0	0.0	-0.195792041
36.72	0.0	0.0	-0.172927173
36.74	0.0	0.0	-0.150092108
36.76	0.0	0.0	-0.127329194
36.78	0.0	0.0	-0.104680001
36.8	0.0	0.0	-0.082185254
36.82	0.0	0.0	-0.059884767
36.84	0.0	0.0	-0.037817382
36.86	0.0	0.0	-0.016020906
36.88	0.0	0.0	0.005467945
36.9	0.0	0.0	0.026613599
36.92	0.0	0.0	0.047381679
36.94	0.0	0.0	0.067739053
36.96	0.0	0.0	0.087653879
36.98	0.0	0.0	0.107095642
37	0.0	0.0	0.126035199
37.02	0.0	0.0	0.144444809
37.04	0.0	0.0	0.162298166
37.06	0.0	0.0	0.179570431
37.08	0.0	0.0	0.196238253
37.1	0.0	0.0	0.212279793
37.12	0.0	0.0	0.227674742
37.14	0.0	0.0	0.242404338
37.16	0.0	0.0	0.256451375
37.18	0.0	0.0	0.269800217
37.2	0.0	0.0	0.282436799
37.22	0.0	0.0	0.294348632
37.24	0.0	0.0	0.305524801
37.26	0.0	0.0	0.315955964
37.28	0.0	0.0	0.325634344
37.3	0.0	0.0	0.334553719
37.32	0.0	0.0	0.342709408
37.34	0.0	0.0	0.350098261
37.36	0.0	0.0	0.356718636
37.38	0.0	0.0	0.362570381
37.4	0.0	0.0	0.367654808
37.42	0.0	0.0	0.371974673
37.44	0.0	0.0	0.375534141
37.46	0.0	0.0	0.37833876
37.48	0.0	0.0	0.380395427
37.5	0.0	0.0	0.381712353
37.52	0.0	0.0	0.382299026
37.54	0.0	0.0	0.382166174
37.56	0.0	0.0	0.381325724
37.58	0.0	0.0	0.379790756
37.6	0.0	0.0	0.377575465
37.62	0.0	0.0	0.374695113
37.64	0.0	0.0	0.371165981
37.66	0.0	0.0	0.367005324
37.68	0.0	0.0	0.362231319
37.7	0.0	0.0	0.356863018
37.72	0.0	0.0	0.350920295
37.74	0.0	0.0	0.344423794
37.76	0.0	0.0	0.33739488
37.78	0.0	0.0	0.32985558
37.8	0.0	0.0	0.321828537
37.82	0.0	0.0	0.313336949
37.84	0.0	0.0	0.30440452
37.86	0.0	0.0	0.295055405
37.88	0.0	0.0	0.285314155
37.9	0.0	0.0	0.275205662
37.92	0.0	0.0	0.264755108
37.94	0.0	0.0	0.25398791
37.96	0.0	0.0	0.242929667
37.98	0.0	0.0	0.231606108
38	0.0	0.0	0.220043039
38.02	0.0	0.0	0.208266295
38.04	0.0	0.0	0.196301684
38.06	0.0	0.0	0.184174942
38.08	0.0	0.0	0.171911684
38.1	0.0	0.0	0.159537355
38.12	0.0	0.0	0.147077184
38.14	0.0	0.0	0.13455614
38.16	0.0	0.0	0.121998885
38.18	0.0	0.0	0.109429736
38.2	0.0	0.0	0.096872619
38.22	0.0	0.0	0.084351033
38.24	0.0	0.0	0.07188801
38.26	0.0	0.0	0.059506078
38.28	0.0	0.0	0.047227227
38.3	0.0	0.0	0.035072875
38.32	0.0	0.0	0.023063834
38.34	0.0	0.0	0.011220286
38.36	0.0	0.0	-0.000438251
38.38	0.0	0.0	-0.01189295
38.4	0.0	0.0	-0.023125695
38.42	0.0	0.0	-0.034119105
38.44	0.0	0.0	-0.044856559
38.46	0.0	0.0	-0.055322213
38.48	0.0	0.0	-0.065501015
38.5	0.0	0.0	-0.075378724
38.52	0.0	0.0	-0.08494192
38.54	0.0	0.0	-0.094178022
38.56	0.0	0.0	-0.103075291
38.58	0.0	0.0	-0.111622842
38.6	0.0	0.0	-0.11981065
38.62	0.0	0.0	-0.127629554
38.64	0.0	0.0	-0.135071259
38.66	0.0	0.0	-0.142128338
38.68	0.0	0.0	-0.148794233
38.7	0.0	0.0	-0.155063249
38.72	0.0	0.0	-0.160930552
38.74	0.0	0.0	-0.166392164
38.76	0.0	0.0	-0.171444953
38.78	0.0	0.0	-0.176086628
38.8	0.0	0.0	-0.180315726
38.82	0.0	0.0	-0.1841316
38.84	0.0	0.0	-0.187534408
38.86	0.0	0.0	-0.190525098
38.88	0.0	0.0	-0.19310539
38.9	0.0	0.0	-0.195277762
38.92	0.0	0.0	-0.197045429
38.94	0.0	0.0	-0.198412327
38.96	0.0	0.0	-0.199383087
38.98	0.0	0.0	-0.199963022
39	0.0	0.0	-0.200158096
39.02	0.0	0.0	-0.199974907
39.04	0.0	0.0	-0.199420658
39.06	0.0	0.0	-0.198503137
39.08	0.0	0.0	-0.197230687
39.1	0.0	0.0	-0.195612183
39.12	0.0	0.0	-0.193657004
39.14	0.0	0.0	-0.191375005
39.16	0.0	0.0	-0.18877649
39.18	0.0	0.0	-0.185872185
39.2	0.0	0.0	-0.182673206
39.22	0.0	0.0	-0.179191035
39.24	0.0	0.0	-0.175437488
39.26	0.0	0.0	-0.171424685
39.28	0.0	0.0	-0.167165025
39.3	0.0	0.0	-0.162671153
39.32	0.0	0.0	-0.157955932
39.34	0.0	0.0	-0.153032415
39.36	0.0	0.0	-0.147913815
39.38	0.0	0.0	-0.142613476
39.4	0.0	0.0	-0.137144847
39.42	0.0	0.0	-0.13152145
39.44	0.0	0.0	-0.125756856
39.46	0.0	0.0	-0.119864657
39.48	0.0	0.0	-0.113858436
39.5	0.0	0.0	-0.107751745
39.52	0.0	0.0	-0.101558076
39.54	0.0	0.0	-0.095290837
39.56	0.0	0.0	-0.08896333
39.58	0.0	0.0	-0.08258872
39.6	0.0	0.0	-0.076180021
39.62	0.0	0.0	-0.069750066
39.64	0.0	0.0	-0.063311489
39.66	0.0	0.0	-0.056876704
39.68	0.0	0.0	-0.050457882
39.7	0.0	0.0	-0.044066936
39.72	0.0	0.0	-0.037715501
39.74	0.0	0.0	-0.031414915
39.76	0.0	0.0	-0.025176202
39.78	0.0	0.0	-0.019010062
39.8	0.0	0.0	-0.01292685
39.82	0.0	0.0	-0.006936563
39.84	0.0	0.0	-0.001048831
39.86	0.0	0.0	0.004727098
39.88	0.0	0.0	0.010382368
39.9	0.0	0.0	0.015908523
39.92	0.0	0.0	0.021297521
39.94	0.0	0.0	0.026541736
39.96	0.0	0.0	0.031633967
39.98	0.0	0.0	0.036567448
40	0.0	0.0	0.041335845
40.02	0.0	0.0	0.045933268
40.04	0.0	0.0	0.050354268
40.06	0.0	0.0	0.054593844
40.08	0.0	0.0	0.058647439
40.1	0.0	0.0	0.062510945
40.12	0.0	0.0	0.066180701
40.14	0.0	0.0	0.069653492
40.16	0.0	0.0	0.072926542
40.18	0.0	0.0	0.075997519
40.2	0.0	0.0	0.078864525
40.22	0.0	0.0	0.081526093
40.24	0.0	0.0	0.083981182
40.26	0.0	0.0	0.08622917
40.28	0.0	0.0	0.088269848
40.3	0.0	0.0	0.090103412
40.32	0.0	0.0	0.091730454
40.34	0.0	0.0	0.093151954
40.36	0.0	0.0	0.094369269
40.38	0.0	0.0	0.095384126
40.4	0.0	0.0	0.096198609
40.42	0.0	0.0	0.096815148
40.44	0.0	0.0	0.097236507
40.46	0.0	0.0	0.097465776
40.48	0.0	0.0	0.097506351
40.5	0.0	0.0	0.097361929
40.52	0.0	0.0	0.097036491
40.54	0.0	0.0	0.096534289
40.56	0.0	0.0	0.095859831
40.58	0.0	0.0	0.095017872
40.6	0.0	0.0	0.094013393
40.62	0.0	0.0	0.09285159
40.64	0.0	0.0	0.091537863
40.66	0.0	0.0	0.090077796
40.68	0.0	0.0	0.088477142
40.7	0.0	0.0	0.086741816
40.72	0.0	0.0	0.084877869
40.74	0.0	0.0	0.082891484
40.76	0.0	0.0	0.080788954
40.78	0.0	0.0	0.07857667
40.8	0.0	0.0	0.076261108
40.82	0.0	0.0	0.073848813
40.84	0.0	0.0	0.071346381
40.86	0.0	0.0	0.068760455
40.88	0.0	0.0	0.066097699
40.9	0.0	0.0	0.063364795
40.92	0.0	0.0	0.060568421
40.94	0.0	0.0	0.057715245
40.96	0.0	0.0	0.054811907
40.98	0.0	0.0	0.051865009
41	0.0	0.0	0.048881102
41.02	0.0	0.0	0.045866675
41.04	0.0	0.0	0.042828143
41.06	0.0	0.0	0.039771835
41.08	0.0	0.0	0.036703985
41.1	0.0	0.0	0.033630721
41.12	0.0	0.0	0.030558054
41.14	0.0	0.0	0.02749187
41.16	0.0	0.0	0.024437923
41.18	0.0	0.0	0.021401819
41.2	0.0	0.0	0.018389018
41.22	0.0	0.0	0.015404818
41.24	0.0	0.0	0.012454353
41.26	0.0	0.0	0.009542584
41.28	0.0	0.0	0.006674293
41.3	0.0	0.0	0.003854077
41.32	0.0	0.0	0.001086346
41.34	0.0	0.0	-0.001624687
41.36	0.0	0.0	-0.004275006
41.38	0.0	0.0	-0.006860798
41.4	0.0	0.0	-0.009378456
41.42	0.0	0.0	-0.01182458
41.44	0.0	0.0	-0.014195983
41.46	0.0	0.0	-0.016489689
41.48	0.0	0.0	-0.018702937
41.5	0.0	0.0	-0.020833178
41.52	0.0	0.0	-0.022878084
41.54	0.0	0.0	-0.024835537
41.56	0.0	0.0	-0.026703639
41.58	0.0	0.0	-0.028480702
41.6	0.0	0.0	-0.030165254
41.62	0.0	0.0	-0.031756034
41.64	0.0	0.0	-0.033251991
41.66	0.0	0.0	-0.034652279
41.68	0.0	0.0	-0.03595626
41.7	0.0	0.0	-0.037163495
41.72	0.0	0.0	-0.038273743
41.74	0.0	0.0	-0.039286959
41.76	0.0	0.0	-0.040203286
41.78	0.0	0.0	-0.041023055
41.8	0.0	0.0	-0.041746777
41.82	0.0	0.0	-0.042375139
41.84	0.0	0.0	-0.042909
41.86	0.0	0.0	-0.043349385
41.88	0.0	0.0	-0.043697479
41.9	0.0	0.0	-0.043954622
41.92	0.0	0.0	-0.044122301
41.94	0.0	0.0	-0.044202148
41.96	0.0	0.0	-0.044195928
41.98	0.0	0.0	-0.044105537
42	0.0	0.0	-0.043932996
42.02	0.0	0.0	-0.04368044
42.04	0.0	0.0	-0.043350115
42.06	0.0	0.0	-0.042944369
42.08	0.0	0.0	-0.042465646
42.1	0.0	0.0	-0.041916481
42.12	0.0	0.0	-0.041299488
42.14	0.0	0.0	-0.04061736
42.16	0.0	0.0	-0.039872856
42.18	0.0	0.0	-0.039068795
42.2	0.0	0.0	-0.038208053
42.22	0.0	0.0	-0.037293553
42.24	0.0	0.0	-0.036328256
42.26	0.0	0.0	-0.035315161
42.28	0.0	0.0	-0.034257292
42.3	0.0	0.0	-0.033157694
42.32	0.0	0.0	-0.032019424
42.34	0.0	0.0	-0.030845552
42.36	0.0	0.0	-0.029639144
42.38	0.0	0.0	-0.028403265
42.4	0.0	0.0	-0.027140968
42.42	0.0	0.0	-0.02585529
42.44	0.0	0.0	-0.024549246
42.46	0.0	0.0	-0.023225824
42.48	0.0	0.0	-0.021887978
42.5	0.0	0.0	-0.020538625
42.52	0.0	0.0	-0.019180639
42.54	0.0	0.0	-0.017816847
42.56	0.0	0.0	-0.016450023
42.58	0.0	0.0	-0.015082884
42.6	0.0	0.0	-0.013718088
42.62	0.0	0.0	-0.012358227
42.64	0.0	0.0	-0.011005826
42.66	0.0	0.0	-0.009663338
42.68	0.0	0.0	-0.00833314
42.7	0.0	0.0	-0.007017532
42.72	0.0	0.0	-0.005718733
42.74	0.0	0.0	-0.004438879
42.76	0.0	0.0	-0.00318002
42.78	0.0	0.0	-0.001944118
42.8	0.0	0.0	-0.000733045
42.82	0.0	0.0	0.000451418
42.84	0.0	0.0	0.001607583
42.86	0.0	0.0	0.002733856
42.88	0.0	0.0	0.003828739
42.9	0.0	0.0	0.004890829
42.92	0.0	0.0	0.005918819
42.94	0.0	0.0	0.006911502
42.96	0.0	0.0	0.007867765
42.98	0.0	0.0	0.008786593
43	0.0	0.0	0.009667069
43.02	0.0	0.0	0.010508372
43.04	0.0	0.0	0.011309777
43.06	0.0	0.0	0.012070653
43.08	0.0	0.0	0.012790465
43.1	0.0	0.0	0.013468772
43.12	0.0	0.0	0.014105221
43.14	0.0	0.0	0.014699554
43.16	0.0	0.0	0.0152516
43.18	0.0	0.0	0.015761274
43.2	0.0	0.0	0.016228578
43.22	0.0	0.0	0.016653597
43.24	0.0	0.0	0.017036497
43.26	0.0	0.0	0.017377525
43.28	0.0	0.0	0.017677
43.3	0.0	0.0	0.017935321
43.32	0.0	0.0	0.018152956
43.34	0.0	0.0	0.018330441
43.36	0.0	0.0	0.01846838
43.38	0.0	0.0	0.018567442
43.4	0.0	0.0	0.018628354
43.42	0.0	0.0	0.018651904
43.44	0.0	0.0	0.018638933
43.46	0.0	0.0	0.018590335
43.48	0.0	0.0	0.018507053
43.5	0.0	0.0	0.018390076
43.52	0.0	0.0	0.018240436
43.54	0.0	0.0	0.018059206
43.56	0.0	0.0	0.017847494
43.58	0.0	0.0	0.017606444
43.6	0.0	0.0	0.017337229
43.62	0.0	0.0	0.01704105
43.64	0.0	0.0	0.016719133
43.66	0.0	0.0	0.016372725
43.68	0.0	0.0	0.016003093
43.7	0.0	0.0	0.015611518
43.72	0.0	0.0	0.015199294
43.74	0.0	0.0	0.014767726
43.76	0.0	0.0	0.014318124
43.78	0.0	0.0	0.013851803
43.8	0.0	0.0	0.013370079
43.82	0.0	0.0	0.01287427
43.84	0.0	0.0	0.012365684
43.86	0.0	0.0	0.011845629
43.88	0.0	0.0	0.011315399
43.9	0.0	0.0	0.010776281
43.92	0.0	0.0	0.010229545
43.94	0.0	0.0	0.009676448
43.96	0.0	0.0	0.009118227
43.98	0.0	0.0	0.0085561
44	0.0	0.0	0.007991264
44.02	0.0	0.0	0.007424891
44.04	0.0	0.0	0.006858127
44.06	0.0	0.0	0.006292094
44.08	0.0	0.0	0.005727881
44.1	0.0	0.0	0.005166549
44.12	0.0	0.0	0.004609128
44.14	0.0	0.0	0.004056613
44.16	0.0	0.0	0.003509966
44.18	0.0	0.0	0.002970115
44.2	0.0	0.0	0.00243795
44.22	0.0	0.0	0.001914324
44.24	0.0	0.0	0.001400052
44.26	0.0	0.0	0.000895911
44.28	0.0	0.0	0.00040264
44.3	0.0	0.0	-7.90645E-05
44.32	0.0	0.0	-0.000548545
44.34	0.0	0.0	-0.001005184
44.36	0.0	0.0	-0.001448405
44.38	0.0	0.0	-0.001877673
44.4	0.0	0.0	-0.002292493
44.42	0.0	0.0	-0.002692413
44.44	0.0	0.0	-0.003077018
44.46	0.0	0.0	-0.003445939
44.48	0.0	0.0	-0.003798843
44.5	0.0	0.0	-0.004135438
44.52	0.0	0.0	-0.004455474
44.54	0.0	0.0	-0.004758737
44.56	0.0	0.0	-0.005045054
44.58	0.0	0.0	-0.005314289
44.6	0.0	0.0	-0.005566343
44.62	0.0	0.0	-0.005801156
44.64	0.0	0.0	-0.0060187
44.66	0.0	0.0	-0.006218985
44.68	0.0	0.0	-0.006402054
44.7	0.0	0.0	-0.006567984
44.72	0.0	0.0	-0.006716883
44.74	0.0	0.0	-0.006848891
44.76	0.0	0.0	-0.006964177
44.78	0.0	0.0	-0.00706294
44.8	0.0	0.0	-0.007145407
44.82	0.0	0.0	-0.007211832
44.84	0.0	0.0	-0.007262493
44.86	0.0	0.0	-0.007297693
44.88	0.0	0.0	-0.007317759
44.9	0.0	0.0	-0.007323039
44.92	0.0	0.0	-0.007313901
44.94	0.0	0.0	-0.007290735
44.96	0.0	0.0	-0.007253946
44.98	0.0	0.0	-0.007203956
45	0.0	0.0	-0.007141205
45.02	0.0	0.0	-0.007066146
45.04	0.0	0.0	-0.006979243
45.06	0.0	0.0	-0.006880974
45.08	0.0	0.0	-0.006771827
45.1	0.0	0.0	-0.0066523
45.12	0.0	0.0	-0.006522896
45.14	0.0	0.0	-0.006384128
45.16	0.0	0.0	-0.006236512
45.18	0.0	0.0	-0.00608057
45.2	0.0	0.0	-0.005916827
45.22	0.0	0.0	-0.00574581
45.24	0.0	0.0	-0.005568045
45.26	0.0	0.0	-0.00538406
45.28	0.0	0.0	-0.005194382
45.3	0.0	0.0	-0.004999534
45.32	0.0	0.0	-0.004800037
45.34	0.0	0.0	-0.004596407
45.36	0.0	0.0	-0.004389155
45.38	0.0	0.0	-0.004178786
45.4	0.0	0.0	-0.003965799
45.42	0.0	0.0	-0.003750684
45.44	0.0	0.0	-0.003533923
45.46	0.0	0.0	-0.003315988
45.48	0.0	0.0	-0.003097342
45.5	0.0	0.0	-0.002878437
45.52	0.0	0.0	-0.002659712
45.54	0.0	0.0	-0.002441598
45.56	0.0	0.0	-0.002224509
45.58	0.0	0.0	-0.002008849
45.6	0.0	0.0	-0.001795007
45.62	0.0	0.0	-0.001583359
45.64	0.0	0.0	-0.001374267
45.66	0.0	0.0	-0.001168077
45.68	0.0	0.0	-0.000965121
45.7	0.0	0.0	-0.000765715
45.72	0.0	0.0	-0.00057016
45.74	0.0	0.0	-0.000378743
45.76	0.0	0.0	-0.000191731
45.78	0.0	0.0	-9.3785E-06
45.8	0.0	0.0	0.000168077
45.82	0.0	0.0	0.000340415
45.84	0.0	0.0	0.00050743
45.86	0.0	0.0	0.000668933
45.88	0.0	0.0	0.000824751
45.9	0.0	0.0	0.000974728
45.92	0.0	0.0	0.001118723
45.94	0.0	0.0	0.001256611
45.96	0.0	0.0	0.001388282
45.98	0.0	0.0	0.001513643
46	0.0	0.0	0.001632615
46.02	0.0	0.0	0.001745133
46.04	0.0	0.0	0.00185115
46.06	0.0	0.0	0.001950629
46.08	0.0	0.0	0.002043551
46.1	0.0	0.0	0.002129908
46.12	0.0	0.0	0.002209707
46.14	0.0	0.0	0.002282968
46.16	0.0	0.0	0.002349722
46.18	0.0	0.0	0.002410014
46.2	0.0	0.0	0.0024639
46.22	0.0	0.0	0.002511448
46.24	0.0	0.0	0.002552736
46.26	0.0	0.0	0.002587853
46.28	0.0	0.0	0.002616898
46.3	0.0	0.0	0.00263998
46.32	0.0	0.0	0.002657215
46.34	0.0	0.0	0.002668731
46.36	0.0	0.0	0.002674661
46.38	0.0	0.0	0.002675147
46.4	0.0	0.0	0.002670338
46.42	0.0	0.0	0.00266039
46.44	0.0	0.0	0.002645464
46.46	0.0	0.0	0.002625727
46.48	0.0	0.0	0.002601352
46.5	0.0	0.0	0.002572515
46.52	0.0	0.0	0.002539399
46.54	0.0	0.0	0.002502186
46.56	0.0	0.0	0.002461066
46.58	0.0	0.0	0.002416229
46.6	0.0	0.0	0.002367868
46.62	0.0	0.0	0.002316178
46.64	0.0	0.0	0.002261354
46.66	0.0	0.0	0.002203594
46.68	0.0	0.0	0.002143094
46.7	0.0	0.0	0.002080053
46.72	0.0	0.0	0.002014667
46.74	0.0	0.0	0.001947133
46.76	0.0	0.0	0.001877646
46.78	0.0	0.0	0.0018064
46.8	0.0	0.0	0.001733587
46.82	0.0	0.0	0.001659396
46.84	0.0	0.0	0.001584015
46.86	0.0	0.0	0.001507628
46.88	0.0	0.0	0.001430417
46.9	0.0	0.0	0.001352559
46.92	0.0	0.0	0.001274229
46.94	0.0	0.0	0.001195597
46.96	0.0	0.0	0.00111683
46.98	0.0	0.0	0.001038088
47	0.0	0.0	0.000959529
47.02	0.0	0.0	0.000881305
47.04	0.0	0.0	0.000803565
47.06	0.0	0.0	0.000726449
47.08	0.0	0.0	0.000650096
47.1	0.0	0.0	0.000574636
47.12	0.0	0.0	0.000500196
47.14	0.0	0.0	0.000426896
47.16	0.0	0.0	0.00035485
47.18	0.0	0.0	0.000284169
47.2	0.0	0.0	0.000214954
47.22	0.0	0.0	0.000147303
47.24	0.0	0.0	8.13065E-05
47.26	0.0	0.0	1.70508E-05
47.28	0.0	0.0	-4.53853E-05
47.3	0.0	0.0	-0.000105929
47.32	0.0	0.0	-0.000164511
47.34	0.0	0.0	-0.000221072
47.36	0.0	0.0	-0.000275556
47.38	0.0	0.0	-0.000327912
47.4	0.0	0.0	-0.000378097
47.42	0.0	0.0	-0.000426072
47.44	0.0	0.0	-0.000471805
47.46	0.0	0.0	-0.000515267
47.48	0.0	0.0	-0.000556438
47.5	0.0	0.0	-0.000595301
47.52	0.0	0.0	-0.000631844
47.54	0.0	0.0	-0.00066606
47.56	0.0	0.0	-0.000697949
47.58	0.0	0.0	-0.000727513
47.6	0.0	0.0	-0.000754761
47.62	0.0	0.0	-0.000779705
47.64	0.0	0.0	-0.000802362
47.66	0.0	0.0	-0.000822753
47.68	0.0	0.0	-0.000840902
47.7	0.0	0.0	-0.000856839
47.72	0.0	0.0	-0.000870595
47.74	0.0	0.0	-0.000882208
47.76	0.0	0.0	-0.000891716
47.78	0.0	0.0	-0.000899161
47.8	0.0	0.0	-0.000904589
47.82	0.0	0.0	-0.000908049
47.84	0.0	0.0	-0.000909591
47.86	0.0	0.0	-0.000909268
47.88	0.0	0.0	-0.000907136
47.9	0.0	0.0	-0.000903252
47.92	0.0	0.0	-0.000897676
47.94	0.0	0.0	-0.000890469
47.96	0.0	0.0	-0.000881694
47.98	0.0	0.0	-0.000871415
48	0.0	0.0	-0.000859696
48.02	0.0	0.0	-0.000846605
48.04	0.0	0.0	-0.000832208
48.06	0.0	0.0	-0.000816574
48.08	0.0	0.0	-0.00079977
48.1	0.0	0.0	-0.000781866
48.12	0.0	0.0	-0.00076293
48.14	0.0	0.0	-0.000743031
48.16	0.0	0.0	-0.000722239
48.18	0.0	0.0	-0.000700621
48.2	0.0	0.0	-0.000678247
48.22	0.0	0.0	-0.000655185
48.24	0.0	0.0	-0.000631501
48.26	0.0	0.0	-0.000607262
48.28	0.0	0.0	-0.000582535
48.3	0.0	0.0	-0.000557383
48.32	0.0	0.0	-0.000531871
48.34	0.0	0.0	-0.00050606
48.36	0.0	0.0	-0.000480013
48.38	0.0	0.0	-0.00045379
48.4	0.0	0.0	-0.000427448
48.42	0.0	0.0	-0.000401046
48.44	0.0	0.0	-0.000374637
48.46	0.0	0.0	-0.000348277
48.48	0.0	0.0	-0.000322018
48.5	0.0	0.0	-0.000295908
48.52	0.0	0.0	-0.000269998
48.54	0.0	0.0	-0.000244334
48.56	0.0	0.0	-0.00021896
48.58	0.0	0.0	-0.000193919
48.6	0.0	0.0	-0.000169252
48.62	0.0	0.0	-0.000144998
48.64	0.0	0.0	-0.000121194
48.66	0.0	0.0	-9.78741E-05
48.68	0.0	0.0	-7.50713E-05
48.7	0.0	0.0	-5.28164E-05
48.72	0.0	0.0	-3.11378E-05
48.74	0.0	0.0	-1.00622E-05
48.76	0.0	0.0	1.0386E-05
48.78	0.0	0.0	3.01842E-05
48.8	0.0	0.0	4.93121E-05
48.82	0.0	0.0	6.77511E-05
48.84	0.0	0.0	8.54848E-05
48.86	0.0	0.0	0.000102499
48.88	0.0	0.0	0.00011878
48.9	0.0	0.0	0.000134318
48.92	0.0	0.0	0.000149105
48.94	0.0	0.0	0.000163132
48.96	0.0	0.0	0.000176395
48.98	0.0	0.0	0.00018889
49	0.0	0.0	0.000200616
49.02	0.0	0.0	0.000211572
49.04	0.0	0.0	0.000221759
49.06	0.0	0.0	0.000231181
49.08	0.0	0.0	0.000239842
49.1	0.0	0.0	0.000247748
49.12	0.0	0.0	0.000254906
49.14	0.0	0.0	0.000261325
49.16	0.0	0.0	0.000267014
49.18	0.0	0.0	0.000271984
49.2	0.0	0.0	0.000276249
49.22	0.0	0.0	0.00027982
49.24	0.0	0.0	0.000282713
49.26	0.0	0.0	0.000284941
49.28	0.0	0.0	0.000286523
49.3	0.0	0.0	0.000287474
49.32	0.0	0.0	0.000287813
49.34	0.0	0.0	0.000287557
49.36	0.0	0.0	0.000286726
49.38	0.0	0.0	0.00028534
49.4	0.0	0.0	0.000283418
49.42	0.0	0.0	0.000280982
49.44	0.0	0.0	0.000278053
49.46	0.0	0.0	0.000274652
49.48	0.0	0.0	0.000270801
49.5	0.0	0.0	0.000266522
49.52	0.0	0.0	0.000261838
49.54	0.0	0.0	0.00025677
49.56	0.0	0.0	0.000251341
49.58	0.0	0.0	0.000245574
49.6	0.0	0.0	0.000239491
49.62	0.0	0.0	0.000233115
49.64	0.0	0.0	0.000226468
49.66	0.0	0.0	0.000219573
49.68	0.0	0.0	0.00021245
49.7	0.0	0.0	0.000205123
49.72	0.0	0.0	0.000197613
49.74	0.0	0.0	0.00018994
49.76	0.0	0.0	0.000182127
49.78	0.0	0.0	0.000174193
49.8	0.0	0.0	0.000166158
49.82	0.0	0.0	0.000158043
49.84	0.0	0.0	0.000149866
49.86	0.0	0.0	0.000141647
49.88	0.0	0.0	0.000133403
49.9	0.0	0.0	0.000125153
49.92	0.0	0.0	0.000116913
49.94	0.0	0.0	0.000108701
49.96	0.0	0.0	0.000100532
49.98	0.0	0.0	9.2421E-05
50	0.0	0.0	8.43839E-05
50.02	0.0	0.0	7.64345E-05
50.04	0.0	0.0	6.85863E-05
50.06	0.0	0.0	6.08522E-05
50.08	0.0	0.0	5.32446E-05
50.1	0.0	0.0	4.5775E-05
50.12	0.0	0.0	3.84545E-05
50.14	0.0	0.0	3.12932E-05
50.16	0.0	0.0	2.43008E-05
50.18	0.0	0.0	1.74862E-05
50.2	0.0	0.0	1.08579E-05
50.22	0.0	0.0	4.42338E-06
50.24	0.0	0.0	-1.81029E-06
50.26	0.0	0.0	-7.83677E-06
50.28	0.0	0.0	-1.36503E-05
50.3	0.0	0.0	-1.92459E-05
50.32	0.0	0.0	-2.46189E-05
50.34	0.0	0.0	-2.97657E-05
50.36	0.0	0.0	-3.46828E-05
50.38	0.0	0.0	-3.93676E-05
50.4	0.0	0.0	-4.38179E-05
50.42	0.0	0.0	-4.80324E-05
50.44	0.0	0.0	-5.20098E-05
50.46	0.0	0.0	-5.57498E-05
50.48	0.0	0.0	-5.92523E-05
50.5	0.0	0.0	-6.25179E-05
50.52	0.0	0.0	-6.55477E-05
50.54	0.0	0.0	-6.83429E-05
50.56	0.0	0.0	-7.09057E-05
50.58	0.0	0.0	-7.32382E-05
50.6	0.0	0.0	-7.53432E-05
50.62	0.0	0.0	-7.72238E-05
50.64	0.0	0.0	-7.88836E-05
50.66	0.0	0.0	-8.03264E-05
50.68	0.0	0.0	-8.15562E-05
50.7	0.0	0.0	-8.25777E-05
50.72	0.0	0.0	-8.33955E-05
50.74	0.0	0.0	-8.40146E-05
50.76	0.0	0.0	-8.44405E-05
50.78	0.0	0.0	-8.46785E-05
50.8	0.0	0.0	-8.47344E-05
50.82	0.0	0.0	-8.46142E-05
50.84	0.0	0.0	-8.43238E-05
50.86	0.0	0.0	-8.38696E-05
50.88	0.0	0.0	-8.3258E-05
50.9	0.0	0.0	-8.24954E-05
50.92	0.0	0.0	-8.15885E-05
50.94	0.0	0.0	-8.05439E-05
50.96	0.0	0.0	-7.93684E-05
50.98	0.0	0.0	-7.80688E-05
51	0.0	0.0	-7.6652E-05
51.02	0.0	0.0	-7.51248E-05
51.04	0.0	0.0	-7.34941E-05
51.06	0.0	0.0	-7.17667E-05
51.08	0.0	0.0	-6.99495E-05
51.1	0.0	0.0	-6.80493E-05
51.12	0.0	0.0	-6.60727E-05
51.14	0.0	0.0	-6.40265E-05
51.16	0.0	0.0	-6.19173E-05
51.18	0.0	0.0	-5.97516E-05
51.2	0.0	0.0	-5.75357E-05
51.22	0.0	0.0	-5.52761E-05
51.24	0.0	0.0	-5.29788E-05
51.26	0.0	0.0	-5.065E-05
51.28	0.0	0.0	-4.82956E-05
51.3	0.0	0.0	-4.59213E-05
51.32	0.0	0.0	-4.35327E-05
51.34	0.0	0.0	-4.11354E-05
51.36	0.0	0.0	-3.87346E-05
51.38	0.0	0.0	-3.63354E-05
51.4	0.0	0.0	-3.39429E-05
51.42	0.0	0.0	-3.15617E-05
51.44	0.0	0.0	-2.91966E-05
51.46	0.0	0.0	-2.68517E-05
51.48	0.0	0.0	-2.45315E-05
51.5	0.0	0.0	-2.22398E-05
51.52	0.0	0.0	-1.99805E-05
51.54	0.0	0.0	-1.77573E-05
51.56	0.0	0.0	-1.55735E-05
51.58	0.0	0.0	-1.34323E-05
51.6	0.0	0.0	-1.13369E-05
51.62	0.0	0.0	-9.28997E-06
51.64	0.0	0.0	-7.29418E-06
51.66	0.0	0.0	-5.35195E-06
51.68	0.0	0.0	-3.46553E-06
51.7	0.0	0.0	-1.63695E-06
51.72	0.0	0.0	1.31951E-07
51.74	0.0	0.0	1.8395E-06
51.76	0.0	0.0	3.48424E-06
51.78	0.0	0.0	5.06487E-06
51.8	0.0	0.0	6.58029E-06
51.82	0.0	0.0	8.02955E-06
51.84	0.0	0.0	9.41191E-06
51.86	0.0	0.0	1.07268E-05
51.88	0.0	0.0	1.19737E-05
51.9	0.0	0.0	1.31524E-05
51.92	0.0	0.0	1.42628E-05
51.94	0.0	0.0	1.53049E-05
51.96	0.0	0.0	1.62789E-05
51.98	0.0	0.0	1.7185E-05
52	0.0	0.0	1.80238E-05
52.02	0.0	0.0	1.87958E-05
52.04	0.0	0.0	1.95017E-05
52.06	0.0	0.0	2.01424E-05
52.08	0.0	0.0	2.07186E-05
52.1	0.0	0.0	2.12315E-05
52.12	0.0	0.0	2.16822E-05
52.14	0.0	0.0	2.20719E-05
52.16	0.0	0.0	2.2402E-05
52.18	0.0	0.0	2.26737E-05
52.2	0.0	0.0	2.28885E-05
52.22	0.0	0.0	2.30481E-05
52.24	0.0	0.0	2.31539E-05
52.26	0.0	0.0	2.32077E-05
52.28	0.0	0.0	2.32111E-05
52.3	0.0	0.0	2.31659E-05
52.32	0.0	0.0	2.30739E-05
52.34	0.0	0.0	2.2937E-05
52.36	0.0	0.0	2.2757E-05
52.38	0.0	0.0	2.25357E-05
52.4	0.0	0.0	2.22752E-05
52.42	0.0	0.0	2.19773E-05
52.44	0.0	0.0	2.16439E-05
52.46	0.0	0.0	2.12772E-05
52.48	0.0	0.0	2.08789E-05
52.5	0.0	0.0	2.0451E-05
52.52	0.0	0.0	1.99955E-05
52.54	0.0	0.0	1.95144E-05
52.56	0.0	0.0	1.90094E-05
52.58	0.0	0.0	1.84827E-05
52.6	0.0	0.0	1.7936E-05
52.62	0.0	0.0	1.73711E-05
52.64	0.0	0.0	1.679E-05
52.66	0.0	0.0	1.61945E-05
52.68	0.0	0.0	1.55863E-05
52.7	0.0	0.0	1.49671E-05
52.72	0.0	0.0	1.43386E-05
52.74	0.0	0.0	1.37026E-05
52.76	0.0	0.0	1.30606E-05
52.78	0.0	0.0	1.24142E-05
52.8	0.0	0.0	1.17649E-05
52.82	0.0	0.0	1.11143E-05
52.84	0.0	0.0	1.04636E-05
52.86	0.0	0.0	9.81436E-06
52.88	0.0	0.0	9.16784E-06
52.9	0.0	0.0	8.52533E-06
52.92	0.0	0.0	7.88804E-06
52.94	0.0	0.0	7.25714E-06
52.96	0.0	0.0	6.63373E-06
52.98	0.0	0.0	6.01887E-06
53	0.0	0.0	5.41356E-06
53.02	0.0	0.0	4.81873E-06
53.04	0.0	0.0	4.23528E-06
53.06	0.0	0.0	3.66404E-06
53.08	0.0	0.0	3.10577E-06
53.1	0.0	0.0	2.5612E-06
53.12	0.0	0.0	2.03098E-06
53.14	0.0	0.0	1.51574E-06
53.16	0.0	0.0	1.01601E-06
53.18	0.0	0.0	5.32312E-07
53.2	0.0	0.0	6.5084E-08
53.22	0.0	0.0	-3.85273E-07
53.24	0.0	0.0	-8.18412E-07
53.26	0.0	0.0	-1.23404E-06
53.28	0.0	0.0	-1.63189E-06
53.3	0.0	0.0	-2.01178E-06
53.32	0.0	0.0	-2.37355E-06
53.34	0.0	0.0	-2.71708E-06
53.36	0.0	0.0	-3.04231E-06
53.38	0.0	0.0	-3.3492E-06
53.4	0.0	0.0	-3.63778E-06
53.42	0.0	0.0	-3.90809E-06
53.44	0.0	0.0	-4.16022E-06
53.46	0.0	0.0	-4.3943E-06
53.48	0.0	0.0	-4.61049E-06
53.5	0.0	0.0	-4.80898E-06
53.52	0.0	0.0	-4.99E-06
53.54	0.0	0.0	-5.1538E-06
53.56	0.0	0.0	-5.30065E-06
53.58	0.0	0.0	-5.43087E-06
53.6	0.0	0.0	-5.54478E-06
53.62	0.0	0.0	-5.64275E-06
53.64	0.0	0.0	-5.72514E-06
53.66	0.0	0.0	-5.79236E-06
53.68	0.0	0.0	-5.84481E-06
53.7	0.0	0.0	-5.88294E-06
53.72	0.0	0.0	-5.90718E-06
53.74	0.0	0.0	-5.91799E-06
53.76	0.0	0.0	-5.91585E-06
53.78	0.0	0.0	-5.90123E-06
53.8	0.0	0.0	-5.87464E-06
53.82	0.0	0.0	-5.83656E-06
53.84	0.0	0.0	-5.78751E-06
53.86	0.0	0.0	-5.728E-06
53.88	0.0	0.0	-5.65853E-06
53.9	0.0	0.0	-5.57963E-06
53.92	0.0	0.0	-5.49182E-06
53.94	0.0	0.0	-5.39561E-06
53.96	0.0	0.0	-5.29153E-06
53.98	0.0	0.0	-5.18008E-06
54	0.0	0.0	-5.06178E-06
54.02	0.0	0.0	-4.93714E-06
54.04	0.0	0.0	-4.80666E-06
54.06	0.0	0.0	-4.67084E-06
54.08	0.0	0.0	-4.53017E-06
54.1	0.0	0.0	-4.38514E-06
54.12	0.0	0.0	-4.23621E-06
54.14	0.0	0.0	-4.08385E-06
54.16	0.0	0.0	-3.92852E-06
54.18	0.0	0.0	-3.77066E-06
54.2	0.0	0.0	-3.6107E-06
54.22	0.0	0.0	-3.44908E-06
54.24	0.0	0.0	-3.28619E-06
54.26	0.0	0.0	-3.12243E-06
54.28	0.0	0.0	-2.9582E-06
54.3	0.0	0.0	-2.79385E-06
54.32	0.0	0.0	-2.62976E-06
54.34	0.0	0.0	-2.46626E-06
54.36	0.0	0.0	-2.30367E-06
54.38	0.0	0.0	-2.14233E-06
54.4	0.0	0.0	-1.98253E-06
54.42	0.0	0.0	-1.82454E-06
54.44	0.0	0.0	-1.66866E-06
54.46	0.0	0.0	-1.51512E-06
54.48	0.0	0.0	-1.36419E-06
54.5	0.0	0.0	-1.21607E-06
54.52	0.0	0.0	-1.07099E-06
54.54	0.0	0.0	-9.29136E-07
54.56	0.0	0.0	-7.90702E-07
54.58	0.0	0.0	-6.55853E-07
54.6	0.0	0.0	-5.24744E-07
54.62	0.0	0.0	-3.97517E-07
54.64	0.0	0.0	-2.74298E-07
54.66	0.0	0.0	-1.55202E-07
54.68	0.0	0.0	-4.03283E-08
54.7	0.0	0.0	7.02348E-08
54.72	0.0	0.0	1.76413E-07
54.74	0.0	0.0	2.78143E-07
54.76	0.0	0.0	3.75375E-07
54.78	0.0	0.0	4.68071E-07
54.8	0.0	0.0	5.56203E-07
54.82	0.0	0.0	6.39754E-07
54.84	0.0	0.0	7.1872E-07
54.86	0.0	0.0	7.93104E-07
54.88	0.0	0.0	8.62921E-07
54.9	0.0	0.0	9.28194E-07
54.92	0.0	0.0	9.88957E-07
54.94	0.0	0.0	1.04525E-06
54.96	0.0	0.0	1.09712E-06
54.98	0.0	0.0	1.14464E-06
55	0.0	0.0	1.18785E-06
55.02	0.0	0.0	1.22684E-06
55.04	0.0	0.0	1.26167E-06
55.06	0.0	0.0	1.29245E-06
55.08	0.0	0.0	1.31925E-06
55.1	0.0	0.0	1.34217E-06
55.12	0.0	0.0	1.36131E-06
55.14	0.0	0.0	1.37678E-06
55.16	0.0	0.0	1.38868E-06
55.18	0.0	0.0	1.39712E-06
55.2	0.0	0.0	1.40222E-06
55.22	0.0	0.0	1.40411E-06
55.24	0.0	0.0	1.40289E-06
55.26	0.0	0.0	1.39869E-06
55.28	0.0	0.0	1.39165E-06
55.3	0.0	0.0	1.38187E-06
55.32	0.0	0.0	1.36949E-06
55.34	0.0	0.0	1.35464E-06
55.36	0.0	0.0	1.33745E-06
55.38	0.0	0.0	1.31804E-06
55.4	0.0	0.0	1.29655E-06
55.42	0.0	0.0	1.27309E-06
55.44	0.0	0.0	1.24781E-06
55.46	0.0	0.0	1.22081E-06
55.48	0.0	0.0	1.19224E-06
55.5	0.0	0.0	1.16222E-06
55.52	0.0	0.0	1.13086E-06
55.54	0.0	0.0	1.09829E-06
55.56	0.0	0.0	1.06462E-06
55.58	0.0	0.0	1.02997E-06
55.6	0.0	0.0	9.94463E-07
55.62	0.0	0.0	9.582E-07
55.64	0.0	0.0	9.21293E-07
55.66	0.0	0.0	8.83848E-07
55.68	0.0	0.0	8.45967E-07
55.7	0.0	0.0	8.0775E-07
55.72	0.0	0.0	7.69294E-07
55.74	0.0	0.0	7.30693E-07
55.76	0.0	0.0	6.92036E-07
55.78	0.0	0.0	6.5341E-07
55.8	0.0	0.0	6.14898E-07
55.82	0.0	0.0	5.76581E-07
55.84	0.0	0.0	5.38534E-07
55.86	0.0	0.0	5.00829E-07
55.88	0.0	0.0	4.63536E-07
55.9	0.0	0.0	4.2672E-07
55.92	0.0	0.0	3.90443E-07
55.94	0.0	0.0	3.54762E-07
55.96	0.0	0.0	3.19733E-07
55.98	0.0	0.0	2.85406E-07
56	0.0	0.0	2.51829E-07
56.02	0.0	0.0	2.19045E-07
56.04	0.0	0.0	1.87095E-07
56.06	0.0	0.0	1.56015E-07
56.08	0.0	0.0	1.2584E-07
56.1	0.0	0.0	9.65988E-08
56.12	0.0	0.0	6.83191E-08
56.14	0.0	0.0	4.10244E-08
56.16	0.0	0.0	1.47353E-08
56.18	0.0	0.0	-1.05304E-08
56.2	0.0	0.0	-3.47583E-08
56.22	0.0	0.0	-5.79366E-08
56.24	0.0	0.0	-8.00562E-08
56.26	0.0	0.0	-1.01111E-07
56.28	0.0	0.0	-1.21097E-07
56.3	0.0	0.0	-1.40014E-07
56.32	0.0	0.0	-1.57862E-07
56.34	0.0	0.0	-1.74646E-07
56.36	0.0	0.0	-1.9037E-07
56.38	0.0	0.0	-2.05044E-07
56.4	0.0	0.0	-2.18676E-07
56.42	0.0	0.0	-2.31279E-07
56.44	0.0	0.0	-2.42867E-07
56.46	0.0	0.0	-2.53454E-07
56.48	0.0	0.0	-2.63058E-07
56.5	0.0	0.0	-2.71697E-07
56.52	0.0	0.0	-2.79392E-07
56.54	0.0	0.0	-2.86162E-07
56.56	0.0	0.0	-2.92031E-07
56.58	0.0	0.0	-2.97022E-07
56.6	0.0	0.0	-3.0116E-07
56.62	0.0	0.0	-3.0447E-07
56.64	0.0	0.0	-3.06978E-07
56.66	0.0	0.0	-3.08711E-07
56.68	0.0	0.0	-3.09696E-07
56.7	0.0	0.0	-3.09963E-07
56.72	0.0	0.0	-3.09539E-07
56.74	0.0	0.0	-3.08453E-07
56.76	0.0	0.0	-3.06735E-07
56.78	0.0	0.0	-3.04414E-07
56.8	0.0	0.0	-3.0152E-07
56.82	0.0	0.0	-2.98083E-07
56.84	0.0	0.0	-2.94132E-07
56.86	0.0	0.0	-2.89697E-07
56.88	0.0	0.0	-2.84807E-07
56.9	0.0	0.0	-2.79492E-07
56.92	0.0	0.0	-2.73782E-07
56.94	0.0	0.0	-2.67704E-07
56.96	0.0	0.0	-2.61287E-07
56.98	0.0	0.0	-2.5456E-07
57	0.0	0.0	-2.4755E-07
57.02	0.0	0.0	-2.40284E-07
57.04	0.0	0.0	-2.32788E-07
57.06	0.0	0.0	-2.2509E-07
57.08	0.0	0.0	-2.17213E-07
57.1	0.0	0.0	-2.09184E-07
57.12	0.0	0.0	-2.01025E-07
57.14	0.0	0.0	-1.92761E-07
57.16	0.0	0.0	-1.84414E-07
57.18	0.0	0.0	-1.76006E-07
57.2	0.0	0.0	-1.67558E-07
57.22	0.0	0.0	-1.59091E-07
57.24	0.0	0.0	-1.50624E-07
57.26	0.0	0.0	-1.42177E-07
57.28	0.0	0.0	-1.33766E-07
57.3	0.0	0.0	-1.25409E-07
57.32	0.0	0.0	-1.17124E-07
57.34	0.0	0.0	-1.08924E-07
57.36	0.0	0.0	-1.00825E-07
57.38	0.0	0.0	-9.284E-08
57.4	0.0	0.0	-8.49831E-08
57.42	0.0	0.0	-7.7266E-08
57.44	0.0	0.0	-6.97001E-08
57.46	0.0	0.0	-6.22959E-08
57.48	0.0	0.0	-5.50634E-08
57.5	0.0	0.0	-4.80114E-08
57.52	0.0	0.0	-4.11481E-08
57.54	0.0	0.0	-3.4481E-08
57.56	0.0	0.0	-2.80168E-08
57.58	0.0	0.0	-2.17615E-08
57.6	0.0	0.0	-1.57203E-08
57.62	0.0	0.0	-9.89773E-09
57.64	0.0	0.0	-4.29771E-09
57.66	0.0	0.0	1.07659E-09
57.68	0.0	0.0	6.22258E-09
57.7	0.0	0.0	1.11383E-08
57.72	0.0	0.0	1.58225E-08
57.74	0.0	0.0	2.02742E-08
57.76	0.0	0.0	2.44934E-08
57.78	0.0	0.0	2.84803E-08
57.8	0.0	0.0	3.22358E-08
57.82	0.0	0.0	3.57611E-08
57.84	0.0	0.0	3.90581E-08
57.86	0.0	0.0	4.21289E-08
57.88	0.0	0.0	4.49763E-08
57.9	0.0	0.0	4.76031E-08
57.92	0.0	0.0	5.00129E-08
57.94	0.0	0.0	5.22093E-08
57.96	0.0	0.0	5.41965E-08
57.98	0.0	0.0	5.59788E-08
58	0.0	0.0	5.75608E-08
58.02	0.0	0.0	5.89474E-08
58.04	0.0	0.0	6.01439E-08
58.06	0.0	0.0	6.11556E-08
58.08	0.0	0.0	6.19879E-08
58.1	0.0	0.0	6.26466E-08
58.12	0.0	0.0	6.31377E-08
58.14	0.0	0.0	6.3467E-08
58.16	0.0	0.0	6.36408E-08
58.18	0.0	0.0	6.36652E-08
58.2	0.0	0.0	6.35464E-08
58.22	0.0	0.0	6.32909E-08
58.24	0.0	0.0	6.29051E-08
58.26	0.0	0.0	6.23953E-08
58.28	0.0	0.0	6.17679E-08
58.3	0.0	0.0	6.10294E-08
58.32	0.0	0.0	6.01862E-08
58.34	0.0	0.0	5.92446E-08
58.36	0.0	0.0	5.8211E-08
58.38	0.0	0.0	5.70915E-08
58.4	0.0	0.0	5.58925E-08
58.42	0.0	0.0	5.46199E-08
58.44	0.0	0.0	5.32798E-08
58.46	0.0	0.0	5.1878E-08
58.48	0.0	0.0	5.04205E-08
58.5	0.0	0.0	4.89129E-08
58.52	0.0	0.0	4.73606E-08
58.54	0.0	0.0	4.57692E-08
58.56	0.0	0.0	4.41439E-08
58.58	0.0	0.0	4.24898E-08
58.6	0.0	0.0	4.08118E-08
58.62	0.0	0.0	3.91149E-08
58.64	0.0	0.0	3.74036E-08
58.66	0.0	0.0	3.56825E-08
58.68	0.0	0.0	3.39558E-08
58.7	0.0	0.0	3.22276E-08
58.72	0.0	0.0	3.0502E-08
58.74	0.0	0.0	2.87828E-08
58.76	0.0	0.0	2.70735E-08
58.78	0.0	0.0	2.53776E-08
58.8	0.0	0.0	2.36983E-08
58.82	0.0	0.0	2.20388E-08
58.84	0.0	0.0	2.04019E-08
58.86	0.0	0.0	1.87903E-08
58.88	0.0	0.0	1.72067E-08
58.9	0.0	0.0	1.56533E-08
58.92	0.0	0.0	1.41324E-08
58.94	0.0	0.0	1.26461E-08
58.96	0.0	0.0	1.11962E-08
58.98	0.0	0.0	9.78432E-09
59	0.0	0.0	8.41213E-09
59.02	0.0	0.0	7.08099E-09
59.04	0.0	0.0	5.79212E-09
59.06	0.0	0.0	4.54661E-09
59.08	0.0	0.0	3.3454E-09
59.1	0.0	0.0	2.18928E-09
59.12	0.0	0.0	1.07892E-09
59.14	0.0	0.0	1.48341E-11
59.16	0.0	0.0	-1.00257E-09
59.18	0.0	0.0	-1.97302E-09
59.2	0.0	0.0	-2.89637E-09
59.22	0.0	0.0	-3.77256E-09
59.24	0.0	0.0	-4.60169E-09
59.26	0.0	0.0	-5.38391E-09
59.28	0.0	0.0	-6.1195E-09
59.3	0.0	0.0	-6.80884E-09
59.32	0.0	0.0	-7.45238E-09
59.34	0.0	0.0	-8.05066E-09
59.36	0.0	0.0	-8.60431E-09
59.38	0.0	0.0	-9.11404E-09
59.4	0.0	0.0	-9.58059E-09
59.42	0.0	0.0	-1.00048E-08
59.44	0.0	0.0	-1.03876E-08
59.46	0.0	0.0	-1.07299E-08
59.48	0.0	0.0	-1.10328E-08
59.5	0.0	0.0	-1.12972E-08
59.52	0.0	0.0	-1.15242E-08
59.54	0.0	0.0	-1.17151E-08
59.56	0.0	0.0	-1.18709E-08
59.58	0.0	0.0	-1.19929E-08
59.6	0.0	0.0	-1.20822E-08
59.62	0.0	0.0	-1.21401E-08
59.64	0.0	0.0	-1.21679E-08
59.66	0.0	0.0	-1.21668E-08
59.68	0.0	0.0	-1.21381E-08
59.7	0.0	0.0	-1.20831E-08
59.72	0.0	0.0	-1.20031E-08
59.74	0.0	0.0	-1.18994E-08
59.76	0.0	0.0	-1.17733E-08
59.78	0.0	0.0	-1.1626E-08
59.8	0.0	0.0	-1.14589E-08
59.82	0.0	0.0	-1.12732E-08
59.84	0.0	0.0	-1.10701E-08
59.86	0.0	0.0	-1.08509E-08
59.88	0.0	0.0	-1.06168E-08
59.9	0.0	0.0	-1.0369E-08
59.92	0.0	0.0	-1.01088E-08
59.94	0.0	0.0	-9.83712E-09
59.96	0.0	0.0	-9.55526E-09
59.98	0.0	0.0	-9.26428E-09
60	0.0	0.0	-8.96525E-09
60.02	0.0	0.0	-8.65922E-09
60.04	0.0	0.0	-8.34721E-09
60.06	0.0	0.0	-8.0302E-09
60.08	0.0	0.0	-7.70914E-09
60.1	0.0	0.0	-7.38495E-09
60.12	0.0	0.0	-7.05852E-09
60.14	0.0	0.0	-6.73069E-09
60.16	0.0	0.0	-6.40229E-09
60.18	0.0	0.0	-6.07409E-09
60.2	0.0	0.0	-5.74684E-09
60.22	0.0	0.0	-5.42125E-09
60.24	0.0	0.0	-5.098E-09
60.26	0.0	0.0	-4.77772E-09
60.28	0.0	0.0	-4.46102E-09
60.3	0.0	0.0	-4.14846E-09
60.32	0.0	0.0	-3.84058E-09
60.34	0.0	0.0	-3.53788E-09
60.36	0.0	0.0	-3.24082E-09
60.38	0.0	0.0	-2.94983E-09
60.4	0.0	0.0	-2.6653E-09
60.42	0.0	0.0	-2.38761E-09
60.44	0.0	0.0	-2.11708E-09
60.46	0.0	0.0	-1.85401E-09
60.48	0.0	0.0	-1.59867E-09
60.5	0.0	0.0	-1.3513E-09
60.52	0.0	0.0	-1.11212E-09
60.54	0.0	0.0	-8.81291E-10
60.56	0.0	0.0	-6.58981E-10
60.58	0.0	0.0	-4.45312E-10
60.6	0.0	0.0	-2.40387E-10
60.62	0.0	0.0	-4.4281E-11
60.64	0.0	0.0	1.42953E-10
60.66	0.0	0.0	3.21287E-10
60.68	0.0	0.0	4.90712E-10
60.7	0.0	0.0	6.51244E-10
60.72	0.0	0.0	8.02915E-10
60.74	0.0	0.0	9.4578E-10
60.76	0.0	0.0	1.07991E-09
60.78	0.0	0.0	1.20539E-09
60.8	0.0	0.0	1.32233E-09
60.82	0.0	0.0	1.43084E-09
60.84	0.0	0.0	1.53107E-09
60.86	0.0	0.0	1.62315E-09
60.88	0.0	0.0	1.70724E-09
60.9	0.0	0.0	1.78353E-09
60.92	0.0	0.0	1.85218E-09
60.94	0.0	0.0	1.9134E-09
60.96	0.0	0.0	1.96737E-09
60.98	0.0	0.0	2.01431E-09
61	0.0	0.0	2.05443E-09
61.02	0.0	0.0	2.08794E-09
61.04	0.0	0.0	2.11509E-09
61.06	0.0	0.0	2.13609E-09
61.08	0.0	0.0	2.15118E-09
61.1	0.0	0.0	2.1606E-09
61.12	0.0	0.0	2.16459E-09
61.14	0.0	0.0	2.16338E-09
61.16	0.0	0.0	2.15722E-09
61.18	0.0	0.0	2.14636E-09
61.2	0.0	0.0	2.13104E-09
61.22	0.0	0.0	2.11149E-09
61.24	0.0	0.0	2.08796E-09
61.26	0.0	0.0	2.06069E-09
61.28	0.0	0.0	2.02992E-09
61.3	0.0	0.0	1.99587E-09
61.32	0.0	0.0	1.95879E-09
61.34	0.0	0.0	1.91889E-09
61.36	0.0	0.0	1.8764E-09
61.38	0.0	0.0	1.83154E-09
61.4	0.0	0.0	1.78453E-09
61.42	0.0	0.0	1.73557E-09
61.44	0.0	0.0	1.68488E-09
61.46	0.0	0.0	1.63264E-09
61.48	0.0	0.0	1.57905E-09
61.5	0.0	0.0	1.52431E-09
61.52	0.0	0.0	1.46859E-09
61.54	0.0	0.0	1.41206E-09
61.56	0.0	0.0	1.35491E-09
61.58	0.0	0.0	1.29728E-09
61.6	0.0	0.0	1.23935E-09
61.62	0.0	0.0	1.18125E-09
61.64	0.0	0.0	1.12314E-09
61.66	0.0	0.0	1.06514E-09
61.68	0.0	0.0	1.00739E-09
61.7	0.0	0.0	9.50014E-10
61.72	0.0	0.0	8.93128E-10
61.74	0.0	0.0	8.36842E-10
61.76	0.0	0.0	7.8126E-10
61.78	0.0	0.0	7.26479E-10
61.8	0.0	0.0	6.7259E-10
61.82	0.0	0.0	6.19677E-10
61.84	0.0	0.0	5.67819E-10
61.86	0.0	0.0	5.17088E-10
61.88	0.0	0.0	4.6755E-10
61.9	0.0	0.0	4.19265E-10
61.92	0.0	0.0	3.72287E-10
61.94	0.0	0.0	3.26666E-10
61.96	0.0	0.0	2.82444E-10
61.98	0.0	0.0	2.3966E-10
62	0.0	0.0	1.98346E-10
62.02	0.0	0.0	1.58531E-10
62.04	0.0	0.0	1.20236E-10
62.06	0.0	0.0	8.34799E-11
62.08	0.0	0.0	4.82769E-11
62.1	0.0	0.0	1.46361E-11
62.12	0.0	0.0	-1.74372E-11
62.14	0.0	0.0	-4.79418E-11
62.16	0.0	0.0	-7.68801E-11
62.18	0.0	0.0	-1.04258E-10
62.2	0.0	0.0	-1.30086E-10
62.22	0.0	0.0	-1.54375E-10
62.24	0.0	0.0	-1.77142E-10
62.26	0.0	0.0	-1.98406E-10
62.28	0.0	0.0	-2.18187E-10
62.3	0.0	0.0	-2.3651E-10
62.32	0.0	0.0	-2.53401E-10
62.34	0.0	0.0	-2.68888E-10
62.36	0.0	0.0	-2.83001E-10
62.38	0.0	0.0	-2.95773E-10
62.4	0.0	0.0	-3.07237E-10
62.42	0.0	0.0	-3.17428E-10
62.44	0.0	0.0	-3.26384E-10
62.46	0.0	0.0	-3.34142E-10
62.48	0.0	0.0	-3.40741E-10
62.5	0.0	0.0	-3.46221E-10
62.52	0.0	0.0	-3.50622E-10
62.54	0.0	0.0	-3.53986E-10
62.56	0.0	0.0	-3.56354E-10
62.58	0.0	0.0	-3.57769E-10
62.6	0.0	0.0	-3.58273E-10
62.62	0.0	0.0	-3.57907E-10
62.64	0.0	0.0	-3.56716E-10
62.66	0.0	0.0	-3.54741E-10
62.68	0.0	0.0	-3.52025E-10
62.7	0.0	0.0	-3.4861E-10
62.72	0.0	0.0	-3.44537E-10
62.74	0.0	0.0	-3.39848E-10
62.76	0.0	0.0	-3.34584E-10
62.78	0.0	0.0	-3.28784E-10
62.8	0.0	0.0	-3.22489E-10
62.82	0.0	0.0	-3.15737E-10
62.84	0.0	0.0	-3.08567E-10
62.86	0.0	0.0	-3.01015E-10
62.88	0.0	0.0	-2.93118E-10
62.9	0.0	0.0	-2.84911E-10
62.92	0.0	0.0	-2.7643E-10
62.94	0.0	0.0	-2.67706E-10
62.96	0.0	0.0	-2.58774E-10
62.98	0.0	0.0	-2.49664E-10
63	0.0	0.0	-2.40406E-10
63.02	0.0	0.0	-2.3103E-10
63.04	0.0	0.0	-2.21564E-10
63.06	0.0	0.0	-2.12034E-10
63.08	0.0	0.0	-2.02467E-10
63.1	0.0	0.0	-1.92887E-10
63.12	0.0	0.0	-1.83318E-10
63.14	0.0	0.0	-1.73781E-10
63.16	0.0	0.0	-1.64299E-10
63.18	0.0	0.0	-1.54891E-10
63.2	0.0	0.0	-1.45575E-10
63.22	0.0	0.0	-1.36371E-10
63.24	0.0	0.0	-1.27293E-10
63.26	0.0	0.0	-1.18358E-10
63.28	0.0	0.0	-1.0958E-10
63.3	0.0	0.0	-1.00973E-10
63.32	0.0	0.0	-9.25478E-11
63.34	0.0	0.0	-8.43168E-11
63.36	0.0	0.0	-7.62899E-11
63.38	0.0	0.0	-6.84762E-11
63.4	0.0	0.0	-6.08841E-11
63.42	0.0	0.0	-5.35208E-11
63.44	0.0	0.0	-4.63928E-11
63.46	0.0	0.0	-3.95056E-11
63.48	0.0	0.0	-3.28639E-11
63.5	0.0	0.0	-2.64716E-11
63.52	0.0	0.0	-2.03317E-11
63.54	0.0	0.0	-1.44465E-11
63.56	0.0	0.0	-8.81776E-12
63.58	0.0	0.0	-3.44621E-12
63.6	0.0	0.0	1.66786E-12
63.62	0.0	0.0	6.52485E-12
63.64	0.0	0.0	1.11258E-11
63.66	0.0	0.0	1.54722E-11
63.68	0.0	0.0	1.95662E-11
63.7	0.0	0.0	2.34105E-11
63.72	0.0	0.0	2.7008E-11
63.74	0.0	0.0	3.03624E-11
63.76	0.0	0.0	3.34776E-11
63.78	0.0	0.0	3.63579E-11
63.8	0.0	0.0	3.9008E-11
63.82	0.0	0.0	4.14329E-11
63.84	0.0	0.0	4.3638E-11
63.86	0.0	0.0	4.56287E-11
63.88	0.0	0.0	4.7411E-11
63.9	0.0	0.0	4.89909E-11
63.92	0.0	0.0	5.03746E-11
63.94	0.0	0.0	5.15684E-11
63.96	0.0	0.0	5.25791E-11
63.98	0.0	0.0	5.34131E-11
64	0.0	0.0	5.40773E-11
64.02	0.0	0.0	5.45786E-11
64.04	0.0	0.0	5.49237E-11
64.06	0.0	0.0	5.51197E-11
64.08	0.0	0.0	5.51736E-11
64.1	0.0	0.0	5.50921E-11
64.12	0.0	0.0	5.48824E-11
64.14	0.0	0.0	5.45513E-11
64.16	0.0	0.0	5.41056E-11
64.18	0.0	0.0	5.35522E-11
64.2	0.0	0.0	5.28978E-11
64.22	0.0	0.0	5.2149E-11
64.24	0.0	0.0	5.13123E-11
64.26	0.0	0.0	5.03941E-11
64.28	0.0	0.0	4.94008E-11
64.3	0.0	0.0	4.83385E-11
64.32	0.0	0.0	4.72133E-11
64.34	0.0	0.0	4.60309E-11
64.36	0.0	0.0	4.47973E-11
64.38	0.0	0.0	4.35178E-11
64.4	0.0	0.0	4.2198E-11
64.42	0.0	0.0	4.0843E-11
64.44	0.0	0.0	3.94578E-11
64.46	0.0	0.0	3.80475E-11
64.48	0.0	0.0	3.66166E-11
64.5	0.0	0.0	3.51697E-11
64.52	0.0	0.0	3.3711E-11
64.54	0.0	0.0	3.22448E-11
64.56	0.0	0.0	3.07749E-11
64.58	0.0	0.0	2.93051E-11
64.6	0.0	0.0	2.7839E-11
64.62	0.0	0.0	2.638E-11
64.64	0.0	0.0	2.49312E-11
64.66	0.0	0.0	2.34956E-11
64.68	0.0	0.0	2.20761E-11
64.7	0.0	0.0	2.06753E-11
64.72	0.0	0.0	1.92957E-11
64.74	0.0	0.0	1.79396E-11
64.76	0.0	0.0	1.6609E-11
64.78	0.0	0.0	1.5306E-11
64.8	0.0	0.0	1.40323E-11
64.82	0.0	0.0	1.27894E-11
64.84	0.0	0.0	1.1579E-11
64.86	0.0	0.0	1.04022E-11
64.88	0.0	0.0	9.26029E-12
64.9	0.0	0.0	8.15423E-12
64.92	0.0	0.0	7.08489E-12
64.94	0.0	0.0	6.05304E-12
64.96	0.0	0.0	5.05926E-12
64.98	0.0	0.0	4.10407E-12
65	0.0	0.0	3.18781E-12
65.02	0.0	0.0	2.31075E-12
65.04	0.0	0.0	1.47303E-12
65.06	0.0	0.0	6.74694E-13
65.08	0.0	0.0	-8.43213E-14
65.1	0.0	0.0	-8.04166E-13
65.12	0.0	0.0	-1.48508E-12
65.14	0.0	0.0	-2.12739E-12
65.16	0.0	0.0	-2.73149E-12
65.18	0.0	0.0	-3.29786E-12
65.2	0.0	0.0	-3.82705E-12
65.22	0.0	0.0	-4.31966E-12
65.24	0.0	0.0	-4.77636E-12
65.26	0.0	0.0	-5.19788E-12
65.28	0.0	0.0	-5.58497E-12
65.3	0.0	0.0	-5.93847E-12
65.32	0.0	0.0	-6.25923E-12
65.34	0.0	0.0	-6.54814E-12
65.36	0.0	0.0	-6.80613E-12
65.38	0.0	0.0	-7.03416E-12
65.4	0.0	0.0	-7.23321E-12
65.42	0.0	0.0	-7.40428E-12
65.44	0.0	0.0	-7.54839E-12
65.46	0.0	0.0	-7.66657E-12
65.48	0.0	0.0	-7.75988E-12
65.5	0.0	0.0	-7.82937E-12
65.52	0.0	0.0	-7.87608E-12
65.54	0.0	0.0	-7.90109E-12
65.56	0.0	0.0	-7.90545E-12
65.58	0.0	0.0	-7.89022E-12
65.6	0.0	0.0	-7.85645E-12
65.62	0.0	0.0	-7.80518E-12
65.64	0.0	0.0	-7.73744E-12
65.66	0.0	0.0	-7.65425E-12
65.68	0.0	0.0	-7.55662E-12
65.7	0.0	0.0	-7.44553E-12
65.72	0.0	0.0	-7.32196E-12
65.74	0.0	0.0	-7.18686E-12
65.76	0.0	0.0	-7.04116E-12
65.78	0.0	0.0	-6.88576E-12
65.8	0.0	0.0	-6.72157E-12
65.82	0.0	0.0	-6.54943E-12
65.84	0.0	0.0	-6.37019E-12
65.86	0.0	0.0	-6.18466E-12
65.88	0.0	0.0	-5.99362E-12
65.9	0.0	0.0	-5.79784E-12
65.92	0.0	0.0	-5.59804E-12
65.94	0.0	0.0	-5.39493E-12
65.96	0.0	0.0	-5.18918E-12
65.98	0.0	0.0	-4.98144E-12
66	0.0	0.0	-4.77233E-12
66.02	0.0	0.0	-4.56243E-12
66.04	0.0	0.0	-4.35231E-12
66.06	0.0	0.0	-4.1425E-12
66.08	0.0	0.0	-3.93351E-12
66.1	0.0	0.0	-3.72579E-12
66.12	0.0	0.0	-3.51982E-12
66.14	0.0	0.0	-3.316E-12
66.16	0.0	0.0	-3.11472E-12
66.18	0.0	0.0	-2.91636E-12
66.2	0.0	0.0	-2.72125E-12
66.22	0.0	0.0	-2.52971E-12
66.24	0.0	0.0	-2.34202E-12
66.26	0.0	0.0	-2.15845E-12
66.28	0.0	0.0	-1.97923E-12
66.3	0.0	0.0	-1.80459E-12
66.32	0.0	0.0	-1.63472E-12
66.34	0.0	0.0	-1.46978E-12
66.36	0.0	0.0	-1.30994E-12
66.38	0.0	0.0	-1.15531E-12
66.4	0.0	0.0	-1.006E-12
66.42	0.0	0.0	-8.62121E-13
66.44	0.0	0.0	-7.23728E-13
66.46	0.0	0.0	-5.90881E-13
66.48	0.0	0.0	-4.63617E-13
66.5	0.0	0.0	-3.41959E-13
66.52	0.0	0.0	-2.25914E-13
66.54	0.0	0.0	-1.15474E-13
66.56	0.0	0.0	-1.06175E-14
66.58	0.0	0.0	8.86884E-14
66.6	0.0	0.0	1.8249E-13
66.62	0.0	0.0	2.70846E-13
66.64	0.0	0.0	3.53823E-13
66.66	0.0	0.0	4.31499E-13
66.68	0.0	0.0	5.03963E-13
66.7	0.0	0.0	5.71308E-13
66.72	0.0	0.0	6.3364E-13
66.74	0.0	0.0	6.91067E-13
66.76	0.0	0.0	7.43708E-13
66.78	0.0	0.0	7.91685E-13
66.8	0.0	0.0	8.35126E-13
66.82	0.0	0.0	8.74164E-13
66.84	0.0	0.0	9.08936E-13
66.86	0.0	0.0	9.39581E-13
66.88	0.0	0.0	9.66243E-13
66.9	0.0	0.0	9.89067E-13
66.92	0.0	0.0	1.0082E-12
66.94	0.0	0.0	1.02379E-12
66.96	0.0	0.0	1.036E-12
66.98	0.0	0.0	1.04496E-12
67	0.0	0.0	1.05083E-12
67.02	0.0	0.0	1.05376E-12
67.04	0.0	0.0	1.0539E-12
67.06	0.0	0.0	1.0514E-12
67.08	0.0	0.0	1.04641E-12
67.1	0.0	0.0	1.03907E-12
67.12	0.0	0.0	1.02953E-12
67.14	0.0	0.0	1.01792E-12
67.16	0.0	0.0	1.0044E-12
67.18	0.0	0.0	9.89088E-13
67.2	0.0	0.0	9.72128E-13
67.22	0.0	0.0	9.5365E-13
67.24	0.0	0.0	9.33781E-13
67.26	0.0	0.0	9.12646E-13
67.28	0.0	0.0	8.90366E-13
67.3	0.0	0.0	8.67059E-13
67.32	0.0	0.0	8.42839E-13
67.34	0.0	0.0	8.17816E-13
67.36	0.0	0.0	7.92097E-13
67.38	0.0	0.0	7.65783E-13
67.4	0.0	0.0	7.38973E-13
67.42	0.0	0.0	7.11762E-13
67.44	0.0	0.0	6.84239E-13
67.46	0.0	0.0	6.56491E-13
67.48	0.0	0.0	6.28601E-13
67.5	0.0	0.0	6.00645E-13
67.52	0.0	0.0	5.72699E-13
67.54	0.0	0.0	5.44832E-13
67.56	0.0	0.0	5.17111E-13
67.58	0.0	0.0	4.89597E-13
67.6	0.0	0.0	4.62349E-13
67.62	0.0	0.0	4.35421E-13
67.64	0.0	0.0	4.08865E-13
67.66	0.0	0.0	3.82726E-13
67.68	0.0	0.0	3.57049E-13
67.7	0.0	0.0	3.31874E-13
67.72	0.0	0.0	3.07236E-13
67.74	0.0	0.0	2.83169E-13
67.76	0.0	0.0	2.59704E-13
67.78	0.0	0.0	2.36866E-13
67.8	0.0	0.0	2.14679E-13
67.82	0.0	0.0	1.93165E-13
67.84	0.0	0.0	1.72341E-13
67.86	0.0	0.0	1.52222E-13
67.88	0.0	0.0	1.32821E-13
67.9	0.0	0.0	1.14148E-13
67.92	0.0	0.0	9.6211E-14
67.94	0.0	0.0	7.90147E-14
67.96	0.0	0.0	6.25626E-14
67.98	0.0	0.0	4.68558E-14
68	0.0	0.0	3.18935E-14
68.02	0.0	0.0	1.7673E-14
68.04	0.0	0.0	4.18978E-15
68.06	0.0	0.0	-8.56213E-15
68.08	0.0	0.0	-2.05904E-14
68.1	0.0	0.0	-3.1904E-14
68.12	0.0	0.0	-4.25135E-14
68.14	0.0	0.0	-5.24303E-14
68.16	0.0	0.0	-6.16673E-14
68.18	0.0	0.0	-7.02382E-14
68.2	0.0	0.0	-7.81578E-14
68.22	0.0	0.0	-8.54416E-14
68.24	0.0	0.0	-9.21062E-14
68.26	0.0	0.0	-9.81684E-14
68.28	0.0	0.0	-1.03646E-13
68.3	0.0	0.0	-1.08557E-13
68.32	0.0	0.0	-1.12921E-13
68.34	0.0	0.0	-1.16756E-13
68.36	0.0	0.0	-1.20081E-13
68.38	0.0	0.0	-1.22917E-13
68.4	0.0	0.0	-1.25283E-13
68.42	0.0	0.0	-1.27198E-13
68.44	0.0	0.0	-1.28684E-13
68.46	0.0	0.0	-1.29759E-13
68.48	0.0	0.0	-1.30444E-13
68.5	0.0	0.0	-1.30759E-13
68.52	0.0	0.0	-1.30722E-13
68.54	0.0	0.0	-1.30355E-13
68.56	0.0	0.0	-1.29676E-13
68.58	0.0	0.0	-1.28703E-13
68.6	0.0	0.0	-1.27457E-13
68.62	0.0	0.0	-1.25954E-13
68.64	0.0	0.0	-1.24214E-13
68.66	0.0	0.0	-1.22254E-13
68.68	0.0	0.0	-1.20091E-13
68.7	0.0	0.0	-1.17741E-13
68.72	0.0	0.0	-1.15222E-13
68.74	0.0	0.0	-1.12549E-13
68.76	0.0	0.0	-1.09738E-13
68.78	0.0	0.0	-1.06803E-13
68.8	0.0	0.0	-1.0376E-13
68.82	0.0	0.0	-1.00621E-13
68.84	0.0	0.0	-9.73998E-14
68.86	0.0	0.0	-9.411E-14
68.88	0.0	0.0	-9.07635E-14
68.9	0.0	0.0	-8.73721E-14
68.92	0.0	0.0	-8.3947E-14
68.94	0.0	0.0	-8.04989E-14
68.96	0.0	0.0	-7.7038E-14
68.98	0.0	0.0	-7.35739E-14
69	0.0	0.0	-7.01157E-14
69.02	0.0	0.0	-6.66719E-14
69.04	0.0	0.0	-6.32507E-14
69.06	0.0	0.0	-5.98596E-14
69.08	0.0	0.0	-5.65056E-14
69.1	0.0	0.0	-5.31953E-14
69.12	0.0	0.0	-4.99348E-14
69.14	0.0	0.0	-4.67298E-14
69.16	0.0	0.0	-4.35853E-14
69.18	0.0	0.0	-4.05061E-14
69.2	0.0	0.0	-3.74965E-14
69.22	0.0	0.0	-3.45603E-14
69.24	0.0	0.0	-3.17011E-14
69.26	0.0	0.0	-2.89218E-14
69.28	0.0	0.0	-2.62251E-14
69.3	0.0	0.0	-2.36134E-14
69.32	0.0	0.0	-2.10887E-14
69.34	0.0	0.0	-1.86525E-14
69.36	0.0	0.0	-1.63062E-14
69.38	0.0	0.0	-1.40508E-14
69.4	0.0	0.0	-1.1887E-14
69.42	0.0	0.0	-9.81529E-15
69.44	0.0	0.0	-7.83574E-15
69.46	0.0	0.0	-5.94833E-15
69.48	0.0	0.0	-4.15273E-15
69.5	0.0	0.0	-2.44841E-15
69.52	0.0	0.0	-8.34628E-16
69.54	0.0	0.0	6.8955E-16
69.56	0.0	0.0	2.12524E-15
69.58	0.0	0.0	3.47374E-15
69.6	0.0	0.0	4.73647E-15
69.62	0.0	0.0	5.91502E-15
69.64	0.0	0.0	7.0111E-15
69.66	0.0	0.0	8.02655E-15
69.68	0.0	0.0	8.96329E-15
69.7	0.0	0.0	9.82337E-15
69.72	0.0	0.0	1.06089E-14
69.74	0.0	0.0	1.13221E-14
69.76	0.0	0.0	1.19651E-14
69.78	0.0	0.0	1.25404E-14
69.8	0.0	0.0	1.30503E-14
69.82	0.0	0.0	1.34971E-14
69.84	0.0	0.0	1.38834E-14
69.86	0.0	0.0	1.42114E-14
69.88	0.0	0.0	1.44838E-14
69.9	0.0	0.0	1.47029E-14
69.92	0.0	0.0	1.48713E-14
69.94	0.0	0.0	1.49914E-14
69.96	0.0	0.0	1.50656E-14
69.98	0.0	0.0	1.50964E-14
70	0.0	0.0	1.50861E-14
70.02	0.0	0.0	1.50372E-14
70.04	0.0	0.0	1.49519E-14
70.06	0.0	0.0	1.48326E-14
70.08	0.0	0.0	1.46816E-14
70.1	0.0	0.0	1.4501E-14
70.12	0.0	0.0	1.4293E-14
70.14	0.0	0.0	1.40598E-14
70.16	0.0	0.0	1.38034E-14
70.18	0.0	0.0	1.35257E-14
70.2	0.0	0.0	1.32288E-14
70.22	0.0	0.0	1.29144E-14
70.24	0.0	0.0	1.25846E-14
70.26	0.0	0.0	1.22409E-14
70.28	0.0	0.0	1.18851E-14
70.3	0.0	0.0	1.15189E-14
70.32	0.0	0.0	1.11437E-14
70.34	0.0	0.0	1.07611E-14
70.36	0.0	0.0	1.03725E-14
70.38	0.0	0.0	9.9793E-15
70.4	0.0	0.0	9.58277E-15
70.42	0.0	0.0	9.18414E-15
70.44	0.0	0.0	8.78459E-15
70.46	0.0	0.0	8.38521E-15
70.48	0.0	0.0	7.98706E-15
70.5	0.0	0.0	7.59109E-15
70.52	0.0	0.0	7.19823E-15
70.54	0.0	0.0	6.80933E-15
70.56	0.0	0.0	6.42519E-15
70.58	0.0	0.0	6.04653E-15
70.6	0.0	0.0	5.67405E-15
70.62	0.0	0.0	5.30835E-15
70.64	0.0	0.0	4.95001E-15
70.66	0.0	0.0	4.59956E-15
70.68	0.0	0.0	4.25744E-15
70.7	0.0	0.0	3.92409E-15
70.72	0.0	0.0	3.59987E-15
70.74	0.0	0.0	3.28511E-15
70.76	0.0	0.0	2.98008E-15
70.78	0.0	0.0	2.68503E-15
70.8	0.0	0.0	2.40016E-15
70.82	0.0	0.0	2.12562E-15
70.84	0.0	0.0	1.86154E-15
70.86	0.0	0.0	1.608E-15
70.88	0.0	0.0	1.36507E-15
70.9	0.0	0.0	1.13277E-15
70.92	0.0	0.0	9.11086E-16
70.94	0.0	0.0	6.99991E-16
70.96	0.0	0.0	4.99425E-16
70.98	0.0	0.0	3.09305E-16
71	0.0	0.0	1.29522E-16
71.02	0.0	0.0	-4.00497E-17
71.04	0.0	0.0	-1.99559E-16
71.06	0.0	0.0	-3.49171E-16
71.08	0.0	0.0	-4.89069E-16
71.1	0.0	0.0	-6.19451E-16
71.12	0.0	0.0	-7.40527E-16
71.14	0.0	0.0	-8.52521E-16
71.16	0.0	0.0	-9.5567E-16
71.18	0.0	0.0	-1.05022E-15
71.2	0.0	0.0	-1.13641E-15
71.22	0.0	0.0	-1.21453E-15
71.24	0.0	0.0	-1.28482E-15
71.26	0.0	0.0	-1.34756E-15
71.28	0.0	0.0	-1.40303E-15
71.3	0.0	0.0	-1.45151E-15
71.32	0.0	0.0	-1.49329E-15
71.34	0.0	0.0	-1.52863E-15
71.36	0.0	0.0	-1.55784E-15
71.38	0.0	0.0	-1.58118E-15
71.4	0.0	0.0	-1.59895E-15
71.42	0.0	0.0	-1.61143E-15
71.44	0.0	0.0	-1.61889E-15
71.46	0.0	0.0	-1.62161E-15
71.48	0.0	0.0	-1.61987E-15
71.5	0.0	0.0	-1.61392E-15
71.52	0.0	0.0	-1.60404E-15
71.54	0.0	0.0	-1.59049E-15
71.56	0.0	0.0	-1.57351E-15
71.58	0.0	0.0	-1.55335E-15
71.6	0.0	0.0	-1.53026E-15
71.62	0.0	0.0	-1.50447E-15
71.64	0.0	0.0	-1.47621E-15
71.66	0.0	0.0	-1.44571E-15
71.68	0.0	0.0	-1.41316E-15
71.7	0.0	0.0	-1.37879E-15
71.72	0.0	0.0	-1.3428E-15
71.74	0.0	0.0	-1.30537E-15
71.76	0.0	0.0	-1.26669E-15
71.78	0.0	0.0	-1.22694E-15
71.8	0.0	0.0	-1.18629E-15
71.82	0.0	0.0	-1.1449E-15
71.84	0.0	0.0	-1.10293E-15
71.86	0.0	0.0	-1.06052E-15
71.88	0.0	0.0	-1.01781E-15
71.9	0.0	0.0	-9.74933E-16
71.92	0.0	0.0	-9.32018E-16
71.94	0.0	0.0	-8.8918E-16
71.96	0.0	0.0	-8.46529E-16
71.98	0.0	0.0	-8.04168E-16
72	0.0	0.0	-7.62194E-16
72.02	0.0	0.0	-7.20696E-16
72.04	0.0	0.0	-6.79758E-16
72.06	0.0	0.0	-6.39455E-16
72.08	0.0	0.0	-5.99858E-16
72.1	0.0	0.0	-5.61031E-16
72.12	0.0	0.0	-5.23033E-16
72.14	0.0	0.0	-4.85915E-16
72.16	0.0	0.0	-4.49726E-16
72.18	0.0	0.0	-4.14507E-16
72.2	0.0	0.0	-3.80295E-16
72.22	0.0	0.0	-3.47121E-16
72.24	0.0	0.0	-3.15013E-16
72.26	0.0	0.0	-2.83992E-16
72.28	0.0	0.0	-2.54079E-16
72.3	0.0	0.0	-2.25285E-16
72.32	0.0	0.0	-1.97623E-16
72.34	0.0	0.0	-1.71098E-16
72.36	0.0	0.0	-1.45714E-16
72.38	0.0	0.0	-1.21471E-16
72.4	0.0	0.0	-9.83652E-17
72.42	0.0	0.0	-7.6391E-17
72.44	0.0	0.0	-5.55395E-17
72.46	0.0	0.0	-3.57995E-17
72.48	0.0	0.0	-1.71573E-17
72.5	0.0	0.0	4.02802E-19
72.52	0.0	0.0	1.68986E-17
72.54	0.0	0.0	3.23496E-17
72.56	0.0	0.0	4.67772E-17
72.58	0.0	0.0	6.02039E-17
72.6	0.0	0.0	7.2654E-17
72.62	0.0	0.0	8.41526E-17
72.64	0.0	0.0	9.47262E-17
72.66	0.0	0.0	1.04402E-16
72.68	0.0	0.0	1.13208E-16
72.7	0.0	0.0	1.21173E-16
72.72	0.0	0.0	1.28327E-16
72.74	0.0	0.0	1.34698E-16
72.76	0.0	0.0	1.40318E-16
72.78	0.0	0.0	1.45216E-16
72.8	0.0	0.0	1.49423E-16
72.82	0.0	0.0	1.52969E-16
72.84	0.0	0.0	1.55886E-16
72.86	0.0	0.0	1.58202E-16
72.88	0.0	0.0	1.59948E-16
72.9	0.0	0.0	1.61155E-16
72.92	0.0	0.0	1.61852E-16
72.94	0.0	0.0	1.62067E-16
72.96	0.0	0.0	1.61829E-16
72.98	0.0	0.0	1.61168E-16
73	0.0	0.0	1.60109E-16
73.02	0.0	0.0	1.58681E-16
73.04	0.0	0.0	1.56909E-16
73.06	0.0	0.0	1.5482E-16
73.08	0.0	0.0	1.52438E-16
73.1	0.0	0.0	1.49788E-16
73.12	0.0	0.0	1.46894E-16
73.14	0.0	0.0	1.43777E-16
73.16	0.0	0.0	1.40461E-16
73.18	0.0	0.0	1.36966E-16
73.2	0.0	0.0	1.33314E-16
73.22	0.0	0.0	1.29522E-16
73.24	0.0	0.0	1.25611E-16
73.26	0.0	0.0	1.21599E-16
73.28	0.0	0.0	1.17502E-16
73.3	0.0	0.0	1.13337E-16
73.32	0.0	0.0	1.09119E-16
73.34	0.0	0.0	1.04863E-16
73.36	0.0	0.0	1.00584E-16
73.38	0.0	0.0	9.62939E-17
73.4	0.0	0.0	9.20055E-17
73.42	0.0	0.0	8.77305E-17
73.44	0.0	0.0	8.34797E-17
73.46	0.0	0.0	7.92632E-17
73.48	0.0	0.0	7.50905E-17
73.5	0.0	0.0	7.09704E-17
73.52	0.0	0.0	6.69109E-17
73.54	0.0	0.0	6.29193E-17
73.56	0.0	0.0	5.90025E-17
73.58	0.0	0.0	5.51666E-17
73.6	0.0	0.0	5.14172E-17
73.62	0.0	0.0	4.77591E-17
73.64	0.0	0.0	4.41968E-17
73.66	0.0	0.0	4.07342E-17
73.68	0.0	0.0	3.73747E-17
73.7	0.0	0.0	3.4121E-17
73.72	0.0	0.0	3.09757E-17
73.74	0.0	0.0	2.79406E-17
73.76	0.0	0.0	2.50173E-17
73.78	0.0	0.0	2.22069E-17
73.8	0.0	0.0	1.95102E-17
73.82	0.0	0.0	1.69276E-17
73.84	0.0	0.0	1.4459E-17
73.86	0.0	0.0	1.21043E-17
73.88	0.0	0.0	9.86293E-18
73.9	0.0	0.0	7.73394E-18
73.92	0.0	0.0	5.71628E-18
73.94	0.0	0.0	3.80861E-18
73.96	0.0	0.0	2.00936E-18
73.98	0.0	0.0	3.1677E-19
74	0.0	0.0	-1.27112E-18
74.02	0.0	0.0	-2.75643E-18
74.04	0.0	0.0	-4.14143E-18
74.06	0.0	0.0	-5.42853E-18
74.08	0.0	0.0	-6.62027E-18
74.1	0.0	0.0	-7.71928E-18
74.12	0.0	0.0	-8.7283E-18
74.14	0.0	0.0	-9.65015E-18
74.16	0.0	0.0	-1.04877E-17
74.18	0.0	0.0	-1.12439E-17
74.2	0.0	0.0	-1.19217E-17
74.22	0.0	0.0	-1.25241E-17
74.24	0.0	0.0	-1.30542E-17
74.26	0.0	0.0	-1.3515E-17
74.28	0.0	0.0	-1.39096E-17
74.3	0.0	0.0	-1.4241E-17
74.32	0.0	0.0	-1.45122E-17
74.34	0.0	0.0	-1.47263E-17
74.36	0.0	0.0	-1.48861E-17
74.38	0.0	0.0	-1.49948E-17
74.4	0.0	0.0	-1.50551E-17
74.42	0.0	0.0	-1.507E-17
74.44	0.0	0.0	-1.50421E-17
74.46	0.0	0.0	-1.49744E-17
74.48	0.0	0.0	-1.48695E-17
74.5	0.0	0.0	-1.47299E-17
74.52	0.0	0.0	-1.45583E-17
74.54	0.0	0.0	-1.43572E-17
74.56	0.0	0.0	-1.41289E-17
74.58	0.0	0.0	-1.38758E-17
74.6	0.0	0.0	-1.36002E-17
74.62	0.0	0.0	-1.33042E-17
74.64	0.0	0.0	-1.299E-17
74.66	0.0	0.0	-1.26596E-17
74.68	0.0	0.0	-1.23148E-17
74.7	0.0	0.0	-1.19577E-17
74.72	0.0	0.0	-1.15899E-17
74.74	0.0	0.0	-1.12131E-17
74.76	0.0	0.0	-1.0829E-17
74.78	0.0	0.0	-1.04391E-17
74.8	0.0	0.0	-1.00449E-17
74.82	0.0	0.0	-9.64762E-18
74.84	0.0	0.0	-9.24871E-18
74.86	0.0	0.0	-8.84934E-18
74.88	0.0	0.0	-8.45066E-18
74.9	0.0	0.0	-8.05373E-18
74.92	0.0	0.0	-7.65956E-18
74.94	0.0	0.0	-7.26907E-18
74.96	0.0	0.0	-6.88311E-18
74.98	0.0	0.0	-6.50249E-18
75	0.0	0.0	-6.12794E-18
75.02	0.0	0.0	-5.7601E-18
75.04	0.0	0.0	-5.39959E-18
75.06	0.0	0.0	-5.04696E-18
75.08	0.0	0.0	-4.70268E-18
75.1	0.0	0.0	-4.36721E-18
75.12	0.0	0.0	-4.0409E-18
75.14	0.0	0.0	-3.72411E-18
75.16	0.0	0.0	-3.41712E-18
75.18	0.0	0.0	-3.12015E-18
75.2	0.0	0.0	-2.83341E-18
75.22	0.0	0.0	-2.55706E-18
75.24	0.0	0.0	-2.2912E-18
75.26	0.0	0.0	-2.03592E-18
75.28	0.0	0.0	-1.79126E-18
75.3	0.0	0.0	-1.55723E-18
75.32	0.0	0.0	-1.33381E-18
75.34	0.0	0.0	-1.12095E-18
75.36	0.0	0.0	-9.18587E-19
75.38	0.0	0.0	-7.26609E-19
75.4	0.0	0.0	-5.44896E-19
75.42	0.0	0.0	-3.73306E-19
75.44	0.0	0.0	-2.11674E-19
75.46	0.0	0.0	-5.98199E-20
75.48	0.0	0.0	8.24538E-20
75.5	0.0	0.0	2.15358E-19
75.52	0.0	0.0	3.39119E-19
75.54	0.0	0.0	4.53971E-19
75.56	0.0	0.0	5.60161E-19
75.58	0.0	0.0	6.57944E-19
75.6	0.0	0.0	7.47583E-19
75.62	0.0	0.0	8.29347E-19
75.64	0.0	0.0	9.03509E-19
75.66	0.0	0.0	9.70348E-19
75.68	0.0	0.0	1.03014E-18
75.7	0.0	0.0	1.08318E-18
75.72	0.0	0.0	1.12974E-18
75.74	0.0	0.0	1.17011E-18
75.76	0.0	0.0	1.20458E-18
75.78	0.0	0.0	1.23341E-18
75.8	0.0	0.0	1.25691E-18
75.82	0.0	0.0	1.27533E-18
75.84	0.0	0.0	1.28896E-18
75.86	0.0	0.0	1.29807E-18
75.88	0.0	0.0	1.30292E-18
75.9	0.0	0.0	1.30377E-18
75.92	0.0	0.0	1.30088E-18
75.94	0.0	0.0	1.29449E-18
75.96	0.0	0.0	1.28485E-18
75.98	0.0	0.0	1.27221E-18
76	0.0	0.0	1.25678E-18
76.02	0.0	0.0	1.23879E-18
76.04	0.0	0.0	1.21846E-18
76.06	0.0	0.0	1.19599E-18
76.08	0.0	0.0	1.17159E-18
76.1	0.0	0.0	1.14546E-18
76.12	0.0	0.0	1.11777E-18
76.14	0.0	0.0	1.08872E-18
76.16	0.0	0.0	1.05846E-18
76.18	0.0	0.0	1.02717E-18
76.2	0.0	0.0	9.94993E-19
76.22	0.0	0.0	9.62087E-19
76.24	0.0	0.0	9.28591E-19
76.26	0.0	0.0	8.94639E-19
76.28	0.0	0.0	8.60355E-19
76.3	0.0	0.0	8.25861E-19
76.32	0.0	0.0	7.91267E-19
76.34	0.0	0.0	7.56679E-19
76.36	0.0	0.0	7.22195E-19
76.38	0.0	0.0	6.87907E-19
76.4	0.0	0.0	6.539E-19
76.42	0.0	0.0	6.20252E-19
76.44	0.0	0.0	5.87037E-19
76.46	0.0	0.0	5.54321E-19
76.48	0.0	0.0	5.22165E-19
76.5	0.0	0.0	4.90624E-19
76.52	0.0	0.0	4.59748E-19
76.54	0.0	0.0	4.29583E-19
76.56	0.0	0.0	4.00169E-19
76.58	0.0	0.0	3.71539E-19
76.6	0.0	0.0	3.43726E-19
76.62	0.0	0.0	3.16756E-19
76.64	0.0	0.0	2.9065E-19
76.66	0.0	0.0	2.65427E-19
76.68	0.0	0.0	2.41101E-19
76.7	0.0	0.0	2.17684E-19
76.72	0.0	0.0	1.95184E-19
76.74	0.0	0.0	1.73603E-19
76.76	0.0	0.0	1.52946E-19
76.78	0.0	0.0	1.33209E-19
76.8	0.0	0.0	1.1439E-19
76.82	0.0	0.0	9.64824E-20
76.84	0.0	0.0	7.94778E-20
76.86	0.0	0.0	6.33658E-20
76.88	0.0	0.0	4.81342E-20
76.9	0.0	0.0	3.37689E-20
76.92	0.0	0.0	2.02544E-20
76.94	0.0	0.0	7.57363E-21
76.96	0.0	0.0	-4.29177E-21
76.98	0.0	0.0	-1.53612E-20
77	0.0	0.0	-2.56552E-20
77.02	0.0	0.0	-3.51952E-20
77.04	0.0	0.0	-4.40032E-20
77.06	0.0	0.0	-5.21022E-20
77.08	0.0	0.0	-5.95154E-20
77.1	0.0	0.0	-6.62668E-20
77.12	0.0	0.0	-7.23804E-20
77.14	0.0	0.0	-7.78807E-20
77.16	0.0	0.0	-8.27923E-20
77.18	0.0	0.0	-8.71398E-20
77.2	0.0	0.0	-9.0948E-20
77.22	0.0	0.0	-9.42415E-20
77.24	0.0	0.0	-9.70447E-20
77.26	0.0	0.0	-9.9382E-20
77.28	0.0	0.0	-1.01277E-19
77.3	0.0	0.0	-1.02755E-19
77.32	0.0	0.0	-1.03837E-19
77.34	0.0	0.0	-1.04548E-19
77.36	0.0	0.0	-1.0491E-19
77.38	0.0	0.0	-1.04944E-19
77.4	0.0	0.0	-1.04673E-19
77.42	0.0	0.0	-1.04117E-19
77.44	0.0	0.0	-1.03298E-19
77.46	0.0	0.0	-1.02234E-19
77.48	0.0	0.0	-1.00946E-19
77.5	0.0	0.0	-9.9451E-20
77.52	0.0	0.0	-9.77682E-20
77.54	0.0	0.0	-9.59145E-20
77.56	0.0	0.0	-9.39068E-20
77.58	0.0	0.0	-9.17612E-20
77.6	0.0	0.0	-8.94929E-20
77.62	0.0	0.0	-8.71168E-20
77.64	0.0	0.0	-8.4647E-20
77.66	0.0	0.0	-8.20968E-20
77.68	0.0	0.0	-7.94791E-20
77.7	0.0	0.0	-7.68059E-20
77.72	0.0	0.0	-7.40887E-20
77.74	0.0	0.0	-7.13384E-20
77.76	0.0	0.0	-6.85651E-20
77.78	0.0	0.0	-6.57785E-20
77.8	0.0	0.0	-6.29875E-20
77.82	0.0	0.0	-6.02006E-20
77.84	0.0	0.0	-5.74257E-20
77.86	0.0	0.0	-5.467E-20
77.88	0.0	0.0	-5.19402E-20
77.9	0.0	0.0	-4.92426E-20
77.92	0.0	0.0	-4.6583E-20
77.94	0.0	0.0	-4.39664E-20
77.96	0.0	0.0	-4.13978E-20
77.98	0.0	0.0	-3.88813E-20
78	0.0	0.0	-3.64208E-20
78.02	0.0	0.0	-3.40197E-20
78.04	0.0	0.0	-3.16812E-20
78.06	0.0	0.0	-2.94077E-20
78.08	0.0	0.0	-2.72017E-20
78.1	0.0	0.0	-2.50649E-20
78.12	0.0	0.0	-2.29991E-20
78.14	0.0	0.0	-2.10055E-20
78.16	0.0	0.0	-1.90851E-20
78.18	0.0	0.0	-1.72385E-20
78.2	0.0	0.0	-1.54663E-20
78.22	0.0	0.0	-1.37686E-20
78.24	0.0	0.0	-1.21453E-20
78.26	0.0	0.0	-1.05963E-20
78.28	0.0	0.0	-9.12104E-21
78.3	0.0	0.0	-7.71889E-21
78.32	0.0	0.0	-6.38904E-21
78.34	0.0	0.0	-5.13053E-21
78.36	0.0	0.0	-3.94222E-21
78.38	0.0	0.0	-2.82288E-21
78.4	0.0	0.0	-1.77114E-21
78.42	0.0	0.0	-7.85521E-22
78.44	0.0	0.0	1.35545E-22
78.46	0.0	0.0	9.93712E-22
78.48	0.0	0.0	1.79071E-21
78.5	0.0	0.0	2.52833E-21
78.52	0.0	0.0	3.20841E-21
78.54	0.0	0.0	3.83285E-21
78.56	0.0	0.0	4.40359E-21
78.58	0.0	0.0	4.92256E-21
78.6	0.0	0.0	5.39176E-21
78.62	0.0	0.0	5.81316E-21
78.64	0.0	0.0	6.18878E-21
78.66	0.0	0.0	6.5206E-21
78.68	0.0	0.0	6.81063E-21
78.7	0.0	0.0	7.06083E-21
78.72	0.0	0.0	7.27318E-21
78.74	0.0	0.0	7.44962E-21
78.76	0.0	0.0	7.59206E-21
78.78	0.0	0.0	7.7024E-21
78.8	0.0	0.0	7.7825E-21
78.82	0.0	0.0	7.83417E-21
78.84	0.0	0.0	7.85919E-21
78.86	0.0	0.0	7.85931E-21
78.88	0.0	0.0	7.83621E-21
78.9	0.0	0.0	7.79156E-21
78.92	0.0	0.0	7.72694E-21
78.94	0.0	0.0	7.64391E-21
78.96	0.0	0.0	7.54398E-21
78.98	0.0	0.0	7.42859E-21
79	0.0	0.0	7.29913E-21
79.02	0.0	0.0	7.15695E-21
79.04	0.0	0.0	7.00335E-21
79.06	0.0	0.0	6.83955E-21
79.08	0.0	0.0	6.66673E-21
79.1	0.0	0.0	6.48604E-21
79.12	0.0	0.0	6.29853E-21
79.14	0.0	0.0	6.10525E-21
79.16	0.0	0.0	5.90714E-21
79.18	0.0	0.0	5.70514E-21
79.2	0.0	0.0	5.5001E-21
79.22	0.0	0.0	5.29285E-21
79.24	0.0	0.0	5.08416E-21
79.26	0.0	0.0	4.87473E-21
79.28	0.0	0.0	4.66525E-21
79.3	0.0	0.0	4.45635E-21
79.32	0.0	0.0	4.2486E-21
79.34	0.0	0.0	4.04254E-21
79.36	0.0	0.0	3.83868E-21
79.38	0.0	0.0	3.63746E-21
79.4	0.0	0.0	3.4393E-21
79.42	0.0	0.0	3.2446E-21
79.44	0.0	0.0	3.05368E-21
79.46	0.0	0.0	2.86686E-21
79.48	0.0	0.0	2.68441E-21
79.5	0.0	0.0	2.50657E-21
79.52	0.0	0.0	2.33357E-21
79.54	0.0	0.0	2.16558E-21
79.56	0.0	0.0	2.00275E-21
79.58	0.0	0.0	1.84523E-21
79.6	0.0	0.0	1.69311E-21
79.62	0.0	0.0	1.54647E-21
79.64	0.0	0.0	1.40539E-21
79.66	0.0	0.0	1.26988E-21
79.68	0.0	0.0	1.13998E-21
79.7	0.0	0.0	1.01569E-21
79.72	0.0	0.0	8.96983E-22
79.74	0.0	0.0	7.83839E-22
79.76	0.0	0.0	6.76209E-22
79.78	0.0	0.0	5.74033E-22
79.8	0.0	0.0	4.77241E-22
79.82	0.0	0.0	3.8575E-22
79.84	0.0	0.0	2.99467E-22
79.86	0.0	0.0	2.18289E-22
79.88	0.0	0.0	1.42108E-22
79.9	0.0	0.0	7.08044E-23
79.92	0.0	0.0	4.25462E-24
79.94	0.0	0.0	-5.76714E-23
79.96	0.0	0.0	-1.15109E-22
79.98	0.0	0.0	-1.68196E-22
80	0.0	0.0	-2.17076E-22
80.02	0.0	0.0	-2.61894E-22
80.04	0.0	0.0	-3.02798E-22
80.06	0.0	0.0	-3.39937E-22
80.08	0.0	0.0	-3.73461E-22
80.1	0.0	0.0	-4.0352E-22
80.12	0.0	0.0	-4.30265E-22
80.14	0.0	0.0	-4.53846E-22
80.16	0.0	0.0	-4.74413E-22
80.18	0.0	0.0	-4.92114E-22
80.2	0.0	0.0	-5.07095E-22
80.22	0.0	0.0	-5.195E-22
80.24	0.0	0.0	-5.29472E-22
80.26	0.0	0.0	-5.3715E-22
80.28	0.0	0.0	-5.42672E-22
80.3	0.0	0.0	-5.4617E-22
80.32	0.0	0.0	-5.47777E-22
80.34	0.0	0.0	-5.47619E-22
80.36	0.0	0.0	-5.4582E-22
80.38	0.0	0.0	-5.425E-22
80.4	0.0	0.0	-5.37776E-22
80.42	0.0	0.0	-5.3176E-22
80.44	0.0	0.0	-5.2456E-22
80.46	0.0	0.0	-5.16282E-22
80.48	0.0	0.0	-5.07026E-22
80.5	0.0	0.0	-4.96888E-22
80.52	0.0	0.0	-4.85962E-22
80.54	0.0	0.0	-4.74334E-22
80.56	0.0	0.0	-4.62091E-22
80.58	0.0	0.0	-4.49311E-22
80.6	0.0	0.0	-4.36072E-22
80.62	0.0	0.0	-4.22446E-22
80.64	0.0	0.0	-4.08501E-22
80.66	0.0	0.0	-3.94302E-22
80.68	0.0	0.0	-3.7991E-22
80.7	0.0	0.0	-3.65382E-22
80.72	0.0	0.0	-3.50773E-22
80.74	0.0	0.0	-3.36131E-22
80.76	0.0	0.0	-3.21504E-22
80.78	0.0	0.0	-3.06935E-22
80.8	0.0	0.0	-2.92464E-22
80.82	0.0	0.0	-2.78129E-22
80.84	0.0	0.0	-2.63964E-22
80.86	0.0	0.0	-2.49999E-22
80.88	0.0	0.0	-2.36263E-22
80.9	0.0	0.0	-2.22782E-22
80.92	0.0	0.0	-2.09579E-22
80.94	0.0	0.0	-1.96674E-22
80.96	0.0	0.0	-1.84085E-22
80.98	0.0	0.0	-1.7183E-22
81	0.0	0.0	-1.5992E-22
81.02	0.0	0.0	-1.48369E-22
81.04	0.0	0.0	-1.37186E-22
81.06	0.0	0.0	-1.2638E-22
81.08	0.0	0.0	-1.15956E-22
81.1	0.0	0.0	-1.0592E-22
81.12	0.0	0.0	-9.62738E-23
81.14	0.0	0.0	-8.70203E-23
81.16	0.0	0.0	-7.81597E-23
81.18	0.0	0.0	-6.96912E-23
81.2	0.0	0.0	-6.16129E-23
81.22	0.0	0.0	-5.39218E-23
81.24	0.0	0.0	-4.66139E-23
81.26	0.0	0.0	-3.96846E-23
81.28	0.0	0.0	-3.31279E-23
81.3	0.0	0.0	-2.69377E-23
81.32	0.0	0.0	-2.11068E-23
81.34	0.0	0.0	-1.56274E-23
81.36	0.0	0.0	-1.04915E-23
81.38	0.0	0.0	-5.69033E-24
81.4	0.0	0.0	-1.21478E-24
81.42	0.0	0.0	2.94458E-24
81.44	0.0	0.0	6.79752E-24
81.46	0.0	0.0	1.0354E-23
81.48	0.0	0.0	1.36243E-23
81.5	0.0	0.0	1.66187E-23
81.52	0.0	0.0	1.93477E-23
81.54	0.0	0.0	2.18219E-23
81.56	0.0	0.0	2.40518E-23
81.58	0.0	0.0	2.6048E-23
81.6	0.0	0.0	2.7821E-23
81.62	0.0	0.0	2.93814E-23
81.64	0.0	0.0	3.07395E-23
81.66	0.0	0.0	3.19056E-23
81.68	0.0	0.0	3.28899E-23
81.7	0.0	0.0	3.37023E-23
81.72	0.0	0.0	3.43526E-23
81.74	0.0	0.0	3.48504E-23
81.76	0.0	0.0	3.52051E-23
81.78	0.0	0.0	3.54258E-23
81.8	0.0	0.0	3.55216E-23
81.82	0.0	0.0	3.55009E-23
81.84	0.0	0.0	3.53723E-23
81.86	0.0	0.0	3.51439E-23
81.88	0.0	0.0	3.48235E-23
81.9	0.0	0.0	3.44187E-23
81.92	0.0	0.0	3.39369E-23
81.94	0.0	0.0	3.3385E-23
81.96	0.0	0.0	3.27699E-23
81.98	0.0	0.0	3.20979E-23
82	0.0	0.0	3.13752E-23
82.02	0.0	0.0	3.06077E-23
82.04	0.0	0.0	2.9801E-23
82.06	0.0	0.0	2.89605E-23
82.08	0.0	0.0	2.80911E-23
82.1	0.0	0.0	2.71976E-23
82.12	0.0	0.0	2.62845E-23
82.14	0.0	0.0	2.53562E-23
82.16	0.0	0.0	2.44164E-23
82.18	0.0	0.0	2.34691E-23
82.2	0.0	0.0	2.25177E-23
82.22	0.0	0.0	2.15653E-23
82.24	0.0	0.0	2.06152E-23
82.26	0.0	0.0	1.96699E-23
82.28	0.0	0.0	1.87322E-23
82.3	0.0	0.0	1.78044E-23
82.32	0.0	0.0	1.68886E-23
82.34	0.0	0.0	1.59869E-23
82.36	0.0	0.0	1.5101E-23
82.38	0.0	0.0	1.42325E-23
82.4	0.0	0.0	1.33829E-23
82.42	0.0	0.0	1.25534E-23
82.44	0.0	0.0	1.17452E-23
82.46	0.0	0.0	1.09593E-23
82.48	0.0	0.0	1.01965E-23
82.5	0.0	0.0	9.45743E-24
82.52	0.0	0.0	8.74275E-24
82.54	0.0	0.0	8.05289E-24
82.56	0.0	0.0	7.38822E-24
82.58	0.0	0.0	6.74896E-24
82.6	0.0	0.0	6.13528E-24
82.62	0.0	0.0	5.54723E-24
82.64	0.0	0.0	4.98479E-24
82.66	0.0	0.0	4.44784E-24
82.68	0.0	0.0	3.93622E-24
82.7	0.0	0.0	3.44967E-24
82.72	0.0	0.0	2.9879E-24
82.74	0.0	0.0	2.55054E-24
82.76	0.0	0.0	2.1372E-24
82.78	0.0	0.0	1.7474E-24
82.8	0.0	0.0	1.38065E-24
82.82	0.0	0.0	1.03643E-24
82.84	0.0	0.0	7.14169E-25
82.86	0.0	0.0	4.13272E-25
82.88	0.0	0.0	1.33124E-25
82.9	0.0	0.0	-1.2691E-25
82.92	0.0	0.0	-3.67484E-25
82.94	0.0	0.0	-5.89265E-25
82.96	0.0	0.0	-7.9293E-25
82.98	0.0	0.0	-9.79164E-25
83	0.0	0.0	-1.14866E-24
83.02	0.0	0.0	-1.3021E-24
83.04	0.0	0.0	-1.44019E-24
83.06	0.0	0.0	-1.5636E-24
83.08	0.0	0.0	-1.67304E-24
83.1	0.0	0.0	-1.76918E-24
83.12	0.0	0.0	-1.85269E-24
83.14	0.0	0.0	-1.92423E-24
83.16	0.0	0.0	-1.98446E-24
83.18	0.0	0.0	-2.03401E-24
83.2	0.0	0.0	-2.07352E-24
83.22	0.0	0.0	-2.10359E-24
83.24	0.0	0.0	-2.12482E-24
83.26	0.0	0.0	-2.1378E-24
83.28	0.0	0.0	-2.1431E-24
83.3	0.0	0.0	-2.14125E-24
83.32	0.0	0.0	-2.13279E-24
83.34	0.0	0.0	-2.11823E-24
83.36	0.0	0.0	-2.09807E-24
83.38	0.0	0.0	-2.07278E-24
83.4	0.0	0.0	-2.04282E-24
83.42	0.0	0.0	-2.00863E-24
83.44	0.0	0.0	-1.97063E-24
83.46	0.0	0.0	-1.92921E-24
83.48	0.0	0.0	-1.88477E-24
83.5	0.0	0.0	-1.83766E-24
83.52	0.0	0.0	-1.78824E-24
83.54	0.0	0.0	-1.73682E-24
83.56	0.0	0.0	-1.68372E-24
83.58	0.0	0.0	-1.62922E-24
83.6	0.0	0.0	-1.57362E-24
83.62	0.0	0.0	-1.51715E-24
83.64	0.0	0.0	-1.46008E-24
83.66	0.0	0.0	-1.40261E-24
83.68	0.0	0.0	-1.34497E-24
83.7	0.0	0.0	-1.28734E-24
83.72	0.0	0.0	-1.22992E-24
83.74	0.0	0.0	-1.17287E-24
83.76	0.0	0.0	-1.11633E-24
83.78	0.0	0.0	-1.06046E-24
83.8	0.0	0.0	-1.00538E-24
83.82	0.0	0.0	-9.51202E-25
83.84	0.0	0.0	-8.98039E-25
83.86	0.0	0.0	-8.45982E-25
83.88	0.0	0.0	-7.95115E-25
83.9	0.0	0.0	-7.4551E-25
83.92	0.0	0.0	-6.97232E-25
83.94	0.0	0.0	-6.50337E-25
83.96	0.0	0.0	-6.0487E-25
83.98	0.0	0.0	-5.6087E-25
84	0.0	0.0	-5.18368E-25
84.02	0.0	0.0	-4.77389E-25
84.04	0.0	0.0	-4.3795E-25
84.06	0.0	0.0	-4.00062E-25
84.08	0.0	0.0	-3.63729E-25
84.1	0.0	0.0	-3.28954E-25
84.12	0.0	0.0	-2.95729E-25
84.14	0.0	0.0	-2.64046E-25
84.16	0.0	0.0	-2.33892E-25
84.18	0.0	0.0	-2.05248E-25
84.2	0.0	0.0	-1.78093E-25
84.22	0.0	0.0	-1.52403E-25
84.24	0.0	0.0	-1.28151E-25
84.26	0.0	0.0	-1.05307E-25
84.28	0.0	0.0	-8.38388E-26
84.3	0.0	0.0	-6.37125E-26
84.32	0.0	0.0	-4.48923E-26
84.34	0.0	0.0	-2.73406E-26
84.36	0.0	0.0	-1.10189E-26
84.38	0.0	0.0	4.1125E-27
84.4	0.0	0.0	1.80942E-26
84.42	0.0	0.0	3.09675E-26
84.44	0.0	0.0	4.27741E-26
84.46	0.0	0.0	5.35559E-26
84.48	0.0	0.0	6.33553E-26
84.5	0.0	0.0	7.22142E-26
84.52	0.0	0.0	8.01749E-26
84.54	0.0	0.0	8.72791E-26
84.56	0.0	0.0	9.35682E-26
84.58	0.0	0.0	9.90832E-26
84.6	0.0	0.0	1.03865E-25
84.62	0.0	0.0	1.07952E-25
84.64	0.0	0.0	1.11384E-25
84.66	0.0	0.0	1.14199E-25
84.68	0.0	0.0	1.16435E-25
84.7	0.0	0.0	1.18128E-25
84.72	0.0	0.0	1.19313E-25
84.74	0.0	0.0	1.20024E-25
84.76	0.0	0.0	1.20296E-25
84.78	0.0	0.0	1.2016E-25
84.8	0.0	0.0	1.19647E-25
84.82	0.0	0.0	1.18787E-25
84.84	0.0	0.0	1.1761E-25
84.86	0.0	0.0	1.16142E-25
84.88	0.0	0.0	1.14411E-25
84.9	0.0	0.0	1.12443E-25
84.92	0.0	0.0	1.1026E-25
84.94	0.0	0.0	1.07887E-25
84.96	0.0	0.0	1.05346E-25
84.98	0.0	0.0	1.02657E-25
85	0.0	0.0	9.98407E-26
85.02	0.0	0.0	9.69154E-26
85.04	0.0	0.0	9.38988E-26
85.06	0.0	0.0	9.08076E-26
85.08	0.0	0.0	8.76575E-26
85.1	0.0	0.0	8.44631E-26
85.12	0.0	0.0	8.12382E-26
85.14	0.0	0.0	7.79954E-26
85.16	0.0	0.0	7.47467E-26
85.18	0.0	0.0	7.1503E-26
85.2	0.0	0.0	6.82745E-26
85.22	0.0	0.0	6.50704E-26
85.24	0.0	0.0	6.18993E-26
85.26	0.0	0.0	5.8769E-26
85.28	0.0	0.0	5.56866E-26
85.3	0.0	0.0	5.26583E-26
85.32	0.0	0.0	4.96901E-26
85.34	0.0	0.0	4.67868E-26
85.36	0.0	0.0	4.39531E-26
85.38	0.0	0.0	4.11928E-26
85.4	0.0	0.0	3.85094E-26
85.42	0.0	0.0	3.59057E-26
85.44	0.0	0.0	3.33841E-26
85.46	0.0	0.0	3.09466E-26
85.48	0.0	0.0	2.85947E-26
85.5	0.0	0.0	2.63295E-26
85.52	0.0	0.0	2.41519E-26
85.54	0.0	0.0	2.20622E-26
85.56	0.0	0.0	2.00605E-26
85.58	0.0	0.0	1.81467E-26
85.6	0.0	0.0	1.63203E-26
85.62	0.0	0.0	1.45806E-26
85.64	0.0	0.0	1.29267E-26
85.66	0.0	0.0	1.13573E-26
85.68	0.0	0.0	9.87122E-27
85.7	0.0	0.0	8.46688E-27
85.72	0.0	0.0	7.14262E-27
85.74	0.0	0.0	5.89667E-27
85.76	0.0	0.0	4.72709E-27
85.78	0.0	0.0	3.63188E-27
85.8	0.0	0.0	2.60891E-27
85.82	0.0	0.0	1.65602E-27
85.84	0.0	0.0	7.70956E-28
85.86	0.0	0.0	-4.85872E-29
85.88	0.0	0.0	-8.04942E-28
85.9	0.0	0.0	-1.50047E-27
85.92	0.0	0.0	-2.13757E-27
85.94	0.0	0.0	-2.71861E-27
85.96	0.0	0.0	-3.24601E-27
85.98	0.0	0.0	-3.72215E-27
86	0.0	0.0	-4.14939E-27
86.02	0.0	0.0	-4.5301E-27
86.04	0.0	0.0	-4.8666E-27
86.06	0.0	0.0	-5.16117E-27
86.08	0.0	0.0	-5.41608E-27
86.1	0.0	0.0	-5.63354E-27
86.12	0.0	0.0	-5.81571E-27
86.14	0.0	0.0	-5.9647E-27
86.16	0.0	0.0	-6.08259E-27
86.18	0.0	0.0	-6.17138E-27
86.2	0.0	0.0	-6.23301E-27
86.22	0.0	0.0	-6.26938E-27
86.24	0.0	0.0	-6.28231E-27
86.26	0.0	0.0	-6.27356E-27
86.28	0.0	0.0	-6.24484E-27
86.3	0.0	0.0	-6.19779E-27
86.32	0.0	0.0	-6.13396E-27
86.34	0.0	0.0	-6.05487E-27
86.36	0.0	0.0	-5.96195E-27
86.38	0.0	0.0	-5.85658E-27
86.4	0.0	0.0	-5.74007E-27
86.42	0.0	0.0	-5.61366E-27
86.44	0.0	0.0	-5.47854E-27
86.46	0.0	0.0	-5.33582E-27
86.48	0.0	0.0	-5.18656E-27
86.5	0.0	0.0	-5.03177E-27
86.52	0.0	0.0	-4.87238E-27
86.54	0.0	0.0	-4.70928E-27
86.56	0.0	0.0	-4.54329E-27
86.58	0.0	0.0	-4.37518E-27
86.6	0.0	0.0	-4.20568E-27
86.62	0.0	0.0	-4.03546E-27
86.64	0.0	0.0	-3.86512E-27
86.66	0.0	0.0	-3.69526E-27
86.68	0.0	0.0	-3.52638E-27
86.7	0.0	0.0	-3.35899E-27
86.72	0.0	0.0	-3.1935E-27
86.74	0.0	0.0	-3.03034E-27
86.76	0.0	0.0	-2.86985E-27
86.78	0.0	0.0	-2.71236E-27
86.8	0.0	0.0	-2.55816E-27
86.82	0.0	0.0	-2.40751E-27
86.84	0.0	0.0	-2.26063E-27
86.86	0.0	0.0	-2.11771E-27
86.88	0.0	0.0	-1.97893E-27
86.9	0.0	0.0	-1.84442E-27
86.92	0.0	0.0	-1.71429E-27
86.94	0.0	0.0	-1.58864E-27
86.96	0.0	0.0	-1.46753E-27
86.98	0.0	0.0	-1.35102E-27
87	0.0	0.0	-1.23914E-27
87.02	0.0	0.0	-1.13189E-27
87.04	0.0	0.0	-1.02927E-27
87.06	0.0	0.0	-9.3126E-28
87.08	0.0	0.0	-8.37831E-28
87.1	0.0	0.0	-7.48933E-28
87.12	0.0	0.0	-6.64511E-28
87.14	0.0	0.0	-5.84494E-28
87.16	0.0	0.0	-5.08807E-28
87.18	0.0	0.0	-4.37362E-28
87.2	0.0	0.0	-3.70067E-28
87.22	0.0	0.0	-3.06822E-28
87.24	0.0	0.0	-2.47521E-28
87.26	0.0	0.0	-1.92053E-28
87.28	0.0	0.0	-1.40303E-28
87.3	0.0	0.0	-9.21537E-29
87.32	0.0	0.0	-4.74834E-29
87.34	0.0	0.0	-6.16894E-30
87.36	0.0	0.0	3.19146E-29
87.38	0.0	0.0	6.68932E-29
87.4	0.0	0.0	9.88933E-29
87.42	0.0	0.0	1.28041E-28
87.44	0.0	0.0	1.54464E-28
87.46	0.0	0.0	1.78286E-28
87.48	0.0	0.0	1.99633E-28
87.5	0.0	0.0	2.18627E-28
87.52	0.0	0.0	2.35389E-28
87.54	0.0	0.0	2.50039E-28
87.56	0.0	0.0	2.62694E-28
87.58	0.0	0.0	2.73468E-28
87.6	0.0	0.0	2.82473E-28
87.62	0.0	0.0	2.89817E-28
87.64	0.0	0.0	2.95608E-28
87.66	0.0	0.0	2.99948E-28
87.68	0.0	0.0	3.02937E-28
87.7	0.0	0.0	3.0467E-28
87.72	0.0	0.0	3.05242E-28
87.74	0.0	0.0	3.04742E-28
87.76	0.0	0.0	3.03257E-28
87.78	0.0	0.0	3.00868E-28
87.8	0.0	0.0	2.97656E-28
87.82	0.0	0.0	2.93695E-28
87.84	0.0	0.0	2.8906E-28
87.86	0.0	0.0	2.83818E-28
87.88	0.0	0.0	2.78035E-28
87.9	0.0	0.0	2.71774E-28
87.92	0.0	0.0	2.65093E-28
87.94	0.0	0.0	2.58048E-28
87.96	0.0	0.0	2.50692E-28
87.98	0.0	0.0	2.43074E-28
88	0.0	0.0	2.35241E-28
88.02	0.0	0.0	2.27236E-28
88.04	0.0	0.0	2.191E-28
88.06	0.0	0.0	2.10871E-28
88.08	0.0	0.0	2.02584E-28
88.1	0.0	0.0	1.94271E-28
88.12	0.0	0.0	1.85963E-28
88.14	0.0	0.0	1.77687E-28
88.16	0.0	0.0	1.69469E-28
88.18	0.0	0.0	1.61333E-28
88.2	0.0	0.0	1.53299E-28
88.22	0.0	0.0	1.45386E-28
88.24	0.0	0.0	1.37611E-28
88.26	0.0	0.0	1.29991E-28
88.28	0.0	0.0	1.22538E-28
88.3	0.0	0.0	1.15264E-28
88.32	0.0	0.0	1.0818E-28
88.34	0.0	0.0	1.01295E-28
88.36	0.0	0.0	9.46168E-29
88.38	0.0	0.0	8.81508E-29
88.4	0.0	0.0	8.19023E-29
88.42	0.0	0.0	7.58754E-29
88.44	0.0	0.0	7.00728E-29
88.46	0.0	0.0	6.44963E-29
88.48	0.0	0.0	5.9147E-29
88.5	0.0	0.0	5.40249E-29
88.52	0.0	0.0	4.91292E-29
88.54	0.0	0.0	4.44586E-29
88.56	0.0	0.0	4.0011E-29
88.58	0.0	0.0	3.57838E-29
88.6	0.0	0.0	3.17736E-29
88.62	0.0	0.0	2.79769E-29
88.64	0.0	0.0	2.43896E-29
88.66	0.0	0.0	2.1007E-29
88.68	0.0	0.0	1.78245E-29
88.7	0.0	0.0	1.48367E-29
88.72	0.0	0.0	1.20384E-29
88.74	0.0	0.0	9.42387E-30
88.76	0.0	0.0	6.98737E-30
88.78	0.0	0.0	4.72295E-30
88.8	0.0	0.0	2.62456E-30
88.82	0.0	0.0	6.86047E-31
88.84	0.0	0.0	-1.09877E-30
88.86	0.0	0.0	-2.73612E-30
88.88	0.0	0.0	-4.23223E-30
88.9	0.0	0.0	-5.59333E-30
88.92	0.0	0.0	-6.82558E-30
88.94	0.0	0.0	-7.93513E-30
88.96	0.0	0.0	-8.92803E-30
88.98	0.0	0.0	-9.81025E-30
89	0.0	0.0	-1.05877E-29
89.02	0.0	0.0	-1.1266E-29
89.04	0.0	0.0	-1.1851E-29
89.06	0.0	0.0	-1.23481E-29
89.08	0.0	0.0	-1.27626E-29
89.1	0.0	0.0	-1.30999E-29
89.12	0.0	0.0	-1.33649E-29
89.14	0.0	0.0	-1.35626E-29
89.16	0.0	0.0	-1.36977E-29
89.18	0.0	0.0	-1.37748E-29
89.2	0.0	0.0	-1.37983E-29
89.22	0.0	0.0	-1.37725E-29
89.24	0.0	0.0	-1.37014E-29
89.26	0.0	0.0	-1.35889E-29
89.28	0.0	0.0	-1.34388E-29
89.3	0.0	0.0	-1.32546E-29
89.32	0.0	0.0	-1.30397E-29
89.34	0.0	0.0	-1.27973E-29
89.36	0.0	0.0	-1.25304E-29
89.38	0.0	0.0	-1.22421E-29
89.4	0.0	0.0	-1.19349E-29
89.42	0.0	0.0	-1.16115E-29
89.44	0.0	0.0	-1.12743E-29
89.46	0.0	0.0	-1.09256E-29
89.48	0.0	0.0	-1.05676E-29
89.5	0.0	0.0	-1.02022E-29
89.52	0.0	0.0	-9.8312E-30
89.54	0.0	0.0	-9.45646E-30
89.56	0.0	0.0	-9.07953E-30
89.58	0.0	0.0	-8.70189E-30
89.6	0.0	0.0	-8.32491E-30
89.62	0.0	0.0	-7.94984E-30
89.64	0.0	0.0	-7.57781E-30
89.66	0.0	0.0	-7.20987E-30
89.68	0.0	0.0	-6.84697E-30
89.7	0.0	0.0	-6.48994E-30
89.72	0.0	0.0	-6.13955E-30
89.74	0.0	0.0	-5.79648E-30
89.76	0.0	0.0	-5.46131E-30
89.78	0.0	0.0	-5.13456E-30
89.8	0.0	0.0	-4.81669E-30
89.82	0.0	0.0	-4.50808E-30
89.84	0.0	0.0	-4.20903E-30
89.86	0.0	0.0	-3.91982E-30
89.88	0.0	0.0	-3.64063E-30
89.9	0.0	0.0	-3.37164E-30
89.92	0.0	0.0	-3.11293E-30
89.94	0.0	0.0	-2.86458E-30
89.96	0.0	0.0	-2.62659E-30
89.98	0.0	0.0	-2.39896E-30
90	0.0	0.0	-2.18162E-30
90.02	0.0	0.0	-1.9745E-30
90.04	0.0	0.0	-1.77747E-30
90.06	0.0	0.0	-1.59041E-30
90.08	0.0	0.0	-1.41315E-30
90.1	0.0	0.0	-1.2455E-30
90.12	0.0	0.0	-1.08727E-30
90.14	0.0	0.0	-9.38232E-31
90.16	0.0	0.0	-7.98157E-31
90.18	0.0	0.0	-6.66802E-31
90.2	0.0	0.0	-5.43909E-31
90.22	0.0	0.0	-4.29215E-31
90.24	0.0	0.0	-3.22448E-31
90.26	0.0	0.0	-2.23334E-31
90.28	0.0	0.0	-1.31589E-31
90.3	0.0	0.0	-4.69317E-32
90.32	0.0	0.0	3.0924E-32
90.34	0.0	0.0	1.02264E-31
90.36	0.0	0.0	1.67372E-31
90.38	0.0	0.0	2.26534E-31
90.4	0.0	0.0	2.80029E-31
90.42	0.0	0.0	3.28136E-31
90.44	0.0	0.0	3.71128E-31
90.46	0.0	0.0	4.09277E-31
90.48	0.0	0.0	4.42845E-31
90.5	0.0	0.0	4.72092E-31
90.52	0.0	0.0	4.97271E-31
90.54	0.0	0.0	5.18628E-31
90.56	0.0	0.0	5.36402E-31
90.58	0.0	0.0	5.50827E-31
90.6	0.0	0.0	5.62127E-31
90.62	0.0	0.0	5.70519E-31
90.64	0.0	0.0	5.76215E-31
90.66	0.0	0.0	5.79415E-31
90.68	0.0	0.0	5.80316E-31
90.7	0.0	0.0	5.79102E-31
90.72	0.0	0.0	5.75952E-31
90.74	0.0	0.0	5.71038E-31
90.76	0.0	0.0	5.64523E-31
90.78	0.0	0.0	5.5656E-31
90.8	0.0	0.0	5.47299E-31
90.82	0.0	0.0	5.36878E-31
90.84	0.0	0.0	5.2543E-31
90.86	0.0	0.0	5.13081E-31
90.88	0.0	0.0	4.99948E-31
90.9	0.0	0.0	4.86142E-31
90.92	0.0	0.0	4.71769E-31
90.94	0.0	0.0	4.56925E-31
90.96	0.0	0.0	4.41701E-31
90.98	0.0	0.0	4.26184E-31
91	0.0	0.0	4.10451E-31
91.02	0.0	0.0	3.94577E-31
91.04	0.0	0.0	3.78629E-31
91.06	0.0	0.0	3.6267E-31
91.08	0.0	0.0	3.46757E-31
91.1	0.0	0.0	3.30942E-31
91.12	0.0	0.0	3.15273E-31
91.14	0.0	0.0	2.99794E-31
91.16	0.0	0.0	2.84543E-31
91.18	0.0	0.0	2.69556E-31
91.2	0.0	0.0	2.54863E-31
91.22	0.0	0.0	2.40493E-31
91.24	0.0	0.0	2.26469E-31
91.26	0.0	0.0	2.12812E-31
91.28	0.0	0.0	1.9954E-31
91.3	0.0	0.0	1.86669E-31
91.32	0.0	0.0	1.7421E-31
91.34	0.0	0.0	1.62173E-31
91.36	0.0	0.0	1.50566E-31
91.38	0.0	0.0	1.39395E-31
91.4	0.0	0.0	1.28662E-31
91.42	0.0	0.0	1.1837E-31
91.44	0.0	0.0	1.08518E-31
91.46	0.0	0.0	9.91039E-32
91.48	0.0	0.0	9.01256E-32
91.5	0.0	0.0	8.15783E-32
91.52	0.0	0.0	7.34564E-32
91.54	0.0	0.0	6.57533E-32
91.56	0.0	0.0	5.84616E-32
91.58	0.0	0.0	5.15727E-32
91.6	0.0	0.0	4.50776E-32
91.62	0.0	0.0	3.89665E-32
91.64	0.0	0.0	3.32291E-32
91.66	0.0	0.0	2.78546E-32
91.68	0.0	0.0	2.28317E-32
91.7	0.0	0.0	1.81491E-32
91.72	0.0	0.0	1.3795E-32
91.74	0.0	0.0	9.75727E-33
91.76	0.0	0.0	6.02399E-33
91.78	0.0	0.0	2.58294E-33
91.8	0.0	0.0	-5.78058E-34
91.82	0.0	0.0	-3.47118E-33
91.84	0.0	0.0	-6.10855E-33
91.86	0.0	0.0	-8.50217E-33
91.88	0.0	0.0	-1.06639E-32
91.9	0.0	0.0	-1.26056E-32
91.92	0.0	0.0	-1.43386E-32
91.94	0.0	0.0	-1.58743E-32
91.96	0.0	0.0	-1.72237E-32
91.98	0.0	0.0	-1.83978E-32
92	0.0	0.0	-1.94069E-32
92.02	0.0	0.0	-2.02614E-32
92.04	0.0	0.0	-2.09711E-32
92.06	0.0	0.0	-2.15458E-32
92.08	0.0	0.0	-2.19947E-32
92.1	0.0	0.0	-2.23268E-32
92.12	0.0	0.0	-2.25506E-32
92.14	0.0	0.0	-2.26747E-32
92.16	0.0	0.0	-2.27067E-32
92.18	0.0	0.0	-2.26546E-32
92.2	0.0	0.0	-2.25254E-32
92.22	0.0	0.0	-2.23261E-32
92.24	0.0	0.0	-2.20635E-32
92.26	0.0	0.0	-2.17437E-32
92.28	0.0	0.0	-2.13728E-32
92.3	0.0	0.0	-2.09563E-32
92.32	0.0	0.0	-2.04997E-32
92.34	0.0	0.0	-2.00079E-32
92.36	0.0	0.0	-1.94857E-32
92.38	0.0	0.0	-1.89376E-32
92.4	0.0	0.0	-1.83678E-32
92.42	0.0	0.0	-1.778E-32
92.44	0.0	0.0	-1.71779E-32
92.46	0.0	0.0	-1.6565E-32
92.48	0.0	0.0	-1.59444E-32
92.5	0.0	0.0	-1.53189E-32
92.52	0.0	0.0	-1.46912E-32
92.54	0.0	0.0	-1.40637E-32
92.56	0.0	0.0	-1.34388E-32
92.58	0.0	0.0	-1.28185E-32
92.6	0.0	0.0	-1.22045E-32
92.62	0.0	0.0	-1.15987E-32
92.64	0.0	0.0	-1.10024E-32
92.66	0.0	0.0	-1.04171E-32
92.68	0.0	0.0	-9.84384E-33
92.7	0.0	0.0	-9.28381E-33
92.72	0.0	0.0	-8.73785E-33
92.74	0.0	0.0	-8.20676E-33
92.76	0.0	0.0	-7.69118E-33
92.78	0.0	0.0	-7.19169E-33
92.8	0.0	0.0	-6.70871E-33
92.82	0.0	0.0	-6.24259E-33
92.84	0.0	0.0	-5.7936E-33
92.86	0.0	0.0	-5.3619E-33
92.88	0.0	0.0	-4.94759E-33
92.9	0.0	0.0	-4.55069E-33
92.92	0.0	0.0	-4.17117E-33
92.94	0.0	0.0	-3.80891E-33
92.96	0.0	0.0	-3.46378E-33
92.98	0.0	0.0	-3.13555E-33
93	0.0	0.0	-2.82399E-33
93.02	0.0	0.0	-2.52881E-33
93.04	0.0	0.0	-2.24968E-33
93.06	0.0	0.0	-1.98625E-33
93.08	0.0	0.0	-1.73814E-33
93.1	0.0	0.0	-1.50495E-33
93.12	0.0	0.0	-1.28625E-33
93.14	0.0	0.0	-1.0816E-33
93.16	0.0	0.0	-8.90546E-34
93.18	0.0	0.0	-7.12624E-34
93.2	0.0	0.0	-5.4736E-34
93.22	0.0	0.0	-3.94274E-34
93.24	0.0	0.0	-2.52884E-34
93.26	0.0	0.0	-1.22705E-34
93.28	0.0	0.0	-3.25356E-36
93.3	0.0	0.0	1.05952E-34
93.32	0.0	0.0	2.05391E-34
93.34	0.0	0.0	2.95535E-34
93.36	0.0	0.0	3.76852E-34
93.38	0.0	0.0	4.498E-34
93.4	0.0	0.0	5.1483E-34
93.42	0.0	0.0	5.72383E-34
93.44	0.0	0.0	6.22889E-34
93.46	0.0	0.0	6.66767E-34
93.48	0.0	0.0	7.04427E-34
93.5	0.0	0.0	7.36263E-34
93.52	0.0	0.0	7.62659E-34
93.54	0.0	0.0	7.83985E-34
93.56	0.0	0.0	8.00598E-34
93.58	0.0	0.0	8.12843E-34
93.6	0.0	0.0	8.2105E-34
93.62	0.0	0.0	8.25536E-34
93.64	0.0	0.0	8.26605E-34
93.66	0.0	0.0	8.24546E-34
93.68	0.0	0.0	8.19636E-34
93.7	0.0	0.0	8.12138E-34
93.72	0.0	0.0	8.02303E-34
93.74	0.0	0.0	7.90369E-34
93.76	0.0	0.0	7.76559E-34
93.78	0.0	0.0	7.61086E-34
93.8	0.0	0.0	7.44151E-34
93.82	0.0	0.0	7.25942E-34
93.84	0.0	0.0	7.06635E-34
93.86	0.0	0.0	6.86397E-34
93.88	0.0	0.0	6.65382E-34
93.9	0.0	0.0	6.43735E-34
93.92	0.0	0.0	6.21589E-34
93.94	0.0	0.0	5.99071E-34
93.96	0.0	0.0	5.76294E-34
93.98	0.0	0.0	5.53366E-34
94	0.0	0.0	5.30384E-34
94.02	0.0	0.0	5.07437E-34
94.04	0.0	0.0	4.84607E-34
94.06	0.0	0.0	4.61968E-34
94.08	0.0	0.0	4.39587E-34
94.1	0.0	0.0	4.17526E-34
94.12	0.0	0.0	3.95836E-34
94.14	0.0	0.0	3.74568E-34
94.16	0.0	0.0	3.53761E-34
94.18	0.0	0.0	3.33455E-34
94.2	0.0	0.0	3.1368E-34
94.22	0.0	0.0	2.94463E-34
94.24	0.0	0.0	2.75828E-34
94.26	0.0	0.0	2.57792E-34
94.28	0.0	0.0	2.40372E-34
94.3	0.0	0.0	2.23576E-34
94.32	0.0	0.0	2.07415E-34
94.34	0.0	0.0	1.91892E-34
94.36	0.0	0.0	1.77011E-34
94.38	0.0	0.0	1.62769E-34
94.4	0.0	0.0	1.49165E-34
94.42	0.0	0.0	1.36193E-34
94.44	0.0	0.0	1.23847E-34
94.46	0.0	0.0	1.12119E-34
94.48	0.0	0.0	1.00997E-34
94.5	0.0	0.0	9.04707E-35
94.52	0.0	0.0	8.05275E-35
94.54	0.0	0.0	7.11533E-35
94.56	0.0	0.0	6.23335E-35
94.58	0.0	0.0	5.40525E-35
94.6	0.0	0.0	4.62944E-35
94.62	0.0	0.0	3.90423E-35
94.64	0.0	0.0	3.22791E-35
94.66	0.0	0.0	2.59875E-35
94.68	0.0	0.0	2.01496E-35
94.7	0.0	0.0	1.47478E-35
94.72	0.0	0.0	9.76402E-36
94.74	0.0	0.0	5.18038E-36
94.76	0.0	0.0	9.79039E-37
94.78	0.0	0.0	-2.85772E-36
94.8	0.0	0.0	-6.34742E-36
94.82	0.0	0.0	-9.50739E-36
94.84	0.0	0.0	-1.23546E-35
94.86	0.0	0.0	-1.49059E-35
94.88	0.0	0.0	-1.71775E-35
94.9	0.0	0.0	-1.91854E-35
94.92	0.0	0.0	-2.09452E-35
94.94	0.0	0.0	-2.24721E-35
94.96	0.0	0.0	-2.37807E-35
94.98	0.0	0.0	-2.48852E-35
95	0.0	0.0	-2.57994E-35
95.02	0.0	0.0	-2.65366E-35
95.04	0.0	0.0	-2.71095E-35
95.06	0.0	0.0	-2.75303E-35
95.08	0.0	0.0	-2.78109E-35
95.1	0.0	0.0	-2.79624E-35
95.12	0.0	0.0	-2.79957E-35
95.14	0.0	0.0	-2.7921E-35
95.16	0.0	0.0	-2.7748E-35
95.18	0.0	0.0	-2.74861E-35
95.2	0.0	0.0	-2.7144E-35
95.22	0.0	0.0	-2.67301E-35
95.24	0.0	0.0	-2.62522E-35
95.26	0.0	0.0	-2.57178E-35
95.28	0.0	0.0	-2.51338E-35
95.3	0.0	0.0	-2.45068E-35
95.32	0.0	0.0	-2.38429E-35
95.34	0.0	0.0	-2.31479E-35
95.36	0.0	0.0	-2.24271E-35
95.38	0.0	0.0	-2.16856E-35
95.4	0.0	0.0	-2.09279E-35
95.42	0.0	0.0	-2.01583E-35
95.44	0.0	0.0	-1.93808E-35
95.46	0.0	0.0	-1.8599E-35
95.48	0.0	0.0	-1.78162E-35
95.5	0.0	0.0	-1.70355E-35
95.52	0.0	0.0	-1.62596E-35
95.54	0.0	0.0	-1.5491E-35
95.56	0.0	0.0	-1.4732E-35
95.58	0.0	0.0	-1.39846E-35
95.6	0.0	0.0	-1.32506E-35
95.62	0.0	0.0	-1.25315E-35
95.64	0.0	0.0	-1.18289E-35
95.66	0.0	0.0	-1.11439E-35
95.68	0.0	0.0	-1.04774E-35
95.7	0.0	0.0	-9.83049E-36
95.72	0.0	0.0	-9.20377E-36
95.74	0.0	0.0	-8.59785E-36
95.76	0.0	0.0	-8.01319E-36
95.78	0.0	0.0	-7.45011E-36
95.8	0.0	0.0	-6.90883E-36
95.82	0.0	0.0	-6.38948E-36
95.84	0.0	0.0	-5.89208E-36
95.86	0.0	0.0	-5.41656E-36
95.88	0.0	0.0	-4.9628E-36
95.9	0.0	0.0	-4.53059E-36
95.92	0.0	0.0	-4.11964E-36
95.94	0.0	0.0	-3.72964E-36
95.96	0.0	0.0	-3.3602E-36
95.98	0.0	0.0	-3.01091E-36
96	0.0	0.0	-2.6813E-36
96.02	0.0	0.0	-2.37087E-36
96.04	0.0	0.0	-2.0791E-36
96.06	0.0	0.0	-1.80544E-36
96.08	0.0	0.0	-1.54933E-36
96.1	0.0	0.0	-1.31016E-36
96.12	0.0	0.0	-1.08736E-36
96.14	0.0	0.0	-8.80305E-37
96.16	0.0	0.0	-6.88386E-37
96.18	0.0	0.0	-5.10987E-37
96.2	0.0	0.0	-3.4749E-37
96.22	0.0	0.0	-1.97281E-37
96.24	0.0	0.0	-5.9747E-38
96.26	0.0	0.0	6.57162E-38
96.28	0.0	0.0	1.79707E-37
96.3	0.0	0.0	2.82812E-37
96.32	0.0	0.0	3.7561E-37
96.34	0.0	0.0	4.58666E-37
96.36	0.0	0.0	5.32533E-37
96.38	0.0	0.0	5.97748E-37
96.4	0.0	0.0	6.54834E-37
96.42	0.0	0.0	7.04301E-37
96.44	0.0	0.0	7.46639E-37
96.46	0.0	0.0	7.82323E-37
96.48	0.0	0.0	8.11812E-37
96.5	0.0	0.0	8.35547E-37
96.52	0.0	0.0	8.53951E-37
96.54	0.0	0.0	8.67432E-37
96.56	0.0	0.0	8.76377E-37
96.58	0.0	0.0	8.8116E-37
96.6	0.0	0.0	8.82133E-37
96.62	0.0	0.0	8.79635E-37
96.64	0.0	0.0	8.73987E-37
96.66	0.0	0.0	8.65491E-37
96.68	0.0	0.0	8.54436E-37
96.7	0.0	0.0	8.41094E-37
96.72	0.0	0.0	8.25721E-37
96.74	0.0	0.0	8.08558E-37
96.76	0.0	0.0	7.89833E-37
96.78	0.0	0.0	7.69756E-37
96.8	0.0	0.0	7.48527E-37
96.82	0.0	0.0	7.2633E-37
96.84	0.0	0.0	7.03339E-37
96.86	0.0	0.0	6.79712E-37
96.88	0.0	0.0	6.55598E-37
96.9	0.0	0.0	6.31133E-37
96.92	0.0	0.0	6.06444E-37
96.94	0.0	0.0	5.81645E-37
96.96	0.0	0.0	5.56842E-37
96.98	0.0	0.0	5.32131E-37
97	0.0	0.0	5.07598E-37
97.02	0.0	0.0	4.83323E-37
97.04	0.0	0.0	4.59376E-37
97.06	0.0	0.0	4.35819E-37
97.08	0.0	0.0	4.12708E-37
97.1	0.0	0.0	3.90093E-37
97.12	0.0	0.0	3.68016E-37
97.14	0.0	0.0	3.46514E-37
97.16	0.0	0.0	3.25618E-37
97.18	0.0	0.0	3.05354E-37
97.2	0.0	0.0	2.85743E-37
97.22	0.0	0.0	2.66803E-37
97.24	0.0	0.0	2.48546E-37
97.26	0.0	0.0	2.3098E-37
97.28	0.0	0.0	2.14112E-37
97.3	0.0	0.0	1.97944E-37
97.32	0.0	0.0	1.82475E-37
97.34	0.0	0.0	1.67701E-37
97.36	0.0	0.0	1.53618E-37
97.38	0.0	0.0	1.40217E-37
97.4	0.0	0.0	1.27489E-37
97.42	0.0	0.0	1.15421E-37
97.44	0.0	0.0	1.04002E-37
97.46	0.0	0.0	9.32157E-38
97.48	0.0	0.0	8.30479E-38
97.5	0.0	0.0	7.34817E-38
97.52	0.0	0.0	6.44996E-38
97.54	0.0	0.0	5.60838E-38
97.56	0.0	0.0	4.82154E-38
97.58	0.0	0.0	4.08754E-38
97.6	0.0	0.0	3.40445E-38
97.62	0.0	0.0	2.7703E-38
97.64	0.0	0.0	2.18311E-38
97.66	0.0	0.0	1.64091E-38
97.68	0.0	0.0	1.14172E-38
97.7	0.0	0.0	6.83585E-39
97.72	0.0	0.0	2.64548E-39
97.74	0.0	0.0	-1.17309E-39
97.76	0.0	0.0	-4.63876E-39
97.78	0.0	0.0	-7.77012E-39
97.8	0.0	0.0	-1.05854E-38
97.82	0.0	0.0	-1.31023E-38
97.84	0.0	0.0	-1.53382E-38
97.86	0.0	0.0	-1.731E-38
97.88	0.0	0.0	-1.9034E-38
97.9	0.0	0.0	-2.05261E-38
97.92	0.0	0.0	-2.18015E-38
97.94	0.0	0.0	-2.2875E-38
97.96	0.0	0.0	-2.37608E-38
97.98	0.0	0.0	-2.44726E-38
98	0.0	0.0	-2.50235E-38
98.02	0.0	0.0	-2.5426E-38
98.04	0.0	0.0	-2.5692E-38
98.06	0.0	0.0	-2.58329E-38
98.08	0.0	0.0	-2.58598E-38
98.1	0.0	0.0	-2.57827E-38
98.12	0.0	0.0	-2.56117E-38
98.14	0.0	0.0	-2.53558E-38
98.16	0.0	0.0	-2.50239E-38
98.18	0.0	0.0	-2.46242E-38
98.2	0.0	0.0	-2.41645E-38
98.22	0.0	0.0	-2.3652E-38
98.24	0.0	0.0	-2.30937E-38
98.26	0.0	0.0	-2.24959E-38
98.28	0.0	0.0	-2.18646E-38
98.3	0.0	0.0	-2.12052E-38
98.32	0.0	0.0	-2.05231E-38
98.34	0.0	0.0	-1.98229E-38
98.36	0.0	0.0	-1.9109E-38
98.38	0.0	0.0	-1.83856E-38
98.4	0.0	0.0	-1.76563E-38
98.42	0.0	0.0	-1.69246E-38
98.44	0.0	0.0	-1.61935E-38
98.46	0.0	0.0	-1.54658E-38
98.48	0.0	0.0	-1.47442E-38
98.5	0.0	0.0	-1.4031E-38
98.52	0.0	0.0	-1.3328E-38
98.54	0.0	0.0	-1.26373E-38
98.56	0.0	0.0	-1.19603E-38
98.58	0.0	0.0	-1.12985E-38
98.6	0.0	0.0	-1.06532E-38
98.62	0.0	0.0	-1.00252E-38
98.64	0.0	0.0	-9.41562E-39
98.66	0.0	0.0	-8.82505E-39
98.68	0.0	0.0	-8.2541E-39
98.7	0.0	0.0	-7.70322E-39
98.72	0.0	0.0	-7.17275E-39
98.74	0.0	0.0	-6.6629E-39
98.76	0.0	0.0	-6.17378E-39
98.78	0.0	0.0	-5.70543E-39
98.8	0.0	0.0	-5.25778E-39
98.82	0.0	0.0	-4.83069E-39
98.84	0.0	0.0	-4.42397E-39
98.86	0.0	0.0	-4.03734E-39
98.88	0.0	0.0	-3.67049E-39
98.9	0.0	0.0	-3.32303E-39
98.92	0.0	0.0	-2.99456E-39
98.94	0.0	0.0	-2.68464E-39
98.96	0.0	0.0	-2.39276E-39
98.98	0.0	0.0	-2.11843E-39
99	0.0	0.0	-1.86112E-39
99.02	0.0	0.0	-1.62026E-39
99.04	0.0	0.0	-1.39531E-39
99.06	0.0	0.0	-1.18567E-39
99.08	0.0	0.0	-9.90772E-40
99.1	0.0	0.0	-8.10021E-40
99.12	0.0	0.0	-6.42826E-40
99.14	0.0	0.0	-4.88599E-40
99.16	0.0	0.0	-3.46752E-40
99.18	0.0	0.0	-2.16702E-40
99.2	0.0	0.0	-9.78755E-41
99.22	0.0	0.0	1.02954E-41
99.24	0.0	0.0	1.08367E-40
99.26	0.0	0.0	1.96885E-40
99.28	0.0	0.0	2.76383E-40
99.3	0.0	0.0	3.47381E-40
99.32	0.0	0.0	4.10383E-40
99.34	0.0	0.0	4.65882E-40
99.36	0.0	0.0	5.14351E-40
99.38	0.0	0.0	5.56251E-40
99.4	0.0	0.0	5.92024E-40
99.42	0.0	0.0	6.22096E-40
99.44	0.0	0.0	6.46877E-40
99.46	0.0	0.0	6.66761E-40
99.48	0.0	0.0	6.82122E-40
99.5	0.0	0.0	6.9332E-40
99.52	0.0	0.0	7.00697E-40
99.54	0.0	0.0	7.0458E-40
99.56	0.0	0.0	7.05279E-40
99.58	0.0	0.0	7.03086E-40
99.6	0.0	0.0	6.9828E-40
99.62	0.0	0.0	6.91123E-40
99.64	0.0	0.0	6.81864E-40
99.66	0.0	0.0	6.70735E-40
99.68	0.0	0.0	6.57955E-40
99.7	0.0	0.0	6.4373E-40
99.72	0.0	0.0	6.28251E-40
99.74	0.0	0.0	6.11697E-40
99.76	0.0	0.0	5.94235E-40
99.78	0.0	0.0	5.7602E-40
99.8	0.0	0.0	5.57196E-40
99.82	0.0	0.0	5.37894E-40
99.84	0.0	0.0	5.18238E-40
99.86	0.0	0.0	4.98338E-40
99.88	0.0	0.0	4.78299E-40
99.9	0.0	0.0	4.58213E-40
99.92	0.0	0.0	4.38166E-40
99.94	0.0	0.0	4.18235E-40
99.96	0.0	0.0	3.98489E-40
99.98	0.0	0.0	3.78991E-40
100	0.0	0.0	3.59795E-40
100.02	0.0	0.0	3.40951E-40
100.04	0.0	0.0	3.22501E-40
100.06	0.0	0.0	3.04484E-40
100.08	0.0	0.0	2.86932E-40
100.1	0.0	0.0	2.6987E-40
100.12	0.0	0.0	2.53324E-40
100.14	0.0	0.0	2.3731E-40
100.16	0.0	0.0	2.21844E-40
100.18	0.0	0.0	2.06936E-40
100.2	0.0	0.0	1.92595E-40
100.22	0.0	0.0	1.78825E-40
100.24	0.0	0.0	1.65629E-40
100.26	0.0	0.0	1.53005E-40
100.28	0.0	0.0	1.40951E-40
100.3	0.0	0.0	1.29463E-40
100.32	0.0	0.0	1.18533E-40
100.34	0.0	0.0	1.08154E-40
100.36	0.0	0.0	9.83147E-41
100.38	0.0	0.0	8.90055E-41
100.4	0.0	0.0	8.02139E-41
100.42	0.0	0.0	7.19267E-41
100.44	0.0	0.0	6.413E-41
100.46	0.0	0.0	5.68094E-41
100.48	0.0	0.0	4.99496E-41
100.5	0.0	0.0	4.35351E-41
100.52	0.0	0.0	3.755E-41
100.54	0.0	0.0	3.1978E-41
100.56	0.0	0.0	2.6803E-41
100.58	0.0	0.0	2.20084E-41
100.6	0.0	0.0	1.75779E-41
100.62	0.0	0.0	1.34951E-41
100.64	0.0	0.0	9.74386E-42
100.66	0.0	0.0	6.30809E-42
100.68	0.0	0.0	3.17199E-42
100.7	0.0	0.0	3.20032E-43
100.72	0.0	0.0	-2.26302E-42
100.74	0.0	0.0	-4.59205E-42
100.76	0.0	0.0	-6.68159E-42
100.78	0.0	0.0	-8.54575E-42
100.8	0.0	0.0	-1.01983E-41
100.82	0.0	0.0	-1.16524E-41
100.84	0.0	0.0	-1.2921E-41
100.86	0.0	0.0	-1.40164E-41
100.88	0.0	0.0	-1.49506E-41
100.9	0.0	0.0	-1.5735E-41
100.92	0.0	0.0	-1.63806E-41
100.94	0.0	0.0	-1.68979E-41
100.96	0.0	0.0	-1.7297E-41
100.98	0.0	0.0	-1.75874E-41
101	0.0	0.0	-1.77782E-41
101.02	0.0	0.0	-1.78782E-41
101.04	0.0	0.0	-1.78954E-41
101.06	0.0	0.0	-1.78377E-41
101.08	0.0	0.0	-1.77125E-41
101.1	0.0	0.0	-1.75266E-41
101.12	0.0	0.0	-1.72866E-41
101.14	0.0	0.0	-1.69985E-41
101.16	0.0	0.0	-1.66683E-41
101.18	0.0	0.0	-1.63011E-41
101.2	0.0	0.0	-1.5902E-41
101.22	0.0	0.0	-1.54757E-41
101.24	0.0	0.0	-1.50266E-41
101.26	0.0	0.0	-1.45586E-41
101.28	0.0	0.0	-1.40754E-41
101.3	0.0	0.0	-1.35805E-41
101.32	0.0	0.0	-1.3077E-41
101.34	0.0	0.0	-1.25678E-41
101.36	0.0	0.0	-1.20556E-41
101.38	0.0	0.0	-1.15427E-41
101.4	0.0	0.0	-1.10314E-41
101.42	0.0	0.0	-1.05235E-41
101.44	0.0	0.0	-1.00208E-41
101.46	0.0	0.0	-9.52492E-42
101.48	0.0	0.0	-9.03723E-42
101.5	0.0	0.0	-8.55896E-42
101.52	0.0	0.0	-8.09117E-42
101.54	0.0	0.0	-7.6348E-42
101.56	0.0	0.0	-7.19064E-42
101.58	0.0	0.0	-6.75934E-42
101.6	0.0	0.0	-6.34147E-42
101.62	0.0	0.0	-5.93745E-42
101.64	0.0	0.0	-5.54764E-42
101.66	0.0	0.0	-5.17228E-42
101.68	0.0	0.0	-4.81154E-42
101.7	0.0	0.0	-4.46552E-42
101.72	0.0	0.0	-4.13423E-42
101.74	0.0	0.0	-3.81763E-42
101.76	0.0	0.0	-3.51563E-42
101.78	0.0	0.0	-3.22807E-42
101.8	0.0	0.0	-2.95477E-42
101.82	0.0	0.0	-2.69549E-42
101.84	0.0	0.0	-2.44995E-42
101.86	0.0	0.0	-2.21787E-42
101.88	0.0	0.0	-1.9989E-42
101.9	0.0	0.0	-1.79269E-42
101.92	0.0	0.0	-1.59889E-42
101.94	0.0	0.0	-1.4171E-42
101.96	0.0	0.0	-1.24692E-42
101.98	0.0	0.0	-1.08795E-42
102	0.0	0.0	-9.3976E-43
102.02	0.0	0.0	-8.0194E-43
102.04	0.0	0.0	-6.74064E-43
102.06	0.0	0.0	-5.55706E-43
102.08	0.0	0.0	-4.46445E-43
102.1	0.0	0.0	-3.45859E-43
102.12	0.0	0.0	-2.53532E-43
102.14	0.0	0.0	-1.69054E-43
102.16	0.0	0.0	-9.2021E-44
102.18	0.0	0.0	-2.20376E-44
102.2	0.0	0.0	4.12838E-44
102.22	0.0	0.0	9.83208E-44
102.24	0.0	0.0	1.49441E-43
102.26	0.0	0.0	1.95002E-43
102.28	0.0	0.0	2.35348E-43
102.3	0.0	0.0	2.70815E-43
102.32	0.0	0.0	3.01725E-43
102.34	0.0	0.0	3.28387E-43
102.36	0.0	0.0	3.51101E-43
102.38	0.0	0.0	3.70153E-43
102.4	0.0	0.0	3.85816E-43
102.42	0.0	0.0	3.98352E-43
102.44	0.0	0.0	4.0801E-43
102.46	0.0	0.0	4.15028E-43
102.48	0.0	0.0	4.19631E-43
102.5	0.0	0.0	4.22034E-43
102.52	0.0	0.0	4.22439E-43
102.54	0.0	0.0	4.21037E-43
102.56	0.0	0.0	4.18009E-43
102.58	0.0	0.0	4.13524E-43
102.6	0.0	0.0	4.07743E-43
102.62	0.0	0.0	4.00814E-43
102.64	0.0	0.0	3.92879E-43
102.66	0.0	0.0	3.84066E-43
102.68	0.0	0.0	3.74499E-43
102.7	0.0	0.0	3.64291E-43
102.72	0.0	0.0	3.53546E-43
102.74	0.0	0.0	3.42361E-43
102.76	0.0	0.0	3.30825E-43
102.78	0.0	0.0	3.19022E-43
102.8	0.0	0.0	3.07027E-43
102.82	0.0	0.0	2.94908E-43
102.84	0.0	0.0	2.82729E-43
102.86	0.0	0.0	2.70546E-43
102.88	0.0	0.0	2.58411E-43
102.9	0.0	0.0	2.46371E-43
102.92	0.0	0.0	2.34466E-43
102.94	0.0	0.0	2.22733E-43
102.96	0.0	0.0	2.11206E-43
102.98	0.0	0.0	1.99913E-43
103	0.0	0.0	1.88878E-43
103.02	0.0	0.0	1.78123E-43
103.04	0.0	0.0	1.67666E-43
103.06	0.0	0.0	1.57522E-43
103.08	0.0	0.0	1.47704E-43
103.1	0.0	0.0	1.3822E-43
103.12	0.0	0.0	1.29079E-43
103.14	0.0	0.0	1.20285E-43
103.16	0.0	0.0	1.11842E-43
103.18	0.0	0.0	1.03751E-43
103.2	0.0	0.0	9.60127E-44
103.22	0.0	0.0	8.86247E-44
103.24	0.0	0.0	8.15842E-44
103.26	0.0	0.0	7.4887E-44
103.28	0.0	0.0	6.8528E-44
103.3	0.0	0.0	6.25011E-44
103.32	0.0	0.0	5.67993E-44
103.34	0.0	0.0	5.14151E-44
103.36	0.0	0.0	4.63402E-44
103.38	0.0	0.0	4.15659E-44
103.4	0.0	0.0	3.70831E-44
103.42	0.0	0.0	3.28822E-44
103.44	0.0	0.0	2.89535E-44
103.46	0.0	0.0	2.5287E-44
103.48	0.0	0.0	2.18727E-44
103.5	0.0	0.0	1.87004E-44
103.52	0.0	0.0	1.57598E-44
103.54	0.0	0.0	1.30408E-44
103.56	0.0	0.0	1.05332E-44
103.58	0.0	0.0	8.22692E-45
103.6	0.0	0.0	6.11211E-45
103.62	0.0	0.0	4.17898E-45
103.64	0.0	0.0	2.41795E-45
103.66	0.0	0.0	8.19637E-46
103.68	0.0	0.0	-6.2511E-46
103.7	0.0	0.0	-1.9252E-45
103.72	0.0	0.0	-3.08928E-45
103.74	0.0	0.0	-4.12574E-45
103.76	0.0	0.0	-5.04268E-45
103.78	0.0	0.0	-5.84794E-45
103.8	0.0	0.0	-6.54903E-45
103.82	0.0	0.0	-7.15319E-45
103.84	0.0	0.0	-7.66738E-45
103.86	0.0	0.0	-8.09823E-45
103.88	0.0	0.0	-8.45209E-45
103.9	0.0	0.0	-8.73501E-45
103.92	0.0	0.0	-8.95277E-45
103.94	0.0	0.0	-9.11083E-45
103.96	0.0	0.0	-9.2144E-45
103.98	0.0	0.0	-9.26838E-45
104	0.0	0.0	-9.27742E-45
104.02	0.0	0.0	-9.24591E-45
104.04	0.0	0.0	-9.17798E-45
104.06	0.0	0.0	-9.07748E-45
104.08	0.0	0.0	-8.94808E-45
104.1	0.0	0.0	-8.79315E-45
104.12	0.0	0.0	-8.61588E-45
104.14	0.0	0.0	-8.41923E-45
104.16	0.0	0.0	-8.20595E-45
104.18	0.0	0.0	-7.97859E-45
104.2	0.0	0.0	-7.73952E-45
104.22	0.0	0.0	-7.49091E-45
104.24	0.0	0.0	-7.23476E-45
104.26	0.0	0.0	-6.97292E-45
104.28	0.0	0.0	-6.70708E-45
104.3	0.0	0.0	-6.43876E-45
104.32	0.0	0.0	-6.16937E-45
104.34	0.0	0.0	-5.90016E-45
104.36	0.0	0.0	-5.63228E-45
104.38	0.0	0.0	-5.36673E-45
104.4	0.0	0.0	-5.10444E-45
104.42	0.0	0.0	-4.8462E-45
104.44	0.0	0.0	-4.59272E-45
104.46	0.0	0.0	-4.34463E-45
104.48	0.0	0.0	-4.10245E-45
104.5	0.0	0.0	-3.86664E-45
104.52	0.0	0.0	-3.63759E-45
104.54	0.0	0.0	-3.41561E-45
104.56	0.0	0.0	-3.20096E-45
104.58	0.0	0.0	-2.99383E-45
104.6	0.0	0.0	-2.79437E-45
104.62	0.0	0.0	-2.60269E-45
104.64	0.0	0.0	-2.41883E-45
104.66	0.0	0.0	-2.24281E-45
104.68	0.0	0.0	-2.07462E-45
104.7	0.0	0.0	-1.91421E-45
104.72	0.0	0.0	-1.76148E-45
104.74	0.0	0.0	-1.61635E-45
104.76	0.0	0.0	-1.47867E-45
104.78	0.0	0.0	-1.34832E-45
104.8	0.0	0.0	-1.22511E-45
104.82	0.0	0.0	-1.10888E-45
104.84	0.0	0.0	-9.99438E-46
104.86	0.0	0.0	-8.96574E-46
104.88	0.0	0.0	-8.00084E-46
104.9	0.0	0.0	-7.0975E-46
104.92	0.0	0.0	-6.25351E-46
104.94	0.0	0.0	-5.46662E-46
104.96	0.0	0.0	-4.73455E-46
104.98	0.0	0.0	-4.05502E-46
105	0.0	0.0	-3.42575E-46
105.02	0.0	0.0	-2.84444E-46
105.04	0.0	0.0	-2.30886E-46
105.06	0.0	0.0	-1.81675E-46
105.08	0.0	0.0	-1.36594E-46
105.1	0.0	0.0	-9.54242E-47
105.12	0.0	0.0	-5.7956E-47
105.14	0.0	0.0	-2.39825E-47
105.16	0.0	0.0	6.69739E-48
105.18	0.0	0.0	3.42789E-47
105.2	0.0	0.0	5.89515E-47
105.22	0.0	0.0	8.08982E-47
105.24	0.0	0.0	1.00296E-46
105.26	0.0	0.0	1.17315E-46
105.28	0.0	0.0	1.32118E-46
105.3	0.0	0.0	1.44863E-46
105.32	0.0	0.0	1.557E-46
105.34	0.0	0.0	1.64772E-46
105.36	0.0	0.0	1.72216E-46
105.38	0.0	0.0	1.78163E-46
105.4	0.0	0.0	1.82737E-46
105.42	0.0	0.0	1.86054E-46
105.44	0.0	0.0	1.88227E-46
105.46	0.0	0.0	1.8936E-46
105.48	0.0	0.0	1.89552E-46
105.5	0.0	0.0	1.88897E-46
105.52	0.0	0.0	1.87483E-46
105.54	0.0	0.0	1.85392E-46
105.56	0.0	0.0	1.827E-46
105.58	0.0	0.0	1.79479E-46
105.6	0.0	0.0	1.75798E-46
105.62	0.0	0.0	1.71717E-46
105.64	0.0	0.0	1.67296E-46
105.66	0.0	0.0	1.62587E-46
105.68	0.0	0.0	1.5764E-46
105.7	0.0	0.0	1.525E-46
105.72	0.0	0.0	1.47209E-46
105.74	0.0	0.0	1.41806E-46
105.76	0.0	0.0	1.36326E-46
105.78	0.0	0.0	1.308E-46
105.8	0.0	0.0	1.25257E-46
105.82	0.0	0.0	1.19723E-46
105.84	0.0	0.0	1.14222E-46
105.86	0.0	0.0	1.08773E-46
105.88	0.0	0.0	1.03397E-46
105.9	0.0	0.0	9.81089E-47
105.92	0.0	0.0	9.29233E-47
105.94	0.0	0.0	8.78526E-47
105.96	0.0	0.0	8.29077E-47
105.98	0.0	0.0	7.80975E-47
106	0.0	0.0	7.34295E-47
106.02	0.0	0.0	6.89101E-47
106.04	0.0	0.0	6.4544E-47
106.06	0.0	0.0	6.03351E-47
106.08	0.0	0.0	5.62859E-47
106.1	0.0	0.0	5.23983E-47
106.12	0.0	0.0	4.8673E-47
106.14	0.0	0.0	4.511E-47
106.16	0.0	0.0	4.17087E-47
106.18	0.0	0.0	3.84677E-47
106.2	0.0	0.0	3.53851E-47
106.22	0.0	0.0	3.24585E-47
106.24	0.0	0.0	2.96851E-47
106.26	0.0	0.0	2.70615E-47
106.28	0.0	0.0	2.45844E-47
106.3	0.0	0.0	2.22496E-47
106.32	0.0	0.0	2.00533E-47
106.34	0.0	0.0	1.7991E-47
106.36	0.0	0.0	1.60584E-47
106.38	0.0	0.0	1.42508E-47
106.4	0.0	0.0	1.25636E-47
106.42	0.0	0.0	1.0992E-47
106.44	0.0	0.0	9.53134E-48
106.46	0.0	0.0	8.1768E-48
106.48	0.0	0.0	6.92362E-48
106.5	0.0	0.0	5.76709E-48
106.52	0.0	0.0	4.70253E-48
106.54	0.0	0.0	3.72532E-48
106.56	0.0	0.0	2.83095E-48
106.58	0.0	0.0	2.01497E-48
106.6	0.0	0.0	1.27305E-48
106.62	0.0	0.0	6.00963E-49
106.64	0.0	0.0	-5.39755E-51
106.66	0.0	0.0	-5.50013E-49
106.68	0.0	0.0	-1.03674E-48
106.7	0.0	0.0	-1.46929E-48
106.72	0.0	0.0	-1.85124E-48
106.74	0.0	0.0	-2.18606E-48
106.76	0.0	0.0	-2.47702E-48
106.78	0.0	0.0	-2.72731E-48
106.8	0.0	0.0	-2.93995E-48
106.82	0.0	0.0	-3.11781E-48
106.84	0.0	0.0	-3.26365E-48
106.86	0.0	0.0	-3.38007E-48
106.88	0.0	0.0	-3.46954E-48
106.9	0.0	0.0	-3.53443E-48
106.92	0.0	0.0	-3.57693E-48
106.94	0.0	0.0	-3.59914E-48
106.96	0.0	0.0	-3.60303E-48
106.98	0.0	0.0	-3.59044E-48
107	0.0	0.0	-3.56312E-48
107.02	0.0	0.0	-3.52268E-48
107.04	0.0	0.0	-3.47064E-48
107.06	0.0	0.0	-3.40842E-48
107.08	0.0	0.0	-3.33733E-48
107.1	0.0	0.0	-3.2586E-48
107.12	0.0	0.0	-3.17336E-48
107.14	0.0	0.0	-3.08265E-48
107.16	0.0	0.0	-2.98744E-48
107.18	0.0	0.0	-2.88861E-48
107.2	0.0	0.0	-2.78697E-48
107.22	0.0	0.0	-2.68327E-48
107.24	0.0	0.0	-2.57817E-48
107.26	0.0	0.0	-2.4723E-48
107.28	0.0	0.0	-2.3662E-48
107.3	0.0	0.0	-2.26038E-48
107.32	0.0	0.0	-2.15528E-48
107.34	0.0	0.0	-2.05129E-48
107.36	0.0	0.0	-1.94877E-48
107.38	0.0	0.0	-1.84802E-48
107.4	0.0	0.0	-1.74932E-48
107.42	0.0	0.0	-1.65291E-48
107.44	0.0	0.0	-1.55897E-48
107.46	0.0	0.0	-1.46768E-48
107.48	0.0	0.0	-1.37917E-48
107.5	0.0	0.0	-1.29356E-48
107.52	0.0	0.0	-1.21093E-48
107.54	0.0	0.0	-1.13136E-48
107.56	0.0	0.0	-1.05487E-48
107.58	0.0	0.0	-9.81513E-49
107.6	0.0	0.0	-9.11281E-49
107.62	0.0	0.0	-8.44174E-49
107.64	0.0	0.0	-7.80173E-49
107.66	0.0	0.0	-7.19247E-49
107.68	0.0	0.0	-6.61354E-49
107.7	0.0	0.0	-6.06443E-49
107.72	0.0	0.0	-5.54455E-49
107.74	0.0	0.0	-5.05324E-49
107.76	0.0	0.0	-4.58978E-49
107.78	0.0	0.0	-4.15339E-49
107.8	0.0	0.0	-3.74326E-49
107.82	0.0	0.0	-3.35852E-49
107.84	0.0	0.0	-2.99832E-49
107.86	0.0	0.0	-2.66174E-49
107.88	0.0	0.0	-2.34787E-49
107.9	0.0	0.0	-2.0558E-49
107.92	0.0	0.0	-1.78459E-49
107.94	0.0	0.0	-1.53332E-49
107.96	0.0	0.0	-1.30108E-49
107.98	0.0	0.0	-1.08695E-49
108	0.0	0.0	-8.90032E-50
108.02	0.0	0.0	-7.09444E-50
108.04	0.0	0.0	-5.44317E-50
108.06	0.0	0.0	-3.93805E-50
108.08	0.0	0.0	-2.5708E-50
108.1	0.0	0.0	-1.33339E-50
108.12	0.0	0.0	-2.18015E-51
108.14	0.0	0.0	7.82866E-51
108.16	0.0	0.0	1.67654E-50
108.18	0.0	0.0	2.47004E-50
108.2	0.0	0.0	3.17011E-50
108.22	0.0	0.0	3.78323E-50
108.24	0.0	0.0	4.31562E-50
108.26	0.0	0.0	4.77319E-50
108.28	0.0	0.0	5.16161E-50
108.3	0.0	0.0	5.48627E-50
108.32	0.0	0.0	5.7523E-50
108.34	0.0	0.0	5.96454E-50
108.36	0.0	0.0	6.12761E-50
108.38	0.0	0.0	6.24585E-50
108.4	0.0	0.0	6.32337E-50
108.42	0.0	0.0	6.36404E-50
108.44	0.0	0.0	6.37148E-50
108.46	0.0	0.0	6.34911E-50
108.48	0.0	0.0	6.30012E-50
108.5	0.0	0.0	6.22749E-50
108.52	0.0	0.0	6.134E-50
108.54	0.0	0.0	6.02225E-50
108.56	0.0	0.0	5.89463E-50
108.58	0.0	0.0	5.75338E-50
108.6	0.0	0.0	5.60056E-50
108.62	0.0	0.0	5.43806E-50
108.64	0.0	0.0	5.26763E-50
108.66	0.0	0.0	5.09087E-50
108.68	0.0	0.0	4.90925E-50
108.7	0.0	0.0	4.7241E-50
108.72	0.0	0.0	4.53663E-50
108.74	0.0	0.0	4.34795E-50
108.76	0.0	0.0	4.15904E-50
108.78	0.0	0.0	3.97078E-50
108.8	0.0	0.0	3.78398E-50
108.82	0.0	0.0	3.59933E-50
108.84	0.0	0.0	3.41745E-50
108.86	0.0	0.0	3.2389E-50
108.88	0.0	0.0	3.06413E-50
108.9	0.0	0.0	2.89357E-50
108.92	0.0	0.0	2.72754E-50
108.94	0.0	0.0	2.56634E-50
108.96	0.0	0.0	2.41021E-50
108.98	0.0	0.0	2.25933E-50
109	0.0	0.0	2.11384E-50
109.02	0.0	0.0	1.97386E-50
109.04	0.0	0.0	1.83945E-50
109.06	0.0	0.0	1.71064E-50
109.08	0.0	0.0	1.58745E-50
109.1	0.0	0.0	1.46985E-50
109.12	0.0	0.0	1.35779E-50
109.14	0.0	0.0	1.25122E-50
109.16	0.0	0.0	1.15006E-50
109.18	0.0	0.0	1.05419E-50
109.2	0.0	0.0	9.63515E-51
109.22	0.0	0.0	8.77902E-51
109.24	0.0	0.0	7.97219E-51
109.26	0.0	0.0	7.2132E-51
109.28	0.0	0.0	6.50055E-51
109.3	0.0	0.0	5.83267E-51
109.32	0.0	0.0	5.20795E-51
109.34	0.0	0.0	4.62476E-51
109.36	0.0	0.0	4.08143E-51
109.38	0.0	0.0	3.57631E-51
109.4	0.0	0.0	3.10771E-51
109.42	0.0	0.0	2.67397E-51
109.44	0.0	0.0	2.27344E-51
109.46	0.0	0.0	1.9045E-51
109.48	0.0	0.0	1.56553E-51
109.5	0.0	0.0	1.25495E-51
109.52	0.0	0.0	9.71228E-52
109.54	0.0	0.0	7.12853E-52
109.56	0.0	0.0	4.7836E-52
109.58	0.0	0.0	2.66327E-52
109.6	0.0	0.0	7.53787E-53
109.62	0.0	0.0	-9.58167E-53
109.64	0.0	0.0	-2.48541E-52
109.66	0.0	0.0	-3.84027E-52
109.68	0.0	0.0	-5.03458E-52
109.7	0.0	0.0	-6.07969E-52
109.72	0.0	0.0	-6.98643E-52
109.74	0.0	0.0	-7.76516E-52
109.76	0.0	0.0	-8.42571E-52
109.78	0.0	0.0	-8.97747E-52
109.8	0.0	0.0	-9.42931E-52
109.82	0.0	0.0	-9.78966E-52
109.84	0.0	0.0	-1.00665E-51
109.86	0.0	0.0	-1.02672E-51
109.88	0.0	0.0	-1.03991E-51
109.9	0.0	0.0	-1.04686E-51
109.92	0.0	0.0	-1.0482E-51
109.94	0.0	0.0	-1.04453E-51
109.96	0.0	0.0	-1.03637E-51
109.98	0.0	0.0	-1.02426E-51
110	0.0	0.0	-1.00865E-51
110.02	0.0	0.0	-9.89989E-52
110.04	0.0	0.0	-9.68688E-52
110.06	0.0	0.0	-9.45123E-52
110.08	0.0	0.0	-9.19644E-52
110.1	0.0	0.0	-8.9257E-52
110.12	0.0	0.0	-8.64196E-52
110.14	0.0	0.0	-8.34793E-52
110.16	0.0	0.0	-8.04605E-52
110.18	0.0	0.0	-7.73856E-52
110.2	0.0	0.0	-7.4275E-52
110.22	0.0	0.0	-7.11469E-52
110.24	0.0	0.0	-6.80178E-52
110.26	0.0	0.0	-6.49024E-52
110.28	0.0	0.0	-6.18137E-52
110.3	0.0	0.0	-5.87635E-52
110.32	0.0	0.0	-5.57618E-52
110.34	0.0	0.0	-5.28177E-52
110.36	0.0	0.0	-4.99386E-52
110.38	0.0	0.0	-4.71313E-52
110.4	0.0	0.0	-4.44013E-52
110.42	0.0	0.0	-4.17532E-52
110.44	0.0	0.0	-3.91906E-52
110.46	0.0	0.0	-3.67165E-52
110.48	0.0	0.0	-3.43332E-52
110.5	0.0	0.0	-3.20421E-52
110.52	0.0	0.0	-2.98442E-52
110.54	0.0	0.0	-2.774E-52
110.56	0.0	0.0	-2.57294E-52
110.58	0.0	0.0	-2.38118E-52
110.6	0.0	0.0	-2.19864E-52
110.62	0.0	0.0	-2.0252E-52
110.64	0.0	0.0	-1.8607E-52
110.66	0.0	0.0	-1.70497E-52
110.68	0.0	0.0	-1.55781E-52
110.7	0.0	0.0	-1.419E-52
110.72	0.0	0.0	-1.2883E-52
110.74	0.0	0.0	-1.16547E-52
110.76	0.0	0.0	-1.05024E-52
110.78	0.0	0.0	-9.42354E-53
110.8	0.0	0.0	-8.41534E-53
110.82	0.0	0.0	-7.47504E-53
110.84	0.0	0.0	-6.59983E-53
110.86	0.0	0.0	-5.78691E-53
110.88	0.0	0.0	-5.03347E-53
110.9	0.0	0.0	-4.33673E-53
110.92	0.0	0.0	-3.69394E-53
110.94	0.0	0.0	-3.10237E-53
110.96	0.0	0.0	-2.55936E-53
110.98	0.0	0.0	-2.06229E-53
111	0.0	0.0	-1.60861E-53
111.02	0.0	0.0	-1.19584E-53
111.04	0.0	0.0	-8.21557E-54
111.06	0.0	0.0	-4.83426E-54
111.08	0.0	0.0	-1.79185E-54
111.1	0.0	0.0	9.33452E-55
111.12	0.0	0.0	3.36261E-54
111.14	0.0	0.0	5.51577E-54
111.16	0.0	0.0	7.41222E-54
111.18	0.0	0.0	9.07042E-54
111.2	0.0	0.0	1.0508E-53
111.22	0.0	0.0	1.17417E-53
111.24	0.0	0.0	1.27875E-53
111.26	0.0	0.0	1.36605E-53
111.28	0.0	0.0	1.4375E-53
111.3	0.0	0.0	1.49448E-53
111.32	0.0	0.0	1.53824E-53
111.34	0.0	0.0	1.57E-53
111.36	0.0	0.0	1.5909E-53
111.38	0.0	0.0	1.60199E-53
111.4	0.0	0.0	1.60428E-53
111.42	0.0	0.0	1.5987E-53
111.44	0.0	0.0	1.58611E-53
111.46	0.0	0.0	1.56733E-53
111.48	0.0	0.0	1.54311E-53
111.5	0.0	0.0	1.51414E-53
111.52	0.0	0.0	1.48109E-53
111.54	0.0	0.0	1.44453E-53
111.56	0.0	0.0	1.40502E-53
111.58	0.0	0.0	1.36307E-53
111.6	0.0	0.0	1.31914E-53
111.62	0.0	0.0	1.27364E-53
111.64	0.0	0.0	1.22697E-53
111.66	0.0	0.0	1.17947E-53
111.68	0.0	0.0	1.13146E-53
111.7	0.0	0.0	1.08322E-53
111.72	0.0	0.0	1.035E-53
111.74	0.0	0.0	9.87041E-54
111.76	0.0	0.0	9.39533E-54
111.78	0.0	0.0	8.92658E-54
111.8	0.0	0.0	8.4657E-54
111.82	0.0	0.0	8.01406E-54
111.84	0.0	0.0	7.57281E-54
111.86	0.0	0.0	7.14295E-54
111.88	0.0	0.0	6.7253E-54
111.9	0.0	0.0	6.32055E-54
111.92	0.0	0.0	5.92924E-54
111.94	0.0	0.0	5.55179E-54
111.96	0.0	0.0	5.18852E-54
111.98	0.0	0.0	4.83964E-54
112	0.0	0.0	4.50526E-54
112.02	0.0	0.0	4.18542E-54
112.04	0.0	0.0	3.88009E-54
112.06	0.0	0.0	3.58917E-54
112.08	0.0	0.0	3.31248E-54
112.1	0.0	0.0	3.04984E-54
112.12	0.0	0.0	2.80097E-54
112.14	0.0	0.0	2.56558E-54
112.16	0.0	0.0	2.34335E-54
112.18	0.0	0.0	2.13392E-54
112.2	0.0	0.0	1.93692E-54
112.22	0.0	0.0	1.75194E-54
112.24	0.0	0.0	1.57858E-54
112.26	0.0	0.0	1.41642E-54
112.28	0.0	0.0	1.26501E-54
112.3	0.0	0.0	1.12394E-54
112.32	0.0	0.0	9.92748E-55
112.34	0.0	0.0	8.71007E-55
112.36	0.0	0.0	7.58278E-55
112.38	0.0	0.0	6.54128E-55
112.4	0.0	0.0	5.58129E-55
112.42	0.0	0.0	4.69861E-55
112.44	0.0	0.0	3.88911E-55
112.46	0.0	0.0	3.14877E-55
112.48	0.0	0.0	2.47366E-55
112.5	0.0	0.0	1.85997E-55
112.52	0.0	0.0	1.304E-55
112.54	0.0	0.0	8.02159E-56
112.56	0.0	0.0	3.51012E-56
112.58	0.0	0.0	-5.27679E-57
112.6	0.0	0.0	-4.1237E-56
112.62	0.0	0.0	-7.30854E-56
112.64	0.0	0.0	-1.01114E-55
112.66	0.0	0.0	-1.25603E-55
112.68	0.0	0.0	-1.46818E-55
112.7	0.0	0.0	-1.65012E-55
112.72	0.0	0.0	-1.80425E-55
112.74	0.0	0.0	-1.93284E-55
112.76	0.0	0.0	-2.03807E-55
112.78	0.0	0.0	-2.12194E-55
112.8	0.0	0.0	-2.18638E-55
112.82	0.0	0.0	-2.2332E-55
112.84	0.0	0.0	-2.26407E-55
112.86	0.0	0.0	-2.2806E-55
112.88	0.0	0.0	-2.28425E-55
112.9	0.0	0.0	-2.27641E-55
112.92	0.0	0.0	-2.25837E-55
112.94	0.0	0.0	-2.23133E-55
112.96	0.0	0.0	-2.1964E-55
112.98	0.0	0.0	-2.15461E-55
113	0.0	0.0	-2.10691E-55
113.02	0.0	0.0	-2.05417E-55
113.04	0.0	0.0	-1.99721E-55
113.06	0.0	0.0	-1.93676E-55
113.08	0.0	0.0	-1.87348E-55
113.1	0.0	0.0	-1.80801E-55
113.12	0.0	0.0	-1.74089E-55
113.14	0.0	0.0	-1.67264E-55
113.16	0.0	0.0	-1.6037E-55
113.18	0.0	0.0	-1.53449E-55
113.2	0.0	0.0	-1.46538E-55
113.22	0.0	0.0	-1.39669E-55
113.24	0.0	0.0	-1.32871E-55
113.26	0.0	0.0	-1.26169E-55
113.28	0.0	0.0	-1.19586E-55
113.3	0.0	0.0	-1.1314E-55
113.32	0.0	0.0	-1.06849E-55
113.34	0.0	0.0	-1.00725E-55
113.36	0.0	0.0	-9.47805E-56
113.38	0.0	0.0	-8.90248E-56
113.4	0.0	0.0	-8.34654E-56
113.42	0.0	0.0	-7.81078E-56
113.44	0.0	0.0	-7.29561E-56
113.46	0.0	0.0	-6.8013E-56
113.48	0.0	0.0	-6.32798E-56
113.5	0.0	0.0	-5.87566E-56
113.52	0.0	0.0	-5.44425E-56
113.54	0.0	0.0	-5.03358E-56
113.56	0.0	0.0	-4.64337E-56
113.58	0.0	0.0	-4.27329E-56
113.6	0.0	0.0	-3.92295E-56
113.62	0.0	0.0	-3.5919E-56
113.64	0.0	0.0	-3.27964E-56
113.66	0.0	0.0	-2.98563E-56
113.68	0.0	0.0	-2.70933E-56
113.7	0.0	0.0	-2.45013E-56
113.72	0.0	0.0	-2.20744E-56
113.74	0.0	0.0	-1.98062E-56
113.76	0.0	0.0	-1.76905E-56
113.78	0.0	0.0	-1.5721E-56
113.8	0.0	0.0	-1.38911E-56
113.82	0.0	0.0	-1.21946E-56
113.84	0.0	0.0	-1.0625E-56
113.86	0.0	0.0	-9.17627E-57
113.88	0.0	0.0	-7.8421E-57
113.9	0.0	0.0	-6.61647E-57
113.92	0.0	0.0	-5.49347E-57
113.94	0.0	0.0	-4.46732E-57
113.96	0.0	0.0	-3.53241E-57
113.98	0.0	0.0	-2.6833E-57
114	0.0	0.0	-1.91471E-57
114.02	0.0	0.0	-1.22157E-57
114.04	0.0	0.0	-5.98958E-58
114.06	0.0	0.0	-4.21836E-59
114.08	0.0	0.0	4.53269E-58
114.1	0.0	0.0	8.9172E-58
114.12	0.0	0.0	1.27729E-57
114.14	0.0	0.0	1.61392E-57
114.16	0.0	0.0	1.90534E-57
114.18	0.0	0.0	2.15509E-57
114.2	0.0	0.0	2.36656E-57
114.22	0.0	0.0	2.54292E-57
114.24	0.0	0.0	2.68717E-57
114.26	0.0	0.0	2.80216E-57
114.28	0.0	0.0	2.89054E-57
114.3	0.0	0.0	2.95481E-57
114.32	0.0	0.0	2.99733E-57
114.34	0.0	0.0	3.02029E-57
114.36	0.0	0.0	3.02573E-57
114.38	0.0	0.0	3.01557E-57
114.4	0.0	0.0	2.99159E-57
114.42	0.0	0.0	2.95542E-57
114.44	0.0	0.0	2.90861E-57
114.46	0.0	0.0	2.85255E-57
114.48	0.0	0.0	2.78855E-57
114.5	0.0	0.0	2.71781E-57
114.52	0.0	0.0	2.64143E-57
114.54	0.0	0.0	2.5604E-57
114.56	0.0	0.0	2.47565E-57
114.58	0.0	0.0	2.38801E-57
114.6	0.0	0.0	2.29823E-57
114.62	0.0	0.0	2.20699E-57
114.64	0.0	0.0	2.11492E-57
114.66	0.0	0.0	2.02256E-57
114.68	0.0	0.0	1.9304E-57
114.7	0.0	0.0	1.83889E-57
114.72	0.0	0.0	1.74839E-57
114.74	0.0	0.0	1.65925E-57
114.76	0.0	0.0	1.57177E-57
114.78	0.0	0.0	1.48619E-57
114.8	0.0	0.0	1.40272E-57
114.82	0.0	0.0	1.32156E-57
114.84	0.0	0.0	1.24285E-57
114.86	0.0	0.0	1.1667E-57
114.88	0.0	0.0	1.09321E-57
114.9	0.0	0.0	1.02246E-57
114.92	0.0	0.0	9.54485E-58
114.94	0.0	0.0	8.89324E-58
114.96	0.0	0.0	8.26985E-58
114.98	0.0	0.0	7.67468E-58
115	0.0	0.0	7.10753E-58
115.02	0.0	0.0	6.56814E-58
115.04	0.0	0.0	6.05609E-58
115.06	0.0	0.0	5.57091E-58
115.08	0.0	0.0	5.11202E-58
115.1	0.0	0.0	4.67879E-58
115.12	0.0	0.0	4.27053E-58
115.14	0.0	0.0	3.88649E-58
115.16	0.0	0.0	3.5259E-58
115.18	0.0	0.0	3.18795E-58
115.2	0.0	0.0	2.8718E-58
115.22	0.0	0.0	2.5766E-58
115.24	0.0	0.0	2.3015E-58
115.26	0.0	0.0	2.04563E-58
115.28	0.0	0.0	1.80812E-58
115.3	0.0	0.0	1.58812E-58
115.32	0.0	0.0	1.38478E-58
115.34	0.0	0.0	1.19724E-58
115.36	0.0	0.0	1.0247E-58
115.38	0.0	0.0	8.6633E-59
115.4	0.0	0.0	7.21352E-59
115.42	0.0	0.0	5.88994E-59
115.44	0.0	0.0	4.68509E-59
115.46	0.0	0.0	3.59176E-59
115.48	0.0	0.0	2.60296E-59
115.5	0.0	0.0	1.71197E-59
115.52	0.0	0.0	9.12309E-60
115.54	0.0	0.0	1.97791E-60
115.56	0.0	0.0	-4.37527E-60
115.58	0.0	0.0	-9.99317E-60
115.6	0.0	0.0	-1.49299E-59
115.62	0.0	0.0	-1.92368E-59
115.64	0.0	0.0	-2.29629E-59
115.66	0.0	0.0	-2.61544E-59
115.68	0.0	0.0	-2.88552E-59
115.7	0.0	0.0	-3.11068E-59
115.72	0.0	0.0	-3.2948E-59
115.74	0.0	0.0	-3.44158E-59
115.76	0.0	0.0	-3.55445E-59
115.78	0.0	0.0	-3.63666E-59
115.8	0.0	0.0	-3.69122E-59
115.82	0.0	0.0	-3.72097E-59
115.84	0.0	0.0	-3.72855E-59
115.86	0.0	0.0	-3.7164E-59
115.88	0.0	0.0	-3.68681E-59
115.9	0.0	0.0	-3.64188E-59
115.92	0.0	0.0	-3.58356E-59
115.94	0.0	0.0	-3.51366E-59
115.96	0.0	0.0	-3.43383E-59
115.98	0.0	0.0	-3.34559E-59
116	0.0	0.0	-3.25033E-59
116.02	0.0	0.0	-3.14933E-59
116.04	0.0	0.0	-3.04374E-59
116.06	0.0	0.0	-2.93462E-59
116.08	0.0	0.0	-2.82291E-59
116.1	0.0	0.0	-2.70948E-59
116.12	0.0	0.0	-2.59509E-59
116.14	0.0	0.0	-2.48043E-59
116.16	0.0	0.0	-2.36611E-59
116.18	0.0	0.0	-2.25268E-59
116.2	0.0	0.0	-2.14061E-59
116.22	0.0	0.0	-2.03031E-59
116.24	0.0	0.0	-1.92215E-59
116.26	0.0	0.0	-1.81644E-59
116.28	0.0	0.0	-1.71343E-59
116.3	0.0	0.0	-1.61335E-59
116.32	0.0	0.0	-1.51638E-59
116.34	0.0	0.0	-1.42264E-59
116.36	0.0	0.0	-1.33227E-59
116.38	0.0	0.0	-1.24534E-59
116.4	0.0	0.0	-1.16189E-59
116.42	0.0	0.0	-1.08197E-59
116.44	0.0	0.0	-1.00558E-59
116.46	0.0	0.0	-9.32715E-60
116.48	0.0	0.0	-8.63344E-60
116.5	0.0	0.0	-7.97425E-60
116.52	0.0	0.0	-7.34906E-60
116.54	0.0	0.0	-6.75721E-60
116.56	0.0	0.0	-6.19794E-60
116.58	0.0	0.0	-5.67042E-60
116.6	0.0	0.0	-5.17376E-60
116.62	0.0	0.0	-4.70699E-60
116.64	0.0	0.0	-4.26912E-60
116.66	0.0	0.0	-3.8591E-60
116.68	0.0	0.0	-3.47588E-60
116.7	0.0	0.0	-3.11839E-60
116.72	0.0	0.0	-2.78553E-60
116.74	0.0	0.0	-2.47622E-60
116.76	0.0	0.0	-2.18937E-60
116.78	0.0	0.0	-1.92389E-60
116.8	0.0	0.0	-1.67874E-60
116.82	0.0	0.0	-1.45284E-60
116.84	0.0	0.0	-1.24519E-60
116.86	0.0	0.0	-1.05477E-60
116.88	0.0	0.0	-8.80594E-61
116.9	0.0	0.0	-7.21721E-61
116.92	0.0	0.0	-5.77225E-61
116.94	0.0	0.0	-4.46214E-61
116.96	0.0	0.0	-3.27828E-61
116.98	0.0	0.0	-2.21241E-61
117	0.0	0.0	-1.25658E-61
117.02	0.0	0.0	-4.03197E-62
117.04	0.0	0.0	3.55004E-62
117.06	0.0	0.0	1.02495E-61
117.08	0.0	0.0	1.61324E-61
117.1	0.0	0.0	2.12614E-61
117.12	0.0	0.0	2.56958E-61
117.14	0.0	0.0	2.9492E-61
117.16	0.0	0.0	3.2703E-61
117.18	0.0	0.0	3.5379E-61
117.2	0.0	0.0	3.7567E-61
117.22	0.0	0.0	3.93115E-61
117.24	0.0	0.0	4.06539E-61
117.26	0.0	0.0	4.16332E-61
117.28	0.0	0.0	4.22857E-61
117.3	0.0	0.0	4.26452E-61
117.32	0.0	0.0	4.27435E-61
117.34	0.0	0.0	4.26096E-61
117.36	0.0	0.0	4.22708E-61
117.38	0.0	0.0	4.17523E-61
117.4	0.0	0.0	4.10772E-61
117.42	0.0	0.0	4.02669E-61
117.44	0.0	0.0	3.93409E-61
117.46	0.0	0.0	3.83174E-61
117.48	0.0	0.0	3.72126E-61
117.5	0.0	0.0	3.60417E-61
117.52	0.0	0.0	3.48182E-61
117.54	0.0	0.0	3.35544E-61
117.56	0.0	0.0	3.22616E-61
117.58	0.0	0.0	3.09496E-61
117.6	0.0	0.0	2.96276E-61
117.62	0.0	0.0	2.83034E-61
117.64	0.0	0.0	2.69842E-61
117.66	0.0	0.0	2.56763E-61
117.68	0.0	0.0	2.43852E-61
117.7	0.0	0.0	2.31155E-61
117.72	0.0	0.0	2.18715E-61
117.74	0.0	0.0	2.06567E-61
117.76	0.0	0.0	1.94739E-61
117.78	0.0	0.0	1.83258E-61
117.8	0.0	0.0	1.72142E-61
117.82	0.0	0.0	1.61408E-61
117.84	0.0	0.0	1.51068E-61
117.86	0.0	0.0	1.41129E-61
117.88	0.0	0.0	1.31599E-61
117.9	0.0	0.0	1.22479E-61
117.92	0.0	0.0	1.13769E-61
117.94	0.0	0.0	1.05469E-61
117.96	0.0	0.0	9.75738E-62
117.98	0.0	0.0	9.00785E-62
118	0.0	0.0	8.2976E-62
118.02	0.0	0.0	7.62584E-62
118.04	0.0	0.0	6.99163E-62
118.06	0.0	0.0	6.39397E-62
118.08	0.0	0.0	5.83177E-62
118.1	0.0	0.0	5.30388E-62
118.12	0.0	0.0	4.80912E-62
118.14	0.0	0.0	4.34625E-62
118.16	0.0	0.0	3.91403E-62
118.18	0.0	0.0	3.51117E-62
118.2	0.0	0.0	3.13642E-62
118.22	0.0	0.0	2.78849E-62
118.24	0.0	0.0	2.4661E-62
118.26	0.0	0.0	2.16801E-62
118.28	0.0	0.0	1.89298E-62
118.3	0.0	0.0	1.63978E-62
118.32	0.0	0.0	1.40722E-62
118.34	0.0	0.0	1.19415E-62
118.36	0.0	0.0	9.99436E-63
118.38	0.0	0.0	8.21974E-63
118.4	0.0	0.0	6.60708E-63
118.42	0.0	0.0	5.14615E-63
118.44	0.0	0.0	3.82709E-63
118.46	0.0	0.0	2.64046E-63
118.48	0.0	0.0	1.5772E-63
118.5	0.0	0.0	6.28637E-64
118.52	0.0	0.0	-2.1349E-64
118.54	0.0	0.0	-9.57052E-64
118.56	0.0	0.0	-1.60953E-63
118.58	0.0	0.0	-2.17802E-63
118.6	0.0	0.0	-2.66923E-63
118.62	0.0	0.0	-3.08953E-63
118.64	0.0	0.0	-3.44489E-63
118.66	0.0	0.0	-3.74095E-63
118.68	0.0	0.0	-3.98302E-63
118.7	0.0	0.0	-4.17606E-63
118.72	0.0	0.0	-4.32474E-63
118.74	0.0	0.0	-4.43339E-63
118.76	0.0	0.0	-4.50608E-63
118.78	0.0	0.0	-4.5466E-63
118.8	0.0	0.0	-4.55844E-63
118.82	0.0	0.0	-4.54487E-63
118.84	0.0	0.0	-4.50889E-63
118.86	0.0	0.0	-4.45331E-63
118.88	0.0	0.0	-4.38067E-63
118.9	0.0	0.0	-4.29334E-63
118.92	0.0	0.0	-4.19348E-63
118.94	0.0	0.0	-4.08308E-63
118.96	0.0	0.0	-3.96392E-63
118.98	0.0	0.0	-3.83767E-63
119	0.0	0.0	-3.7058E-63
119.02	0.0	0.0	-3.56967E-63
119.04	0.0	0.0	-3.43049E-63
119.06	0.0	0.0	-3.28935E-63
119.08	0.0	0.0	-3.14721E-63
119.1	0.0	0.0	-3.00496E-63
119.12	0.0	0.0	-2.86335E-63
119.14	0.0	0.0	-2.72305E-63
119.16	0.0	0.0	-2.58467E-63
119.18	0.0	0.0	-2.4487E-63
119.2	0.0	0.0	-2.31558E-63
119.22	0.0	0.0	-2.1857E-63
119.24	0.0	0.0	-2.05936E-63
119.26	0.0	0.0	-1.93681E-63
119.28	0.0	0.0	-1.81828E-63
119.3	0.0	0.0	-1.70391E-63
119.32	0.0	0.0	-1.59383E-63
119.34	0.0	0.0	-1.48812E-63
119.36	0.0	0.0	-1.38684E-63
119.38	0.0	0.0	-1.29001E-63
119.4	0.0	0.0	-1.19762E-63
119.42	0.0	0.0	-1.10965E-63
119.44	0.0	0.0	-1.02605E-63
119.46	0.0	0.0	-9.4675E-64
119.48	0.0	0.0	-8.71676E-64
119.5	0.0	0.0	-8.00732E-64
119.52	0.0	0.0	-7.33814E-64
119.54	0.0	0.0	-6.70809E-64
119.56	0.0	0.0	-6.11595E-64
119.58	0.0	0.0	-5.56045E-64
119.6	0.0	0.0	-5.04027E-64
119.62	0.0	0.0	-4.55406E-64
119.64	0.0	0.0	-4.10045E-64
119.66	0.0	0.0	-3.67803E-64
119.68	0.0	0.0	-3.28543E-64
119.7	0.0	0.0	-2.92124E-64
119.72	0.0	0.0	-2.5841E-64
119.74	0.0	0.0	-2.27264E-64
119.76	0.0	0.0	-1.98552E-64
119.78	0.0	0.0	-1.72142E-64
119.8	0.0	0.0	-1.47907E-64
119.82	0.0	0.0	-1.25722E-64
119.84	0.0	0.0	-1.05464E-64
119.86	0.0	0.0	-8.70176E-65
119.88	0.0	0.0	-7.02687E-65
119.9	0.0	0.0	-5.51081E-65
119.92	0.0	0.0	-4.1431E-65
119.94	0.0	0.0	-2.91369E-65
119.96	0.0	0.0	-1.81295E-65
119.98	0.0	0.0	-8.31706E-66
120	0.0	0.0	3.87899E-67