6000			
0.02	-0.000092421	-0.000154938	0
0.04	-0.000100532	-0.000153386	0
0.06	-0.000108701	-0.000151459	0
0.08	-0.000116913	-0.000149148	0
0.1	-0.000125153	-0.000146446	0
0.12	-0.000133403	-0.000143345	0
0.14	-0.000141647	-0.00013984	0
0.16	-0.000149866	-0.000135923	0
0.18	-0.000158043	-0.00013159	0
0.2	-0.000166158	-0.000126837	0
0.22	-0.000174193	-0.000121659	0
0.24	-0.000182127	-0.000116053	0
0.26	-0.00018994	-0.000110018	0
0.28	-0.000197613	-0.000103552	0
0.3	-0.000205123	-9.66541E-05	0
0.32	-0.00021245	-8.93257E-05	0
0.34	-0.000219573	-8.15678E-05	0
0.36	-0.000226468	-7.33829E-05	0
0.38	-0.000233115	-6.47742E-05	0
0.4	-0.000239491	-5.57463E-05	0
0.42	-0.000245574	-4.63045E-05	0
0.44	-0.000251341	-3.64553E-05	0
0.46	-0.00025677	-2.62063E-05	0
0.48	-0.000261838	-1.55663E-05	0
0.5	-0.000266522	-4.54488E-06	0
0.52	-0.000270801	6.84687E-06	0
0.54	-0.000274652	1.85969E-05	0
0.56	-0.000278053	0.000030692	0
0.58	-0.000280982	4.31178E-05	0
0.6	-0.000283418	5.58587E-05	0
0.62	-0.00028534	0.000068898	0
0.64	-0.000286726	8.22177E-05	0
0.66	-0.000287557	9.57988E-05	0
0.68	-0.000287813	0.000109621	0
0.7	-0.000287474	0.000123663	0
0.72	-0.000286523	0.000137902	0
0.74	-0.000284941	0.000152314	0
0.76	-0.000282713	0.000166875	0
0.78	-0.00027982	0.000181558	0
0.8	-0.000276249	0.000196337	0
0.82	-0.000271984	0.000211183	0
0.84	-0.000267014	0.000226067	0
0.86	-0.000261325	0.00024096	0
0.88	-0.000254906	0.000255829	0
0.9	-0.000247748	0.000270643	0
0.92	-0.000239842	0.000285368	0
0.94	-0.000231181	0.000299972	0
0.96	-0.000221759	0.000314418	0
0.98	-0.000211572	0.000328672	0
1	-0.000200616	0.000342698	0
1.02	-0.00018889	0.000356459	0
1.04	-0.000176395	0.000369917	0
1.06	-0.000163132	0.000383034	0
1.08	-0.000149105	0.000395772	0
1.1	-0.000134318	0.000408092	0
1.12	-0.00011878	0.000419955	0
1.14	-0.000102499	0.000431321	0
1.16	-8.54848E-05	0.000442152	0
1.18	-6.77511E-05	0.000452406	0
1.2	-4.93121E-05	0.000462044	0
1.22	-3.01842E-05	0.000471027	0
1.24	-0.000010386	0.000479315	0
1.26	1.00622E-05	0.000486868	0
1.28	3.11378E-05	0.000493648	0
1.3	5.28164E-05	0.000499616	0
1.32	7.50713E-05	0.000504734	0
1.34	9.78741E-05	0.000508964	0
1.36	0.000121194	0.000512271	0
1.38	0.000144998	0.000514616	0
1.4	0.000169252	0.000515967	0
1.42	0.000193919	0.000516288	0
1.44	0.00021896	0.000515547	0
1.46	0.000244334	0.000513712	0
1.48	0.000269998	0.000510754	0
1.5	0.000295908	0.000506642	0
1.52	0.000322018	0.000501349	0
1.54	0.000348277	0.000494851	0
1.56	0.000374637	0.000487122	0
1.58	0.000401046	0.000478141	0
1.6	0.000427448	0.000467888	0
1.62	0.00045379	0.000456345	0
1.64	0.000480013	0.000443496	0
1.66	0.00050606	0.000429326	0
1.68	0.000531871	0.000413826	0
1.7	0.000557383	0.000396986	0
1.72	0.000582535	0.0003788	0
1.74	0.000607262	0.000359265	0
1.76	0.000631501	0.000338379	0
1.78	0.000655185	0.000316144	0
1.8	0.000678247	0.000292566	0
1.82	0.000700621	0.000267653	0
1.84	0.000722239	0.000241415	0
1.86	0.000743031	0.000213867	0
1.88	0.00076293	0.000185025	0
1.9	0.000781866	0.00015491	0
1.92	0.00079977	0.000123547	0
1.94	0.000816574	9.09622E-05	0
1.96	0.000832208	5.71862E-05	0
1.98	0.000846605	2.22532E-05	0
2	0.000859696	-1.37994E-05	0
2.02	0.000871415	-5.09305E-05	0
2.04	0.000881694	-8.90956E-05	0
2.06	0.000890469	-0.000128247	0
2.08	0.000897676	-0.000168332	0
2.1	0.000903252	-0.000209297	0
2.12	0.000907136	-0.000251082	0
2.14	0.000909268	-0.000293626	0
2.16	0.000909591	-0.000336863	0
2.18	0.000908049	-0.000380724	0
2.2	0.000904589	-0.000425137	0
2.22	0.000899161	-0.000470025	0
2.24	0.000891716	-0.000515311	0
2.26	0.000882208	-0.000560911	0
2.28	0.000870595	-0.00060674	0
2.3	0.000856839	-0.00065271	0
2.32	0.000840902	-0.00069873	0
2.34	0.000822753	-0.000744706	0
2.36	0.000802362	-0.00079054	0
2.38	0.000779705	-0.000836133	0
2.4	0.000754761	-0.000881384	0
2.42	0.000727513	-0.000926188	0
2.44	0.000697949	-0.000970438	0
2.46	0.00066606	-0.001014026	0
2.48	0.000631844	-0.001056843	0
2.5	0.000595301	-0.001098775	0
2.52	0.000556438	-0.00113971	0
2.54	0.000515267	-0.001179533	0
2.56	0.000471805	-0.001218128	0
2.58	0.000426072	-0.00125538	0
2.6	0.000378097	-0.001291169	0
2.62	0.000327912	-0.00132538	0
2.64	0.000275556	-0.001357894	0
2.66	0.000221072	-0.001388593	0
2.68	0.000164511	-0.001417361	0
2.7	0.000105929	-0.00144408	0
2.72	4.53853E-05	-0.001468635	0
2.74	-1.70508E-05	-0.00149091	0
2.76	-8.13065E-05	-0.001510793	0
2.78	-0.000147303	-0.001528171	0
2.8	-0.000214954	-0.001542936	0
2.82	-0.000284169	-0.001554979	0
2.84	-0.00035485	-0.001564195	0
2.86	-0.000426896	-0.001570483	0
2.88	-0.000500196	-0.001573743	0
2.9	-0.000574636	-0.00157388	0
2.92	-0.000650096	-0.001570802	0
2.94	-0.000726449	-0.001564421	0
2.96	-0.000803565	-0.001554654	0
2.98	-0.000881305	-0.001541422	0
3	-0.000959529	-0.001524652	0
3.02	-0.001038088	-0.001504274	0
3.04	-0.00111683	-0.001480225	0
3.06	-0.001195597	-0.001452449	0
3.08	-0.001274229	-0.001420894	0
3.1	-0.001352559	-0.001385516	0
3.12	-0.001430417	-0.001346275	0
3.14	-0.001507628	-0.001303143	0
3.16	-0.001584015	-0.001256093	0
3.18	-0.001659396	-0.00120511	0
3.2	-0.001733587	-0.001150186	0
3.22	-0.0018064	-0.001091319	0
3.24	-0.001877646	-0.001028517	0
3.26	-0.001947133	-0.000961796	0
3.28	-0.002014667	-0.00089118	0
3.3	-0.002080053	-0.000816702	0
3.32	-0.002143094	-0.000738405	0
3.34	-0.002203594	-0.00065634	0
3.36	-0.002261354	-0.000570567	0
3.38	-0.002316178	-0.000481157	0
3.4	-0.002367868	-0.00038819	0
3.42	-0.002416229	-0.000291754	0
3.44	-0.002461066	-0.000191949	0
3.46	-0.002502186	-8.88834E-05	0
3.48	-0.002539399	1.73237E-05	0
3.5	-0.002572515	0.000126544	0
3.52	-0.002601352	0.000238639	0
3.54	-0.002625727	0.00035346	0
3.56	-0.002645464	0.000470848	0
3.58	-0.00266039	0.000590637	0
3.6	-0.002670338	0.000712648	0
3.62	-0.002675147	0.000836693	0
3.64	-0.002674661	0.000962577	0
3.66	-0.002668731	0.001090091	0
3.68	-0.002657215	0.001219023	0
3.7	-0.00263998	0.001349145	0
3.72	-0.002616898	0.001480227	0
3.74	-0.002587853	0.001612025	0
3.76	-0.002552736	0.001744291	0
3.78	-0.002511448	0.001876765	0
3.8	-0.0024639	0.002009183	0
3.82	-0.002410014	0.002141272	0
3.84	-0.002349722	0.002272751	0
3.86	-0.002282968	0.002403336	0
3.88	-0.002209707	0.002532732	0
3.9	-0.002129908	0.002660643	0
3.92	-0.002043551	0.002786764	0
3.94	-0.001950629	0.002910789	0
3.96	-0.00185115	0.003032404	0
3.98	-0.001745133	0.003151293	0
4	-0.001632615	0.003267138	0
4.02	-0.001513643	0.003379617	0
4.04	-0.001388282	0.003488406	0
4.06	-0.001256611	0.003593182	0
4.08	-0.001118723	0.003693617	0
4.1	-0.000974728	0.003789388	0
4.12	-0.000824751	0.003880168	0
4.14	-0.000668933	0.003965635	0
4.16	-0.00050743	0.004045467	0
4.18	-0.000340415	0.004119345	0
4.2	-0.000168077	0.004186955	0
4.22	9.3785E-06	0.004247987	0
4.24	0.000191731	0.004302133	0
4.26	0.000378743	0.004349095	0
4.28	0.00057016	0.004388579	0
4.3	0.000765715	0.0044203	0
4.32	0.000965121	0.00444398	0
4.34	0.001168077	0.00445935	0
4.36	0.001374267	0.004466152	0
4.38	0.001583359	0.004464137	0
4.4	0.001795007	0.00445307	0
4.42	0.002008849	0.004432724	0
4.44	0.002224509	0.00440289	0
4.46	0.002441598	0.004363369	0
4.48	0.002659712	0.004313978	0
4.5	0.002878437	0.004254549	0
4.52	0.003097342	0.004184931	0
4.54	0.003315988	0.004104989	0
4.56	0.003533923	0.004014606	0
4.58	0.003750684	0.003913684	0
4.6	0.003965799	0.003802141	0
4.62	0.004178786	0.003679919	0
4.64	0.004389155	0.003546977	0
4.66	0.004596407	0.003403296	0
4.68	0.004800037	0.003248879	0
4.7	0.004999534	0.003083752	0
4.72	0.005194382	0.00290796	0
4.74	0.00538406	0.002721576	0
4.76	0.005568045	0.002524693	0
4.78	0.00574581	0.00231743	0
4.8	0.005916827	0.002099928	0
4.82	0.00608057	0.001872357	0
4.84	0.006236512	0.001634908	0
4.86	0.006384128	0.0013878	0
4.88	0.006522896	0.001131276	0
4.9	0.0066523	0.000865605	0
4.92	0.006771827	0.000591083	0
4.94	0.006880974	0.00030803	0
4.96	0.006979243	1.67947E-05	0
4.98	0.007066146	-0.000282251	0
5	0.007141205	-0.000588707	0
5.02	0.007203956	-0.000902151	0
5.04	0.007253946	-0.001222131	0
5.06	0.007290735	-0.001548172	0
5.08	0.007313901	-0.001879775	0
5.1	0.007323039	-0.002216415	0
5.12	0.007317759	-0.002557543	0
5.14	0.007297693	-0.002902587	0
5.16	0.007262493	-0.003250952	0
5.18	0.007211832	-0.00360202	0
5.2	0.007145407	-0.003955153	0
5.22	0.00706294	-0.004309691	0
5.24	0.006964177	-0.004664953	0
5.26	0.006848891	-0.00502024	0
5.28	0.006716883	-0.005374836	0
5.3	0.006567984	-0.005728005	0
5.32	0.006402054	-0.006078997	0
5.34	0.006218985	-0.006427046	0
5.36	0.0060187	-0.006771373	0
5.38	0.005801156	-0.007111186	0
5.4	0.005566343	-0.007445681	0
5.42	0.005314289	-0.007774045	0
5.44	0.005045054	-0.008095458	0
5.46	0.004758737	-0.008409089	0
5.48	0.004455474	-0.008714107	0
5.5	0.004135438	-0.009009671	0
5.52	0.003798843	-0.009294944	0
5.54	0.003445939	-0.009569083	0
5.56	0.003077018	-0.00983125	0
5.58	0.002692413	-0.010080608	0
5.6	0.002292493	-0.010316326	0
5.62	0.001877673	-0.010537578	0
5.64	0.001448405	-0.010743548	0
5.66	0.001005184	-0.010933429	0
5.68	0.000548545	-0.011106427	0
5.7	7.90645E-05	-0.011261762	0
5.72	-0.00040264	-0.01139867	0
5.74	-0.000895911	-0.011516406	0
5.76	-0.001400052	-0.011614243	0
5.78	-0.001914324	-0.011691479	0
5.8	-0.00243795	-0.011747434	0
5.82	-0.002970115	-0.011781455	0
5.84	-0.003509966	-0.011792916	0
5.86	-0.004056613	-0.011781224	0
5.88	-0.004609128	-0.011745813	0
5.9	-0.005166549	-0.011686157	0
5.92	-0.005727881	-0.011601761	0
5.94	-0.006292094	-0.011492172	0
5.96	-0.006858127	-0.011356973	0
5.98	-0.007424891	-0.011195791	0
6	-0.007991264	-0.011008295	0
6.02	-0.0085561	-0.010794201	0
6.04	-0.009118227	-0.010553271	0
6.06	-0.009676448	-0.010285314	0
6.08	-0.010229545	-0.009990192	0
6.1	-0.010776281	-0.009667815	0
6.12	-0.011315399	-0.009318151	0
6.14	-0.011845629	-0.008941217	0
6.16	-0.012365684	-0.008537089	0
6.18	-0.01287427	-0.008105901	0
6.2	-0.013370079	-0.007647842	0
6.22	-0.013851803	-0.007163163	0
6.24	-0.014318124	-0.006652172	0
6.26	-0.014767726	-0.006115241	0
6.28	-0.015199294	-0.005552803	0
6.3	-0.015611518	-0.004965352	0
6.32	-0.016003093	-0.004353445	0
6.34	-0.016372725	-0.003717704	0
6.36	-0.016719133	-0.003058813	0
6.38	-0.01704105	-0.002377519	0
6.4	-0.017337229	-0.001674635	0
6.42	-0.017606444	-0.000951035	0
6.44	-0.017847494	-0.000207658	0
6.46	-0.018059206	0.000554495	0
6.48	-0.018240436	0.00133436	0
6.5	-0.018390076	0.002130812	0
6.52	-0.018507053	0.002942665	0
6.54	-0.018590335	0.003768672	0
6.56	-0.018638933	0.004607529	0
6.58	-0.018651904	0.005457872	0
6.6	-0.018628354	0.006318284	0
6.62	-0.018567442	0.007187289	0
6.64	-0.01846838	0.008063362	0
6.66	-0.018330441	0.008944926	0
6.68	-0.018152956	0.009830353	0
6.7	-0.017935321	0.01071797	0
6.72	-0.017677	0.011606058	0
6.74	-0.017377525	0.012492857	0
6.76	-0.017036497	0.013376567	0
6.78	-0.016653597	0.01425535	0
6.8	-0.016228578	0.015127335	0
6.82	-0.015761274	0.015990619	0
6.84	-0.0152516	0.016843274	0
6.86	-0.014699554	0.017683343	0
6.88	-0.014105221	0.01850885	0
6.9	-0.013468772	0.019317802	0
6.92	-0.012790465	0.020108191	0
6.94	-0.012070653	0.020877998	0
6.96	-0.011309777	0.0216252	0
6.98	-0.010508372	0.022347768	0
7	-0.009667069	0.023043677	0
7.02	-0.008786593	0.023710908	0
7.04	-0.007867765	0.02434745	0
7.06	-0.006911502	0.024951309	0
7.08	-0.005918819	0.025520507	0
7.1	-0.004890829	0.026053092	0
7.12	-0.003828739	0.026547136	0
7.14	-0.002733856	0.027000747	0
7.16	-0.001607583	0.027412068	0
7.18	-0.000451418	0.027779284	0
7.2	0.000733045	0.028100626	0
7.22	0.001944118	0.028374376	0
7.24	0.00318002	0.02859887	0
7.26	0.004438879	0.028772507	0
7.28	0.005718733	0.02889375	0
7.3	0.007017532	0.028961128	0
7.32	0.00833314	0.02897325	0
7.34	0.009663338	0.028928799	0
7.36	0.011005826	0.028826542	0
7.38	0.012358227	0.028665334	0
7.4	0.013718088	0.028444124	0
7.42	0.015082884	0.028161952	0
7.44	0.016450023	0.027817963	0
7.46	0.017816847	0.027411404	0
7.48	0.019180639	0.026941629	0
7.5	0.020538625	0.026408108	0
7.52	0.021887978	0.025810423	0
7.54	0.023225824	0.025148275	0
7.56	0.024549246	0.02442149	0
7.58	0.02585529	0.023630018	0
7.6	0.027140968	0.022773937	0
7.62	0.028403265	0.021853457	0
7.64	0.029639144	0.020868922	0
7.66	0.030845552	0.019820811	0
7.68	0.032019424	0.018709743	0
7.7	0.033157694	0.017536476	0
7.72	0.034257292	0.016301909	0
7.74	0.035315161	0.015007087	0
7.76	0.036328256	0.013653196	0
7.78	0.037293553	0.012241568	0
7.8	0.038208053	0.010773682	0
7.82	0.039068795	0.009251163	0
7.84	0.039872856	0.007675779	0
7.86	0.04061736	0.006049446	0
7.88	0.041299488	0.004374226	0
7.9	0.041916481	0.002652323	0
7.92	0.042465646	0.000886084	0
7.94	0.042944369	-0.000922001	0
7.96	0.043350115	-0.002769305	0
7.98	0.04368044	-0.004653062	0
8	0.043932996	-0.006570373	0
8.02	0.044105537	-0.008518204	0
8.04	0.044195928	-0.010493396	0
8.06	0.044202148	-0.012492664	0
8.08	0.044122301	-0.0145126	0
8.1	0.043954622	-0.016549682	0
8.12	0.043697479	-0.018600273	0
8.14	0.043349385	-0.02066063	0
8.16	0.042909	-0.022726906	0
8.18	0.042375139	-0.024795161	0
8.2	0.041746777	-0.026861358	0
8.22	0.041023055	-0.028921381	0
8.24	0.040203286	-0.030971031	0
8.26	0.039286959	-0.03300604	0
8.28	0.038273743	-0.035022075	0
8.3	0.037163495	-0.037014744	0
8.32	0.03595626	-0.038979608	0
8.34	0.034652279	-0.040912184	0
8.36	0.033251991	-0.042807956	0
8.38	0.031756034	-0.044662383	0
8.4	0.030165254	-0.046470907	0
8.42	0.028480702	-0.048228961	0
8.44	0.026703639	-0.049931981	0
8.46	0.024835537	-0.051575412	0
8.48	0.022878084	-0.053154719	0
8.5	0.020833178	-0.054665396	0
8.52	0.018702937	-0.056102977	0
8.54	0.016489689	-0.057463044	0
8.56	0.014195983	-0.058741237	0
8.58	0.01182458	-0.059933267	0
8.6	0.009378456	-0.061034922	0
8.62	0.006860798	-0.062042078	0
8.64	0.004275006	-0.062950714	0
8.66	0.001624687	-0.063756915	0
8.68	-0.001086346	-0.064456886	0
8.7	-0.003854077	-0.065046964	0
8.72	-0.006674293	-0.065523624	0
8.74	-0.009542584	-0.065883492	0
8.76	-0.012454353	-0.066123353	0
8.78	-0.015404818	-0.066240162	0
8.8	-0.018389018	-0.066231055	0
8.82	-0.021401819	-0.066093355	0
8.84	-0.024437923	-0.065824585	0
8.86	-0.02749187	-0.065422474	0
8.88	-0.030558054	-0.06488497	0
8.9	-0.033630721	-0.064210244	0
8.92	-0.036703985	-0.063396701	0
8.94	-0.039771835	-0.062442989	0
8.96	-0.042828143	-0.061348003	0
8.98	-0.045866675	-0.060110898	0
9	-0.048881102	-0.058731091	0
9.02	-0.051865009	-0.057208271	0
9.04	-0.054811907	-0.055542401	0
9.06	-0.057715245	-0.053733731	0
9.08	-0.060568421	-0.051782796	0
9.1	-0.063364795	-0.049690425	0
9.12	-0.066097699	-0.047457746	0
9.14	-0.068760455	-0.045086185	0
9.16	-0.071346381	-0.042577476	0
9.18	-0.073848813	-0.03993366	0
9.2	-0.076261108	-0.037157086	0
9.22	-0.07857667	-0.034250417	0
9.24	-0.080788954	-0.031216626	0
9.26	-0.082891484	-0.028059002	0
9.28	-0.084877869	-0.024781145	0
9.3	-0.086741816	-0.021386967	0
9.32	-0.088477142	-0.017880692	0
9.34	-0.090077796	-0.014266851	0
9.36	-0.091537863	-0.010550283	0
9.38	-0.09285159	-0.006736127	0
9.4	-0.094013393	-0.002829823	0
9.42	-0.095017872	0.001162898	0
9.44	-0.095859831	0.005236017	0
9.46	-0.096534289	0.009383231	0
9.48	-0.097036491	0.013597964	0
9.5	-0.097361929	0.017873372	0
9.52	-0.097506351	0.022202351	0
9.54	-0.097465776	0.026577551	0
9.56	-0.097236507	0.030991375	0
9.58	-0.096815148	0.035436002	0
9.6	-0.096198609	0.039903389	0
9.62	-0.095384126	0.044385286	0
9.64	-0.094369269	0.048873247	0
9.66	-0.093151954	0.053358646	0
9.68	-0.091730454	0.057832687	0
9.7	-0.090103412	0.06228642	0
9.72	-0.088269848	0.066710755	0
9.74	-0.08622917	0.071096478	0
9.76	-0.083981182	0.075434267	0
9.78	-0.081526093	0.079714708	0
9.8	-0.078864525	0.083928312	0
9.82	-0.075997519	0.088065532	0
9.84	-0.072926542	0.092116784	0
9.86	-0.069653492	0.096072459	0
9.88	-0.066180701	0.099922948	0
9.9	-0.062510945	0.103658659	0
9.92	-0.058647439	0.107270033	0
9.94	-0.054593844	0.110747571	0
9.96	-0.050354268	0.114081847	0
9.98	-0.045933268	0.117263531	0
10	-0.041335845	0.120283413	0
10.02	-0.036567448	0.123132416	0
10.04	-0.031633967	0.125801623	0
10.06	-0.026541736	0.128282297	0
10.08	-0.021297521	0.130565898	0
10.1	-0.015908523	0.132644109	0
10.12	-0.010382368	0.134508852	0
10.14	-0.004727098	0.136152315	0
10.16	0.001048831	0.137566966	0
10.18	0.006936563	0.138745576	0
10.2	0.01292685	0.139681241	0
10.22	0.019010062	0.140367401	0
10.24	0.025176202	0.140797857	0
10.26	0.031414915	0.140966793	0
10.28	0.037715501	0.140868798	0
10.3	0.044066936	0.140498875	0
10.32	0.050457882	0.13985247	0
10.34	0.056876704	0.138925482	0
10.36	0.063311489	0.137714283	0
10.38	0.069750066	0.136215731	0
10.4	0.076180021	0.134427191	0
10.42	0.08258872	0.132346546	0
10.44	0.08896333	0.129972211	0
10.46	0.095290837	0.127303147	0
10.48	0.101558076	0.124338875	0
10.5	0.107751745	0.121079484	0
10.52	0.113858436	0.117525646	0
10.54	0.119864657	0.113678621	0
10.56	0.125756856	0.109540268	0
10.58	0.13152145	0.105113055	0
10.6	0.137144847	0.10040006	0
10.62	0.142613476	0.09540498	0
10.64	0.147913815	0.090132137	0
10.66	0.153032415	0.084586475	0
10.68	0.157955932	0.078773569	0
10.7	0.162671153	0.072699619	0
10.72	0.167165025	0.066371456	0
10.74	0.171424685	0.059796533	0
10.76	0.175437488	0.05298293	0
10.78	0.179191035	0.045939341	0
10.8	0.182673206	0.038675074	0
10.82	0.185872185	0.031200044	0
10.84	0.18877649	0.023524761	0
10.86	0.191375005	0.015660321	0
10.88	0.193657004	0.007618399	0
10.9	0.195612183	-0.00058877	0
10.92	0.197230687	-0.008948399	0
10.94	0.198503137	-0.017447168	0
10.96	0.199420658	-0.026071239	0
10.98	0.199974907	-0.034806276	0
11	0.200158096	-0.043637459	0
11.02	0.199963022	-0.052549512	0
11.04	0.199383087	-0.061526718	0
11.06	0.198412327	-0.070552946	0
11.08	0.197045429	-0.079611676	0
11.1	0.195277762	-0.088686021	0
11.12	0.19310539	-0.097758757	0
11.14	0.190525098	-0.106812349	0
11.16	0.187534408	-0.115828983	0
11.18	0.1841316	-0.12479059	0
11.2	0.180315726	-0.133678885	0
11.22	0.176086628	-0.142475393	0
11.24	0.171444953	-0.151161488	0
11.26	0.166392164	-0.159718418	0
11.28	0.160930552	-0.168127352	0
11.3	0.155063249	-0.176369403	0
11.32	0.148794233	-0.184425676	0
11.34	0.142128338	-0.192277296	0
11.36	0.135071259	-0.19990545	0
11.38	0.127629554	-0.207291426	0
11.4	0.11981065	-0.21441665	0
11.42	0.111622842	-0.221262724	0
11.44	0.103075291	-0.227811468	0
11.46	0.094178022	-0.234044959	0
11.48	0.08494192	-0.23994557	0
11.5	0.075378724	-0.24549601	0
11.52	0.065501015	-0.250679366	0
11.54	0.055322213	-0.255479139	0
11.56	0.044856559	-0.259879289	0
11.58	0.034119105	-0.263864272	0
11.6	0.023125695	-0.267419076	0
11.62	0.01189295	-0.270529266	0
11.64	0.000438251	-0.273181021	0
11.66	-0.011220286	-0.275361167	0
11.68	-0.023063834	-0.277057221	0
11.7	-0.035072875	-0.278257422	0
11.72	-0.047227227	-0.278950771	0
11.74	-0.059506078	-0.279127063	0
11.76	-0.07188801	-0.278776923	0
11.78	-0.084351033	-0.277891835	0
11.8	-0.096872619	-0.27646418	0
11.82	-0.109429736	-0.274487259	0
11.84	-0.121998885	-0.271955327	0
11.86	-0.13455614	-0.268863619	0
11.88	-0.147077185	-0.265208378	0
11.9	-0.159537355	-0.260986875	0
11.92	-0.171911684	-0.256197437	0
11.94	-0.184174942	-0.250839465	0
11.96	-0.196301684	-0.244913457	0
11.98	-0.208266295	-0.23842102	0
12	-0.220043039	-0.23136489	0
12.02	-0.231606108	-0.223748946	0
12.04	-0.242929667	-0.215578219	0
12.06	-0.25398791	-0.206858904	0
12.08	-0.264755108	-0.197598364	0
12.1	-0.275205662	-0.187805141	0
12.12	-0.285314155	-0.177488952	0
12.14	-0.295055405	-0.166660695	0
12.16	-0.30440452	-0.155332446	0
12.18	-0.313336949	-0.143517453	0
12.2	-0.321828537	-0.131230131	0
12.22	-0.32985558	-0.118486054	0
12.24	-0.33739488	-0.105301943	0
12.26	-0.344423794	-0.091695651	0
12.28	-0.350920295	-0.077686148	0
12.3	-0.356863018	-0.063293502	0
12.32	-0.362231319	-0.048538859	0
12.34	-0.367005324	-0.033444415	0
12.36	-0.371165981	-0.018033397	0
12.38	-0.374695113	-0.002330025	0
12.4	-0.377575465	0.013640509	0
12.42	-0.379790756	0.029852083	0
12.44	-0.381325724	0.046277677	0
12.46	-0.382166174	0.06288941	0
12.48	-0.382299026	0.079658586	0
12.5	-0.381712353	0.09655573	0
12.52	-0.380395427	0.113550639	0
12.54	-0.37833876	0.130612426	0
12.56	-0.375534141	0.147709571	0
12.58	-0.371974673	0.164809972	0
12.6	-0.367654808	0.181880999	0
12.62	-0.362570381	0.198889549	0
12.64	-0.356718636	0.215802103	0
12.66	-0.350098261	0.232584784	0
12.68	-0.342709408	0.249203421	0
12.7	-0.334553719	0.265623609	0
12.72	-0.325634344	0.281810771	0
12.74	-0.315955964	0.297730227	0
12.76	-0.305524801	0.313347256	0
12.78	-0.294348632	0.328627167	0
12.8	-0.282436799	0.343535365	0
12.82	-0.269800217	0.358037422	0
12.84	-0.256451375	0.372099143	0
12.86	-0.242404338	0.385686645	0
12.88	-0.227674742	0.398766417	0
12.9	-0.212279793	0.411305403	0
12.92	-0.196238253	0.423271064	0
12.94	-0.179570431	0.434631455	0
12.96	-0.162298166	0.445355298	0
12.98	-0.144444809	0.45541205	0
13	-0.126035199	0.464771974	0
13.02	-0.107095642	0.473406215	0
13.04	-0.087653879	0.481286863	0
13.06	-0.067739053	0.48838703	0
13.08	-0.047381679	0.494680909	0
13.1	-0.026613599	0.500143852	0
13.12	-0.005467945	0.504752427	0
13.14	0.016020906	0.508484488	0
13.16	0.037817382	0.511319236	0
13.18	0.059884767	0.513237281	0
13.2	0.082185254	0.514220701	0
13.22	0.104680001	0.514253099	0
13.24	0.127329194	0.513319662	0
13.26	0.150092108	0.51140721	0
13.28	0.172927173	0.508504246	0
13.3	0.195792041	0.50460101	0
13.32	0.21864366	0.499689518	0
13.34	0.241438344	0.49376361	0
13.36	0.26413185	0.486818984	0
13.38	0.286679457	0.478853238	0
13.4	0.309036043	0.4698659	0
13.42	0.331156172	0.459858459	0
13.44	0.352994172	0.448834393	0
13.46	0.374504226	0.436799188	0
13.48	0.395640453	0.423760364	0
13.5	0.416357005	0.409727484	0
13.52	0.436608148	0.394712171	0
13.54	0.456348359	0.378728114	0
13.56	0.475532415	0.36179107	0
13.58	0.494115487	0.343918869	0
13.6	0.512053233	0.325131407	0
13.62	0.529301891	0.305450636	0
13.64	0.545818373	0.284900557	0
13.66	0.561560359	0.263507199	0
13.68	0.576486393	0.241298599	0
13.7	0.590555972	0.218304778	0
13.72	0.603729642	0.194557712	0
13.74	0.615969091	0.170091297	0
13.76	0.627237238	0.144941311	0
13.78	0.637498324	0.119145373	0
13.8	0.646718002	0.092742898	0
13.82	0.654863423	0.065775042	0
13.84	0.661903321	0.038284652	0
13.86	0.667808102	0.010316202	0
13.88	0.672549918	-0.018084262	0
13.9	0.676102753	-0.0468692	0
13.92	0.678442497	-0.075989637	0
13.94	0.67954702	-0.105395249	0
13.96	0.679396246	-0.135034431	0
13.98	0.677972219	-0.164854388	0
14	0.67525917	-0.194801213	0
14.02	0.671243577	-0.224819983	0
14.04	0.665914227	-0.254854845	0
14.06	0.659262267	-0.284849116	0
14.08	0.651281257	-0.314745379	0
14.1	0.641967214	-0.344485585	0
14.12	0.63131866	-0.374011156	0
14.14	0.619336655	-0.403263093	0
14.16	0.606024832	-0.432182083	0
14.18	0.59138943	-0.460708612	0
14.2	0.575439311	-0.488783076	0
14.22	0.558185988	-0.516345894	0
14.24	0.539643635	-0.543337629	0
14.26	0.519829096	-0.569699101	0
14.28	0.498761894	-0.595371508	0
14.3	0.476464226	-0.620296544	0
14.32	0.452960959	-0.644416519	0
14.34	0.428279617	-0.667674483	0
14.36	0.40245037	-0.690014341	0
14.38	0.375506004	-0.71138098	0
14.4	0.3474819	-0.731720383	0
14.42	0.318415997	-0.750979756	0
14.44	0.288348757	-0.769107641	0
14.46	0.257323117	-0.786054039	0
14.48	0.225384443	-0.801770523	0
14.5	0.192580476	-0.816210356	0
14.52	0.158961266	-0.829328607	0
14.54	0.124579114	-0.841082255	0
14.56	0.089488495	-0.851430308	0
14.58	0.053745985	-0.860333903	0
14.6	0.017410181	-0.867756412	0
14.62	-0.019458391	-0.873663546	0
14.64	-0.056797361	-0.87802345	0
14.66	-0.094542613	-0.880806799	0
14.68	-0.132628389	-0.881986888	0
14.7	-0.170987389	-0.881539719	0
14.72	-0.209550886	-0.879444085	0
14.74	-0.248248837	-0.875681646	0
14.76	-0.287010001	-0.870237006	0
14.78	-0.325762062	-0.86309778	0
14.8	-0.364431757	-0.854254658	0
14.82	-0.402945002	-0.843701464	0
14.84	-0.441227024	-0.831435209	0
14.86	-0.479202502	-0.817456141	0
14.88	-0.5167957	-0.801767785	0
14.9	-0.55393061	-0.784376981	0
14.92	-0.590531097	-0.765293911	0
14.94	-0.626521045	-0.744532127	0
14.96	-0.661824501	-0.722108567	0
14.98	-0.696365828	-0.698043567	0
15	-0.730069854	-0.672360865	0
15.02	-0.762862021	-0.6450876	0
15.04	-0.794668545	-0.616254303	0
15.06	-0.825416558	-0.585894883	0
15.08	-0.855034271	-0.554046606	0
15.1	-0.88345112	-0.52075006	0
15.12	-0.91059792	-0.486049128	0
15.14	-0.936407018	-0.449990939	0
15.16	-0.960812443	-0.412625822	0
15.18	-0.983750054	-0.374007249	0
15.2	-1.005157687	-0.334191768	0
15.22	-1.024975304	-0.293238938	0
15.24	-1.043145131	-0.25121125	0
15.26	-1.059611803	-0.208174044	0
15.28	-1.074322497	-0.164195417	0
15.3	-1.087227071	-0.119346128	0
15.32	-1.098278192	-0.073699494	0
15.34	-1.107431461	-0.027331281	0
15.36	-1.114645541	0.019680413	0
15.38	-1.119882271	0.067255276	0
15.4	-1.123106779	0.115310915	0
15.42	-1.124287593	0.163762983	0
15.44	-1.123396744	0.212525325	0
15.46	-1.120409862	0.261510112	0
15.48	-1.115306268	0.310628002	0
15.5	-1.108069059	0.359788283	0
15.52	-1.098685191	0.408899036	0
15.54	-1.087145546	0.457867299	0
15.56	-1.073445002	0.50659923	0
15.58	-1.057582492	0.555000281	0
15.6	-1.039561052	0.602975369	0
15.62	-1.01938787	0.650429053	0
15.64	-0.997074319	0.697265716	0
15.66	-0.972635987	0.743389747	0
15.68	-0.946092701	0.788705723	0
15.7	-0.917468536	0.833118597	0
15.72	-0.886791821	0.876533887	0
15.74	-0.854095138	0.918857865	0
15.76	-0.819415307	0.959997743	0
15.78	-0.782793368	0.999861868	0
15.8	-0.744274551	1.038359911	0
15.82	-0.703908243	1.075403055	0
15.84	-0.661747936	1.110904186	0
15.86	-0.617851176	1.144778083	0
15.88	-0.572279503	1.1769416	0
15.9	-0.525098373	1.207313854	0
15.92	-0.476377085	1.235816409	0
15.94	-0.426188689	1.262373454	0
15.96	-0.37460989	1.286911978	0
15.98	-0.321720944	1.309361948	0
16	-0.267605543	1.329656476	0
16.02	-0.212350697	1.347731987	0
16.04	-0.156046603	1.363528375	0
16.06	-0.098786508	1.376989166	0
16.08	-0.040666568	1.388061663	0
16.1	0.01821431	1.396697097	0
16.12	0.077754617	1.402850761	0
16.14	0.137850417	1.406482144	0
16.16	0.198395513	1.407555063	0
16.18	0.259281629	1.406037773	0
16.2	0.32039859	1.401903087	0
16.22	0.381634519	1.395128477	0
16.24	0.442876027	1.385696169	0
16.26	0.504008417	1.373593234	0
16.28	0.56491589	1.35881167	0
16.3	0.625481752	1.341348466	0
16.32	0.685588633	1.321205671	0
16.34	0.745118703	1.298390444	0
16.36	0.803953893	1.272915099	0
16.38	0.861976119	1.244797138	0
16.4	0.919067512	1.214059276	0
16.42	0.975110644	1.180729456	0
16.44	1.029988759	1.144840854	0
16.46	1.083586007	1.106431872	0
16.48	1.135787674	1.065546121	0
16.5	1.186480417	1.0222324	0
16.52	1.235552499	0.976544653	0
16.54	1.282894016	0.928541927	0
16.56	1.328397133	0.878288313	0
16.58	1.371956312	0.825852876	0
16.6	1.413468541	0.77130958	0
16.62	1.452833559	0.714737198	0
16.64	1.489954076	0.656219213	0
16.66	1.524735999	0.595843707	0
16.68	1.55708864	0.533703245	0
16.7	1.586924931	0.469894744	0
16.72	1.61416163	0.404519334	0
16.74	1.63871952	0.337682207	0
16.76	1.660523607	0.269492462	0
16.78	1.679503308	0.200062935	0
16.8	1.695592632	0.129510026	0
16.82	1.708730361	0.057953505	0
16.84	1.71886021	-0.014483672	0
16.86	1.725930996	-0.087675571	0
16.88	1.729896782	-0.16149349	0
16.9	1.730717028	-0.235806175	0
16.92	1.728356721	-0.310480046	0
16.94	1.722786502	-0.385379431	0
16.96	1.713982779	-0.460366798	0
16.98	1.701927836	-0.535303007	0
17	1.686609928	-0.610047557	0
17.02	1.668023363	-0.68445884	0
17.04	1.646168575	-0.758394403	0
17.06	1.621052192	-0.831711211	0
17.08	1.592687083	-0.904265919	0
17.1	1.561092395	-0.975915138	0
17.12	1.526293589	-1.046515715	0
17.14	1.488322447	-1.115925007	0
17.16	1.44721708	-1.184001158	0
17.18	1.403021921	-1.250603385	0
17.2	1.3557877	-1.315592251	0
17.22	1.305571411	-1.378829953	0
17.24	1.252436272	-1.440180599	0
17.26	1.196451657	-1.499510486	0
17.28	1.137693034	-1.556688384	0
17.3	1.076241876	-1.611585806	0
17.32	1.012185565	-1.664077286	0
17.34	0.945617287	-1.714040648	0
17.36	0.876635909	-1.761357271	0
17.38	0.805345846	-1.805912357	0
17.4	0.731856917	-1.847595181	0
17.42	0.656284185	-1.88629935	0
17.44	0.578747792	-1.921923046	0
17.46	0.499372777	-1.954369268	0
17.48	0.418288885	-1.983546061	0
17.5	0.335630364	-2.009366747	0
17.52	0.251535752	-2.031750137	0
17.54	0.166147654	-2.050620745	0
17.56	0.079612507	-2.065908983	0
17.58	-0.007919662	-2.077551353	0
17.6	-0.096295487	-2.085490629	0
17.62	-0.18535853	-2.089676025	0
17.64	-0.274949543	-2.090063353	0
17.66	-0.364906754	-2.086615174	0
17.68	-0.455066146	-2.079300931	0
17.7	-0.545261753	-2.068097072	0
17.72	-0.635325959	-2.052987166	0
17.74	-0.7250898	-2.033961998	0
17.76	-0.81438328	-2.011019655	0
17.78	-0.90303568	-1.984165602	0
17.8	-0.990875883	-1.953412735	0
17.82	-1.077732696	-1.918781429	0
17.84	-1.163435173	-1.88029957	0
17.86	-1.247812951	-1.838002569	0
17.88	-1.330696576	-1.791933365	0
17.9	-1.411917837	-1.742142414	0
17.92	-1.491310099	-1.688687659	0
17.94	-1.568708637	-1.631634491	0
17.96	-1.643950965	-1.571055689	0
17.98	-1.716877174	-1.507031352	0
18	-1.787330252	-1.439648811	0
18.02	-1.855156418	-1.369002529	0
18.04	-1.920205441	-1.29519398	0
18.06	-1.982330962	-1.218331527	0
18.08	-2.041390805	-1.13853027	0
18.1	-2.09724729	-1.055911891	0
18.12	-2.149767533	-0.970604477	0
18.14	-2.198823747	-0.882742336	0
18.16	-2.244293526	-0.792465792	0
18.18	-2.286060131	-0.699920976	0
18.2	-2.324012761	-0.605259591	0
18.22	-2.358046819	-0.508638678	0
18.24	-2.388064164	-0.410220361	0
18.26	-2.413973356	-0.31017158	0
18.28	-2.435689891	-0.208663817	0
18.3	-2.45313642	-0.105872806	0
18.32	-2.46624296	-0.001978238	0
18.34	-2.474947094	0.102836553	0
18.36	-2.479194151	0.208384902	0
18.38	-2.478937381	0.314477146	0
18.4	-2.474138111	0.420920957	0
18.42	-2.464765887	0.527521689	0
18.44	-2.450798606	0.634082727	0
18.46	-2.432222623	0.740405847	0
18.48	-2.409032855	0.846291578	0
18.5	-2.381232861	0.951539576	0
18.52	-2.348834908	1.055948997	0
18.54	-2.311860019	1.159318874	0
18.56	-2.27033801	1.261448504	0
18.58	-2.224307506	1.362137828	0
18.6	-2.173815938	1.46118782	0
18.62	-2.118919527	1.558400876	0
18.64	-2.059683252	1.653581203	0
18.66	-1.996180797	1.746535204	0
18.68	-1.928494479	1.837071871	0
18.7	-1.856715168	1.925003162	0
18.72	-1.780942178	2.010144394	0
18.74	-1.70128315	2.092314613	0
18.76	-1.617853914	2.171336977	0
18.78	-1.530778333	2.247039121	0
18.8	-1.440188134	2.319253524	0
18.82	-1.34622272	2.387817868	0
18.84	-1.249028962	2.452575386	0
18.86	-1.148760985	2.513375209	0
18.88	-1.045579929	2.570072699	0
18.9	-0.939653696	2.622529774	0
18.92	-0.831156687	2.670615221	0
18.94	-0.720269519	2.714205005	0
18.96	-0.607178731	2.753182558	0
18.98	-0.492076475	2.78743906	0
19	-0.375160192	2.816873709	0
19.02	-0.25663228	2.841393973	0
19.04	-0.136699746	2.860915832	0
19.06	-0.015573844	2.875364004	0
19.08	0.106530287	2.884672155	0
19.1	0.229394011	2.888783094	0
19.12	0.352795579	2.887648952	0
19.14	0.476510529	2.881231347	0
19.16	0.600312095	2.869501525	0
19.18	0.723971615	2.85244049	0
19.2	0.847258961	2.830039115	0
19.22	0.969942958	2.802298232	0
19.24	1.09179182	2.769228705	0
19.26	1.212573586	2.730851486	0
19.28	1.33205656	2.68719765	0
19.3	1.450009755	2.638308408	0
19.32	1.566203334	2.58423511	0
19.34	1.680409061	2.525039215	0
19.36	1.792400745	2.460792254	0
19.38	1.901954683	2.391575763	0
19.4	2.008850107	2.317481206	0
19.42	2.112869624	2.23860987	0
19.44	2.213799653	2.155072742	0
19.46	2.311430861	2.066990372	0
19.48	2.405558591	1.97449271	0
19.5	2.495983284	1.877718928	0
19.52	2.582510894	1.776817217	0
19.54	2.664953299	1.671944577	0
19.56	2.7431287	1.563266572	0
19.58	2.81686201	1.450957083	0
19.6	2.885985235	1.335198031	0
19.62	2.950337841	1.216179092	0
19.64	3.009767118	1.094097386	0
19.66	3.064128516	0.969157158	0
19.68	3.113285984	0.841569436	0
19.7	3.157112281	0.711551679	0
19.72	3.195489283	0.579327408	0
19.74	3.228308268	0.445125819	0
19.76	3.255470189	0.309181394	0
19.78	3.276885925	0.171733481	0
19.8	3.29247652	0.033025883	0
19.82	3.3021734	-0.106693585	0
19.84	3.305918576	-0.247173531	0
19.86	3.30366482	-0.388159448	0
19.88	3.295375833	-0.529394171	0
19.9	3.281026382	-0.670618348	0
19.92	3.260602423	-0.811570922	0
19.94	3.234101203	-0.951989612	0
19.96	3.201531335	-1.091611406	0
19.98	3.16291286	-1.230173052	0
20	3.118277283	-1.367411561	0
20.02	3.067667587	-1.503064703	0
20.04	3.011138224	-1.636871516	0
20.06	2.94875509	-1.768572805	0
20.08	2.880595467	-1.897911645	0
20.1	2.806747957	-2.024633887	0
20.12	2.727312377	-2.148488658	0
20.14	2.642399648	-2.269228854	0
20.16	2.552131651	-2.386611636	0
20.18	2.456641065	-2.500398918	0
20.2	2.356071182	-2.610357847	0
20.22	2.250575704	-2.716261279	0
20.24	2.140318514	-2.817888246	0
20.26	2.025473427	-2.915024409	0
20.28	1.906223923	-3.007462515	0
20.3	1.782762857	-3.095002824	0
20.32	1.655292153	-3.177453538	0
20.34	1.524022471	-3.254631215	0
20.36	1.389172866	-3.326361166	0
20.38	1.250970417	-3.392477837	0
20.4	1.10964985	-3.452825182	0
20.42	0.965453134	-3.507257013	0
20.44	0.81862907	-3.555637337	0
20.46	0.669432853	-3.597840674	0
20.48	0.518125631	-3.633752359	0
20.5	0.364974044	-3.663268819	0
20.52	0.210249747	-3.686297838	0
20.54	0.054228928	-3.702758798	0
20.56	-0.102808191	-3.712582895	0
20.58	-0.260577864	-3.715713343	0
20.6	-0.418793335	-3.712105547	0
20.62	-0.577165368	-3.701727259	0
20.64	-0.735402779	-3.684558708	0
20.66	-0.893212978	-3.660592711	0
20.68	-1.050302516	-3.629834755	0
20.7	-1.206377635	-3.592303057	0
20.72	-1.361144825	-3.548028606	0
20.74	-1.514311382	-3.497055167	0
20.76	-1.665585964	-3.439439277	0
20.78	-1.814679154	-3.375250203	0
20.8	-1.961304019	-3.304569882	0
20.82	-2.105176665	-3.227492836	0
20.84	-2.246016794	-3.14412606	0
20.86	-2.383548252	-3.054588886	0
20.88	-2.517499577	-2.959012826	0
20.9	-2.647604538	-2.857541387	0
20.92	-2.773602666	-2.750329859	0
20.94	-2.895239781	-2.637545091	0
20.96	-3.012268502	-2.519365228	0
20.98	-3.124448756	-2.395979439	0
21	-3.231548269	-2.267587614	0
21.02	-3.333343045	-2.134400039	0
21.04	-3.429617837	-1.996637054	0
21.06	-3.520166598	-1.854528689	0
21.08	-3.604792915	-1.708314273	0
21.1	-3.683310435	-1.558242032	0
21.12	-3.755543268	-1.404568664	0
21.14	-3.82132637	-1.247558894	0
21.16	-3.880505913	-1.087485014	0
21.18	-3.932939631	-0.924626403	0
21.2	-3.978497148	-0.759269037	0
21.22	-4.017060282	-0.591704978	0
21.24	-4.048523328	-0.42223185	0
21.26	-4.072793323	-0.251152306	0
21.28	-4.089790281	-0.078773476	0
21.3	-4.099447407	0.094593592	0
21.32	-4.101711288	0.268634501	0
21.34	-4.096542058	0.443032082	0
21.36	-4.083913538	0.617466988	0
21.38	-4.063813351	0.791618279	0
21.4	-4.036243009	0.965164031	0
21.42	-4.001217975	1.137781932	0
21.44	-3.958767701	1.309149897	0
21.46	-3.908935636	1.478946676	0
21.48	-3.851779206	1.646852464	0
21.5	-3.787369775	1.812549517	0
21.52	-3.715792565	1.975722758	0
21.54	-3.637146565	2.136060389	0
21.56	-3.551544405	2.293254492	0
21.58	-3.459112198	2.447001633	0
21.6	-3.359989367	2.597003453	0
21.62	-3.25432844	2.742967255	0
21.64	-3.142294817	2.884606587	0
21.66	-3.024066512	3.021641803	0
21.68	-2.899833877	3.153800629	0
21.7	-2.769799288	3.280818706	0
21.72	-2.634176821	3.402440127	0
21.74	-2.49319189	3.518417952	0
21.76	-2.347080874	3.628514719	0
21.78	-2.196090716	3.732502929	0
21.8	-2.040478497	3.830165519	0
21.82	-1.880510994	3.921296317	0
21.84	-1.716464218	4.005700477	0
21.86	-1.548622924	4.083194891	0
21.88	-1.377280115	4.153608587	0
21.9	-1.202736519	4.2167831	0
21.92	-1.025300049	4.272572821	0
21.94	-0.845285254	4.320845328	0
21.96	-0.663012748	4.361481681	0
21.98	-0.47880863	4.39437671	0
22	-0.293003886	4.419439261	0
22.02	-0.105933785	4.436592423	0
22.04	0.082062737	4.445773736	0
22.06	0.270643707	4.446935355	0
22.08	0.459464748	4.440044203	0
22.1	0.64817972	4.425082087	0
22.12	0.836441368	4.402045792	0
22.14	1.023901973	4.370947138	0
22.16	1.210214012	4.331813017	0
22.18	1.395030809	4.284685398	0
22.2	1.578007197	4.229621302	0
22.22	1.758800174	4.16669275	0
22.24	1.937069563	4.095986681	0
22.26	2.112478658	4.017604841	0
22.28	2.284694877	3.931663645	0
22.3	2.453390408	3.838294008	0
22.32	2.618242835	3.737641148	0
22.34	2.778935778	3.629864363	0
22.36	2.935159503	3.515136779	0
22.38	3.086611534	3.39364507	0
22.4	3.232997247	3.26558915	0
22.42	3.374030454	3.131181846	0
22.44	3.509433975	2.990648531	0
22.46	3.638940184	2.844226748	0
22.48	3.762291555	2.692165796	0
22.5	3.879241176	2.534726302	0
22.52	3.98955325	2.372179764	0
22.54	4.09300358	2.204808073	0
22.56	4.189380026	2.032903015	0
22.58	4.278482945	1.856765749	0
22.6	4.360125607	1.676706273	0
22.62	4.434134592	1.493042862	0
22.64	4.500350151	1.306101493	0
22.66	4.558626559	1.116215257	0
22.68	4.608832424	0.923723747	0
22.7	4.650850986	0.72897244	0
22.72	4.684580376	0.53231206	0
22.74	4.709933857	0.334097935	0
22.76	4.726840028	0.134689334	0
22.78	4.735243008	-0.065551193	0
22.8	4.735102583	-0.266258494	0
22.82	4.726394328	-0.467065495	0
22.84	4.709109701	-0.66760389	0
22.86	4.683256099	-0.867504829	0
22.88	4.648856892	-1.066399615	0
22.9	4.605951422	-1.263920401	0
22.92	4.554594974	-1.459700883	0
22.94	4.494858711	-1.653377001	0
22.96	4.426829589	-1.844587625	0
22.98	4.350610229	-2.032975253	0
23	4.266318768	-2.218186685	0
23.02	4.174088676	-2.399873712	0
23.04	4.074068542	-2.577693776	0
23.06	3.966421838	-2.751310637	0
23.08	3.85132664	-2.920395022	0
23.1	3.728975336	-3.084625261	0
23.12	3.599574295	-3.243687918	0
23.14	3.463343513	-3.397278399	0
23.16	3.32051623	-3.545101548	0
23.18	3.171338524	-3.686872229	0
23.2	3.016068877	-3.822315886	0
23.22	2.854977715	-3.951169086	0
23.24	2.688346925	-4.073180042	0
23.26	2.516469355	-4.188109117	0
23.28	2.339648279	-4.295729299	0
23.3	2.158196856	-4.395826662	0
23.32	1.972437555	-4.488200799	0
23.34	1.782701571	-4.572665224	0
23.36	1.58932822	-4.649047761	0
23.38	1.392664311	-4.717190895	0
23.4	1.193063517	-4.776952104	0
23.42	0.990885712	-4.828204155	0
23.44	0.786496314	-4.870835379	0
23.46	0.580265602	-4.90474991	0
23.48	0.372568029	-4.929867904	0
23.5	0.163781525	-4.946125714	0
23.52	-0.045713211	-4.953476048	0
23.54	-0.255533419	-4.951888086	0
23.56	-0.465295002	-4.941347572	0
23.58	-0.674613242	-4.921856871	0
23.6	-0.883103528	-4.893434996	0
23.62	-1.09038208	-4.856117605	0
23.64	-1.296066674	-4.80995696	0
23.66	-1.499777365	-4.755021861	0
23.68	-1.701137209	-4.691397544	0
23.7	-1.899772977	-4.61918555	0
23.72	-2.095315866	-4.538503561	0
23.74	-2.287402202	-4.449485206	0
23.76	-2.475674132	-4.352279835	0
23.78	-2.659780312	-4.247052262	0
23.8	-2.839376576	-4.133982482	0
23.82	-3.014126599	-4.013265353	0
23.84	-3.18370254	-3.885110255	0
23.86	-3.347785677	-3.749740714	0
23.88	-3.506067017	-3.607394004	0
23.9	-3.658247896	-3.458320721	0
23.92	-3.804040559	-3.302784326	0
23.94	-3.94316871	-3.141060674	0
23.96	-4.075368057	-2.973437504	0
23.98	-4.200386824	-2.800213917	0
24	-4.31798624	-2.621699828	0
24.02	-4.42794101	-2.438215395	0
24.04	-4.530039753	-2.250090429	0
24.06	-4.624085424	-2.057663784	0
24.08	-4.709895696	-1.861282733	0
24.1	-4.787303329	-1.66130232	0
24.12	-4.856156495	-1.458084703	0
24.14	-4.91631909	-1.251998477	0
24.16	-4.967671005	-1.043417991	0
24.18	-5.010108369	-0.832722646	0
24.2	-5.043543764	-0.620296185	0
24.22	-5.067906409	-0.406525978	0
24.24	-5.083142307	-0.191802293	0
24.26	-5.089214367	0.023482437	0
24.28	-5.086102488	0.238934346	0
24.3	-5.073803615	0.454158883	0
24.32	-5.052331762	0.668761549	0
24.34	-5.021717999	0.882348644	0
24.36	-4.982010407	1.094528006	0
24.38	-4.933274008	1.304909754	0
24.4	-4.87559065	1.513107024	0
24.42	-4.809058872	1.718736697	0
24.44	-4.733793727	1.921420129	0
24.46	-4.64992658	2.120783864	0
24.48	-4.557604875	2.316460341	0
24.5	-4.456991863	2.508088594	0
24.52	-4.34826631	2.695314933	0
24.54	-4.231622166	2.877793615	0
24.56	-4.107268216	3.055187504	0
24.58	-3.975427689	3.227168707	0
24.6	-3.836337849	3.393419199	0
24.62	-3.690249556	3.553631427	0
24.64	-3.537426801	3.707508897	0
24.66	-3.378146211	3.854766732	0
24.68	-3.212696543	3.995132222	0
24.7	-3.041378135	4.128345337	0
24.72	-2.864502353	4.254159224	0
24.74	-2.682391007	4.372340678	0
24.76	-2.495375747	4.482670586	0
24.78	-2.303797443	4.584944345	0
24.8	-2.108005547	4.67897225	0
24.82	-1.908357436	4.764579856	0
24.84	-1.705217743	4.841608314	0
24.86	-1.498957668	4.90991467	0
24.88	-1.289954286	4.96937214	0
24.9	-1.078589834	5.01987035	0
24.92	-0.865250994	5.061315548	0
24.94	-0.650328163	5.093630784	0
24.96	-0.434214723	5.116756054	0
24.98	-0.217306296	5.130648415	0
25	-4.82664E-12	5.135282071	0
25.02	0.217306296	5.130648415	0
25.04	0.434214723	5.116756054	0
25.06	0.650328163	5.093630784	0
25.08	0.865250994	5.061315548	0
25.1	1.078589834	5.01987035	0
25.12	1.289954286	4.96937214	0
25.14	1.498957668	4.90991467	0
25.16	1.705217743	4.841608314	0
25.18	1.908357436	4.764579856	0
25.2	2.108005547	4.67897225	0
25.22	2.303797443	4.584944345	0
25.24	2.495375747	4.482670586	0
25.26	2.682391007	4.372340678	0
25.28	2.864502353	4.254159224	0
25.3	3.041378135	4.128345337	0
25.32	3.212696543	3.995132222	0
25.34	3.378146211	3.854766732	0
25.36	3.537426801	3.707508897	0
25.38	3.690249556	3.553631427	0
25.4	3.836337849	3.393419199	0
25.42	3.975427689	3.227168707	0
25.44	4.107268216	3.055187504	0
25.46	4.231622166	2.877793615	0
25.48	4.34826631	2.695314933	0
25.5	4.456991863	2.508088594	0
25.52	4.557604875	2.316460341	0
25.54	4.64992658	2.120783864	0
25.56	4.733793727	1.921420129	0
25.58	4.809058872	1.718736697	0
25.6	4.87559065	1.513107024	0
25.62	4.933274008	1.304909754	0
25.64	4.982010407	1.094528006	0
25.66	5.021717999	0.882348644	0
25.68	5.052331762	0.668761549	0
25.7	5.073803615	0.454158883	0
25.72	5.086102488	0.238934346	0
25.74	5.089214367	0.023482437	0
25.76	5.083142307	-0.191802293	0
25.78	5.067906409	-0.406525978	0
25.8	5.043543764	-0.620296185	0
25.82	5.010108369	-0.832722646	0
25.84	4.967671005	-1.043417991	0
25.86	4.91631909	-1.251998477	0
25.88	4.856156495	-1.458084703	0
25.9	4.787303329	-1.66130232	0
25.92	4.709895696	-1.861282733	0
25.94	4.624085424	-2.057663784	0
25.96	4.530039753	-2.250090429	0
25.98	4.42794101	-2.438215395	0
26	4.31798624	-2.621699828	0
26.02	4.200386824	-2.800213917	0
26.04	4.075368057	-2.973437504	0
26.06	3.94316871	-3.141060674	0
26.08	3.804040559	-3.302784326	0
26.1	3.658247896	-3.458320721	0
26.12	3.506067017	-3.607394004	0
26.14	3.347785677	-3.749740714	0
26.16	3.18370254	-3.885110255	0
26.18	3.014126599	-4.013265353	0
26.2	2.839376576	-4.133982482	0
26.22	2.659780312	-4.247052262	0
26.24	2.475674132	-4.352279835	0
26.26	2.287402202	-4.449485206	0
26.28	2.095315866	-4.538503561	0
26.3	1.899772977	-4.61918555	0
26.32	1.701137209	-4.691397544	0
26.34	1.499777365	-4.755021861	0
26.36	1.296066674	-4.80995696	0
26.38	1.09038208	-4.856117605	0
26.4	0.883103528	-4.893434996	0
26.42	0.674613242	-4.921856871	0
26.44	0.465295002	-4.941347572	0
26.46	0.255533419	-4.951888086	0
26.48	0.045713211	-4.953476048	0
26.5	-0.163781525	-4.946125714	0
26.52	-0.372568029	-4.929867904	0
26.54	-0.580265602	-4.90474991	0
26.56	-0.786496314	-4.870835379	0
26.58	-0.990885712	-4.828204155	0
26.6	-1.193063517	-4.776952104	0
26.62	-1.392664311	-4.717190895	0
26.64	-1.58932822	-4.649047761	0
26.66	-1.782701571	-4.572665224	0
26.68	-1.972437555	-4.488200799	0
26.7	-2.158196856	-4.395826662	0
26.72	-2.339648279	-4.295729299	0
26.74	-2.516469355	-4.188109117	0
26.76	-2.688346925	-4.073180042	0
26.78	-2.854977715	-3.951169086	0
26.8	-3.016068877	-3.822315886	0
26.82	-3.171338524	-3.686872229	0
26.84	-3.32051623	-3.545101548	0
26.86	-3.463343513	-3.397278399	0
26.88	-3.599574295	-3.243687918	0
26.9	-3.728975336	-3.084625261	0
26.92	-3.85132664	-2.920395022	0
26.94	-3.966421838	-2.751310637	0
26.96	-4.074068542	-2.577693776	0
26.98	-4.174088676	-2.399873712	0
27	-4.266318768	-2.218186685	0
27.02	-4.350610229	-2.032975253	0
27.04	-4.426829589	-1.844587625	0
27.06	-4.494858711	-1.653377001	0
27.08	-4.554594974	-1.459700883	0
27.1	-4.605951422	-1.263920401	0
27.12	-4.648856892	-1.066399615	0
27.14	-4.683256099	-0.867504829	0
27.16	-4.709109701	-0.66760389	0
27.18	-4.726394328	-0.467065495	0
27.2	-4.735102583	-0.266258494	0
27.22	-4.735243008	-0.065551193	0
27.24	-4.726840028	0.134689334	0
27.26	-4.709933857	0.334097935	0
27.28	-4.684580376	0.53231206	0
27.3	-4.650850986	0.72897244	0
27.32	-4.608832424	0.923723747	0
27.34	-4.558626559	1.116215257	0
27.36	-4.500350151	1.306101493	0
27.38	-4.434134592	1.493042862	0
27.4	-4.360125607	1.676706273	0
27.42	-4.278482945	1.856765749	0
27.44	-4.189380026	2.032903015	0
27.46	-4.09300358	2.204808073	0
27.48	-3.98955325	2.372179764	0
27.5	-3.879241176	2.534726302	0
27.52	-3.762291555	2.692165796	0
27.54	-3.638940184	2.844226748	0
27.56	-3.509433975	2.990648531	0
27.58	-3.374030454	3.131181846	0
27.6	-3.232997247	3.26558915	0
27.62	-3.086611534	3.39364507	0
27.64	-2.935159503	3.515136779	0
27.66	-2.778935778	3.629864363	0
27.68	-2.618242835	3.737641148	0
27.7	-2.453390408	3.838294008	0
27.72	-2.284694877	3.931663645	0
27.74	-2.112478658	4.017604841	0
27.76	-1.937069563	4.095986681	0
27.78	-1.758800174	4.16669275	0
27.8	-1.578007197	4.229621302	0
27.82	-1.395030809	4.284685398	0
27.84	-1.210214012	4.331813017	0
27.86	-1.023901973	4.370947138	0
27.88	-0.836441368	4.402045792	0
27.9	-0.64817972	4.425082087	0
27.92	-0.459464748	4.440044203	0
27.94	-0.270643707	4.446935355	0
27.96	-0.082062737	4.445773736	0
27.98	0.105933785	4.436592423	0
28	0.293003886	4.419439261	0
28.02	0.47880863	4.39437671	0
28.04	0.663012748	4.361481681	0
28.06	0.845285254	4.320845328	0
28.08	1.025300049	4.272572821	0
28.1	1.202736519	4.2167831	0
28.12	1.377280115	4.153608587	0
28.14	1.548622924	4.083194891	0
28.16	1.716464218	4.005700477	0
28.18	1.880510994	3.921296317	0
28.2	2.040478497	3.830165519	0
28.22	2.196090716	3.732502929	0
28.24	2.347080874	3.628514719	0
28.26	2.49319189	3.518417952	0
28.28	2.634176821	3.402440127	0
28.3	2.769799288	3.280818706	0
28.32	2.899833877	3.153800629	0
28.34	3.024066512	3.021641803	0
28.36	3.142294817	2.884606587	0
28.38	3.25432844	2.742967255	0
28.4	3.359989367	2.597003453	0
28.42	3.459112198	2.447001633	0
28.44	3.551544405	2.293254492	0
28.46	3.637146565	2.136060389	0
28.48	3.715792565	1.975722758	0
28.5	3.787369775	1.812549517	0
28.52	3.851779206	1.646852464	0
28.54	3.908935636	1.478946676	0
28.56	3.958767701	1.309149897	0
28.58	4.001217975	1.137781932	0
28.6	4.036243009	0.965164031	0
28.62	4.063813351	0.791618279	0
28.64	4.083913538	0.617466988	0
28.66	4.096542058	0.443032082	0
28.68	4.101711288	0.268634501	0
28.7	4.099447407	0.094593592	0
28.72	4.089790281	-0.078773476	0
28.74	4.072793323	-0.251152306	0
28.76	4.048523328	-0.42223185	0
28.78	4.017060282	-0.591704978	0
28.8	3.978497148	-0.759269037	0
28.82	3.932939631	-0.924626403	0
28.84	3.880505913	-1.087485014	0
28.86	3.82132637	-1.247558894	0
28.88	3.755543268	-1.404568664	0
28.9	3.683310435	-1.558242032	0
28.92	3.604792915	-1.708314273	0
28.94	3.520166598	-1.854528689	0
28.96	3.429617837	-1.996637054	0
28.98	3.333343045	-2.134400039	0
29	3.231548269	-2.267587614	0
29.02	3.124448756	-2.395979439	0
29.04	3.012268502	-2.519365228	0
29.06	2.895239781	-2.637545091	0
29.08	2.773602666	-2.750329859	0
29.1	2.647604538	-2.857541387	0
29.12	2.517499577	-2.959012826	0
29.14	2.383548252	-3.054588886	0
29.16	2.246016794	-3.14412606	0
29.18	2.105176665	-3.227492836	0
29.2	1.961304019	-3.304569882	0
29.22	1.814679154	-3.375250203	0
29.24	1.665585964	-3.439439277	0
29.26	1.514311382	-3.497055167	0
29.28	1.361144825	-3.548028606	0
29.3	1.206377635	-3.592303057	0
29.32	1.050302516	-3.629834755	0
29.34	0.893212978	-3.660592711	0
29.36	0.735402779	-3.684558708	0
29.38	0.577165368	-3.701727259	0
29.4	0.418793335	-3.712105547	0
29.42	0.260577864	-3.715713343	0
29.44	0.102808191	-3.712582895	0
29.46	-0.054228928	-3.702758798	0
29.48	-0.210249747	-3.686297838	0
29.5	-0.364974044	-3.663268819	0
29.52	-0.518125631	-3.633752359	0
29.54	-0.669432853	-3.597840674	0
29.56	-0.81862907	-3.555637337	0
29.58	-0.965453134	-3.507257013	0
29.6	-1.10964985	-3.452825182	0
29.62	-1.250970417	-3.392477837	0
29.64	-1.389172866	-3.326361166	0
29.66	-1.524022471	-3.254631215	0
29.68	-1.655292153	-3.177453538	0
29.7	-1.782762857	-3.095002824	0
29.72	-1.906223923	-3.007462515	0
29.74	-2.025473427	-2.915024409	0
29.76	-2.140318514	-2.817888246	0
29.78	-2.250575704	-2.716261279	0
29.8	-2.356071182	-2.610357847	0
29.82	-2.456641065	-2.500398918	0
29.84	-2.552131651	-2.386611636	0
29.86	-2.642399648	-2.269228854	0
29.88	-2.727312377	-2.148488658	0
29.9	-2.806747957	-2.024633887	0
29.92	-2.880595467	-1.897911645	0
29.94	-2.94875509	-1.768572805	0
29.96	-3.011138224	-1.636871516	0
29.98	-3.067667587	-1.503064703	0
30	-3.118277283	-1.367411561	0
30.02	-3.16291286	-1.230173052	0
30.04	-3.201531335	-1.091611406	0
30.06	-3.234101203	-0.951989612	0
30.08	-3.260602423	-0.811570922	0
30.1	-3.281026382	-0.670618348	0
30.12	-3.295375833	-0.529394171	0
30.14	-3.30366482	-0.388159448	0
30.16	-3.305918576	-0.247173531	0
30.18	-3.3021734	-0.106693585	0
30.2	-3.29247652	0.033025883	0
30.22	-3.276885925	0.171733481	0
30.24	-3.255470189	0.309181394	0
30.26	-3.228308268	0.445125819	0
30.28	-3.195489283	0.579327408	0
30.3	-3.157112281	0.711551679	0
30.32	-3.113285984	0.841569436	0
30.34	-3.064128516	0.969157158	0
30.36	-3.009767118	1.094097386	0
30.38	-2.950337841	1.216179092	0
30.4	-2.885985235	1.335198031	0
30.42	-2.81686201	1.450957083	0
30.44	-2.7431287	1.563266572	0
30.46	-2.664953299	1.671944577	0
30.48	-2.582510894	1.776817217	0
30.5	-2.495983284	1.877718928	0
30.52	-2.405558591	1.97449271	0
30.54	-2.311430861	2.066990372	0
30.56	-2.213799653	2.155072742	0
30.58	-2.112869624	2.23860987	0
30.6	-2.008850107	2.317481206	0
30.62	-1.901954683	2.391575763	0
30.64	-1.792400745	2.460792254	0
30.66	-1.680409061	2.525039215	0
30.68	-1.566203334	2.58423511	0
30.7	-1.450009755	2.638308408	0
30.72	-1.33205656	2.68719765	0
30.74	-1.212573586	2.730851486	0
30.76	-1.09179182	2.769228705	0
30.78	-0.969942958	2.802298232	0
30.8	-0.847258961	2.830039115	0
30.82	-0.723971615	2.85244049	0
30.84	-0.600312095	2.869501525	0
30.86	-0.476510529	2.881231347	0
30.88	-0.352795579	2.887648952	0
30.9	-0.229394011	2.888783094	0
30.92	-0.106530287	2.884672155	0
30.94	0.015573844	2.875364004	0
30.96	0.136699746	2.860915832	0
30.98	0.25663228	2.841393973	0
31	0.375160192	2.816873709	0
31.02	0.492076475	2.78743906	0
31.04	0.607178731	2.753182558	0
31.06	0.720269519	2.714205005	0
31.08	0.831156687	2.670615221	0
31.1	0.939653696	2.622529774	0
31.12	1.045579929	2.570072699	0
31.14	1.148760985	2.513375209	0
31.16	1.249028962	2.452575386	0
31.18	1.34622272	2.387817868	0
31.2	1.440188134	2.319253524	0
31.22	1.530778333	2.247039121	0
31.24	1.617853914	2.171336977	0
31.26	1.70128315	2.092314613	0
31.28	1.780942178	2.010144394	0
31.3	1.856715168	1.925003162	0
31.32	1.928494479	1.837071871	0
31.34	1.996180797	1.746535204	0
31.36	2.059683252	1.653581203	0
31.38	2.118919527	1.558400876	0
31.4	2.173815938	1.46118782	0
31.42	2.224307506	1.362137828	0
31.44	2.27033801	1.261448504	0
31.46	2.311860019	1.159318874	0
31.48	2.348834908	1.055948997	0
31.5	2.381232861	0.951539576	0
31.52	2.409032855	0.846291578	0
31.54	2.432222623	0.740405847	0
31.56	2.450798606	0.634082727	0
31.58	2.464765887	0.527521689	0
31.6	2.474138111	0.420920957	0
31.62	2.478937381	0.314477146	0
31.64	2.479194151	0.208384902	0
31.66	2.474947094	0.102836553	0
31.68	2.46624296	-0.001978238	0
31.7	2.45313642	-0.105872806	0
31.72	2.435689891	-0.208663817	0
31.74	2.413973356	-0.31017158	0
31.76	2.388064164	-0.410220361	0
31.78	2.358046819	-0.508638678	0
31.8	2.324012761	-0.605259591	0
31.82	2.286060131	-0.699920976	0
31.84	2.244293526	-0.792465792	0
31.86	2.198823747	-0.882742336	0
31.88	2.149767533	-0.970604477	0
31.9	2.09724729	-1.055911891	0
31.92	2.041390805	-1.13853027	0
31.94	1.982330962	-1.218331527	0
31.96	1.920205441	-1.29519398	0
31.98	1.855156418	-1.369002529	0
32	1.787330252	-1.439648811	0
32.02	1.716877174	-1.507031352	0
32.04	1.643950965	-1.571055689	0
32.06	1.568708637	-1.631634491	0
32.08	1.491310099	-1.688687659	0
32.1	1.411917837	-1.742142414	0
32.12	1.330696576	-1.791933365	0
32.14	1.247812951	-1.838002569	0
32.16	1.163435173	-1.88029957	0
32.18	1.077732696	-1.918781429	0
32.2	0.990875883	-1.953412735	0
32.22	0.90303568	-1.984165602	0
32.24	0.81438328	-2.011019655	0
32.26	0.7250898	-2.033961998	0
32.28	0.635325959	-2.052987166	0
32.3	0.545261753	-2.068097072	0
32.32	0.455066146	-2.079300931	0
32.34	0.364906754	-2.086615174	0
32.36	0.274949543	-2.090063353	0
32.38	0.18535853	-2.089676025	0
32.4	0.096295487	-2.085490629	0
32.42	0.007919662	-2.077551353	0
32.44	-0.079612507	-2.065908983	0
32.46	-0.166147654	-2.050620745	0
32.48	-0.251535752	-2.031750137	0
32.5	-0.335630364	-2.009366747	0
32.52	-0.418288885	-1.983546061	0
32.54	-0.499372777	-1.954369268	0
32.56	-0.578747792	-1.921923046	0
32.58	-0.656284185	-1.88629935	0
32.6	-0.731856917	-1.847595181	0
32.62	-0.805345846	-1.805912357	0
32.64	-0.876635909	-1.761357271	0
32.66	-0.945617287	-1.714040648	0
32.68	-1.012185565	-1.664077286	0
32.7	-1.076241876	-1.611585806	0
32.72	-1.137693034	-1.556688384	0
32.74	-1.196451657	-1.499510486	0
32.76	-1.252436272	-1.440180599	0
32.78	-1.305571411	-1.378829953	0
32.8	-1.3557877	-1.315592251	0
32.82	-1.403021921	-1.250603385	0
32.84	-1.44721708	-1.184001158	0
32.86	-1.488322447	-1.115925007	0
32.88	-1.526293589	-1.046515715	0
32.9	-1.561092395	-0.975915138	0
32.92	-1.592687083	-0.904265919	0
32.94	-1.621052192	-0.831711211	0
32.96	-1.646168575	-0.758394403	0
32.98	-1.668023363	-0.68445884	0
33	-1.686609928	-0.610047557	0
33.02	-1.701927836	-0.535303007	0
33.04	-1.713982779	-0.460366798	0
33.06	-1.722786502	-0.385379431	0
33.08	-1.728356721	-0.310480046	0
33.1	-1.730717028	-0.235806175	0
33.12	-1.729896782	-0.16149349	0
33.14	-1.725930996	-0.087675571	0
33.16	-1.71886021	-0.014483672	0
33.18	-1.708730361	0.057953505	0
33.2	-1.695592632	0.129510026	0
33.22	-1.679503308	0.200062935	0
33.24	-1.660523607	0.269492462	0
33.26	-1.63871952	0.337682207	0
33.28	-1.61416163	0.404519334	0
33.3	-1.586924931	0.469894744	0
33.32	-1.55708864	0.533703245	0
33.34	-1.524735999	0.595843707	0
33.36	-1.489954076	0.656219213	0
33.38	-1.452833559	0.714737198	0
33.4	-1.413468541	0.77130958	0
33.42	-1.371956312	0.825852876	0
33.44	-1.328397133	0.878288313	0
33.46	-1.282894016	0.928541927	0
33.48	-1.235552499	0.976544653	0
33.5	-1.186480417	1.0222324	0
33.52	-1.135787674	1.065546121	0
33.54	-1.083586007	1.106431872	0
33.56	-1.029988759	1.144840854	0
33.58	-0.975110644	1.180729456	0
33.6	-0.919067512	1.214059276	0
33.62	-0.861976119	1.244797138	0
33.64	-0.803953893	1.272915099	0
33.66	-0.745118703	1.298390444	0
33.68	-0.685588633	1.321205671	0
33.7	-0.625481752	1.341348466	0
33.72	-0.56491589	1.35881167	0
33.74	-0.504008417	1.373593234	0
33.76	-0.442876027	1.385696169	0
33.78	-0.381634519	1.395128477	0
33.8	-0.32039859	1.401903087	0
33.82	-0.259281629	1.406037773	0
33.84	-0.198395513	1.407555063	0
33.86	-0.137850417	1.406482144	0
33.88	-0.077754617	1.402850761	0
33.9	-0.01821431	1.396697097	0
33.92	0.040666568	1.388061663	0
33.94	0.098786508	1.376989166	0
33.96	0.156046603	1.363528375	0
33.98	0.212350697	1.347731987	0
34	0.267605543	1.329656476	0
34.02	0.321720944	1.309361948	0
34.04	0.37460989	1.286911978	0
34.06	0.426188689	1.262373454	0
34.08	0.476377085	1.235816409	0
34.1	0.525098373	1.207313854	0
34.12	0.572279503	1.1769416	0
34.14	0.617851176	1.144778083	0
34.16	0.661747936	1.110904186	0
34.18	0.703908243	1.075403055	0
34.2	0.744274551	1.038359911	0
34.22	0.782793368	0.999861868	0
34.24	0.819415307	0.959997743	0
34.26	0.854095138	0.918857865	0
34.28	0.886791821	0.876533887	0
34.3	0.917468536	0.833118597	0
34.32	0.946092701	0.788705723	0
34.34	0.972635987	0.743389747	0
34.36	0.997074319	0.697265716	0
34.38	1.01938787	0.650429053	0
34.4	1.039561052	0.602975369	0
34.42	1.057582492	0.555000281	0
34.44	1.073445002	0.50659923	0
34.46	1.087145546	0.457867299	0
34.48	1.098685191	0.408899036	0
34.5	1.108069059	0.359788283	0
34.52	1.115306268	0.310628002	0
34.54	1.120409862	0.261510112	0
34.56	1.123396744	0.212525325	0
34.58	1.124287593	0.163762983	0
34.6	1.123106779	0.115310915	0
34.62	1.119882271	0.067255276	0
34.64	1.114645541	0.019680413	0
34.66	1.107431461	-0.027331281	0
34.68	1.098278192	-0.073699494	0
34.7	1.087227071	-0.119346128	0
34.72	1.074322497	-0.164195417	0
34.74	1.059611803	-0.208174044	0
34.76	1.043145131	-0.25121125	0
34.78	1.024975304	-0.293238938	0
34.8	1.005157687	-0.334191768	0
34.82	0.983750054	-0.374007249	0
34.84	0.960812443	-0.412625822	0
34.86	0.936407018	-0.449990939	0
34.88	0.91059792	-0.486049128	0
34.9	0.88345112	-0.52075006	0
34.92	0.855034271	-0.554046606	0
34.94	0.825416558	-0.585894883	0
34.96	0.794668545	-0.616254303	0
34.98	0.762862021	-0.6450876	0
35	0.730069854	-0.672360865	0
35.02	0.696365828	-0.698043567	0
35.04	0.661824501	-0.722108567	0
35.06	0.626521045	-0.744532127	0
35.08	0.590531097	-0.765293911	0
35.1	0.55393061	-0.784376981	0
35.12	0.5167957	-0.801767785	0
35.14	0.479202502	-0.817456141	0
35.16	0.441227024	-0.831435209	0
35.18	0.402945002	-0.843701464	0
35.2	0.364431757	-0.854254658	0
35.22	0.325762062	-0.86309778	0
35.24	0.287010001	-0.870237006	0
35.26	0.248248837	-0.875681646	0
35.28	0.209550886	-0.879444085	0
35.3	0.170987389	-0.881539719	0
35.32	0.132628389	-0.881986888	0
35.34	0.094542613	-0.880806799	0
35.36	0.056797361	-0.87802345	0
35.38	0.019458391	-0.873663546	0
35.4	-0.017410181	-0.867756412	0
35.42	-0.053745985	-0.860333903	0
35.44	-0.089488495	-0.851430308	0
35.46	-0.124579114	-0.841082255	0
35.48	-0.158961266	-0.829328607	0
35.5	-0.192580476	-0.816210356	0
35.52	-0.225384443	-0.801770523	0
35.54	-0.257323117	-0.786054039	0
35.56	-0.288348757	-0.769107641	0
35.58	-0.318415997	-0.750979756	0
35.6	-0.3474819	-0.731720383	0
35.62	-0.375506004	-0.71138098	0
35.64	-0.40245037	-0.690014341	0
35.66	-0.428279617	-0.667674483	0
35.68	-0.452960959	-0.644416519	0
35.7	-0.476464226	-0.620296544	0
35.72	-0.498761894	-0.595371508	0
35.74	-0.519829096	-0.569699101	0
35.76	-0.539643635	-0.543337629	0
35.78	-0.558185988	-0.516345894	0
35.8	-0.575439311	-0.488783076	0
35.82	-0.59138943	-0.460708612	0
35.84	-0.606024832	-0.432182083	0
35.86	-0.619336655	-0.403263093	0
35.88	-0.63131866	-0.374011156	0
35.9	-0.641967214	-0.344485585	0
35.92	-0.651281257	-0.314745379	0
35.94	-0.659262267	-0.284849116	0
35.96	-0.665914227	-0.254854845	0
35.98	-0.671243577	-0.224819983	0
36	-0.67525917	-0.194801213	0
36.02	-0.677972219	-0.164854388	0
36.04	-0.679396246	-0.135034431	0
36.06	-0.67954702	-0.105395249	0
36.08	-0.678442497	-0.075989637	0
36.1	-0.676102753	-0.0468692	0
36.12	-0.672549918	-0.018084262	0
36.14	-0.667808102	0.010316202	0
36.16	-0.661903321	0.038284652	0
36.18	-0.654863423	0.065775042	0
36.2	-0.646718002	0.092742898	0
36.22	-0.637498324	0.119145373	0
36.24	-0.627237238	0.144941311	0
36.26	-0.615969091	0.170091297	0
36.28	-0.603729642	0.194557712	0
36.3	-0.590555972	0.218304778	0
36.32	-0.576486393	0.241298599	0
36.34	-0.561560359	0.263507199	0
36.36	-0.545818373	0.284900557	0
36.38	-0.529301891	0.305450636	0
36.4	-0.512053233	0.325131407	0
36.42	-0.494115487	0.343918869	0
36.44	-0.475532415	0.36179107	0
36.46	-0.456348359	0.378728114	0
36.48	-0.436608148	0.394712171	0
36.5	-0.416357005	0.409727484	0
36.52	-0.395640453	0.423760364	0
36.54	-0.374504226	0.436799188	0
36.56	-0.352994172	0.448834393	0
36.58	-0.331156172	0.459858459	0
36.6	-0.309036043	0.4698659	0
36.62	-0.286679457	0.478853238	0
36.64	-0.26413185	0.486818984	0
36.66	-0.241438344	0.49376361	0
36.68	-0.21864366	0.499689518	0
36.7	-0.195792041	0.50460101	0
36.72	-0.172927173	0.508504246	0
36.74	-0.150092108	0.51140721	0
36.76	-0.127329194	0.513319662	0
36.78	-0.104680001	0.514253099	0
36.8	-0.082185254	0.514220701	0
36.82	-0.059884767	0.513237281	0
36.84	-0.037817382	0.511319236	0
36.86	-0.016020906	0.508484488	0
36.88	0.005467945	0.504752427	0
36.9	0.026613599	0.500143852	0
36.92	0.047381679	0.494680909	0
36.94	0.067739053	0.48838703	0
36.96	0.087653879	0.481286863	0
36.98	0.107095642	0.473406215	0
37	0.126035199	0.464771974	0
37.02	0.144444809	0.45541205	0
37.04	0.162298166	0.445355298	0
37.06	0.179570431	0.434631455	0
37.08	0.196238253	0.423271064	0
37.1	0.212279793	0.411305403	0
37.12	0.227674742	0.398766417	0
37.14	0.242404338	0.385686645	0
37.16	0.256451375	0.372099143	0
37.18	0.269800217	0.358037422	0
37.2	0.282436799	0.343535365	0
37.22	0.294348632	0.328627167	0
37.24	0.305524801	0.313347256	0
37.26	0.315955964	0.297730227	0
37.28	0.325634344	0.281810771	0
37.3	0.334553719	0.265623609	0
37.32	0.342709408	0.249203421	0
37.34	0.350098261	0.232584784	0
37.36	0.356718636	0.215802103	0
37.38	0.362570381	0.198889549	0
37.4	0.367654808	0.181880999	0
37.42	0.371974673	0.164809972	0
37.44	0.375534141	0.147709571	0
37.46	0.37833876	0.130612426	0
37.48	0.380395427	0.113550639	0
37.5	0.381712353	0.09655573	0
37.52	0.382299026	0.079658586	0
37.54	0.382166174	0.06288941	0
37.56	0.381325724	0.046277677	0
37.58	0.379790756	0.029852083	0
37.6	0.377575465	0.013640509	0
37.62	0.374695113	-0.002330025	0
37.64	0.371165981	-0.018033397	0
37.66	0.367005324	-0.033444415	0
37.68	0.362231319	-0.048538859	0
37.7	0.356863018	-0.063293502	0
37.72	0.350920295	-0.077686148	0
37.74	0.344423794	-0.091695651	0
37.76	0.33739488	-0.105301943	0
37.78	0.32985558	-0.118486054	0
37.8	0.321828537	-0.131230131	0
37.82	0.313336949	-0.143517453	0
37.84	0.30440452	-0.155332446	0
37.86	0.295055405	-0.166660695	0
37.88	0.285314155	-0.177488952	0
37.9	0.275205662	-0.187805141	0
37.92	0.264755108	-0.197598364	0
37.94	0.25398791	-0.206858904	0
37.96	0.242929667	-0.215578219	0
37.98	0.231606108	-0.223748946	0
38	0.220043039	-0.23136489	0
38.02	0.208266295	-0.23842102	0
38.04	0.196301684	-0.244913457	0
38.06	0.184174942	-0.250839465	0
38.08	0.171911684	-0.256197437	0
38.1	0.159537355	-0.260986875	0
38.12	0.147077184	-0.265208378	0
38.14	0.13455614	-0.268863619	0
38.16	0.121998885	-0.271955327	0
38.18	0.109429736	-0.274487259	0
38.2	0.096872619	-0.27646418	0
38.22	0.084351033	-0.277891835	0
38.24	0.07188801	-0.278776923	0
38.26	0.059506078	-0.279127063	0
38.28	0.047227227	-0.278950771	0
38.3	0.035072875	-0.278257422	0
38.32	0.023063834	-0.277057221	0
38.34	0.011220286	-0.275361167	0
38.36	-0.000438251	-0.273181021	0
38.38	-0.01189295	-0.270529266	0
38.4	-0.023125695	-0.267419076	0
38.42	-0.034119105	-0.263864272	0
38.44	-0.044856559	-0.259879289	0
38.46	-0.055322213	-0.255479139	0
38.48	-0.065501015	-0.250679366	0
38.5	-0.075378724	-0.24549601	0
38.52	-0.08494192	-0.23994557	0
38.54	-0.094178022	-0.234044959	0
38.56	-0.103075291	-0.227811468	0
38.58	-0.111622842	-0.221262724	0
38.6	-0.11981065	-0.21441665	0
38.62	-0.127629554	-0.207291426	0
38.64	-0.135071259	-0.19990545	0
38.66	-0.142128338	-0.192277296	0
38.68	-0.148794233	-0.184425676	0
38.7	-0.155063249	-0.176369403	0
38.72	-0.160930552	-0.168127352	0
38.74	-0.166392164	-0.159718418	0
38.76	-0.171444953	-0.151161488	0
38.78	-0.176086628	-0.142475393	0
38.8	-0.180315726	-0.133678885	0
38.82	-0.1841316	-0.12479059	0
38.84	-0.187534408	-0.115828983	0
38.86	-0.190525098	-0.106812349	0
38.88	-0.19310539	-0.097758757	0
38.9	-0.195277762	-0.088686021	0
38.92	-0.197045429	-0.079611676	0
38.94	-0.198412327	-0.070552946	0
38.96	-0.199383087	-0.061526718	0
38.98	-0.199963022	-0.052549512	0
39	-0.200158096	-0.043637459	0
39.02	-0.199974907	-0.034806276	0
39.04	-0.199420658	-0.026071239	0
39.06	-0.198503137	-0.017447168	0
39.08	-0.197230687	-0.008948399	0
39.1	-0.195612183	-0.00058877	0
39.12	-0.193657004	0.007618399	0
39.14	-0.191375005	0.015660321	0
39.16	-0.18877649	0.023524761	0
39.18	-0.185872185	0.031200044	0
39.2	-0.182673206	0.038675074	0
39.22	-0.179191035	0.045939341	0
39.24	-0.175437488	0.05298293	0
39.26	-0.171424685	0.059796533	0
39.28	-0.167165025	0.066371456	0
39.3	-0.162671153	0.072699619	0
39.32	-0.157955932	0.078773569	0
39.34	-0.153032415	0.084586475	0
39.36	-0.147913815	0.090132137	0
39.38	-0.142613476	0.09540498	0
39.4	-0.137144847	0.10040006	0
39.42	-0.13152145	0.105113055	0
39.44	-0.125756856	0.109540268	0
39.46	-0.119864657	0.113678621	0
39.48	-0.113858436	0.117525646	0
39.5	-0.107751745	0.121079484	0
39.52	-0.101558076	0.124338875	0
39.54	-0.095290837	0.127303147	0
39.56	-0.08896333	0.129972211	0
39.58	-0.08258872	0.132346546	0
39.6	-0.076180021	0.134427191	0
39.62	-0.069750066	0.136215731	0
39.64	-0.063311489	0.137714283	0
39.66	-0.056876704	0.138925482	0
39.68	-0.050457882	0.13985247	0
39.7	-0.044066936	0.140498875	0
39.72	-0.037715501	0.140868798	0
39.74	-0.031414915	0.140966793	0
39.76	-0.025176202	0.140797857	0
39.78	-0.019010062	0.140367401	0
39.8	-0.01292685	0.139681241	0
39.82	-0.006936563	0.138745576	0
39.84	-0.001048831	0.137566966	0
39.86	0.004727098	0.136152315	0
39.88	0.010382368	0.134508852	0
39.9	0.015908523	0.132644109	0
39.92	0.021297521	0.130565898	0
39.94	0.026541736	0.128282297	0
39.96	0.031633967	0.125801623	0
39.98	0.036567448	0.123132416	0
40	0.041335845	0.120283413	0
40.02	0.045933268	0.117263531	0
40.04	0.050354268	0.114081847	0
40.06	0.054593844	0.110747571	0
40.08	0.058647439	0.107270033	0
40.1	0.062510945	0.103658659	0
40.12	0.066180701	0.099922948	0
40.14	0.069653492	0.096072459	0
40.16	0.072926542	0.092116784	0
40.18	0.075997519	0.088065532	0
40.2	0.078864525	0.083928312	0
40.22	0.081526093	0.079714708	0
40.24	0.083981182	0.075434267	0
40.26	0.08622917	0.071096478	0
40.28	0.088269848	0.066710755	0
40.3	0.090103412	0.06228642	0
40.32	0.091730454	0.057832687	0
40.34	0.093151954	0.053358646	0
40.36	0.094369269	0.048873247	0
40.38	0.095384126	0.044385286	0
40.4	0.096198609	0.039903389	0
40.42	0.096815148	0.035436002	0
40.44	0.097236507	0.030991375	0
40.46	0.097465776	0.026577551	0
40.48	0.097506351	0.022202351	0
40.5	0.097361929	0.017873372	0
40.52	0.097036491	0.013597964	0
40.54	0.096534289	0.009383231	0
40.56	0.095859831	0.005236017	0
40.58	0.095017872	0.001162898	0
40.6	0.094013393	-0.002829823	0
40.62	0.09285159	-0.006736127	0
40.64	0.091537863	-0.010550283	0
40.66	0.090077796	-0.014266851	0
40.68	0.088477142	-0.017880692	0
40.7	0.086741816	-0.021386967	0
40.72	0.084877869	-0.024781145	0
40.74	0.082891484	-0.028059002	0
40.76	0.080788954	-0.031216626	0
40.78	0.07857667	-0.034250417	0
40.8	0.076261108	-0.037157086	0
40.82	0.073848813	-0.03993366	0
40.84	0.071346381	-0.042577476	0
40.86	0.068760455	-0.045086185	0
40.88	0.066097699	-0.047457746	0
40.9	0.063364795	-0.049690425	0
40.92	0.060568421	-0.051782796	0
40.94	0.057715245	-0.053733731	0
40.96	0.054811907	-0.055542401	0
40.98	0.051865009	-0.057208271	0
41	0.048881102	-0.058731091	0
41.02	0.045866675	-0.060110898	0
41.04	0.042828143	-0.061348003	0
41.06	0.039771835	-0.062442989	0
41.08	0.036703985	-0.063396701	0
41.1	0.033630721	-0.064210244	0
41.12	0.030558054	-0.06488497	0
41.14	0.02749187	-0.065422474	0
41.16	0.024437923	-0.065824585	0
41.18	0.021401819	-0.066093355	0
41.2	0.018389018	-0.066231055	0
41.22	0.015404818	-0.066240162	0
41.24	0.012454353	-0.066123353	0
41.26	0.009542584	-0.065883492	0
41.28	0.006674293	-0.065523624	0
41.3	0.003854077	-0.065046964	0
41.32	0.001086346	-0.064456886	0
41.34	-0.001624687	-0.063756915	0
41.36	-0.004275006	-0.062950714	0
41.38	-0.006860798	-0.062042078	0
41.4	-0.009378456	-0.061034922	0
41.42	-0.01182458	-0.059933267	0
41.44	-0.014195983	-0.058741237	0
41.46	-0.016489689	-0.057463044	0
41.48	-0.018702937	-0.056102977	0
41.5	-0.020833178	-0.054665396	0
41.52	-0.022878084	-0.053154719	0
41.54	-0.024835537	-0.051575412	0
41.56	-0.026703639	-0.049931981	0
41.58	-0.028480702	-0.048228961	0
41.6	-0.030165254	-0.046470907	0
41.62	-0.031756034	-0.044662383	0
41.64	-0.033251991	-0.042807956	0
41.66	-0.034652279	-0.040912184	0
41.68	-0.03595626	-0.038979608	0
41.7	-0.037163495	-0.037014744	0
41.72	-0.038273743	-0.035022075	0
41.74	-0.039286959	-0.03300604	0
41.76	-0.040203286	-0.030971031	0
41.78	-0.041023055	-0.028921381	0
41.8	-0.041746777	-0.026861358	0
41.82	-0.042375139	-0.024795161	0
41.84	-0.042909	-0.022726906	0
41.86	-0.043349385	-0.02066063	0
41.88	-0.043697479	-0.018600273	0
41.9	-0.043954622	-0.016549682	0
41.92	-0.044122301	-0.0145126	0
41.94	-0.044202148	-0.012492664	0
41.96	-0.044195928	-0.010493396	0
41.98	-0.044105537	-0.008518204	0
42	-0.043932996	-0.006570373	0
42.02	-0.04368044	-0.004653062	0
42.04	-0.043350115	-0.002769305	0
42.06	-0.042944369	-0.000922001	0
42.08	-0.042465646	0.000886084	0
42.1	-0.041916481	0.002652323	0
42.12	-0.041299488	0.004374226	0
42.14	-0.04061736	0.006049446	0
42.16	-0.039872856	0.007675779	0
42.18	-0.039068795	0.009251163	0
42.2	-0.038208053	0.010773682	0
42.22	-0.037293553	0.012241568	0
42.24	-0.036328256	0.013653196	0
42.26	-0.035315161	0.015007087	0
42.28	-0.034257292	0.016301909	0
42.3	-0.033157694	0.017536476	0
42.32	-0.032019424	0.018709743	0
42.34	-0.030845552	0.019820811	0
42.36	-0.029639144	0.020868922	0
42.38	-0.028403265	0.021853457	0
42.4	-0.027140968	0.022773937	0
42.42	-0.02585529	0.023630018	0
42.44	-0.024549246	0.02442149	0
42.46	-0.023225824	0.025148275	0
42.48	-0.021887978	0.025810423	0
42.5	-0.020538625	0.026408108	0
42.52	-0.019180639	0.026941629	0
42.54	-0.017816847	0.027411404	0
42.56	-0.016450023	0.027817963	0
42.58	-0.015082884	0.028161952	0
42.6	-0.013718088	0.028444124	0
42.62	-0.012358227	0.028665334	0
42.64	-0.011005826	0.028826542	0
42.66	-0.009663338	0.028928799	0
42.68	-0.00833314	0.02897325	0
42.7	-0.007017532	0.028961128	0
42.72	-0.005718733	0.02889375	0
42.74	-0.004438879	0.028772507	0
42.76	-0.00318002	0.02859887	0
42.78	-0.001944118	0.028374376	0
42.8	-0.000733045	0.028100626	0
42.82	0.000451418	0.027779284	0
42.84	0.001607583	0.027412068	0
42.86	0.002733856	0.027000747	0
42.88	0.003828739	0.026547136	0
42.9	0.004890829	0.026053092	0
42.92	0.005918819	0.025520507	0
42.94	0.006911502	0.024951309	0
42.96	0.007867765	0.02434745	0
42.98	0.008786593	0.023710908	0
43	0.009667069	0.023043677	0
43.02	0.010508372	0.022347768	0
43.04	0.011309777	0.0216252	0
43.06	0.012070653	0.020877998	0
43.08	0.012790465	0.020108191	0
43.1	0.013468772	0.019317802	0
43.12	0.014105221	0.01850885	0
43.14	0.014699554	0.017683343	0
43.16	0.0152516	0.016843274	0
43.18	0.015761274	0.015990619	0
43.2	0.016228578	0.015127335	0
43.22	0.016653597	0.01425535	0
43.24	0.017036497	0.013376567	0
43.26	0.017377525	0.012492857	0
43.28	0.017677	0.011606058	0
43.3	0.017935321	0.01071797	0
43.32	0.018152956	0.009830353	0
43.34	0.018330441	0.008944926	0
43.36	0.01846838	0.008063362	0
43.38	0.018567442	0.007187289	0
43.4	0.018628354	0.006318284	0
43.42	0.018651904	0.005457872	0
43.44	0.018638933	0.004607529	0
43.46	0.018590335	0.003768672	0
43.48	0.018507053	0.002942665	0
43.5	0.018390076	0.002130812	0
43.52	0.018240436	0.00133436	0
43.54	0.018059206	0.000554495	0
43.56	0.017847494	-0.000207658	0
43.58	0.017606444	-0.000951035	0
43.6	0.017337229	-0.001674635	0
43.62	0.01704105	-0.002377519	0
43.64	0.016719133	-0.003058813	0
43.66	0.016372725	-0.003717704	0
43.68	0.016003093	-0.004353445	0
43.7	0.015611518	-0.004965352	0
43.72	0.015199294	-0.005552803	0
43.74	0.014767726	-0.006115241	0
43.76	0.014318124	-0.006652172	0
43.78	0.013851803	-0.007163163	0
43.8	0.013370079	-0.007647842	0
43.82	0.01287427	-0.008105901	0
43.84	0.012365684	-0.008537089	0
43.86	0.011845629	-0.008941217	0
43.88	0.011315399	-0.009318151	0
43.9	0.010776281	-0.009667815	0
43.92	0.010229545	-0.009990192	0
43.94	0.009676448	-0.010285314	0
43.96	0.009118227	-0.010553271	0
43.98	0.0085561	-0.010794201	0
44	0.007991264	-0.011008295	0
44.02	0.007424891	-0.011195791	0
44.04	0.006858127	-0.011356973	0
44.06	0.006292094	-0.011492172	0
44.08	0.005727881	-0.011601761	0
44.1	0.005166549	-0.011686157	0
44.12	0.004609128	-0.011745813	0
44.14	0.004056613	-0.011781224	0
44.16	0.003509966	-0.011792916	0
44.18	0.002970115	-0.011781455	0
44.2	0.00243795	-0.011747434	0
44.22	0.001914324	-0.011691479	0
44.24	0.001400052	-0.011614243	0
44.26	0.000895911	-0.011516406	0
44.28	0.00040264	-0.01139867	0
44.3	-7.90645E-05	-0.011261762	0
44.32	-0.000548545	-0.011106427	0
44.34	-0.001005184	-0.010933429	0
44.36	-0.001448405	-0.010743548	0
44.38	-0.001877673	-0.010537578	0
44.4	-0.002292493	-0.010316326	0
44.42	-0.002692413	-0.010080608	0
44.44	-0.003077018	-0.00983125	0
44.46	-0.003445939	-0.009569083	0
44.48	-0.003798843	-0.009294944	0
44.5	-0.004135438	-0.009009671	0
44.52	-0.004455474	-0.008714107	0
44.54	-0.004758737	-0.008409089	0
44.56	-0.005045054	-0.008095458	0
44.58	-0.005314289	-0.007774045	0
44.6	-0.005566343	-0.007445681	0
44.62	-0.005801156	-0.007111186	0
44.64	-0.0060187	-0.006771373	0
44.66	-0.006218985	-0.006427046	0
44.68	-0.006402054	-0.006078997	0
44.7	-0.006567984	-0.005728005	0
44.72	-0.006716883	-0.005374836	0
44.74	-0.006848891	-0.00502024	0
44.76	-0.006964177	-0.004664953	0
44.78	-0.00706294	-0.004309691	0
44.8	-0.007145407	-0.003955153	0
44.82	-0.007211832	-0.00360202	0
44.84	-0.007262493	-0.003250952	0
44.86	-0.007297693	-0.002902587	0
44.88	-0.007317759	-0.002557543	0
44.9	-0.007323039	-0.002216415	0
44.92	-0.007313901	-0.001879775	0
44.94	-0.007290735	-0.001548172	0
44.96	-0.007253946	-0.001222131	0
44.98	-0.007203956	-0.000902151	0
45	-0.007141205	-0.000588707	0
45.02	-0.007066146	-0.000282251	0
45.04	-0.006979243	1.67947E-05	0
45.06	-0.006880974	0.00030803	0
45.08	-0.006771827	0.000591083	0
45.1	-0.0066523	0.000865605	0
45.12	-0.006522896	0.001131276	0
45.14	-0.006384128	0.0013878	0
45.16	-0.006236512	0.001634908	0
45.18	-0.00608057	0.001872357	0
45.2	-0.005916827	0.002099928	0
45.22	-0.00574581	0.00231743	0
45.24	-0.005568045	0.002524693	0
45.26	-0.00538406	0.002721576	0
45.28	-0.005194382	0.00290796	0
45.3	-0.004999534	0.003083752	0
45.32	-0.004800037	0.003248879	0
45.34	-0.004596407	0.003403296	0
45.36	-0.004389155	0.003546977	0
45.38	-0.004178786	0.003679919	0
45.4	-0.003965799	0.003802141	0
45.42	-0.003750684	0.003913684	0
45.44	-0.003533923	0.004014606	0
45.46	-0.003315988	0.004104989	0
45.48	-0.003097342	0.004184931	0
45.5	-0.002878437	0.004254549	0
45.52	-0.002659712	0.004313978	0
45.54	-0.002441598	0.004363369	0
45.56	-0.002224509	0.00440289	0
45.58	-0.002008849	0.004432724	0
45.6	-0.001795007	0.00445307	0
45.62	-0.001583359	0.004464137	0
45.64	-0.001374267	0.004466152	0
45.66	-0.001168077	0.00445935	0
45.68	-0.000965121	0.00444398	0
45.7	-0.000765715	0.0044203	0
45.72	-0.00057016	0.004388579	0
45.74	-0.000378743	0.004349095	0
45.76	-0.000191731	0.004302133	0
45.78	-9.3785E-06	0.004247987	0
45.8	0.000168077	0.004186955	0
45.82	0.000340415	0.004119345	0
45.84	0.00050743	0.004045467	0
45.86	0.000668933	0.003965635	0
45.88	0.000824751	0.003880168	0
45.9	0.000974728	0.003789388	0
45.92	0.001118723	0.003693617	0
45.94	0.001256611	0.003593182	0
45.96	0.001388282	0.003488406	0
45.98	0.001513643	0.003379617	0
46	0.001632615	0.003267138	0
46.02	0.001745133	0.003151293	0
46.04	0.00185115	0.003032404	0
46.06	0.001950629	0.002910789	0
46.08	0.002043551	0.002786764	0
46.1	0.002129908	0.002660643	0
46.12	0.002209707	0.002532732	0
46.14	0.002282968	0.002403336	0
46.16	0.002349722	0.002272751	0
46.18	0.002410014	0.002141272	0
46.2	0.0024639	0.002009183	0
46.22	0.002511448	0.001876765	0
46.24	0.002552736	0.001744291	0
46.26	0.002587853	0.001612025	0
46.28	0.002616898	0.001480227	0
46.3	0.00263998	0.001349145	0
46.32	0.002657215	0.001219023	0
46.34	0.002668731	0.001090091	0
46.36	0.002674661	0.000962577	0
46.38	0.002675147	0.000836693	0
46.4	0.002670338	0.000712648	0
46.42	0.00266039	0.000590637	0
46.44	0.002645464	0.000470848	0
46.46	0.002625727	0.00035346	0
46.48	0.002601352	0.000238639	0
46.5	0.002572515	0.000126544	0
46.52	0.002539399	1.73237E-05	0
46.54	0.002502186	-8.88834E-05	0
46.56	0.002461066	-0.000191949	0
46.58	0.002416229	-0.000291754	0
46.6	0.002367868	-0.00038819	0
46.62	0.002316178	-0.000481157	0
46.64	0.002261354	-0.000570567	0
46.66	0.002203594	-0.00065634	0
46.68	0.002143094	-0.000738405	0
46.7	0.002080053	-0.000816702	0
46.72	0.002014667	-0.00089118	0
46.74	0.001947133	-0.000961796	0
46.76	0.001877646	-0.001028517	0
46.78	0.0018064	-0.001091319	0
46.8	0.001733587	-0.001150186	0
46.82	0.001659396	-0.00120511	0
46.84	0.001584015	-0.001256093	0
46.86	0.001507628	-0.001303143	0
46.88	0.001430417	-0.001346275	0
46.9	0.001352559	-0.001385516	0
46.92	0.001274229	-0.001420894	0
46.94	0.001195597	-0.001452449	0
46.96	0.00111683	-0.001480225	0
46.98	0.001038088	-0.001504274	0
47	0.000959529	-0.001524652	0
47.02	0.000881305	-0.001541422	0
47.04	0.000803565	-0.001554654	0
47.06	0.000726449	-0.001564421	0
47.08	0.000650096	-0.001570802	0
47.1	0.000574636	-0.00157388	0
47.12	0.000500196	-0.001573743	0
47.14	0.000426896	-0.001570483	0
47.16	0.00035485	-0.001564195	0
47.18	0.000284169	-0.001554979	0
47.2	0.000214954	-0.001542936	0
47.22	0.000147303	-0.001528171	0
47.24	8.13065E-05	-0.001510793	0
47.26	1.70508E-05	-0.00149091	0
47.28	-4.53853E-05	-0.001468635	0
47.3	-0.000105929	-0.00144408	0
47.32	-0.000164511	-0.001417361	0
47.34	-0.000221072	-0.001388593	0
47.36	-0.000275556	-0.001357894	0
47.38	-0.000327912	-0.00132538	0
47.4	-0.000378097	-0.001291169	0
47.42	-0.000426072	-0.00125538	0
47.44	-0.000471805	-0.001218128	0
47.46	-0.000515267	-0.001179533	0
47.48	-0.000556438	-0.00113971	0
47.5	-0.000595301	-0.001098775	0
47.52	-0.000631844	-0.001056843	0
47.54	-0.00066606	-0.001014026	0
47.56	-0.000697949	-0.000970438	0
47.58	-0.000727513	-0.000926188	0
47.6	-0.000754761	-0.000881384	0
47.62	-0.000779705	-0.000836133	0
47.64	-0.000802362	-0.00079054	0
47.66	-0.000822753	-0.000744706	0
47.68	-0.000840902	-0.00069873	0
47.7	-0.000856839	-0.00065271	0
47.72	-0.000870595	-0.00060674	0
47.74	-0.000882208	-0.000560911	0
47.76	-0.000891716	-0.000515311	0
47.78	-0.000899161	-0.000470025	0
47.8	-0.000904589	-0.000425137	0
47.82	-0.000908049	-0.000380724	0
47.84	-0.000909591	-0.000336863	0
47.86	-0.000909268	-0.000293626	0
47.88	-0.000907136	-0.000251082	0
47.9	-0.000903252	-0.000209297	0
47.92	-0.000897676	-0.000168332	0
47.94	-0.000890469	-0.000128247	0
47.96	-0.000881694	-8.90956E-05	0
47.98	-0.000871415	-5.09305E-05	0
48	-0.000859696	-1.37994E-05	0
48.02	-0.000846605	2.22532E-05	0
48.04	-0.000832208	5.71862E-05	0
48.06	-0.000816574	9.09622E-05	0
48.08	-0.00079977	0.000123547	0
48.1	-0.000781866	0.00015491	0
48.12	-0.00076293	0.000185025	0
48.14	-0.000743031	0.000213867	0
48.16	-0.000722239	0.000241415	0
48.18	-0.000700621	0.000267653	0
48.2	-0.000678247	0.000292566	0
48.22	-0.000655185	0.000316144	0
48.24	-0.000631501	0.000338379	0
48.26	-0.000607262	0.000359265	0
48.28	-0.000582535	0.0003788	0
48.3	-0.000557383	0.000396986	0
48.32	-0.000531871	0.000413826	0
48.34	-0.00050606	0.000429326	0
48.36	-0.000480013	0.000443496	0
48.38	-0.00045379	0.000456345	0
48.4	-0.000427448	0.000467888	0
48.42	-0.000401046	0.000478141	0
48.44	-0.000374637	0.000487122	0
48.46	-0.000348277	0.000494851	0
48.48	-0.000322018	0.000501349	0
48.5	-0.000295908	0.000506642	0
48.52	-0.000269998	0.000510754	0
48.54	-0.000244334	0.000513712	0
48.56	-0.00021896	0.000515547	0
48.58	-0.000193919	0.000516288	0
48.6	-0.000169252	0.000515967	0
48.62	-0.000144998	0.000514616	0
48.64	-0.000121194	0.000512271	0
48.66	-9.78741E-05	0.000508964	0
48.68	-7.50713E-05	0.000504734	0
48.7	-5.28164E-05	0.000499616	0
48.72	-3.11378E-05	0.000493648	0
48.74	-1.00622E-05	0.000486868	0
48.76	0.000010386	0.000479315	0
48.78	3.01842E-05	0.000471027	0
48.8	4.93121E-05	0.000462044	0
48.82	6.77511E-05	0.000452406	0
48.84	8.54848E-05	0.000442152	0
48.86	0.000102499	0.000431321	0
48.88	0.00011878	0.000419955	0
48.9	0.000134318	0.000408092	0
48.92	0.000149105	0.000395772	0
48.94	0.000163132	0.000383034	0
48.96	0.000176395	0.000369917	0
48.98	0.00018889	0.000356459	0
49	0.000200616	0.000342698	0
49.02	0.000211572	0.000328672	0
49.04	0.000221759	0.000314418	0
49.06	0.000231181	0.000299972	0
49.08	0.000239842	0.000285368	0
49.1	0.000247748	0.000270643	0
49.12	0.000254906	0.000255829	0
49.14	0.000261325	0.00024096	0
49.16	0.000267014	0.000226067	0
49.18	0.000271984	0.000211183	0
49.2	0.000276249	0.000196337	0
49.22	0.00027982	0.000181558	0
49.24	0.000282713	0.000166875	0
49.26	0.000284941	0.000152314	0
49.28	0.000286523	0.000137902	0
49.3	0.000287474	0.000123663	0
49.32	0.000287813	0.000109621	0
49.34	0.000287557	9.57988E-05	0
49.36	0.000286726	8.22177E-05	0
49.38	0.00028534	0.000068898	0
49.4	0.000283418	5.58587E-05	0
49.42	0.000280982	4.31178E-05	0
49.44	0.000278053	0.000030692	0
49.46	0.000274652	1.85969E-05	0
49.48	0.000270801	6.84687E-06	0
49.5	0.000266522	-4.54488E-06	0
49.52	0.000261838	-1.55663E-05	0
49.54	0.00025677	-2.62063E-05	0
49.56	0.000251341	-3.64553E-05	0
49.58	0.000245574	-4.63045E-05	0
49.6	0.000239491	-5.57463E-05	0
49.62	0.000233115	-6.47742E-05	0
49.64	0.000226468	-7.33829E-05	0
49.66	0.000219573	-8.15678E-05	0
49.68	0.00021245	-8.93257E-05	0
49.7	0.000205123	-9.66541E-05	0
49.72	0.000197613	-0.000103552	0
49.74	0.00018994	-0.000110018	0
49.76	0.000182127	-0.000116053	0
49.78	0.000174193	-0.000121659	0
49.8	0.000166158	-0.000126837	0
49.82	0.000158043	-0.00013159	0
49.84	0.000149866	-0.000135923	0
49.86	0.000141647	-0.00013984	0
49.88	0.000133403	-0.000143345	0
49.9	0.000125153	-0.000146446	0
49.92	0.000116913	-0.000149148	0
49.94	0.000108701	-0.000151459	0
49.96	0.000100532	-0.000153386	0
49.98	0.000092421	-0.000154938	0
50	8.43839E-05	-0.000156124	0
50.02	7.64345E-05	-0.000156953	0
50.04	6.85863E-05	-0.000157435	0
50.06	6.08522E-05	-0.000157579	0
50.08	5.32446E-05	-0.000157397	0
50.1	0.000045775	-0.0001569	0
50.12	3.84545E-05	-0.000156098	0
50.14	3.12932E-05	-0.000155003	0
50.16	2.43008E-05	-0.000153627	0
50.18	1.74862E-05	-0.000151982	0
50.2	1.08579E-05	-0.00015008	0
50.22	4.42338E-06	-0.000147932	0
50.24	-1.81029E-06	-0.000145552	0
50.26	-7.83677E-06	-0.000142952	0
50.28	-1.36503E-05	-0.000140145	0
50.3	-1.92459E-05	-0.000137142	0
50.32	-2.46189E-05	-0.000133957	0
50.34	-2.97657E-05	-0.000130602	0
50.36	-3.46828E-05	-0.00012709	0
50.38	-3.93676E-05	-0.000123432	0
50.4	-4.38179E-05	-0.000119642	0
50.42	-4.80324E-05	-0.000115731	0
50.44	-5.20098E-05	-0.000111711	0
50.46	-5.57498E-05	-0.000107595	0
50.48	-5.92523E-05	-0.000103393	0
50.5	-6.25179E-05	-9.91182E-05	0
50.52	-6.55477E-05	-9.47809E-05	0
50.54	-6.83429E-05	-9.03922E-05	0
50.56	-7.09057E-05	-8.59629E-05	0
50.58	-7.32382E-05	-8.15037E-05	0
50.6	-7.53432E-05	-7.70246E-05	0
50.62	-7.72238E-05	-7.25357E-05	0
50.64	-7.88836E-05	-6.80465E-05	0
50.66	-8.03264E-05	-6.35664E-05	0
50.68	-8.15562E-05	-5.91044E-05	0
50.7	-8.25777E-05	-0.000054669	0
50.72	-8.33955E-05	-5.02687E-05	0
50.74	-8.40146E-05	-4.59114E-05	0
50.76	-8.44405E-05	-4.16047E-05	0
50.78	-8.46785E-05	-3.73559E-05	0
50.8	-8.47344E-05	-3.31719E-05	0
50.82	-8.46142E-05	-2.90592E-05	0
50.84	-8.43238E-05	-0.000025024	0
50.86	-8.38696E-05	-2.10721E-05	0
50.88	-0.000083258	-1.72089E-05	0
50.9	-8.24954E-05	-1.34396E-05	0
50.92	-8.15885E-05	-9.76878E-06	0
50.94	-8.05439E-05	-6.20087E-06	0
50.96	-7.93684E-05	-2.73982E-06	0
50.98	-7.80688E-05	6.10716E-07	0
51	-0.000076652	3.84747E-06	0
51.02	-7.51248E-05	6.9675E-06	0
51.04	-7.34941E-05	9.96823E-06	0
51.06	-7.17667E-05	1.28474E-05	0
51.08	-6.99495E-05	1.56031E-05	0
51.1	-6.80493E-05	1.82337E-05	0
51.12	-6.60727E-05	2.07379E-05	0
51.14	-6.40265E-05	2.31147E-05	0
51.16	-6.19173E-05	2.53636E-05	0
51.18	-5.97516E-05	0.000027484	0
51.2	-5.75357E-05	2.94759E-05	0
51.22	-5.52761E-05	3.13395E-05	0
51.24	-5.29788E-05	3.30752E-05	0
51.26	-0.00005065	3.46837E-05	0
51.28	-4.82956E-05	3.61659E-05	0
51.3	-4.59213E-05	0.000037523	0
51.32	-4.35327E-05	3.87564E-05	0
51.34	-4.11354E-05	3.98677E-05	0
51.36	-3.87346E-05	4.08587E-05	0
51.38	-3.63354E-05	4.17314E-05	0
51.4	-3.39429E-05	0.000042488	0
51.42	-3.15617E-05	4.31308E-05	0
51.44	-2.91966E-05	4.36624E-05	0
51.46	-2.68517E-05	4.40855E-05	0
51.48	-2.45315E-05	4.44027E-05	0
51.5	-2.22398E-05	4.46172E-05	0
51.52	-1.99805E-05	4.47319E-05	0
51.54	-1.77573E-05	4.47499E-05	0
51.56	-1.55735E-05	4.46746E-05	0
51.58	-1.34323E-05	4.45092E-05	0
51.6	-1.13369E-05	4.42573E-05	0
51.62	-9.28997E-06	4.39222E-05	0
51.64	-7.29418E-06	4.35075E-05	0
51.66	-5.35195E-06	4.30168E-05	0
51.68	-3.46553E-06	4.24538E-05	0
51.7	-1.63695E-06	4.18221E-05	0
51.72	1.31951E-07	4.11253E-05	0
51.74	1.8395E-06	4.03672E-05	0
51.76	3.48424E-06	3.95515E-05	0
51.78	5.06487E-06	3.86818E-05	0
51.8	6.58029E-06	3.77618E-05	0
51.82	8.02955E-06	3.67952E-05	0
51.84	9.41191E-06	3.57856E-05	0
51.86	1.07268E-05	3.47366E-05	0
51.88	1.19737E-05	3.36518E-05	0
51.9	1.31524E-05	3.25347E-05	0
51.92	1.42628E-05	3.13887E-05	0
51.94	1.53049E-05	3.02172E-05	0
51.96	1.62789E-05	2.90237E-05	0
51.98	0.000017185	2.78113E-05	0
52	1.80238E-05	2.65832E-05	0
52.02	1.87958E-05	2.53426E-05	0
52.04	1.95017E-05	2.40926E-05	0
52.06	2.01424E-05	0.000022836	0
52.08	2.07186E-05	2.15758E-05	0
52.1	2.12315E-05	2.03146E-05	0
52.12	2.16822E-05	1.90553E-05	0
52.14	2.20719E-05	1.78004E-05	0
52.16	0.000022402	1.65523E-05	0
52.18	2.26737E-05	1.53135E-05	0
52.2	2.28885E-05	1.40862E-05	0
52.22	2.30481E-05	1.28727E-05	0
52.24	2.31539E-05	1.16749E-05	0
52.26	2.32077E-05	0.000010495	0
52.28	2.32111E-05	9.33462E-06	0
52.3	2.31659E-05	8.19567E-06	0
52.32	2.30739E-05	7.07976E-06	0
52.34	0.000022937	5.98843E-06	0
52.36	0.000022757	4.92313E-06	0
52.38	2.25357E-05	3.88517E-06	0
52.4	2.22752E-05	2.8758E-06	0
52.42	2.19773E-05	1.89614E-06	0
52.44	2.16439E-05	9.47199E-07	0
52.46	2.12772E-05	2.99076E-08	0
52.48	2.08789E-05	-8.54916E-07	0
52.5	0.000020451	-1.70655E-06	0
52.52	1.99955E-05	-2.52436E-06	0
52.54	1.95144E-05	-3.30783E-06	0
52.56	1.90094E-05	-4.0565E-06	0
52.58	1.84827E-05	-4.77003E-06	0
52.6	0.000017936	-5.44815E-06	0
52.62	1.73711E-05	-6.09069E-06	0
52.64	0.00001679	-6.69755E-06	0
52.66	1.61945E-05	-7.2687E-06	0
52.68	1.55863E-05	-7.80421E-06	0
52.7	1.49671E-05	-8.30421E-06	0
52.72	1.43386E-05	-8.76891E-06	0
52.74	1.37026E-05	-9.19858E-06	0
52.76	1.30606E-05	-9.59355E-06	0
52.78	1.24142E-05	-9.95423E-06	0
52.8	1.17649E-05	-1.02811E-05	0
52.82	1.11143E-05	-1.05746E-05	0
52.84	1.04636E-05	-1.08354E-05	0
52.86	9.81436E-06	-0.000011064	0
52.88	9.16784E-06	-1.12611E-05	0
52.9	8.52533E-06	-1.14275E-05	0
52.92	7.88804E-06	-1.15639E-05	0
52.94	7.25714E-06	-0.000011671	0
52.96	6.63373E-06	-1.17498E-05	0
52.98	6.01887E-06	-1.18009E-05	0
53	5.41356E-06	-1.18254E-05	0
53.02	4.81873E-06	-1.18242E-05	0
53.04	4.23528E-06	-1.17981E-05	0
53.06	3.66404E-06	-0.000011748	0
53.08	3.10577E-06	-1.16751E-05	0
53.1	2.5612E-06	-1.15802E-05	0
53.12	2.03098E-06	-1.14644E-05	0
53.14	1.51574E-06	-1.13286E-05	0
53.16	1.01601E-06	-1.11739E-05	0
53.18	5.32312E-07	-1.10012E-05	0
53.2	6.5084E-08	-1.08116E-05	0
53.22	-3.85273E-07	-1.06061E-05	0
53.24	-8.18412E-07	-1.03858E-05	0
53.26	-1.23404E-06	-1.01515E-05	0
53.28	-1.63189E-06	-9.90441E-06	0
53.3	-2.01178E-06	-9.6454E-06	0
53.32	-2.37355E-06	-9.37549E-06	0
53.34	-2.71708E-06	-9.09565E-06	0
53.36	-3.04231E-06	-8.80683E-06	0
53.38	-3.3492E-06	-8.50999E-06	0
53.4	-3.63778E-06	-8.20603E-06	0
53.42	-3.90809E-06	-7.89587E-06	0
53.44	-4.16022E-06	-7.5804E-06	0
53.46	-4.3943E-06	-7.26048E-06	0
53.48	-4.61049E-06	-6.93695E-06	0
53.5	-4.80898E-06	-6.61065E-06	0
53.52	-0.00000499	-6.28236E-06	0
53.54	-5.1538E-06	-5.95286E-06	0
53.56	-5.30065E-06	-5.62289E-06	0
53.58	-5.43087E-06	-5.29318E-06	0
53.6	-5.54478E-06	-4.96443E-06	0
53.62	-5.64275E-06	-4.63729E-06	0
53.64	-5.72514E-06	-4.31242E-06	0
53.66	-5.79236E-06	-3.99041E-06	0
53.68	-5.84481E-06	-3.67185E-06	0
53.7	-5.88294E-06	-3.3573E-06	0
53.72	-5.90718E-06	-3.04728E-06	0
53.74	-5.91799E-06	-2.74229E-06	0
53.76	-5.91585E-06	-2.44279E-06	0
53.78	-5.90123E-06	-2.14922E-06	0
53.8	-5.87464E-06	-0.000001862	0
53.82	-5.83656E-06	-1.58149E-06	0
53.84	-5.78751E-06	-1.30806E-06	0
53.86	-0.000005728	-1.04203E-06	0
53.88	-5.65853E-06	-7.8369E-07	0
53.9	-5.57963E-06	-5.33312E-07	0
53.92	-5.49182E-06	-2.91136E-07	0
53.94	-5.39561E-06	-5.73784E-08	0
53.96	-5.29153E-06	1.67773E-07	0
53.98	-5.18008E-06	3.84155E-07	0
54	-5.06178E-06	5.9163E-07	0
54.02	-4.93714E-06	7.90084E-07	0
54.04	-4.80666E-06	9.79426E-07	0
54.06	-4.67084E-06	1.15959E-06	0
54.08	-4.53017E-06	1.33053E-06	0
54.1	-4.38514E-06	1.49223E-06	0
54.12	-4.23621E-06	1.64467E-06	0
54.14	-4.08385E-06	1.78789E-06	0
54.16	-3.92852E-06	1.92192E-06	0
54.18	-3.77066E-06	2.0468E-06	0
54.2	-3.6107E-06	2.16263E-06	0
54.22	-3.44908E-06	2.26948E-06	0
54.24	-3.28619E-06	2.36746E-06	0
54.26	-3.12243E-06	2.4567E-06	0
54.28	-2.9582E-06	2.53733E-06	0
54.3	-2.79385E-06	2.6095E-06	0
54.32	-2.62976E-06	2.67337E-06	0
54.34	-2.46626E-06	2.72912E-06	0
54.36	-2.30367E-06	2.77693E-06	0
54.38	-2.14233E-06	2.81701E-06	0
54.4	-1.98253E-06	2.84954E-06	0
54.42	-1.82454E-06	2.87476E-06	0
54.44	-1.66866E-06	2.89287E-06	0
54.46	-1.51512E-06	2.90411E-06	0
54.48	-1.36419E-06	2.90872E-06	0
54.5	-1.21607E-06	2.90693E-06	0
54.52	-1.07099E-06	2.89899E-06	0
54.54	-9.29136E-07	2.88515E-06	0
54.56	-7.90702E-07	2.86567E-06	0
54.58	-6.55853E-07	2.84079E-06	0
54.6	-5.24744E-07	2.81078E-06	0
54.62	-3.97517E-07	2.7759E-06	0
54.64	-2.74298E-07	2.73641E-06	0
54.66	-1.55202E-07	2.69256E-06	0
54.68	-4.03283E-08	2.64462E-06	0
54.7	7.02348E-08	2.59285E-06	0
54.72	1.76413E-07	2.5375E-06	0
54.74	2.78143E-07	2.47884E-06	0
54.76	3.75375E-07	2.4171E-06	0
54.78	4.68071E-07	2.35255E-06	0
54.8	5.56203E-07	2.28544E-06	0
54.82	6.39754E-07	2.21599E-06	0
54.84	7.1872E-07	2.14446E-06	0
54.86	7.93104E-07	2.07108E-06	0
54.88	8.62921E-07	1.99608E-06	0
54.9	9.28194E-07	1.91968E-06	0
54.92	9.88957E-07	1.8421E-06	0
54.94	1.04525E-06	1.76355E-06	0
54.96	1.09712E-06	1.68425E-06	0
54.98	1.14464E-06	1.60438E-06	0
55	1.18785E-06	1.52416E-06	0
55.02	1.22684E-06	1.44376E-06	0
55.04	1.26167E-06	1.36337E-06	0
55.06	1.29245E-06	1.28315E-06	0
55.08	1.31925E-06	1.20328E-06	0
55.1	1.34217E-06	1.12392E-06	0
55.12	1.36131E-06	1.04522E-06	0
55.14	1.37678E-06	9.67328E-07	0
55.16	1.38868E-06	8.90376E-07	0
55.18	1.39712E-06	8.14497E-07	0
55.2	1.40222E-06	7.39815E-07	0
55.22	1.40411E-06	6.66446E-07	0
55.24	1.40289E-06	5.94498E-07	0
55.26	1.39869E-06	5.24072E-07	0
55.28	1.39165E-06	4.55264E-07	0
55.3	1.38187E-06	3.88159E-07	0
55.32	1.36949E-06	3.22837E-07	0
55.34	1.35464E-06	2.59372E-07	0
55.36	1.33745E-06	1.97828E-07	0
55.38	1.31804E-06	1.38266E-07	0
55.4	1.29655E-06	8.07381E-08	0
55.42	1.27309E-06	2.52896E-08	0
55.44	1.24781E-06	-2.80393E-08	0
55.46	1.22081E-06	-7.92153E-08	0
55.48	1.19224E-06	-1.28211E-07	0
55.5	1.16222E-06	-1.75004E-07	0
55.52	1.13086E-06	-2.19579E-07	0
55.54	1.09829E-06	-2.61926E-07	0
55.56	1.06462E-06	-3.02039E-07	0
55.58	1.02997E-06	-3.39919E-07	0
55.6	9.94463E-07	-3.75569E-07	0
55.62	9.582E-07	-4.09001E-07	0
55.64	9.21293E-07	-4.40227E-07	0
55.66	8.83848E-07	-4.69266E-07	0
55.68	8.45967E-07	-4.96142E-07	0
55.7	8.0775E-07	-5.20879E-07	0
55.72	7.69294E-07	-5.43508E-07	0
55.74	7.30693E-07	-5.64063E-07	0
55.76	6.92036E-07	-5.82581E-07	0
55.78	6.5341E-07	-5.991E-07	0
55.8	6.14898E-07	-6.13664E-07	0
55.82	5.76581E-07	-6.26319E-07	0
55.84	5.38534E-07	-6.37111E-07	0
55.86	5.00829E-07	-6.46091E-07	0
55.88	4.63536E-07	-6.53311E-07	0
55.9	4.2672E-07	-6.58824E-07	0
55.92	3.90443E-07	-6.62686E-07	0
55.94	3.54762E-07	-6.64954E-07	0
55.96	3.19733E-07	-6.65686E-07	0
55.98	2.85406E-07	-6.64942E-07	0
56	2.51829E-07	-6.62781E-07	0
56.02	2.19045E-07	-6.59265E-07	0
56.04	1.87095E-07	-6.54455E-07	0
56.06	1.56015E-07	-6.48413E-07	0
56.08	1.2584E-07	-6.41202E-07	0
56.1	9.65988E-08	-6.32883E-07	0
56.12	6.83191E-08	-6.23519E-07	0
56.14	4.10244E-08	-6.13173E-07	0
56.16	1.47353E-08	-6.01905E-07	0
56.18	-1.05304E-08	-5.89779E-07	0
56.2	-3.47583E-08	-5.76854E-07	0
56.22	-5.79366E-08	-5.6319E-07	0
56.24	-8.00562E-08	-5.48848E-07	0
56.26	-1.01111E-07	-5.33887E-07	0
56.28	-1.21097E-07	-5.18362E-07	0
56.3	-1.40014E-07	-5.02333E-07	0
56.32	-1.57862E-07	-4.85853E-07	0
56.34	-1.74646E-07	-4.68977E-07	0
56.36	-1.9037E-07	-4.51759E-07	0
56.38	-2.05044E-07	-4.34249E-07	0
56.4	-2.18676E-07	-4.16498E-07	0
56.42	-2.31279E-07	-3.98555E-07	0
56.44	-2.42867E-07	-3.80468E-07	0
56.46	-2.53454E-07	-3.62281E-07	0
56.48	-2.63058E-07	-3.44038E-07	0
56.5	-2.71697E-07	-3.25783E-07	0
56.52	-2.79392E-07	-3.07556E-07	0
56.54	-2.86162E-07	-2.89396E-07	0
56.56	-2.92031E-07	-2.7134E-07	0
56.58	-2.97022E-07	-2.53424E-07	0
56.6	-3.0116E-07	-2.35682E-07	0
56.62	-3.0447E-07	-2.18146E-07	0
56.64	-3.06978E-07	-2.00846E-07	0
56.66	-3.08711E-07	-1.83811E-07	0
56.68	-3.09696E-07	-1.67068E-07	0
56.7	-3.09963E-07	-1.50641E-07	0
56.72	-3.09539E-07	-1.34555E-07	0
56.74	-3.08453E-07	-1.18831E-07	0
56.76	-3.06735E-07	-1.03489E-07	0
56.78	-3.04414E-07	-8.8547E-08	0
56.8	-3.0152E-07	-7.40225E-08	0
56.82	-2.98083E-07	-5.99303E-08	0
56.84	-2.94132E-07	-4.6284E-08	0
56.86	-2.89697E-07	-3.30955E-08	0
56.88	-2.84807E-07	-2.03755E-08	0
56.9	-2.79492E-07	-8.13283E-09	0
56.92	-2.73782E-07	3.62477E-09	0
56.94	-2.67704E-07	1.48911E-08	0
56.96	-2.61287E-07	2.56614E-08	0
56.98	-2.5456E-07	3.59319E-08	0
57	-2.4755E-07	4.57005E-08	0
57.02	-2.40284E-07	5.4966E-08	0
57.04	-2.32788E-07	6.37285E-08	0
57.06	-2.2509E-07	7.19892E-08	0
57.08	-2.17213E-07	7.97503E-08	0
57.1	-2.09184E-07	8.70153E-08	0
57.12	-2.01025E-07	9.37883E-08	0
57.14	-1.92761E-07	1.00074E-07	0
57.16	-1.84414E-07	1.0588E-07	0
57.18	-1.76006E-07	1.11212E-07	0
57.2	-1.67558E-07	1.16077E-07	0
57.22	-1.59091E-07	1.20485E-07	0
57.24	-1.50624E-07	1.24444E-07	0
57.26	-1.42177E-07	1.27964E-07	0
57.28	-1.33766E-07	1.31056E-07	0
57.3	-1.25409E-07	1.3373E-07	0
57.32	-1.17124E-07	1.35997E-07	0
57.34	-1.08924E-07	1.3787E-07	0
57.36	-1.00825E-07	1.3936E-07	0
57.38	-9.284E-08	1.4048E-07	0
57.4	-8.49831E-08	1.41242E-07	0
57.42	-7.7266E-08	1.41661E-07	0
57.44	-6.97001E-08	1.41749E-07	0
57.46	-6.22959E-08	1.4152E-07	0
57.48	-5.50634E-08	1.40987E-07	0
57.5	-4.80114E-08	1.40165E-07	0
57.52	-4.11481E-08	1.39066E-07	0
57.54	-3.4481E-08	1.37706E-07	0
57.56	-2.80168E-08	1.36098E-07	0
57.58	-2.17615E-08	1.34256E-07	0
57.6	-1.57203E-08	1.32193E-07	0
57.62	-9.89773E-09	1.29925E-07	0
57.64	-4.29771E-09	1.27463E-07	0
57.66	1.07659E-09	1.24822E-07	0
57.68	6.22258E-09	1.22016E-07	0
57.7	1.11383E-08	1.19057E-07	0
57.72	1.58225E-08	1.15958E-07	0
57.74	2.02742E-08	1.12732E-07	0
57.76	2.44934E-08	1.09392E-07	0
57.78	2.84803E-08	1.05951E-07	0
57.8	3.22358E-08	1.02419E-07	0
57.82	3.57611E-08	9.88081E-08	0
57.84	3.90581E-08	9.51306E-08	0
57.86	4.21289E-08	9.13972E-08	0
57.88	4.49763E-08	8.76184E-08	0
57.9	4.76031E-08	8.38048E-08	0
57.92	5.00129E-08	7.99662E-08	0
57.94	5.22093E-08	7.61124E-08	0
57.96	5.41965E-08	7.22526E-08	0
57.98	5.59788E-08	6.83957E-08	0
58	5.75608E-08	6.45502E-08	0
58.02	5.89474E-08	6.07243E-08	0
58.04	6.01439E-08	5.69258E-08	0
58.06	6.11556E-08	5.31619E-08	0
58.08	6.19879E-08	4.94397E-08	0
58.1	6.26466E-08	4.57657E-08	0
58.12	6.31377E-08	4.21462E-08	0
58.14	6.3467E-08	3.8587E-08	0
58.16	6.36408E-08	3.50934E-08	0
58.18	6.36652E-08	3.16707E-08	0
58.2	6.35464E-08	2.83234E-08	0
58.22	6.32909E-08	2.50558E-08	0
58.24	6.29051E-08	2.1872E-08	0
58.26	6.23953E-08	1.87755E-08	0
58.28	6.17679E-08	1.57696E-08	0
58.3	6.10294E-08	1.28572E-08	0
58.32	6.01862E-08	1.00408E-08	0
58.34	5.92446E-08	7.32269E-09	0
58.36	5.8211E-08	4.7048E-09	0
58.38	5.70915E-08	2.18874E-09	0
58.4	5.58925E-08	-2.24165E-10	0
58.42	5.46199E-08	-2.53289E-09	0
58.44	5.32798E-08	-4.73669E-09	0
58.46	5.1878E-08	-6.83508E-09	0
58.48	5.04205E-08	-8.82785E-09	0
58.5	4.89129E-08	-1.0715E-08	0
58.52	4.73606E-08	-1.24969E-08	0
58.54	4.57692E-08	-1.41739E-08	0
58.56	4.41439E-08	-1.57468E-08	0
58.58	4.24898E-08	-1.72165E-08	0
58.6	4.08118E-08	-1.85841E-08	0
58.62	3.91149E-08	-1.9851E-08	0
58.64	3.74036E-08	-2.10185E-08	0
58.66	3.56825E-08	-2.20883E-08	0
58.68	3.39558E-08	-2.30623E-08	0
58.7	3.22276E-08	-2.39423E-08	0
58.72	3.0502E-08	-2.47304E-08	0
58.74	2.87828E-08	-2.54288E-08	0
58.76	2.70735E-08	-2.60397E-08	0
58.78	2.53776E-08	-2.65656E-08	0
58.8	2.36983E-08	-2.7009E-08	0
58.82	2.20388E-08	-2.73724E-08	0
58.84	2.04019E-08	-2.76584E-08	0
58.86	1.87903E-08	-2.78697E-08	0
58.88	1.72067E-08	-2.80092E-08	0
58.9	1.56533E-08	-2.80796E-08	0
58.92	1.41324E-08	-2.80837E-08	0
58.94	1.26461E-08	-2.80244E-08	0
58.96	1.11962E-08	-2.79045E-08	0
58.98	9.78432E-09	-2.77271E-08	0
59	8.41213E-09	-2.7495E-08	0
59.02	7.08099E-09	-2.7211E-08	0
59.04	5.79212E-09	-2.68781E-08	0
59.06	4.54661E-09	-2.64992E-08	0
59.08	3.3454E-09	-2.60772E-08	0
59.1	2.18928E-09	-2.56148E-08	0
59.12	1.07892E-09	-2.51149E-08	0
59.14	1.48341E-11	-2.45803E-08	0
59.16	-1.00257E-09	-2.40136E-08	0
59.18	-1.97302E-09	-2.34177E-08	0
59.2	-2.89637E-09	-2.2795E-08	0
59.22	-3.77256E-09	-2.21482E-08	0
59.24	-4.60169E-09	-2.14798E-08	0
59.26	-5.38391E-09	-2.07924E-08	0
59.28	-6.1195E-09	-2.00882E-08	0
59.3	-6.80884E-09	-1.93696E-08	0
59.32	-7.45238E-09	-1.86389E-08	0
59.34	-8.05066E-09	-1.78982E-08	0
59.36	-8.60431E-09	-1.71498E-08	0
59.38	-9.11404E-09	-1.63956E-08	0
59.4	-9.58059E-09	-1.56377E-08	0
59.42	-1.00048E-08	-1.48778E-08	0
59.44	-1.03876E-08	-1.41179E-08	0
59.46	-1.07299E-08	-1.33597E-08	0
59.48	-1.10328E-08	-1.26047E-08	0
59.5	-1.12972E-08	-1.18547E-08	0
59.52	-1.15242E-08	-1.1111E-08	0
59.54	-1.17151E-08	-1.03752E-08	0
59.56	-1.18709E-08	-9.64845E-09	0
59.58	-1.19929E-08	-8.93213E-09	0
59.6	-1.20822E-08	-8.22739E-09	0
59.62	-1.21401E-08	-7.53531E-09	0
59.64	-1.21679E-08	-6.85692E-09	0
59.66	-1.21668E-08	-6.19317E-09	0
59.68	-1.21381E-08	-5.54492E-09	0
59.7	-1.20831E-08	-4.91297E-09	0
59.72	-1.20031E-08	-4.29804E-09	0
59.74	-1.18994E-08	-3.70079E-09	0
59.76	-1.17733E-08	-3.12178E-09	0
59.78	-1.1626E-08	-2.56155E-09	0
59.8	-1.14589E-08	-2.02053E-09	0
59.82	-1.12732E-08	-1.49912E-09	0
59.84	-1.10701E-08	-9.97623E-10	0
59.86	-1.08509E-08	-5.16314E-10	0
59.88	-1.06168E-08	-5.53949E-11	0
59.9	-1.0369E-08	3.84988E-10	0
59.92	-1.01088E-08	8.04742E-10	0
59.94	-9.83712E-09	1.20382E-09	0
59.96	-9.55526E-09	1.58224E-09	0
59.98	-9.26428E-09	1.94005E-09	0
60	-8.96525E-09	2.27735E-09	0
60.02	-8.65922E-09	2.59428E-09	0
60.04	-8.34721E-09	2.89103E-09	0
60.06	-8.0302E-09	3.16782E-09	0
60.08	-7.70914E-09	3.4249E-09	0
60.1	-7.38495E-09	3.66258E-09	0
60.12	-7.05852E-09	3.88117E-09	0
60.14	-6.73069E-09	4.08103E-09	0
60.16	-6.40229E-09	4.26255E-09	0
60.18	-6.07409E-09	4.42611E-09	0
60.2	-5.74684E-09	4.57217E-09	0
60.22	-5.42125E-09	4.70116E-09	0
60.24	-5.098E-09	4.81356E-09	0
60.26	-4.77772E-09	4.90986E-09	0
60.28	-4.46102E-09	4.99057E-09	0
60.3	-4.14846E-09	5.05619E-09	0
60.32	-3.84058E-09	5.10726E-09	0
60.34	-3.53788E-09	5.14431E-09	0
60.36	-3.24082E-09	5.1679E-09	0
60.38	-2.94983E-09	5.17857E-09	0
60.4	-2.6653E-09	5.17689E-09	0
60.42	-2.38761E-09	5.16343E-09	0
60.44	-2.11708E-09	5.13873E-09	0
60.46	-1.85401E-09	5.10337E-09	0
60.48	-1.59867E-09	5.05792E-09	0
60.5	-1.3513E-09	5.00293E-09	0
60.52	-1.11212E-09	4.93897E-09	0
60.54	-8.81291E-10	4.86659E-09	0
60.56	-6.58981E-10	4.78633E-09	0
60.58	-4.45312E-10	4.69875E-09	0
60.6	-2.40387E-10	4.60438E-09	0
60.62	-4.4281E-11	4.50374E-09	0
60.64	1.42953E-10	4.39735E-09	0
60.66	3.21287E-10	4.28573E-09	0
60.68	4.90712E-10	4.16936E-09	0
60.7	6.51244E-10	4.04873E-09	0
60.72	8.02915E-10	3.92432E-09	0
60.74	9.4578E-10	3.79659E-09	0
60.76	1.07991E-09	3.66598E-09	0
60.78	1.20539E-09	3.53293E-09	0
60.8	1.32233E-09	3.39785E-09	0
60.82	1.43084E-09	3.26116E-09	0
60.84	1.53107E-09	3.12324E-09	0
60.86	1.62315E-09	2.98448E-09	0
60.88	1.70724E-09	2.84522E-09	0
60.9	1.78353E-09	2.70582E-09	0
60.92	1.85218E-09	2.56661E-09	0
60.94	1.9134E-09	2.42789E-09	0
60.96	1.96737E-09	2.28998E-09	0
60.98	2.01431E-09	2.15315E-09	0
61	2.05443E-09	2.01767E-09	0
61.02	2.08794E-09	1.8838E-09	0
61.04	2.11509E-09	1.75176E-09	0
61.06	2.13609E-09	1.62179E-09	0
61.08	2.15118E-09	1.49409E-09	0
61.1	2.1606E-09	1.36885E-09	0
61.12	2.16459E-09	1.24626E-09	0
61.14	2.16338E-09	1.12646E-09	0
61.16	2.15722E-09	1.00963E-09	0
61.18	2.14636E-09	8.95875E-10	0
61.2	2.13104E-09	7.85336E-10	0
61.22	2.11149E-09	6.78117E-10	0
61.24	2.08796E-09	5.74314E-10	0
61.26	2.06069E-09	4.74011E-10	0
61.28	2.02992E-09	3.7728E-10	0
61.3	1.99587E-09	2.84181E-10	0
61.32	1.95879E-09	1.94762E-10	0
61.34	1.91889E-09	1.09062E-10	0
61.36	1.8764E-09	2.71081E-11	0
61.38	1.83154E-09	-5.10829E-11	0
61.4	1.78453E-09	-1.25503E-10	0
61.42	1.73557E-09	-1.96154E-10	0
61.44	1.68488E-09	-2.63045E-10	0
61.46	1.63264E-09	-3.26196E-10	0
61.48	1.57905E-09	-3.85634E-10	0
61.5	1.52431E-09	-4.41391E-10	0
61.52	1.46859E-09	-4.9351E-10	0
61.54	1.41206E-09	-5.42037E-10	0
61.56	1.35491E-09	-5.87028E-10	0
61.58	1.29728E-09	-6.28542E-10	0
61.6	1.23935E-09	-6.66644E-10	0
61.62	1.18125E-09	-7.01405E-10	0
61.64	1.12314E-09	-7.32898E-10	0
61.66	1.06514E-09	-7.61204E-10	0
61.68	1.00739E-09	-7.86406E-10	0
61.7	9.50014E-10	-8.08588E-10	0
61.72	8.93128E-10	-8.27842E-10	0
61.74	8.36842E-10	-8.44259E-10	0
61.76	7.8126E-10	-8.57933E-10	0
61.78	7.26479E-10	-8.68962E-10	0
61.8	6.7259E-10	-8.77443E-10	0
61.82	6.19677E-10	-8.83477E-10	0
61.84	5.67819E-10	-8.87164E-10	0
61.86	5.17088E-10	-8.88606E-10	0
61.88	4.6755E-10	-8.87905E-10	0
61.9	4.19265E-10	-8.85164E-10	0
61.92	3.72287E-10	-8.80485E-10	0
61.94	3.26666E-10	-8.7397E-10	0
61.96	2.82444E-10	-8.65722E-10	0
61.98	2.3966E-10	-8.55841E-10	0
62	1.98346E-10	-8.44428E-10	0
62.02	1.58531E-10	-8.31583E-10	0
62.04	1.20236E-10	-8.17402E-10	0
62.06	8.34799E-11	-8.01982E-10	0
62.08	4.82769E-11	-7.85419E-10	0
62.1	1.46361E-11	-7.67805E-10	0
62.12	-1.74372E-11	-7.49232E-10	0
62.14	-4.79418E-11	-7.29788E-10	0
62.16	-7.68801E-11	-7.09561E-10	0
62.18	-1.04258E-10	-6.88636E-10	0
62.2	-1.30086E-10	-6.67096E-10	0
62.22	-1.54375E-10	-6.45019E-10	0
62.24	-1.77142E-10	-6.22484E-10	0
62.26	-1.98406E-10	-5.99565E-10	0
62.28	-2.18187E-10	-5.76335E-10	0
62.3	-2.3651E-10	-5.52864E-10	0
62.32	-2.53401E-10	-5.29218E-10	0
62.34	-2.68888E-10	-5.05462E-10	0
62.36	-2.83001E-10	-4.81657E-10	0
62.38	-2.95773E-10	-4.57861E-10	0
62.4	-3.07237E-10	-4.34131E-10	0
62.42	-3.17428E-10	-4.10518E-10	0
62.44	-3.26384E-10	-3.87075E-10	0
62.46	-3.34142E-10	-3.63847E-10	0
62.48	-3.40741E-10	-3.40879E-10	0
62.5	-3.46221E-10	-3.18214E-10	0
62.52	-3.50622E-10	-2.9589E-10	0
62.54	-3.53986E-10	-2.73944E-10	0
62.56	-3.56354E-10	-2.5241E-10	0
62.58	-3.57769E-10	-2.3132E-10	0
62.6	-3.58273E-10	-2.10701E-10	0
62.62	-3.57907E-10	-1.9058E-10	0
62.64	-3.56716E-10	-1.70981E-10	0
62.66	-3.54741E-10	-1.51925E-10	0
62.68	-3.52025E-10	-1.33432E-10	0
62.7	-3.4861E-10	-1.15517E-10	0
62.72	-3.44537E-10	-9.81969E-11	0
62.74	-3.39848E-10	-8.14828E-11	0
62.76	-3.34584E-10	-6.53855E-11	0
62.78	-3.28784E-10	-4.99135E-11	0
62.8	-3.22489E-10	-3.50734E-11	0
62.82	-3.15737E-10	-2.087E-11	0
62.84	-3.08567E-10	-7.30641E-12	0
62.86	-3.01015E-10	5.61612E-12	0
62.88	-2.93118E-10	1.78978E-11	0
62.9	-2.84911E-10	2.95404E-11	0
62.92	-2.7643E-10	4.05471E-11	0
62.94	-2.67706E-10	5.09225E-11	0
62.96	-2.58774E-10	6.06724E-11	0
62.98	-2.49664E-10	6.9804E-11	0
63	-2.40406E-10	7.83254E-11	0
63.02	-2.3103E-10	8.6246E-11	0
63.04	-2.21564E-10	9.35759E-11	0
63.06	-2.12034E-10	1.00326E-10	0
63.08	-2.02467E-10	1.0651E-10	0
63.1	-1.92887E-10	1.12138E-10	0
63.12	-1.83318E-10	1.17226E-10	0
63.14	-1.73781E-10	1.21787E-10	0
63.16	-1.64299E-10	1.25835E-10	0
63.18	-1.54891E-10	1.29387E-10	0
63.2	-1.45575E-10	1.32458E-10	0
63.22	-1.36371E-10	1.35063E-10	0
63.24	-1.27293E-10	1.3722E-10	0
63.26	-1.18358E-10	1.38945E-10	0
63.28	-1.0958E-10	1.40256E-10	0
63.3	-1.00973E-10	1.41168E-10	0
63.32	-9.25478E-11	1.417E-10	0
63.34	-8.43168E-11	1.41869E-10	0
63.36	-7.62899E-11	1.41692E-10	0
63.38	-6.84762E-11	1.41186E-10	0
63.4	-6.08841E-11	1.4037E-10	0
63.42	-5.35208E-11	1.39259E-10	0
63.44	-4.63928E-11	1.37871E-10	0
63.46	-3.95056E-11	1.36223E-10	0
63.48	-3.28639E-11	1.34332E-10	0
63.5	-2.64716E-11	1.32214E-10	0
63.52	-2.03317E-11	1.29885E-10	0
63.54	-1.44465E-11	1.27361E-10	0
63.56	-8.81776E-12	1.24659E-10	0
63.58	-3.44621E-12	1.21792E-10	0
63.6	1.66786E-12	1.18777E-10	0
63.62	6.52485E-12	1.15627E-10	0
63.64	1.11258E-11	1.12357E-10	0
63.66	1.54722E-11	1.08981E-10	0
63.68	1.95662E-11	1.05512E-10	0
63.7	2.34105E-11	1.01963E-10	0
63.72	2.7008E-11	9.83455E-11	0
63.74	3.03624E-11	9.46729E-11	0
63.76	3.34776E-11	9.09562E-11	0
63.78	3.63579E-11	8.72066E-11	0
63.8	3.9008E-11	8.34348E-11	0
63.82	4.14329E-11	7.96508E-11	0
63.84	4.3638E-11	7.58645E-11	0
63.86	4.56287E-11	7.20849E-11	0
63.88	4.7411E-11	6.8321E-11	0
63.9	4.89909E-11	6.4581E-11	0
63.92	5.03746E-11	6.08727E-11	0
63.94	5.15684E-11	5.72035E-11	0
63.96	5.25791E-11	5.35802E-11	0
63.98	5.34131E-11	5.00094E-11	0
64	5.40773E-11	4.6497E-11	0
64.02	5.45786E-11	4.30486E-11	0
64.04	5.49237E-11	3.96694E-11	0
64.06	5.51197E-11	3.6364E-11	0
64.08	5.51736E-11	3.31367E-11	0
64.1	5.50921E-11	2.99915E-11	0
64.12	5.48824E-11	2.69318E-11	0
64.14	5.45513E-11	2.39608E-11	0
64.16	5.41056E-11	2.10813E-11	0
64.18	5.35522E-11	1.82955E-11	0
64.2	5.28978E-11	1.56057E-11	0
64.22	5.2149E-11	1.30134E-11	0
64.24	5.13123E-11	1.05201E-11	0
64.26	5.03941E-11	8.12689E-12	0
64.28	4.94008E-11	5.8345E-12	0
64.3	4.83385E-11	3.64346E-12	0
64.32	4.72133E-11	1.55399E-12	0
64.34	4.60309E-11	-4.33941E-13	0
64.36	4.47973E-11	-2.32061E-12	0
64.38	4.35178E-11	-4.10651E-12	0
64.4	4.2198E-11	-5.79239E-12	0
64.42	4.0843E-11	-7.37918E-12	0
64.44	3.94578E-11	-8.86801E-12	0
64.46	3.80475E-11	-1.02602E-11	0
64.48	3.66166E-11	-1.15572E-11	0
64.5	3.51697E-11	-1.27607E-11	0
64.52	3.3711E-11	-1.38725E-11	0
64.54	3.22448E-11	-1.48944E-11	0
64.56	3.07749E-11	-1.58286E-11	0
64.58	2.93051E-11	-1.66771E-11	0
64.6	2.7839E-11	-1.74423E-11	0
64.62	2.638E-11	-1.81265E-11	0
64.64	2.49312E-11	-1.87321E-11	0
64.66	2.34956E-11	-1.92616E-11	0
64.68	2.20761E-11	-1.97175E-11	0
64.7	2.06753E-11	-2.01026E-11	0
64.72	1.92957E-11	-2.04194E-11	0
64.74	1.79396E-11	-2.06706E-11	0
64.76	1.6609E-11	-2.08589E-11	0
64.78	1.5306E-11	-2.0987E-11	0
64.8	1.40323E-11	-2.10578E-11	0
64.82	1.27894E-11	-2.10739E-11	0
64.84	1.1579E-11	-2.1038E-11	0
64.86	1.04022E-11	-2.09529E-11	0
64.88	9.26029E-12	-2.08213E-11	0
64.9	8.15423E-12	-2.06459E-11	0
64.92	7.08489E-12	-2.04293E-11	0
64.94	6.05304E-12	-2.01742E-11	0
64.96	5.05926E-12	-1.98831E-11	0
64.98	4.10407E-12	-1.95586E-11	0
65	3.18781E-12	-1.92032E-11	0
65.02	2.31075E-12	-1.88193E-11	0
65.04	1.47303E-12	-1.84093E-11	0
65.06	6.74694E-13	-1.79755E-11	0
65.08	-8.43213E-14	-1.75202E-11	0
65.1	-8.04166E-13	-1.70457E-11	0
65.12	-1.48508E-12	-1.65541E-11	0
65.14	-2.12739E-12	-1.60474E-11	0
65.16	-2.73149E-12	-1.55276E-11	0
65.18	-3.29786E-12	-1.49968E-11	0
65.2	-3.82705E-12	-1.44567E-11	0
65.22	-4.31966E-12	-1.39092E-11	0
65.24	-4.77636E-12	-1.3356E-11	0
65.26	-5.19788E-12	-1.27987E-11	0
65.28	-5.58497E-12	-1.22389E-11	0
65.3	-5.93847E-12	-1.16781E-11	0
65.32	-6.25923E-12	-1.11178E-11	0
65.34	-6.54814E-12	-1.05592E-11	0
65.36	-6.80613E-12	-1.00037E-11	0
65.38	-7.03416E-12	-9.45252E-12	0
65.4	-7.23321E-12	-8.9067E-12	0
65.42	-7.40428E-12	-8.36736E-12	0
65.44	-7.54839E-12	-7.83547E-12	0
65.46	-7.66657E-12	-7.31196E-12	0
65.48	-7.75988E-12	-6.79769E-12	0
65.5	-7.82937E-12	-6.29345E-12	0
65.52	-7.87608E-12	-5.79995E-12	0
65.54	-7.90109E-12	-5.31785E-12	0
65.56	-7.90545E-12	-4.84776E-12	0
65.58	-7.89022E-12	-4.39021E-12	0
65.6	-7.85645E-12	-3.94568E-12	0
65.62	-7.80518E-12	-3.51458E-12	0
65.64	-7.73744E-12	-3.09729E-12	0
65.66	-7.65425E-12	-2.69412E-12	0
65.68	-7.55662E-12	-2.30533E-12	0
65.7	-7.44553E-12	-1.93114E-12	0
65.72	-7.32196E-12	-1.5717E-12	0
65.74	-7.18686E-12	-1.22715E-12	0
65.76	-7.04116E-12	-8.97557E-13	0
65.78	-6.88576E-12	-5.82958E-13	0
65.8	-6.72157E-12	-2.83351E-13	0
65.82	-6.54943E-12	1.30092E-15	0
65.84	-6.37019E-12	2.71074E-13	0
65.86	-6.18466E-12	5.26076E-13	0
65.88	-5.99362E-12	7.66444E-13	0
65.9	-5.79784E-12	9.92348E-13	0
65.92	-5.59804E-12	1.20398E-12	0
65.94	-5.39493E-12	1.40156E-12	0
65.96	-5.18918E-12	1.58534E-12	0
65.98	-4.98144E-12	1.75558E-12	0
66	-4.77233E-12	1.91256E-12	0
66.02	-4.56243E-12	2.05659E-12	0
66.04	-4.35231E-12	2.18799E-12	0
66.06	-4.1425E-12	2.30709E-12	0
66.08	-3.93351E-12	2.41425E-12	0
66.1	-3.72579E-12	2.50981E-12	0
66.12	-3.51982E-12	2.59415E-12	0
66.14	-3.316E-12	2.66765E-12	0
66.16	-3.11472E-12	2.7307E-12	0
66.18	-2.91636E-12	2.78368E-12	0
66.2	-2.72125E-12	2.82699E-12	0
66.22	-2.52971E-12	2.86104E-12	0
66.24	-2.34202E-12	2.88622E-12	0
66.26	-2.15845E-12	2.90293E-12	0
66.28	-1.97923E-12	2.91159E-12	0
66.3	-1.80459E-12	2.91259E-12	0
66.32	-1.63472E-12	2.90632E-12	0
66.34	-1.46978E-12	2.8932E-12	0
66.36	-1.30994E-12	2.87361E-12	0
66.38	-1.15531E-12	2.84795E-12	0
66.4	-1.006E-12	2.81658E-12	0
66.42	-8.62121E-13	2.77991E-12	0
66.44	-7.23728E-13	2.73829E-12	0
66.46	-5.90881E-13	2.69209E-12	0
66.48	-4.63617E-13	2.64166E-12	0
66.5	-3.41959E-13	2.58737E-12	0
66.52	-2.25914E-13	2.52954E-12	0
66.54	-1.15474E-13	2.4685E-12	0
66.56	-1.06175E-14	2.40458E-12	0
66.58	8.86884E-14	2.33809E-12	0
66.6	1.8249E-13	2.26934E-12	0
66.62	2.70846E-13	2.19861E-12	0
66.64	3.53823E-13	2.12618E-12	0
66.66	4.31499E-13	2.05232E-12	0
66.68	5.03963E-13	1.97731E-12	0
66.7	5.71308E-13	1.90137E-12	0
66.72	6.3364E-13	1.82476E-12	0
66.74	6.91067E-13	1.7477E-12	0
66.76	7.43708E-13	1.6704E-12	0
66.78	7.91685E-13	1.59308E-12	0
66.8	8.35126E-13	1.51593E-12	0
66.82	8.74164E-13	1.43912E-12	0
66.84	9.08936E-13	1.36284E-12	0
66.86	9.39581E-13	1.28724E-12	0
66.88	9.66243E-13	1.21249E-12	0
66.9	9.89067E-13	1.13872E-12	0
66.92	1.0082E-12	1.06606E-12	0
66.94	1.02379E-12	9.94642E-13	0
66.96	1.036E-12	9.24573E-13	0
66.98	1.04496E-12	8.55957E-13	0
67	1.05083E-12	7.88889E-13	0
67.02	1.05376E-12	7.23454E-13	0
67.04	1.0539E-12	6.5973E-13	0
67.06	1.0514E-12	5.97785E-13	0
67.08	1.04641E-12	5.37678E-13	0
67.1	1.03907E-12	4.79463E-13	0
67.12	1.02953E-12	4.23183E-13	0
67.14	1.01792E-12	3.68878E-13	0
67.16	1.0044E-12	3.16577E-13	0
67.18	9.89088E-13	2.66304E-13	0
67.2	9.72128E-13	2.18077E-13	0
67.22	9.5365E-13	1.71907E-13	0
67.24	9.33781E-13	1.27799E-13	0
67.26	9.12646E-13	8.57551E-14	0
67.28	8.90366E-13	4.57684E-14	0
67.3	8.67059E-13	7.82943E-15	0
67.32	8.42839E-13	-2.80766E-14	0
67.34	8.17816E-13	-6.19687E-14	0
67.36	7.92097E-13	-9.387E-14	0
67.38	7.65783E-13	-1.23807E-13	0
67.4	7.38973E-13	-1.51811E-13	0
67.42	7.11762E-13	-1.77916E-13	0
67.44	6.84239E-13	-2.02157E-13	0
67.46	6.56491E-13	-2.24574E-13	0
67.48	6.28601E-13	-2.4521E-13	0
67.5	6.00645E-13	-2.64109E-13	0
67.52	5.72699E-13	-2.81316E-13	0
67.54	5.44832E-13	-2.9688E-13	0
67.56	5.17111E-13	-3.10851E-13	0
67.58	4.89597E-13	-3.23279E-13	0
67.6	4.62349E-13	-3.34217E-13	0
67.62	4.35421E-13	-3.43717E-13	0
67.64	4.08865E-13	-3.51835E-13	0
67.66	3.82726E-13	-3.58623E-13	0
67.68	3.57049E-13	-3.64137E-13	0
67.7	3.31874E-13	-3.68433E-13	0
67.72	3.07236E-13	-3.71565E-13	0
67.74	2.83169E-13	-3.73589E-13	0
67.76	2.59704E-13	-3.7456E-13	0
67.78	2.36866E-13	-3.74533E-13	0
67.8	2.14679E-13	-3.73563E-13	0
67.82	1.93165E-13	-3.71702E-13	0
67.84	1.72341E-13	-3.69005E-13	0
67.86	1.52222E-13	-3.65523E-13	0
67.88	1.32821E-13	-3.61309E-13	0
67.9	1.14148E-13	-3.56412E-13	0
67.92	9.6211E-14	-3.50883E-13	0
67.94	7.90147E-14	-3.44771E-13	0
67.96	6.25626E-14	-3.38121E-13	0
67.98	4.68558E-14	-3.30982E-13	0
68	3.18935E-14	-3.23397E-13	0
68.02	1.7673E-14	-3.15411E-13	0
68.04	4.18978E-15	-3.07065E-13	0
68.06	-8.56213E-15	-2.98401E-13	0
68.08	-2.05904E-14	-2.89458E-13	0
68.1	-3.1904E-14	-2.80273E-13	0
68.12	-4.25135E-14	-2.70885E-13	0
68.14	-5.24303E-14	-2.61327E-13	0
68.16	-6.16673E-14	-2.51633E-13	0
68.18	-7.02382E-14	-2.41836E-13	0
68.2	-7.81578E-14	-2.31966E-13	0
68.22	-8.54416E-14	-2.22052E-13	0
68.24	-9.21062E-14	-2.12122E-13	0
68.26	-9.81684E-14	-2.02202E-13	0
68.28	-1.03646E-13	-1.92317E-13	0
68.3	-1.08557E-13	-1.8249E-13	0
68.32	-1.12921E-13	-1.72743E-13	0
68.34	-1.16756E-13	-1.63097E-13	0
68.36	-1.20081E-13	-1.53571E-13	0
68.38	-1.22917E-13	-1.44181E-13	0
68.4	-1.25283E-13	-1.34945E-13	0
68.42	-1.27198E-13	-1.25879E-13	0
68.44	-1.28684E-13	-1.16995E-13	0
68.46	-1.29759E-13	-1.08306E-13	0
68.48	-1.30444E-13	-9.98237E-14	0
68.5	-1.30759E-13	-9.15586E-14	0
68.52	-1.30722E-13	-8.35196E-14	0
68.54	-1.30355E-13	-7.57149E-14	0
68.56	-1.29676E-13	-6.81513E-14	0
68.58	-1.28703E-13	-6.0835E-14	0
68.6	-1.27457E-13	-5.37709E-14	0
68.62	-1.25954E-13	-4.69632E-14	0
68.64	-1.24214E-13	-4.04151E-14	0
68.66	-1.22254E-13	-3.41289E-14	0
68.68	-1.20091E-13	-2.81063E-14	0
68.7	-1.17741E-13	-2.2348E-14	0
68.72	-1.15222E-13	-1.68542E-14	0
68.74	-1.12549E-13	-1.16243E-14	0
68.76	-1.09738E-13	-6.65687E-15	0
68.78	-1.06803E-13	-1.95022E-15	0
68.8	-1.0376E-13	2.49812E-15	0
68.82	-1.00621E-13	6.69111E-15	0
68.84	-9.73998E-14	1.06322E-14	0
68.86	-9.411E-14	1.43253E-14	0
68.88	-9.07635E-14	1.77747E-14	0
68.9	-8.73721E-14	2.09853E-14	0
68.92	-8.3947E-14	2.39619E-14	0
68.94	-8.04989E-14	2.67101E-14	0
68.96	-7.7038E-14	2.92355E-14	0
68.98	-7.35739E-14	3.15441E-14	0
69	-7.01157E-14	3.3642E-14	0
69.02	-6.66719E-14	3.55357E-14	0
69.04	-6.32507E-14	3.72317E-14	0
69.06	-5.98596E-14	3.87366E-14	0
69.08	-5.65056E-14	4.00574E-14	0
69.1	-5.31953E-14	4.12008E-14	0
69.12	-4.99348E-14	4.2174E-14	0
69.14	-4.67298E-14	4.29839E-14	0
69.16	-4.35853E-14	4.36376E-14	0
69.18	-4.05061E-14	4.41422E-14	0
69.2	-3.74965E-14	4.45048E-14	0
69.22	-3.45603E-14	4.47323E-14	0
69.24	-3.17011E-14	4.48319E-14	0
69.26	-2.89218E-14	4.48104E-14	0
69.28	-2.62251E-14	4.46748E-14	0
69.3	-2.36134E-14	4.44317E-14	0
69.32	-2.10887E-14	4.40879E-14	0
69.34	-1.86525E-14	4.36499E-14	0
69.36	-1.63062E-14	4.31241E-14	0
69.38	-1.40508E-14	4.2517E-14	0
69.4	-1.1887E-14	4.18345E-14	0
69.42	-9.81529E-15	4.10829E-14	0
69.44	-7.83574E-15	4.02678E-14	0
69.46	-5.94833E-15	3.9395E-14	0
69.48	-4.15273E-15	3.84701E-14	0
69.5	-2.44841E-15	3.74983E-14	0
69.52	-8.34628E-16	3.64849E-14	0
69.54	6.8955E-16	3.54348E-14	0
69.56	2.12524E-15	3.43528E-14	0
69.58	3.47374E-15	3.32435E-14	0
69.6	4.73647E-15	3.21114E-14	0
69.62	5.91502E-15	3.09607E-14	0
69.64	7.0111E-15	2.97955E-14	0
69.66	8.02655E-15	2.86195E-14	0
69.68	8.96329E-15	2.74365E-14	0
69.7	9.82337E-15	2.62499E-14	0
69.72	1.06089E-14	2.5063E-14	0
69.74	1.13221E-14	2.3879E-14	0
69.76	1.19651E-14	2.27007E-14	0
69.78	1.25404E-14	2.15308E-14	0
69.8	1.30503E-14	2.0372E-14	0
69.82	1.34971E-14	1.92267E-14	0
69.84	1.38834E-14	1.8097E-14	0
69.86	1.42114E-14	1.6985E-14	0
69.88	1.44838E-14	1.58926E-14	0
69.9	1.47029E-14	1.48215E-14	0
69.92	1.48713E-14	1.37733E-14	0
69.94	1.49914E-14	1.27494E-14	0
69.96	1.50656E-14	1.17511E-14	0
69.98	1.50964E-14	1.07796E-14	0
70	1.50861E-14	9.83585E-15	0
70.02	1.50372E-14	8.92071E-15	0
70.04	1.49519E-14	8.03497E-15	0
70.06	1.48326E-14	7.17923E-15	0
70.08	1.46816E-14	6.35404E-15	0
70.1	1.4501E-14	5.55978E-15	0
70.12	1.4293E-14	4.79677E-15	0
70.14	1.40598E-14	4.06522E-15	0
70.16	1.38034E-14	3.36522E-15	0
70.18	1.35257E-14	2.6968E-15	0
70.2	1.32288E-14	2.05991E-15	0
70.22	1.29144E-14	1.45439E-15	0
70.24	1.25846E-14	8.80027E-16	0
70.26	1.22409E-14	3.3654E-16	0
70.28	1.18851E-14	-1.76425E-16	0
70.3	1.15189E-14	-6.59279E-16	0
70.32	1.11437E-14	-1.11249E-15	0
70.34	1.07611E-14	-1.53657E-15	0
70.36	1.03725E-14	-1.93209E-15	0
70.38	9.9793E-15	-2.29966E-15	0
70.4	9.58277E-15	-2.63992E-15	0
70.42	9.18414E-15	-2.95356E-15	0
70.44	8.78459E-15	-3.24128E-15	0
70.46	8.38521E-15	-3.50383E-15	0
70.48	7.98706E-15	-3.74197E-15	0
70.5	7.59109E-15	-3.95649E-15	0
70.52	7.19823E-15	-4.14818E-15	0
70.54	6.80933E-15	-4.31786E-15	0
70.56	6.42519E-15	-4.46637E-15	0
70.58	6.04653E-15	-4.59452E-15	0
70.6	5.67405E-15	-4.70317E-15	0
70.62	5.30835E-15	-4.79315E-15	0
70.64	4.95001E-15	-4.86532E-15	0
70.66	4.59956E-15	-4.92051E-15	0
70.68	4.25744E-15	-4.95957E-15	0
70.7	3.92409E-15	-4.98332E-15	0
70.72	3.59987E-15	-4.99259E-15	0
70.74	3.28511E-15	-4.9882E-15	0
70.76	2.98008E-15	-4.97095E-15	0
70.78	2.68503E-15	-4.94164E-15	0
70.8	2.40016E-15	-4.90105E-15	0
70.82	2.12562E-15	-4.84993E-15	0
70.84	1.86154E-15	-4.78904E-15	0
70.86	1.608E-15	-4.7191E-15	0
70.88	1.36507E-15	-4.64083E-15	0
70.9	1.13277E-15	-4.55492E-15	0
70.92	9.11086E-16	-4.46204E-15	0
70.94	6.99991E-16	-4.36284E-15	0
70.96	4.99425E-16	-4.25796E-15	0
70.98	3.09305E-16	-4.148E-15	0
71	1.29522E-16	-4.03355E-15	0
71.02	-4.00497E-17	-3.91517E-15	0
71.04	-1.99559E-16	-3.79341E-15	0
71.06	-3.49171E-16	-3.6688E-15	0
71.08	-4.89069E-16	-3.54181E-15	0
71.1	-6.19451E-16	-3.41294E-15	0
71.12	-7.40527E-16	-3.28263E-15	0
71.14	-8.52521E-16	-3.15132E-15	0
71.16	-9.5567E-16	-3.0194E-15	0
71.18	-1.05022E-15	-2.88727E-15	0
71.2	-1.13641E-15	-2.75528E-15	0
71.22	-1.21453E-15	-2.62379E-15	0
71.24	-1.28482E-15	-2.4931E-15	0
71.26	-1.34756E-15	-2.36353E-15	0
71.28	-1.40303E-15	-2.23534E-15	0
71.3	-1.45151E-15	-2.1088E-15	0
71.32	-1.49329E-15	-1.98415E-15	0
71.34	-1.52863E-15	-1.8616E-15	0
71.36	-1.55784E-15	-1.74137E-15	0
71.38	-1.58118E-15	-1.62362E-15	0
71.4	-1.59895E-15	-1.50854E-15	0
71.42	-1.61143E-15	-1.39627E-15	0
71.44	-1.61889E-15	-1.28693E-15	0
71.46	-1.62161E-15	-1.18066E-15	0
71.48	-1.61987E-15	-1.07756E-15	0
71.5	-1.61392E-15	-9.77697E-16	0
71.52	-1.60404E-15	-8.81165E-16	0
71.54	-1.59049E-15	-7.88019E-16	0
71.56	-1.57351E-15	-6.98307E-16	0
71.58	-1.55335E-15	-6.12066E-16	0
71.6	-1.53026E-15	-5.2932E-16	0
71.62	-1.50447E-15	-4.50084E-16	0
71.64	-1.47621E-15	-3.74362E-16	0
71.66	-1.44571E-15	-3.02148E-16	0
71.68	-1.41316E-15	-2.33427E-16	0
71.7	-1.37879E-15	-1.68175E-16	0
71.72	-1.3428E-15	-1.06361E-16	0
71.74	-1.30537E-15	-4.79473E-17	0
71.76	-1.26669E-15	7.11239E-18	0
71.78	-1.22694E-15	5.88697E-17	0
71.8	-1.18629E-15	1.07382E-16	0
71.82	-1.1449E-15	1.52713E-16	0
71.84	-1.10293E-15	1.94929E-16	0
71.86	-1.06052E-15	2.34104E-16	0
71.88	-1.01781E-15	2.70312E-16	0
71.9	-9.74933E-16	3.03634E-16	0
71.92	-9.32018E-16	3.34151E-16	0
71.94	-8.8918E-16	3.6195E-16	0
71.96	-8.46529E-16	3.87117E-16	0
71.98	-8.04168E-16	4.09742E-16	0
72	-7.62194E-16	4.29915E-16	0
72.02	-7.20696E-16	4.4773E-16	0
72.04	-6.79758E-16	4.63277E-16	0
72.06	-6.39455E-16	4.76652E-16	0
72.08	-5.99858E-16	4.87949E-16	0
72.1	-5.61031E-16	4.9726E-16	0
72.12	-5.23033E-16	5.04679E-16	0
72.14	-4.85915E-16	5.103E-16	0
72.16	-4.49726E-16	5.14215E-16	0
72.18	-4.14507E-16	5.16516E-16	0
72.2	-3.80295E-16	5.17293E-16	0
72.22	-3.47121E-16	5.16635E-16	0
72.24	-3.15013E-16	5.14631E-16	0
72.26	-2.83992E-16	5.11365E-16	0
72.28	-2.54079E-16	5.06923E-16	0
72.3	-2.25285E-16	5.01387E-16	0
72.32	-1.97623E-16	4.94837E-16	0
72.34	-1.71098E-16	4.87353E-16	0
72.36	-1.45714E-16	4.7901E-16	0
72.38	-1.21471E-16	4.69883E-16	0
72.4	-9.83652E-17	4.60043E-16	0
72.42	-7.6391E-17	4.4956E-16	0
72.44	-5.55395E-17	4.38501E-16	0
72.46	-3.57995E-17	4.26929E-16	0
72.48	-1.71573E-17	4.14909E-16	0
72.5	4.02802E-19	4.02498E-16	0
72.52	1.68986E-17	3.89753E-16	0
72.54	3.23496E-17	3.76731E-16	0
72.56	4.67772E-17	3.63482E-16	0
72.58	6.02039E-17	3.50055E-16	0
72.6	7.2654E-17	3.36499E-16	0
72.62	8.41526E-17	3.22858E-16	0
72.64	9.47262E-17	3.09172E-16	0
72.66	1.04402E-16	2.95483E-16	0
72.68	1.13208E-16	2.81828E-16	0
72.7	1.21173E-16	2.68241E-16	0
72.72	1.28327E-16	2.54756E-16	0
72.74	1.34698E-16	2.41402E-16	0
72.76	1.40318E-16	2.28208E-16	0
72.78	1.45216E-16	2.15199E-16	0
72.8	1.49423E-16	2.02401E-16	0
72.82	1.52969E-16	1.89835E-16	0
72.84	1.55886E-16	1.77521E-16	0
72.86	1.58202E-16	1.65476E-16	0
72.88	1.59948E-16	1.53719E-16	0
72.9	1.61155E-16	1.42262E-16	0
72.92	1.61852E-16	1.31119E-16	0
72.94	1.62067E-16	1.20301E-16	0
72.96	1.61829E-16	1.09818E-16	0
72.98	1.61168E-16	9.96782E-17	0
73	1.60109E-16	8.98875E-17	0
73.02	1.58681E-16	8.04518E-17	0
73.04	1.56909E-16	7.1375E-17	0
73.06	1.5482E-16	6.26601E-17	0
73.08	1.52438E-16	5.43088E-17	0
73.1	1.49788E-16	4.63215E-17	0
73.12	1.46894E-16	3.86979E-17	0
73.14	1.43777E-16	3.14365E-17	0
73.16	1.40461E-16	2.4535E-17	0
73.18	1.36966E-16	1.79904E-17	0
73.2	1.33314E-16	1.17985E-17	0
73.22	1.29522E-16	5.95478E-18	0
73.24	1.25611E-16	4.53882E-19	0
73.26	1.21599E-16	-4.71016E-18	0
73.28	1.17502E-16	-9.54385E-18	0
73.3	1.13337E-16	-1.40542E-17	0
73.32	1.09119E-16	-1.82487E-17	0
73.34	1.04863E-16	-2.21353E-17	0
73.36	1.00584E-16	-2.57221E-17	0
73.38	9.62939E-17	-2.90178E-17	0
73.4	9.20055E-17	-3.20312E-17	0
73.42	8.77305E-17	-3.47714E-17	0
73.44	8.34797E-17	-3.72476E-17	0
73.46	7.92632E-17	-3.94693E-17	0
73.48	7.50905E-17	-4.14461E-17	0
73.5	7.09704E-17	-4.31875E-17	0
73.52	6.69109E-17	-4.47033E-17	0
73.54	6.29193E-17	-4.60032E-17	0
73.56	5.90025E-17	-4.7097E-17	0
73.58	5.51666E-17	-4.79943E-17	0
73.6	5.14172E-17	-4.87047E-17	0
73.62	4.77591E-17	-4.92378E-17	0
73.64	4.41968E-17	-4.96032E-17	0
73.66	4.07342E-17	-4.98101E-17	0
73.68	3.73747E-17	-4.98677E-17	0
73.7	3.4121E-17	-4.97851E-17	0
73.72	3.09757E-17	-4.95712E-17	0
73.74	2.79406E-17	-4.92346E-17	0
73.76	2.50173E-17	-4.87839E-17	0
73.78	2.22069E-17	-4.82275E-17	0
73.8	1.95102E-17	-4.75732E-17	0
73.82	1.69276E-17	-4.6829E-17	0
73.84	1.4459E-17	-4.60026E-17	0
73.86	1.21043E-17	-4.51012E-17	0
73.88	9.86293E-18	-4.4132E-17	0
73.9	7.73394E-18	-4.31019E-17	0
73.92	5.71628E-18	-4.20175E-17	0
73.94	3.80861E-18	-4.08851E-17	0
73.96	2.00936E-18	-3.97109E-17	0
73.98	3.1677E-19	-3.85006E-17	0
74	-1.27112E-18	-3.72599E-17	0
74.02	-2.75643E-18	-3.5994E-17	0
74.04	-4.14143E-18	-3.47081E-17	0
74.06	-5.42853E-18	-3.34068E-17	0
74.08	-6.62027E-18	-3.20949E-17	0
74.1	-7.71928E-18	-3.07765E-17	0
74.12	-8.7283E-18	-2.94557E-17	0
74.14	-9.65015E-18	-2.81363E-17	0
74.16	-1.04877E-17	-2.68218E-17	0
74.18	-1.12439E-17	-2.55157E-17	0
74.2	-1.19217E-17	-2.42209E-17	0
74.22	-1.25241E-17	-2.29403E-17	0
74.24	-1.30542E-17	-2.16767E-17	0
74.26	-1.3515E-17	-2.04325E-17	0
74.28	-1.39096E-17	-1.92098E-17	0
74.3	-1.4241E-17	-1.80108E-17	0
74.32	-1.45122E-17	-1.68372E-17	0
74.34	-1.47263E-17	-1.56908E-17	0
74.36	-1.48861E-17	-1.4573E-17	0
74.38	-1.49948E-17	-1.34851E-17	0
74.4	-1.50551E-17	-1.24283E-17	0
74.42	-1.507E-17	-1.14036E-17	0
74.44	-1.50421E-17	-1.04117E-17	0
74.46	-1.49744E-17	-9.45345E-18	0
74.48	-1.48695E-17	-8.52934E-18	0
74.5	-1.47299E-17	-7.63981E-18	0
74.52	-1.45583E-17	-6.78515E-18	0
74.54	-1.43572E-17	-5.96555E-18	0
74.56	-1.41289E-17	-5.18109E-18	0
74.58	-1.38758E-17	-4.43175E-18	0
74.6	-1.36002E-17	-3.71741E-18	0
74.62	-1.33042E-17	-3.03784E-18	0
74.64	-1.299E-17	-2.39277E-18	0
74.66	-1.26596E-17	-1.78181E-18	0
74.68	-1.23148E-17	-1.20452E-18	0
74.7	-1.19577E-17	-6.60386E-19	0
74.72	-1.15899E-17	-1.48841E-19	0
74.74	-1.12131E-17	3.30744E-19	0
74.76	-1.0829E-17	7.79046E-19	0
74.78	-1.04391E-17	1.19679E-18	0
74.8	-1.00449E-17	1.58473E-18	0
74.82	-9.64762E-18	1.94367E-18	0
74.84	-9.24871E-18	2.27443E-18	0
74.86	-8.84934E-18	2.57788E-18	0
74.88	-8.45066E-18	2.85489E-18	0
74.9	-8.05373E-18	3.10635E-18	0
74.92	-7.65956E-18	3.33319E-18	0
74.94	-7.26907E-18	3.53632E-18	0
74.96	-6.88311E-18	3.71667E-18	0
74.98	-6.50249E-18	3.87518E-18	0
75	-6.12794E-18	4.0128E-18	0
75.02	-5.7601E-18	4.13045E-18	0
75.04	-5.39959E-18	4.22908E-18	0
75.06	-5.04696E-18	4.30961E-18	0
75.08	-4.70268E-18	4.37297E-18	0
75.1	-4.36721E-18	4.42007E-18	0
75.12	-4.0409E-18	4.45181E-18	0
75.14	-3.72411E-18	4.46907E-18	0
75.16	-3.41712E-18	4.47273E-18	0
75.18	-3.12015E-18	4.46363E-18	0
75.2	-2.83341E-18	4.44262E-18	0
75.22	-2.55706E-18	4.41052E-18	0
75.24	-2.2912E-18	4.36811E-18	0
75.26	-2.03592E-18	4.31618E-18	0
75.28	-1.79126E-18	4.25547E-18	0
75.3	-1.55723E-18	4.18671E-18	0
75.32	-1.33381E-18	4.11062E-18	0
75.34	-1.12095E-18	4.02787E-18	0
75.36	-9.18587E-19	3.93912E-18	0
75.38	-7.26609E-19	3.84499E-18	0
75.4	-5.44896E-19	3.74611E-18	0
75.42	-3.73306E-19	3.64305E-18	0
75.44	-2.11674E-19	3.53637E-18	0
75.46	-5.98199E-20	3.4266E-18	0
75.48	8.24538E-20	3.31424E-18	0
75.5	2.15358E-19	3.19978E-18	0
75.52	3.39119E-19	3.08368E-18	0
75.54	4.53971E-19	2.96636E-18	0
75.56	5.60161E-19	2.84824E-18	0
75.58	6.57944E-19	2.72971E-18	0
75.6	7.47583E-19	2.61111E-18	0
75.62	8.29347E-19	2.4928E-18	0
75.64	9.03509E-19	2.37508E-18	0
75.66	9.70348E-19	2.25825E-18	0
75.68	1.03014E-18	2.14259E-18	0
75.7	1.08318E-18	2.02834E-18	0
75.72	1.12974E-18	1.91574E-18	0
75.74	1.17011E-18	1.805E-18	0
75.76	1.20458E-18	1.69631E-18	0
75.78	1.23341E-18	1.58985E-18	0
75.8	1.25691E-18	1.48578E-18	0
75.82	1.27533E-18	1.38424E-18	0
75.84	1.28896E-18	1.28535E-18	0
75.86	1.29807E-18	1.18923E-18	0
75.88	1.30292E-18	1.09596E-18	0
75.9	1.30377E-18	1.00563E-18	0
75.92	1.30088E-18	9.18297E-19	0
75.94	1.29449E-18	8.34026E-19	0
75.96	1.28485E-18	7.52854E-19	0
75.98	1.27221E-18	6.74812E-19	0
76	1.25678E-18	5.9992E-19	0
76.02	1.23879E-18	5.28186E-19	0
76.04	1.21846E-18	4.5961E-19	0
76.06	1.19599E-18	3.94182E-19	0
76.08	1.17159E-18	3.31886E-19	0
76.1	1.14546E-18	2.72696E-19	0
76.12	1.11777E-18	2.16578E-19	0
76.14	1.08872E-18	1.63494E-19	0
76.16	1.05846E-18	1.13399E-19	0
76.18	1.02717E-18	6.62402E-20	0
76.2	9.94993E-19	2.19629E-20	0
76.22	9.62087E-19	-1.9494E-20	0
76.24	9.28591E-19	-5.81953E-20	0
76.26	8.94639E-19	-9.42095E-20	0
76.28	8.60355E-19	-1.27608E-19	0
76.3	8.25861E-19	-1.58467E-19	0
76.32	7.91267E-19	-1.86861E-19	0
76.34	7.56679E-19	-2.12871E-19	0
76.36	7.22195E-19	-2.36577E-19	0
76.38	6.87907E-19	-2.58061E-19	0
76.4	6.539E-19	-2.77407E-19	0
76.42	6.20252E-19	-2.94699E-19	0
76.44	5.87037E-19	-3.1002E-19	0
76.46	5.54321E-19	-3.23455E-19	0
76.48	5.22165E-19	-3.35089E-19	0
76.5	4.90624E-19	-3.45005E-19	0
76.52	4.59748E-19	-3.53289E-19	0
76.54	4.29583E-19	-3.60021E-19	0
76.56	4.00169E-19	-3.65285E-19	0
76.58	3.71539E-19	-3.6916E-19	0
76.6	3.43726E-19	-3.71727E-19	0
76.62	3.16756E-19	-3.73064E-19	0
76.64	2.9065E-19	-3.73246E-19	0
76.66	2.65427E-19	-3.7235E-19	0
76.68	2.41101E-19	-3.70447E-19	0
76.7	2.17684E-19	-3.67611E-19	0
76.72	1.95184E-19	-3.63908E-19	0
76.74	1.73603E-19	-3.59408E-19	0
76.76	1.52946E-19	-3.54175E-19	0
76.78	1.33209E-19	-3.48271E-19	0
76.8	1.1439E-19	-3.41759E-19	0
76.82	9.64824E-20	-3.34696E-19	0
76.84	7.94778E-20	-3.2714E-19	0
76.86	6.33658E-20	-3.19143E-19	0
76.88	4.81342E-20	-3.10758E-19	0
76.9	3.37689E-20	-3.02035E-19	0
76.92	2.02544E-20	-2.9302E-19	0
76.94	7.57363E-21	-2.83759E-19	0
76.96	-4.29177E-21	-2.74295E-19	0
76.98	-1.53612E-20	-2.64668E-19	0
77	-2.56552E-20	-2.54917E-19	0
77.02	-3.51952E-20	-2.45078E-19	0
77.04	-4.40032E-20	-2.35185E-19	0
77.06	-5.21022E-20	-2.2527E-19	0
77.08	-5.95154E-20	-2.15363E-19	0
77.1	-6.62668E-20	-2.05492E-19	0
77.12	-7.23804E-20	-1.95683E-19	0
77.14	-7.78807E-20	-1.85961E-19	0
77.16	-8.27923E-20	-1.76348E-19	0
77.18	-8.71398E-20	-1.66863E-19	0
77.2	-9.0948E-20	-1.57527E-19	0
77.22	-9.42415E-20	-1.48357E-19	0
77.24	-9.70447E-20	-1.39367E-19	0
77.26	-9.9382E-20	-1.30572E-19	0
77.28	-1.01277E-19	-1.21985E-19	0
77.3	-1.02755E-19	-1.13616E-19	0
77.32	-1.03837E-19	-1.05475E-19	0
77.34	-1.04548E-19	-9.75715E-20	0
77.36	-1.0491E-19	-8.99115E-20	0
77.38	-1.04944E-19	-8.25015E-20	0
77.4	-1.04673E-19	-7.53462E-20	0
77.42	-1.04117E-19	-6.84496E-20	0
77.44	-1.03298E-19	-6.18145E-20	0
77.46	-1.02234E-19	-5.54426E-20	0
77.48	-1.00946E-19	-4.93352E-20	0
77.5	-9.9451E-20	-4.34922E-20	0
77.52	-9.77682E-20	-3.7913E-20	0
77.54	-9.59145E-20	-3.25964E-20	0
77.56	-9.39068E-20	-2.75403E-20	0
77.58	-9.17612E-20	-2.27421E-20	0
77.6	-8.94929E-20	-1.81984E-20	0
77.62	-8.71168E-20	-1.39057E-20	0
77.64	-8.4647E-20	-9.85961E-21	0
77.66	-8.20968E-20	-6.05552E-21	0
77.68	-7.94791E-20	-2.48836E-21	0
77.7	-7.68059E-20	8.4729E-22	0
77.72	-7.40887E-20	3.95716E-21	0
77.74	-7.13384E-20	6.84725E-21	0
77.76	-6.85651E-20	9.52382E-21	0
77.78	-6.57785E-20	1.19933E-20	0
77.8	-6.29875E-20	1.42624E-20	0
77.82	-6.02006E-20	1.63378E-20	0
77.84	-5.74257E-20	1.82265E-20	0
77.86	-5.467E-20	1.99354E-20	0
77.88	-5.19402E-20	2.14715E-20	0
77.9	-4.92426E-20	2.28419E-20	0
77.92	-4.6583E-20	2.40538E-20	0
77.94	-4.39664E-20	2.51141E-20	0
77.96	-4.13978E-20	2.603E-20	0
77.98	-3.88813E-20	2.68084E-20	0
78	-3.64208E-20	2.74563E-20	0
78.02	-3.40197E-20	2.79806E-20	0
78.04	-3.16812E-20	2.83879E-20	0
78.06	-2.94077E-20	2.8685E-20	0
78.08	-2.72017E-20	2.88783E-20	0
78.1	-2.50649E-20	2.89743E-20	0
78.12	-2.29991E-20	2.89793E-20	0
78.14	-2.10055E-20	2.88992E-20	0
78.16	-1.90851E-20	2.87402E-20	0
78.18	-1.72385E-20	2.85079E-20	0
78.2	-1.54663E-20	2.82079E-20	0
78.22	-1.37686E-20	2.78458E-20	0
78.24	-1.21453E-20	2.74266E-20	0
78.26	-1.05963E-20	2.69556E-20	0
78.28	-9.12104E-21	2.64375E-20	0
78.3	-7.71889E-21	2.58771E-20	0
78.32	-6.38904E-21	2.52788E-20	0
78.34	-5.13053E-21	2.4647E-20	0
78.36	-3.94222E-21	2.39858E-20	0
78.38	-2.82288E-21	2.32991E-20	0
78.4	-1.77114E-21	2.25906E-20	0
78.42	-7.85521E-22	2.1864E-20	0
78.44	1.35545E-22	2.11224E-20	0
78.46	9.93712E-22	2.03692E-20	0
78.48	1.79071E-21	1.96074E-20	0
78.5	2.52833E-21	1.88397E-20	0
78.52	3.20841E-21	1.80689E-20	0
78.54	3.83285E-21	1.72973E-20	0
78.56	4.40359E-21	1.65274E-20	0
78.58	4.92256E-21	1.57612E-20	0
78.6	5.39176E-21	1.50008E-20	0
78.62	5.81316E-21	1.42481E-20	0
78.64	6.18878E-21	1.35047E-20	0
78.66	6.5206E-21	1.27721E-20	0
78.68	6.81063E-21	1.20519E-20	0
78.7	7.06083E-21	1.13453E-20	0
78.72	7.27318E-21	1.06534E-20	0
78.74	7.44962E-21	9.97734E-21	0
78.76	7.59206E-21	9.31799E-21	0
78.78	7.7024E-21	8.67617E-21	0
78.8	7.7825E-21	8.05259E-21	0
78.82	7.83417E-21	7.44784E-21	0
78.84	7.85919E-21	6.86243E-21	0
78.86	7.85931E-21	6.29678E-21	0
78.88	7.83621E-21	5.75122E-21	0
78.9	7.79156E-21	5.22599E-21	0
78.92	7.72694E-21	4.72125E-21	0
78.94	7.64391E-21	4.23712E-21	0
78.96	7.54398E-21	3.7736E-21	0
78.98	7.42859E-21	3.33068E-21	0
79	7.29913E-21	2.90826E-21	0
79.02	7.15695E-21	2.50619E-21	0
79.04	7.00335E-21	2.12427E-21	0
79.06	6.83955E-21	1.76226E-21	0
79.08	6.66673E-21	1.41987E-21	0
79.1	6.48604E-21	1.09678E-21	0
79.12	6.29853E-21	7.92626E-22	0
79.14	6.10525E-21	5.07015E-22	0
79.16	5.90714E-21	2.39526E-22	0
79.18	5.70514E-21	-1.02857E-23	0
79.2	5.5001E-21	-2.42889E-22	0
79.22	5.29285E-21	-4.58771E-22	0
79.24	5.08416E-21	-6.58436E-22	0
79.26	4.87473E-21	-8.42402E-22	0
79.28	4.66525E-21	-1.0112E-21	0
79.3	4.45635E-21	-1.16536E-21	0
79.32	4.2486E-21	-1.30544E-21	0
79.34	4.04254E-21	-1.43198E-21	0
79.36	3.83868E-21	-1.54554E-21	0
79.38	3.63746E-21	-1.64667E-21	0
79.4	3.4393E-21	-1.73592E-21	0
79.42	3.2446E-21	-1.81385E-21	0
79.44	3.05368E-21	-1.88099E-21	0
79.46	2.86686E-21	-1.9379E-21	0
79.48	2.68441E-21	-1.9851E-21	0
79.5	2.50657E-21	-2.02312E-21	0
79.52	2.33357E-21	-2.05249E-21	0
79.54	2.16558E-21	-2.0737E-21	0
79.56	2.00275E-21	-2.08727E-21	0
79.58	1.84523E-21	-2.09367E-21	0
79.6	1.69311E-21	-2.09338E-21	0
79.62	1.54647E-21	-2.08686E-21	0
79.64	1.40539E-21	-2.07457E-21	0
79.66	1.26988E-21	-2.05693E-21	0
79.68	1.13998E-21	-2.03437E-21	0
79.7	1.01569E-21	-2.0073E-21	0
79.72	8.96983E-22	-1.97611E-21	0
79.74	7.83839E-22	-1.94118E-21	0
79.76	6.76209E-22	-1.90286E-21	0
79.78	5.74033E-22	-1.86152E-21	0
79.8	4.77241E-22	-1.81748E-21	0
79.82	3.8575E-22	-1.77106E-21	0
79.84	2.99467E-22	-1.72257E-21	0
79.86	2.18289E-22	-1.67229E-21	0
79.88	1.42108E-22	-1.62051E-21	0
79.9	7.08044E-23	-1.56747E-21	0
79.92	4.25462E-24	-1.51343E-21	0
79.94	-5.76714E-23	-1.45861E-21	0
79.96	-1.15109E-22	-1.40324E-21	0
79.98	-1.68196E-22	-1.34752E-21	0
80	-2.17076E-22	-1.29164E-21	0
80.02	-2.61894E-22	-1.23579E-21	0
80.04	-3.02798E-22	-1.18012E-21	0
80.06	-3.39937E-22	-1.12479E-21	0
80.08	-3.73461E-22	-1.06995E-21	0
80.1	-4.0352E-22	-1.01573E-21	0
80.12	-4.30265E-22	-9.62238E-22	0
80.14	-4.53846E-22	-9.09595E-22	0
80.16	-4.74413E-22	-8.57898E-22	0
80.18	-4.92114E-22	-8.07236E-22	0
80.2	-5.07095E-22	-7.5769E-22	0
80.22	-5.195E-22	-7.09333E-22	0
80.24	-5.29472E-22	-6.62225E-22	0
80.26	-5.3715E-22	-6.16424E-22	0
80.28	-5.42672E-22	-5.71974E-22	0
80.3	-5.4617E-22	-5.28918E-22	0
80.32	-5.47777E-22	-4.87286E-22	0
80.34	-5.47619E-22	-4.47105E-22	0
80.36	-5.4582E-22	-4.08396E-22	0
80.38	-5.425E-22	-3.71172E-22	0
80.4	-5.37776E-22	-3.35442E-22	0
80.42	-5.3176E-22	-3.01209E-22	0
80.44	-5.2456E-22	-2.68473E-22	0
80.46	-5.16282E-22	-2.37227E-22	0
80.48	-5.07026E-22	-2.07461E-22	0
80.5	-4.96888E-22	-1.79163E-22	0
80.52	-4.85962E-22	-1.52314E-22	0
80.54	-4.74334E-22	-1.26895E-22	0
80.56	-4.62091E-22	-1.02882E-22	0
80.58	-4.49311E-22	-8.02497E-23	0
80.6	-4.36072E-22	-5.89694E-23	0
80.62	-4.22446E-22	-3.90108E-23	0
80.64	-4.08501E-22	-2.03416E-23	0
80.66	-3.94302E-22	-2.92789E-24	0
80.68	-3.7991E-22	1.32657E-23	0
80.7	-3.65382E-22	2.82759E-23	0
80.72	-3.50773E-22	4.21402E-23	0
80.74	-3.36131E-22	5.48972E-23	0
80.76	-3.21504E-22	6.6586E-23	0
80.78	-3.06935E-22	7.72464E-23	0
80.8	-2.92464E-22	8.69183E-23	0
80.82	-2.78129E-22	9.5642E-23	0
80.84	-2.63964E-22	1.03458E-22	0
80.86	-2.49999E-22	1.10406E-22	0
80.88	-2.36263E-22	1.16526E-22	0
80.9	-2.22782E-22	1.21859E-22	0
80.92	-2.09579E-22	1.26442E-22	0
80.94	-1.96674E-22	1.30317E-22	0
80.96	-1.84085E-22	1.3352E-22	0
80.98	-1.7183E-22	1.36089E-22	0
81	-1.5992E-22	1.38061E-22	0
81.02	-1.48369E-22	1.39473E-22	0
81.04	-1.37186E-22	1.4036E-22	0
81.06	-1.2638E-22	1.40755E-22	0
81.08	-1.15956E-22	1.40694E-22	0
81.1	-1.0592E-22	1.40208E-22	0
81.12	-9.62738E-23	1.39329E-22	0
81.14	-8.70203E-23	1.38087E-22	0
81.16	-7.81597E-23	1.36512E-22	0
81.18	-6.96912E-23	1.34632E-22	0
81.2	-6.16129E-23	1.32475E-22	0
81.22	-5.39218E-23	1.30067E-22	0
81.24	-4.66139E-23	1.27433E-22	0
81.26	-3.96846E-23	1.24597E-22	0
81.28	-3.31279E-23	1.21583E-22	0
81.3	-2.69377E-23	1.18411E-22	0
81.32	-2.11068E-23	1.15104E-22	0
81.34	-1.56274E-23	1.1168E-22	0
81.36	-1.04915E-23	1.08159E-22	0
81.38	-5.69033E-24	1.04559E-22	0
81.4	-1.21478E-24	1.00895E-22	0
81.42	2.94458E-24	9.71841E-23	0
81.44	6.79752E-24	9.34406E-23	0
81.46	1.0354E-23	8.96784E-23	0
81.48	1.36243E-23	8.59104E-23	0
81.5	1.66187E-23	8.21486E-23	0
81.52	1.93477E-23	7.8404E-23	0
81.54	2.18219E-23	7.4687E-23	0
81.56	2.40518E-23	7.10069E-23	0
81.58	2.6048E-23	6.73726E-23	0
81.6	2.7821E-23	6.37919E-23	0
81.62	2.93814E-23	6.02719E-23	0
81.64	3.07395E-23	5.68192E-23	0
81.66	3.19056E-23	5.34396E-23	0
81.68	3.28899E-23	5.01383E-23	0
81.7	3.37023E-23	4.69198E-23	0
81.72	3.43526E-23	4.37882E-23	0
81.74	3.48504E-23	4.07468E-23	0
81.76	3.52051E-23	3.77986E-23	0
81.78	3.54258E-23	3.4946E-23	0
81.8	3.55216E-23	3.2191E-23	0
81.82	3.55009E-23	2.9535E-23	0
81.84	3.53723E-23	2.69792E-23	0
81.86	3.51439E-23	2.45242E-23	0
81.88	3.48235E-23	2.21704E-23	0
81.9	3.44187E-23	1.99178E-23	0
81.92	3.39369E-23	1.77662E-23	0
81.94	3.3385E-23	1.57148E-23	0
81.96	3.27699E-23	1.37629E-23	0
81.98	3.20979E-23	1.19093E-23	0
82	3.13752E-23	1.01528E-23	0
82.02	3.06077E-23	8.49167E-24	0
82.04	2.9801E-23	6.92429E-24	0
82.06	2.89605E-23	5.44876E-24	0
82.08	2.80911E-23	4.06302E-24	0
82.1	2.71976E-23	2.76491E-24	0
82.12	2.62845E-23	1.55214E-24	0
82.14	2.53562E-23	4.22311E-25	0
82.16	2.44164E-23	-6.27045E-25	0
82.18	2.34691E-23	-1.59848E-24	0
82.2	2.25177E-23	-2.4946E-24	0
82.22	2.15653E-23	-3.31805E-24	0
82.24	2.06152E-23	-4.07154E-24	0
82.26	1.96699E-23	-4.75776E-24	0
82.28	1.87322E-23	-5.37945E-24	0
82.3	1.78044E-23	-5.93934E-24	0
82.32	1.68886E-23	-6.44015E-24	0
82.34	1.59869E-23	-6.8846E-24	0
82.36	1.5101E-23	-7.27538E-24	0
82.38	1.42325E-23	-7.61517E-24	0
82.4	1.33829E-23	-7.90659E-24	0
82.42	1.25534E-23	-8.15224E-24	0
82.44	1.17452E-23	-8.35466E-24	0
82.46	1.09593E-23	-8.51637E-24	0
82.48	1.01965E-23	-8.63981E-24	0
82.5	9.45743E-24	-8.72737E-24	0
82.52	8.74275E-24	-8.78137E-24	0
82.54	8.05289E-24	-8.80408E-24	0
82.56	7.38822E-24	-8.79771E-24	0
82.58	6.74896E-24	-8.76439E-24	0
82.6	6.13528E-24	-8.70616E-24	0
82.62	5.54723E-24	-8.62504E-24	0
82.64	4.98479E-24	-8.52293E-24	0
82.66	4.44784E-24	-8.40167E-24	0
82.68	3.93622E-24	-8.26305E-24	0
82.7	3.44967E-24	-8.10875E-24	0
82.72	2.9879E-24	-7.9404E-24	0
82.74	2.55054E-24	-7.75955E-24	0
82.76	2.1372E-24	-7.56767E-24	0
82.78	1.7474E-24	-7.36617E-24	0
82.8	1.38065E-24	-7.15638E-24	0
82.82	1.03643E-24	-6.93956E-24	0
82.84	7.14169E-25	-6.7169E-24	0
82.86	4.13272E-25	-6.48953E-24	0
82.88	1.33124E-25	-6.2585E-24	0
82.9	-1.2691E-25	-6.0248E-24	0
82.92	-3.67484E-25	-5.78936E-24	0
82.94	-5.89265E-25	-5.55305E-24	0
82.96	-7.9293E-25	-5.31666E-24	0
82.98	-9.79164E-25	-5.08096E-24	0
83	-1.14866E-24	-4.84662E-24	0
83.02	-1.3021E-24	-4.61429E-24	0
83.04	-1.44019E-24	-4.38454E-24	0
83.06	-1.5636E-24	-4.15791E-24	0
83.08	-1.67304E-24	-3.93489E-24	0
83.1	-1.76918E-24	-3.7159E-24	0
83.12	-1.85269E-24	-3.50135E-24	0
83.14	-1.92423E-24	-3.29158E-24	0
83.16	-1.98446E-24	-3.0869E-24	0
83.18	-2.03401E-24	-2.88759E-24	0
83.2	-2.07352E-24	-2.69387E-24	0
83.22	-2.10359E-24	-2.50595E-24	0
83.24	-2.12482E-24	-2.32399E-24	0
83.26	-2.1378E-24	-2.14813E-24	0
83.28	-2.1431E-24	-1.97848E-24	0
83.3	-2.14125E-24	-1.81511E-24	0
83.32	-2.13279E-24	-1.65807E-24	0
83.34	-2.11823E-24	-1.5074E-24	0
83.36	-2.09807E-24	-1.36311E-24	0
83.38	-2.07278E-24	-1.22517E-24	0
83.4	-2.04282E-24	-1.09356E-24	0
83.42	-2.00863E-24	-9.68234E-25	0
83.44	-1.97063E-24	-8.49114E-25	0
83.46	-1.92921E-24	-7.36125E-25	0
83.48	-1.88477E-24	-6.2917E-25	0
83.5	-1.83766E-24	-5.28144E-25	0
83.52	-1.78824E-24	-4.32929E-25	0
83.54	-1.73682E-24	-3.43397E-25	0
83.56	-1.68372E-24	-2.59413E-25	0
83.58	-1.62922E-24	-1.80832E-25	0
83.6	-1.57362E-24	-1.07505E-25	0
83.62	-1.51715E-24	-3.92755E-26	0
83.64	-1.46008E-24	2.40166E-26	0
83.66	-1.40261E-24	8.25358E-26	0
83.68	-1.34497E-24	1.36449E-25	0
83.7	-1.28734E-24	1.85927E-25	0
83.72	-1.22992E-24	2.3114E-25	0
83.74	-1.17287E-24	2.72261E-25	0
83.76	-1.11633E-24	3.09462E-25	0
83.78	-1.06046E-24	3.42915E-25	0
83.8	-1.00538E-24	3.72791E-25	0
83.82	-9.51202E-25	3.99262E-25	0
83.84	-8.98039E-25	4.22494E-25	0
83.86	-8.45982E-25	4.42655E-25	0
83.88	-7.95115E-25	4.59908E-25	0
83.9	-7.4551E-25	4.74414E-25	0
83.92	-6.97232E-25	4.86331E-25	0
83.94	-6.50337E-25	4.95813E-25	0
83.96	-6.0487E-25	5.03011E-25	0
83.98	-5.6087E-25	5.08071E-25	0
84	-5.18368E-25	5.11137E-25	0
84.02	-4.77389E-25	5.12346E-25	0
84.04	-4.3795E-25	5.11834E-25	0
84.06	-4.00062E-25	5.0973E-25	0
84.08	-3.63729E-25	5.06158E-25	0
84.1	-3.28954E-25	5.01241E-25	0
84.12	-2.95729E-25	4.95093E-25	0
84.14	-2.64046E-25	4.87825E-25	0
84.16	-2.33892E-25	4.79546E-25	0
84.18	-2.05248E-25	4.70355E-25	0
84.2	-1.78093E-25	4.60351E-25	0
84.22	-1.52403E-25	4.49627E-25	0
84.24	-1.28151E-25	4.3827E-25	0
84.26	-1.05307E-25	4.26364E-25	0
84.28	-8.38388E-26	4.13987E-25	0
84.3	-6.37125E-26	4.01216E-25	0
84.32	-4.48923E-26	3.88119E-25	0
84.34	-2.73406E-26	3.74764E-25	0
84.36	-1.10189E-26	3.61212E-25	0
84.38	4.1125E-27	3.47521E-25	0
84.4	1.80942E-26	3.33747E-25	0
84.42	3.09675E-26	3.19938E-25	0
84.44	4.27741E-26	3.06142E-25	0
84.46	5.35559E-26	2.92403E-25	0
84.48	6.33553E-26	2.78759E-25	0
84.5	7.22142E-26	2.65249E-25	0
84.52	8.01749E-26	2.51904E-25	0
84.54	8.72791E-26	2.38756E-25	0
84.56	9.35682E-26	2.25831E-25	0
84.58	9.90832E-26	2.13156E-25	0
84.6	1.03865E-25	2.00751E-25	0
84.62	1.07952E-25	1.88636E-25	0
84.64	1.11384E-25	1.76829E-25	0
84.66	1.14199E-25	1.65344E-25	0
84.68	1.16435E-25	1.54194E-25	0
84.7	1.18128E-25	1.43389E-25	0
84.72	1.19313E-25	1.3294E-25	0
84.74	1.20024E-25	1.22851E-25	0
84.76	1.20296E-25	1.1313E-25	0
84.78	1.2016E-25	1.03778E-25	0
84.8	1.19647E-25	9.48E-26	0
84.82	1.18787E-25	8.61951E-26	0
84.84	1.1761E-25	7.79633E-26	0
84.86	1.16142E-25	7.01032E-26	0
84.88	1.14411E-25	6.26119E-26	0
84.9	1.12443E-25	5.5486E-26	0
84.92	1.1026E-25	4.87208E-26	0
84.94	1.07887E-25	4.23109E-26	0
84.96	1.05346E-25	3.62502E-26	0
84.98	1.02657E-25	3.0532E-26	0
85	9.98407E-26	2.51488E-26	0
85.02	9.69154E-26	2.00928E-26	0
85.04	9.38988E-26	1.53555E-26	0
85.06	9.08076E-26	1.09282E-26	0
85.08	8.76575E-26	6.80174E-27	0
85.1	8.44631E-26	2.96673E-27	0
85.12	8.12382E-26	-5.86479E-28	0
85.14	7.79954E-26	-3.86771E-27	0
85.16	7.47467E-26	-6.88694E-27	0
85.18	7.1503E-26	-9.65423E-27	0
85.2	6.82745E-26	-1.21797E-26	0
85.22	6.50704E-26	-1.44735E-26	0
85.24	6.18993E-26	-1.65457E-26	0
85.26	5.8769E-26	-1.84065E-26	0
85.28	5.56866E-26	-2.00659E-26	0
85.3	5.26583E-26	-2.15337E-26	0
85.32	4.96901E-26	-2.28197E-26	0
85.34	4.67868E-26	-2.39336E-26	0
85.36	4.39531E-26	-2.48848E-26	0
85.38	4.11928E-26	-2.56826E-26	0
85.4	3.85094E-26	-2.6336E-26	0
85.42	3.59057E-26	-2.6854E-26	0
85.44	3.33841E-26	-2.72451E-26	0
85.46	3.09466E-26	-2.75177E-26	0
85.48	2.85947E-26	-2.768E-26	0
85.5	2.63295E-26	-2.77398E-26	0
85.52	2.41519E-26	-2.77047E-26	0
85.54	2.20622E-26	-2.75821E-26	0
85.56	2.00605E-26	-2.73791E-26	0
85.58	1.81467E-26	-2.71024E-26	0
85.6	1.63203E-26	-2.67585E-26	0
85.62	1.45806E-26	-2.63538E-26	0
85.64	1.29267E-26	-2.58942E-26	0
85.66	1.13573E-26	-2.53853E-26	0
85.68	9.87122E-27	-2.48326E-26	0
85.7	8.46688E-27	-2.42413E-26	0
85.72	7.14262E-27	-2.36162E-26	0
85.74	5.89667E-27	-2.29619E-26	0
85.76	4.72709E-27	-2.22828E-26	0
85.78	3.63188E-27	-2.15831E-26	0
85.8	2.60891E-27	-2.08666E-26	0
85.82	1.65602E-27	-2.01369E-26	0
85.84	7.70956E-28	-1.93975E-26	0
85.86	-4.85872E-29	-1.86514E-26	0
85.88	-8.04942E-28	-1.79017E-26	0
85.9	-1.50047E-27	-1.71511E-26	0
85.92	-2.13757E-27	-1.64021E-26	0
85.94	-2.71861E-27	-1.5657E-26	0
85.96	-3.24601E-27	-1.4918E-26	0
85.98	-3.72215E-27	-1.4187E-26	0
86	-4.14939E-27	-1.34658E-26	0
86.02	-4.5301E-27	-1.27561E-26	0
86.04	-4.8666E-27	-1.20593E-26	0
86.06	-5.16117E-27	-1.13766E-26	0
86.08	-5.41608E-27	-1.07093E-26	0
86.1	-5.63354E-27	-1.00583E-26	0
86.12	-5.81571E-27	-9.42453E-27	0
86.14	-5.9647E-27	-8.80875E-27	0
86.16	-6.08259E-27	-8.21159E-27	0
86.18	-6.17138E-27	-7.63358E-27	0
86.2	-6.23301E-27	-7.07515E-27	0
86.22	-6.26938E-27	-6.53663E-27	0
86.24	-6.28231E-27	-6.01826E-27	0
86.26	-6.27356E-27	-5.5202E-27	0
86.28	-6.24484E-27	-5.0425E-27	0
86.3	-6.19779E-27	-4.58519E-27	0
86.32	-6.13396E-27	-4.14819E-27	0
86.34	-6.05487E-27	-3.73137E-27	0
86.36	-5.96195E-27	-3.33456E-27	0
86.38	-5.85658E-27	-2.95751E-27	0
86.4	-5.74007E-27	-2.59994E-27	0
86.42	-5.61366E-27	-2.26154E-27	0
86.44	-5.47854E-27	-1.94193E-27	0
86.46	-5.33582E-27	-1.64071E-27	0
86.48	-5.18656E-27	-1.35746E-27	0
86.5	-5.03177E-27	-1.09173E-27	0
86.52	-4.87238E-27	-8.43031E-28	0
86.54	-4.70928E-27	-6.10875E-28	0
86.56	-4.54329E-27	-3.94745E-28	0
86.58	-4.37518E-27	-1.94116E-28	0
86.6	-4.20568E-27	-8.44972E-30	0
86.62	-4.03546E-27	1.62798E-28	0
86.64	-3.86512E-27	3.20179E-28	0
86.66	-3.69526E-27	4.64248E-28	0
86.68	-3.52638E-27	5.95559E-28	0
86.7	-3.35899E-27	7.14668E-28	0
86.72	-3.1935E-27	8.22128E-28	0
86.74	-3.03034E-27	9.18486E-28	0
86.76	-2.86985E-27	1.00429E-27	0
86.78	-2.71236E-27	1.08006E-27	0
86.8	-2.55816E-27	1.14634E-27	0
86.82	-2.40751E-27	1.20365E-27	0
86.84	-2.26063E-27	1.25248E-27	0
86.86	-2.11771E-27	1.29335E-27	0
86.88	-1.97893E-27	1.32672E-27	0
86.9	-1.84442E-27	1.35308E-27	0
86.92	-1.71429E-27	1.37289E-27	0
86.94	-1.58864E-27	1.38658E-27	0
86.96	-1.46753E-27	1.39459E-27	0
86.98	-1.35102E-27	1.39733E-27	0
87	-1.23914E-27	1.39521E-27	0
87.02	-1.13189E-27	1.38862E-27	0
87.04	-1.02927E-27	1.37792E-27	0
87.06	-9.3126E-28	1.36346E-27	0
87.08	-8.37831E-28	1.3456E-27	0
87.1	-7.48933E-28	1.32466E-27	0
87.12	-6.64511E-28	1.30094E-27	0
87.14	-5.84494E-28	1.27474E-27	0
87.16	-5.08807E-28	1.24635E-27	0
87.18	-4.37362E-28	1.21603E-27	0
87.2	-3.70067E-28	1.18404E-27	0
87.22	-3.06822E-28	1.1506E-27	0
87.24	-2.47521E-28	1.11595E-27	0
87.26	-1.92053E-28	1.08029E-27	0
87.28	-1.40303E-28	1.04383E-27	0
87.3	-9.21537E-29	1.00675E-27	0
87.32	-4.74834E-29	9.69215E-28	0
87.34	-6.16894E-30	9.31395E-28	0
87.36	3.19146E-29	8.93436E-28	0
87.38	6.68932E-29	8.55477E-28	0
87.4	9.88933E-29	8.17643E-28	0
87.42	1.28041E-28	7.80053E-28	0
87.44	1.54464E-28	7.42813E-28	0
87.46	1.78286E-28	7.06019E-28	0
87.48	1.99633E-28	6.69762E-28	0
87.5	2.18627E-28	6.34119E-28	0
87.52	2.35389E-28	5.99162E-28	0
87.54	2.50039E-28	5.64954E-28	0
87.56	2.62694E-28	5.31552E-28	0
87.58	2.73468E-28	4.99004E-28	0
87.6	2.82473E-28	4.67352E-28	0
87.62	2.89817E-28	4.36631E-28	0
87.64	2.95608E-28	4.06873E-28	0
87.66	2.99948E-28	3.781E-28	0
87.68	3.02937E-28	3.50332E-28	0
87.7	3.0467E-28	3.23583E-28	0
87.72	3.05242E-28	2.97864E-28	0
87.74	3.04742E-28	2.73178E-28	0
87.76	3.03257E-28	2.49528E-28	0
87.78	3.00868E-28	2.26911E-28	0
87.8	2.97656E-28	2.05323E-28	0
87.82	2.93695E-28	1.84754E-28	0
87.84	2.8906E-28	1.65193E-28	0
87.86	2.83818E-28	1.46627E-28	0
87.88	2.78035E-28	1.2904E-28	0
87.9	2.71774E-28	1.12414E-28	0
87.92	2.65093E-28	9.67278E-29	0
87.94	2.58048E-28	8.19612E-29	0
87.96	2.50692E-28	6.80908E-29	0
87.98	2.43074E-28	5.50926E-29	0
88	2.35241E-28	4.29415E-29	0
88.02	2.27236E-28	3.16114E-29	0
88.04	2.191E-28	2.10755E-29	0
88.06	2.10871E-28	1.13065E-29	0
88.08	2.02584E-28	2.2766E-30	0
88.1	1.94271E-28	-6.04219E-30	0
88.12	1.85963E-28	-1.36782E-29	0
88.14	1.77687E-28	-2.06597E-29	0
88.16	1.69469E-28	-2.70151E-29	0
88.18	1.61333E-28	-3.27725E-29	0
88.2	1.53299E-28	-3.79599E-29	0
88.22	1.45386E-28	-4.26051E-29	0
88.24	1.37611E-28	-4.67354E-29	0
88.26	1.29991E-28	-5.03776E-29	0
88.28	1.22538E-28	-5.35584E-29	0
88.3	1.15264E-28	-5.63035E-29	0
88.32	1.0818E-28	-5.86384E-29	0
88.34	1.01295E-28	-6.05878E-29	0
88.36	9.46168E-29	-6.21757E-29	0
88.38	8.81508E-29	-6.34255E-29	0
88.4	8.19023E-29	-6.43599E-29	0
88.42	7.58754E-29	-6.5001E-29	0
88.44	7.00728E-29	-6.53698E-29	0
88.46	6.44963E-29	-6.54868E-29	0
88.48	5.9147E-29	-6.53718E-29	0
88.5	5.40249E-29	-6.50436E-29	0
88.52	4.91292E-29	-6.45204E-29	0
88.54	4.44586E-29	-6.38195E-29	0
88.56	4.0011E-29	-6.29575E-29	0
88.58	3.57838E-29	-6.19501E-29	0
88.6	3.17736E-29	-6.08125E-29	0
88.62	2.79769E-29	-5.9559E-29	0
88.64	2.43896E-29	-5.8203E-29	0
88.66	2.1007E-29	-5.67574E-29	0
88.68	1.78245E-29	-5.52343E-29	0
88.7	1.48367E-29	-5.36451E-29	0
88.72	1.20384E-29	-5.20004E-29	0
88.74	9.42387E-30	-5.03105E-29	0
88.76	6.98737E-30	-4.85846E-29	0
88.78	4.72295E-30	-4.68315E-29	0
88.8	2.62456E-30	-4.50595E-29	0
88.82	6.86047E-31	-4.3276E-29	0
88.84	-1.09877E-30	-4.14882E-29	0
88.86	-2.73612E-30	-3.97024E-29	0
88.88	-4.23223E-30	-3.79246E-29	0
88.9	-5.59333E-30	-3.61602E-29	0
88.92	-6.82558E-30	-3.44143E-29	0
88.94	-7.93513E-30	-3.26913E-29	0
88.96	-8.92803E-30	-3.09952E-29	0
88.98	-9.81025E-30	-2.93298E-29	0
89	-1.05877E-29	-2.76983E-29	0
89.02	-1.1266E-29	-2.61034E-29	0
89.04	-1.1851E-29	-2.45479E-29	0
89.06	-1.23481E-29	-2.30337E-29	0
89.08	-1.27626E-29	-2.15628E-29	0
89.1	-1.30999E-29	-2.01368E-29	0
89.12	-1.33649E-29	-1.87569E-29	0
89.14	-1.35626E-29	-1.74242E-29	0
89.16	-1.36977E-29	-1.61394E-29	0
89.18	-1.37748E-29	-1.49031E-29	0
89.2	-1.37983E-29	-1.37156E-29	0
89.22	-1.37725E-29	-1.25771E-29	0
89.24	-1.37014E-29	-1.14876E-29	0
89.26	-1.35889E-29	-1.04467E-29	0
89.28	-1.34388E-29	-9.45429E-30	0
89.3	-1.32546E-29	-8.50973E-30	0
89.32	-1.30397E-29	-7.61245E-30	0
89.34	-1.27973E-29	-6.76172E-30	0
89.36	-1.25304E-29	-5.95671E-30	0
89.38	-1.22421E-29	-5.19649E-30	0
89.4	-1.19349E-29	-4.48006E-30	0
89.42	-1.16115E-29	-3.80635E-30	0
89.44	-1.12743E-29	-3.17423E-30	0
89.46	-1.09256E-29	-2.58252E-30	0
89.48	-1.05676E-29	-2.02998E-30	0
89.5	-1.02022E-29	-1.51534E-30	0
89.52	-9.8312E-30	-1.03732E-30	0
89.54	-9.45646E-30	-5.94599E-31	0
89.56	-9.07953E-30	-1.85844E-31	0
89.58	-8.70189E-30	1.90285E-31	0
89.6	-8.32491E-30	5.35135E-31	0
89.62	-7.94984E-30	8.50051E-31	0
89.64	-7.57781E-30	1.13637E-30	0
89.66	-7.20987E-30	1.39543E-30	0
89.68	-6.84697E-30	1.62854E-30	0
89.7	-6.48994E-30	1.83701E-30	0
89.72	-6.13955E-30	2.02211E-30	0
89.74	-5.79648E-30	2.1851E-30	0
89.76	-5.46131E-30	2.32722E-30	0
89.78	-5.13456E-30	2.44967E-30	0
89.8	-4.81669E-30	2.55363E-30	0
89.82	-4.50808E-30	2.64024E-30	0
89.84	-4.20903E-30	2.7106E-30	0
89.86	-3.91982E-30	2.76581E-30	0
89.88	-3.64063E-30	2.80691E-30	0
89.9	-3.37164E-30	2.83489E-30	0
89.92	-3.11293E-30	2.85074E-30	0
89.94	-2.86458E-30	2.85538E-30	0
89.96	-2.62659E-30	2.84972E-30	0
89.98	-2.39896E-30	2.83461E-30	0
90	-2.18162E-30	2.81088E-30	0
90.02	-1.9745E-30	2.77931E-30	0
90.04	-1.77747E-30	2.74066E-30	0
90.06	-1.59041E-30	2.69563E-30	0
90.08	-1.41315E-30	2.64491E-30	0
90.1	-1.2455E-30	2.58914E-30	0
90.12	-1.08727E-30	2.52892E-30	0
90.14	-9.38232E-31	2.46482E-30	0
90.16	-7.98157E-31	2.3974E-30	0
90.18	-6.66802E-31	2.32715E-30	0
90.2	-5.43909E-31	2.25455E-30	0
90.22	-4.29215E-31	2.18005E-30	0
90.24	-3.22448E-31	2.10406E-30	0
90.26	-2.23334E-31	2.02697E-30	0
90.28	-1.31589E-31	1.94914E-30	0
90.3	-4.69317E-32	1.87091E-30	0
90.32	3.0924E-32	1.79257E-30	0
90.34	1.02264E-31	1.71441E-30	0
90.36	1.67372E-31	1.6367E-30	0
90.38	2.26534E-31	1.55966E-30	0
90.4	2.80029E-31	1.4835E-30	0
90.42	3.28136E-31	1.40844E-30	0
90.44	3.71128E-31	1.33462E-30	0
90.46	4.09277E-31	1.26222E-30	0
90.48	4.42845E-31	1.19137E-30	0
90.5	4.72092E-31	1.12219E-30	0
90.52	4.97271E-31	1.05479E-30	0
90.54	5.18628E-31	9.89246E-31	0
90.56	5.36402E-31	9.25649E-31	0
90.58	5.50827E-31	8.64057E-31	0
90.6	5.62127E-31	8.04522E-31	0
90.62	5.70519E-31	7.47083E-31	0
90.64	5.76215E-31	6.91768E-31	0
90.66	5.79415E-31	6.38598E-31	0
90.68	5.80316E-31	5.87583E-31	0
90.7	5.79102E-31	5.38723E-31	0
90.72	5.75952E-31	4.92013E-31	0
90.74	5.71038E-31	4.4744E-31	0
90.76	5.64523E-31	4.04984E-31	0
90.78	5.5656E-31	3.6462E-31	0
90.8	5.47299E-31	3.26317E-31	0
90.82	5.36878E-31	2.9004E-31	0
90.84	5.2543E-31	2.5575E-31	0
90.86	5.13081E-31	2.23402E-31	0
90.88	4.99948E-31	1.9295E-31	0
90.9	4.86142E-31	1.64345E-31	0
90.92	4.71769E-31	1.37535E-31	0
90.94	4.56925E-31	1.12466E-31	0
90.96	4.41701E-31	8.90825E-32	0
90.98	4.26184E-31	6.7327E-32	0
91	4.10451E-31	4.71417E-32	0
91.02	3.94577E-31	2.84679E-32	0
91.04	3.78629E-31	1.12463E-32	0
91.06	3.6267E-31	-4.58272E-33	0
91.08	3.46757E-31	-1.90786E-32	0
91.1	3.30942E-31	-3.23006E-32	0
91.12	3.15273E-31	-4.43077E-32	0
91.14	2.99794E-31	-5.51582E-32	0
91.16	2.84543E-31	-6.49098E-32	0
91.18	2.69556E-31	-7.36191E-32	0
91.2	2.54863E-31	-8.13419E-32	0
91.22	2.40493E-31	-8.81328E-32	0
91.24	2.26469E-31	-9.40451E-32	0
91.26	2.12812E-31	-9.9131E-32	0
91.28	1.9954E-31	-1.03441E-31	0
91.3	1.86669E-31	-1.07025E-31	0
91.32	1.7421E-31	-1.0993E-31	0
91.34	1.62173E-31	-1.12202E-31	0
91.36	1.50566E-31	-1.13886E-31	0
91.38	1.39395E-31	-1.15025E-31	0
91.4	1.28662E-31	-1.1566E-31	0
91.42	1.1837E-31	-1.15832E-31	0
91.44	1.08518E-31	-1.15577E-31	0
91.46	9.91039E-32	-1.14933E-31	0
91.48	9.01256E-32	-1.13935E-31	0
91.5	8.15783E-32	-1.12614E-31	0
91.52	7.34564E-32	-1.11004E-31	0
91.54	6.57533E-32	-1.09133E-31	0
91.56	5.84616E-32	-1.07031E-31	0
91.58	5.15727E-32	-1.04724E-31	0
91.6	4.50776E-32	-1.02237E-31	0
91.62	3.89665E-32	-9.95945E-32	0
91.64	3.32291E-32	-9.68186E-32	0
91.66	2.78546E-32	-9.39305E-32	0
91.68	2.28317E-32	-9.09498E-32	0
91.7	1.81491E-32	-8.78949E-32	0
91.72	1.3795E-32	-8.47829E-32	0
91.74	9.75727E-33	-8.16297E-32	0
91.76	6.02399E-33	-7.845E-32	0
91.78	2.58294E-33	-7.52573E-32	0
91.8	-5.78058E-34	-7.20642E-32	0
91.82	-3.47118E-33	-6.88821E-32	0
91.84	-6.10855E-33	-6.57215E-32	0
91.86	-8.50217E-33	-6.25918E-32	0
91.88	-1.06639E-32	-5.95016E-32	0
91.9	-1.26056E-32	-5.64587E-32	0
91.92	-1.43386E-32	-5.347E-32	0
91.94	-1.58743E-32	-5.05417E-32	0
91.96	-1.72237E-32	-4.76791E-32	0
91.98	-1.83978E-32	-4.4887E-32	0
92	-1.94069E-32	-4.21695E-32	0
92.02	-2.02614E-32	-3.953E-32	0
92.04	-2.09711E-32	-3.69714E-32	0
92.06	-2.15458E-32	-3.44962E-32	0
92.08	-2.19947E-32	-3.21061E-32	0
92.1	-2.23268E-32	-2.98026E-32	0
92.12	-2.25506E-32	-2.75867E-32	0
92.14	-2.26747E-32	-2.54589E-32	0
92.16	-2.27067E-32	-2.34195E-32	0
92.18	-2.26546E-32	-2.14683E-32	0
92.2	-2.25254E-32	-1.96049E-32	0
92.22	-2.23261E-32	-1.78287E-32	0
92.24	-2.20635E-32	-1.61386E-32	0
92.26	-2.17437E-32	-1.45335E-32	0
92.28	-2.13728E-32	-1.3012E-32	0
92.3	-2.09563E-32	-1.15724E-32	0
92.32	-2.04997E-32	-1.02131E-32	0
92.34	-2.00079E-32	-8.93223E-33	0
92.36	-1.94857E-32	-7.72769E-33	0
92.38	-1.89376E-32	-6.59741E-33	0
92.4	-1.83678E-32	-5.53918E-33	0
92.42	-1.778E-32	-4.55074E-33	0
92.44	-1.71779E-32	-3.62974E-33	0
92.46	-1.6565E-32	-2.7738E-33	0
92.48	-1.59444E-32	-1.98051E-33	0
92.5	-1.53189E-32	-1.24742E-33	0
92.52	-1.46912E-32	-5.721E-34	0
92.54	-1.40637E-32	4.79172E-35	0
92.56	-1.34388E-32	6.15072E-34	0
92.58	-1.28185E-32	1.13179E-33	0
92.6	-1.22045E-32	1.60049E-33	0
92.62	-1.15987E-32	2.02353E-33	0
92.64	-1.10024E-32	2.40326E-33	0
92.66	-1.04171E-32	2.74199E-33	0
92.68	-9.84384E-33	3.04195E-33	0
92.7	-9.28381E-33	3.30536E-33	0
92.72	-8.73785E-33	3.53437E-33	0
92.74	-8.20676E-33	3.73106E-33	0
92.76	-7.69118E-33	3.89747E-33	0
92.78	-7.19169E-33	4.03557E-33	0
92.8	-6.70871E-33	4.14726E-33	0
92.82	-6.24259E-33	4.23438E-33	0
92.84	-5.7936E-33	4.29871E-33	0
92.86	-5.3619E-33	4.34195E-33	0
92.88	-4.94759E-33	4.36574E-33	0
92.9	-4.55069E-33	4.37165E-33	0
92.92	-4.17117E-33	4.36117E-33	0
92.94	-3.80891E-33	4.33574E-33	0
92.96	-3.46378E-33	4.29673E-33	0
92.98	-3.13555E-33	4.24544E-33	0
93	-2.82399E-33	4.18309E-33	0
93.02	-2.52881E-33	4.11086E-33	0
93.04	-2.24968E-33	4.02985E-33	0
93.06	-1.98625E-33	3.94111E-33	0
93.08	-1.73814E-33	3.84562E-33	0
93.1	-1.50495E-33	3.7443E-33	0
93.12	-1.28625E-33	3.63802E-33	0
93.14	-1.0816E-33	3.52758E-33	0
93.16	-8.90546E-34	3.41376E-33	0
93.18	-7.12624E-34	3.29724E-33	0
93.2	-5.4736E-34	3.1787E-33	0
93.22	-3.94274E-34	3.05872E-33	0
93.24	-2.52884E-34	2.93787E-33	0
93.26	-1.22705E-34	2.81668E-33	0
93.28	-3.25356E-36	2.6956E-33	0
93.3	1.05952E-34	2.57507E-33	0
93.32	2.05391E-34	2.45549E-33	0
93.34	2.95535E-34	2.3372E-33	0
93.36	3.76852E-34	2.22054E-33	0
93.38	4.498E-34	2.10579E-33	0
93.4	5.1483E-34	1.9932E-33	0
93.42	5.72383E-34	1.88301E-33	0
93.44	6.22889E-34	1.7754E-33	0
93.46	6.66767E-34	1.67055E-33	0
93.48	7.04427E-34	1.56861E-33	0
93.5	7.36263E-34	1.46971E-33	0
93.52	7.62659E-34	1.37393E-33	0
93.54	7.83985E-34	1.28138E-33	0
93.56	8.00598E-34	1.1921E-33	0
93.58	8.12843E-34	1.10614E-33	0
93.6	8.2105E-34	1.02354E-33	0
93.62	8.25536E-34	9.44308E-34	0
93.64	8.26605E-34	8.68445E-34	0
93.66	8.24546E-34	7.9594E-34	0
93.68	8.19636E-34	7.26771E-34	0
93.7	8.12138E-34	6.60904E-34	0
93.72	8.02303E-34	5.98298E-34	0
93.74	7.90369E-34	5.38901E-34	0
93.76	7.76559E-34	4.82656E-34	0
93.78	7.61086E-34	4.29497E-34	0
93.8	7.44151E-34	3.79355E-34	0
93.82	7.25942E-34	3.32154E-34	0
93.84	7.06635E-34	2.87813E-34	0
93.86	6.86397E-34	2.4625E-34	0
93.88	6.65382E-34	2.07378E-34	0
93.9	6.43735E-34	1.71107E-34	0
93.92	6.21589E-34	1.37347E-34	0
93.94	5.99071E-34	1.06006E-34	0
93.96	5.76294E-34	7.69902E-35	0
93.98	5.53366E-34	5.02054E-35	0
94	5.30384E-34	2.55579E-35	0
94.02	5.07437E-34	2.95388E-36	0
94.04	4.84607E-34	-1.76999E-35	0
94.06	4.61968E-34	-3.6496E-35	0
94.08	4.39587E-34	-5.35255E-35	0
94.1	4.17526E-34	-6.88785E-35	0
94.12	3.95836E-34	-8.26434E-35	0
94.14	3.74568E-34	-9.49068E-35	0
94.16	3.53761E-34	-1.05753E-34	0
94.18	3.33455E-34	-1.15266E-34	0
94.2	3.1368E-34	-1.23524E-34	0
94.22	2.94463E-34	-1.30607E-34	0
94.24	2.75828E-34	-1.3659E-34	0
94.26	2.57792E-34	-1.41546E-34	0
94.28	2.40372E-34	-1.45547E-34	0
94.3	2.23576E-34	-1.48659E-34	0
94.32	2.07415E-34	-1.50949E-34	0
94.34	1.91892E-34	-1.5248E-34	0
94.36	1.77011E-34	-1.53312E-34	0
94.38	1.62769E-34	-1.53502E-34	0
94.4	1.49165E-34	-1.53105E-34	0
94.42	1.36193E-34	-1.52175E-34	0
94.44	1.23847E-34	-1.50761E-34	0
94.46	1.12119E-34	-1.4891E-34	0
94.48	1.00997E-34	-1.46666E-34	0
94.5	9.04707E-35	-1.44074E-34	0
94.52	8.05275E-35	-1.41172E-34	0
94.54	7.11533E-35	-1.37998E-34	0
94.56	6.23335E-35	-1.34589E-34	0
94.58	5.40525E-35	-1.30976E-34	0
94.6	4.62944E-35	-1.27191E-34	0
94.62	3.90423E-35	-1.23264E-34	0
94.64	3.22791E-35	-1.19221E-34	0
94.66	2.59875E-35	-1.15088E-34	0
94.68	2.01496E-35	-1.10887E-34	0
94.7	1.47478E-35	-1.0664E-34	0
94.72	9.76402E-36	-1.02368E-34	0
94.74	5.18038E-36	-9.80881E-35	0
94.76	9.79039E-37	-9.3817E-35	0
94.78	-2.85772E-36	-8.957E-35	0
94.8	-6.34742E-36	-8.53609E-35	0
94.82	-9.50739E-36	-8.1202E-35	0
94.84	-1.23546E-35	-7.71045E-35	0
94.86	-1.49059E-35	-7.30784E-35	0
94.88	-1.71775E-35	-6.91323E-35	0
94.9	-1.91854E-35	-6.52742E-35	0
94.92	-2.09452E-35	-6.15107E-35	0
94.94	-2.24721E-35	-5.78475E-35	0
94.96	-2.37807E-35	-5.42897E-35	0
94.98	-2.48852E-35	-5.08413E-35	0
95	-2.57994E-35	-4.75056E-35	0
95.02	-2.65366E-35	-4.42853E-35	0
95.04	-2.71095E-35	-4.11822E-35	0
95.06	-2.75303E-35	-3.81978E-35	0
95.08	-2.78109E-35	-3.53328E-35	0
95.1	-2.79624E-35	-3.25875E-35	0
95.12	-2.79957E-35	-2.99616E-35	0
95.14	-2.7921E-35	-2.74546E-35	0
95.16	-2.7748E-35	-2.50654E-35	0
95.18	-2.74861E-35	-2.27926E-35	0
95.2	-2.7144E-35	-2.06345E-35	0
95.22	-2.67301E-35	-1.85892E-35	0
95.24	-2.62522E-35	-1.66544E-35	0
95.26	-2.57178E-35	-1.48276E-35	0
95.28	-2.51338E-35	-1.31064E-35	0
95.3	-2.45068E-35	-1.14877E-35	0
95.32	-2.38429E-35	-9.96873E-36	0
95.34	-2.31479E-35	-8.54639E-36	0
95.36	-2.24271E-35	-7.21753E-36	0
95.38	-2.16856E-35	-5.97891E-36	0
95.4	-2.09279E-35	-4.82724E-36	0
95.42	-2.01583E-35	-3.75921E-36	0
95.44	-1.93808E-35	-2.77146E-36	0
95.46	-1.8599E-35	-1.86064E-36	0
95.48	-1.78162E-35	-1.02339E-36	0
95.5	-1.70355E-35	-2.56392E-37	0
95.52	-1.62596E-35	4.43669E-37	0
95.54	-1.5491E-35	1.08006E-36	0
95.56	-1.4732E-35	1.656E-36	0
95.58	-1.39846E-35	2.17465E-36	0
95.6	-1.32506E-35	2.63911E-36	0
95.62	-1.25315E-35	3.05242E-36	0
95.64	-1.18289E-35	3.41754E-36	0
95.66	-1.11439E-35	3.73734E-36	0
95.68	-1.04774E-35	4.01463E-36	0
95.7	-9.83049E-36	4.25212E-36	0
95.72	-9.20377E-36	4.45243E-36	0
95.74	-8.59785E-36	4.61809E-36	0
95.76	-8.01319E-36	4.75154E-36	0
95.78	-7.45011E-36	4.85514E-36	0
95.8	-6.90883E-36	4.93112E-36	0
95.82	-6.38948E-36	4.98166E-36	0
95.84	-5.89208E-36	5.00881E-36	0
95.86	-5.41656E-36	5.01455E-36	0
95.88	-4.9628E-36	5.00075E-36	0
95.9	-4.53059E-36	4.96919E-36	0
95.92	-4.11964E-36	4.92158E-36	0
95.94	-3.72964E-36	4.85952E-36	0
95.96	-3.3602E-36	4.78452E-36	0
95.98	-3.01091E-36	4.69802E-36	0
96	-2.6813E-36	4.60137E-36	0
96.02	-2.37087E-36	4.49584E-36	0
96.04	-2.0791E-36	4.38262E-36	0
96.06	-1.80544E-36	4.26282E-36	0
96.08	-1.54933E-36	4.13749E-36	0
96.1	-1.31016E-36	4.00759E-36	0
96.12	-1.08736E-36	3.87402E-36	0
96.14	-8.80305E-37	3.73762E-36	0
96.16	-6.88386E-37	3.59916E-36	0
96.18	-5.10987E-37	3.45935E-36	0
96.2	-3.4749E-37	3.31885E-36	0
96.22	-1.97281E-37	3.17824E-36	0
96.24	-5.9747E-38	3.03808E-36	0
96.26	6.57162E-38	2.89886E-36	0
96.28	1.79707E-37	2.76103E-36	0
96.3	2.82812E-37	2.62499E-36	0
96.32	3.7561E-37	2.4911E-36	0
96.34	4.58666E-37	2.35968E-36	0
96.36	5.32533E-37	2.231E-36	0
96.38	5.97748E-37	2.10533E-36	0
96.4	6.54834E-37	1.98286E-36	0
96.42	7.04301E-37	1.86378E-36	0
96.44	7.46639E-37	1.74825E-36	0
96.46	7.82323E-37	1.63639E-36	0
96.48	8.11812E-37	1.52829E-36	0
96.5	8.35547E-37	1.42404E-36	0
96.52	8.53951E-37	1.32368E-36	0
96.54	8.67432E-37	1.22727E-36	0
96.56	8.76377E-37	1.1348E-36	0
96.58	8.8116E-37	1.04629E-36	0
96.6	8.82133E-37	9.61718E-37	0
96.62	8.79635E-37	8.81054E-37	0
96.64	8.73987E-37	8.0426E-37	0
96.66	8.65491E-37	7.31283E-37	0
96.68	8.54436E-37	6.6206E-37	0
96.7	8.41094E-37	5.96521E-37	0
96.72	8.25721E-37	5.34587E-37	0
96.74	8.08558E-37	4.76172E-37	0
96.76	7.89833E-37	4.21185E-37	0
96.78	7.69756E-37	3.6953E-37	0
96.8	7.48527E-37	3.21107E-37	0
96.82	7.2633E-37	2.7581E-37	0
96.84	7.03339E-37	2.33534E-37	0
96.86	6.79712E-37	1.94169E-37	0
96.88	6.55598E-37	1.57606E-37	0
96.9	6.31133E-37	1.23734E-37	0
96.92	6.06444E-37	9.24401E-38	0
96.94	5.81645E-37	6.3614E-38	0
96.96	5.56842E-37	3.71444E-38	0
96.98	5.32131E-37	1.29214E-38	0
97	5.07598E-37	-9.16397E-39	0
97.02	4.83323E-37	-2.9219E-38	0
97.04	4.59376E-37	-4.73491E-38	0
97.06	4.35819E-37	-6.36579E-38	0
97.08	4.12708E-37	-7.82464E-38	0
97.1	3.90093E-37	-9.12135E-38	0
97.12	3.68016E-37	-1.02655E-37	0
97.14	3.46514E-37	-1.12665E-37	0
97.16	3.25618E-37	-1.21333E-37	0
97.18	3.05354E-37	-1.28747E-37	0
97.2	2.85743E-37	-1.34992E-37	0
97.22	2.66803E-37	-1.40149E-37	0
97.24	2.48546E-37	-1.44296E-37	0
97.26	2.3098E-37	-1.47508E-37	0
97.28	2.14112E-37	-1.49858E-37	0
97.3	1.97944E-37	-1.51414E-37	0
97.32	1.82475E-37	-1.52242E-37	0
97.34	1.67701E-37	-1.52405E-37	0
97.36	1.53618E-37	-1.51962E-37	0
97.38	1.40217E-37	-1.50969E-37	0
97.4	1.27489E-37	-1.49481E-37	0
97.42	1.15421E-37	-1.47548E-37	0
97.44	1.04002E-37	-1.45218E-37	0
97.46	9.32157E-38	-1.42535E-37	0
97.48	8.30479E-38	-1.39542E-37	0
97.5	7.34817E-38	-1.36279E-37	0
97.52	6.44996E-38	-1.32783E-37	0
97.54	5.60838E-38	-1.29089E-37	0
97.56	4.82154E-38	-1.25228E-37	0
97.58	4.08754E-38	-1.21232E-37	0
97.6	3.40445E-38	-1.17128E-37	0
97.62	2.7703E-38	-1.12941E-37	0
97.64	2.18311E-38	-1.08696E-37	0
97.66	1.64091E-38	-1.04414E-37	0
97.68	1.14172E-38	-1.00115E-37	0
97.7	6.83585E-39	-9.58185E-38	0
97.72	2.64548E-39	-9.15397E-38	0
97.74	-1.17309E-39	-8.72941E-38	0
97.76	-4.63876E-39	-8.30952E-38	0
97.78	-7.77012E-39	-7.89551E-38	0
97.8	-1.05854E-38	-7.48847E-38	0
97.82	-1.31023E-38	-7.08935E-38	0
97.84	-1.53382E-38	-6.69899E-38	0
97.86	-1.731E-38	-6.3181E-38	0
97.88	-1.9034E-38	-5.94733E-38	0
97.9	-2.05261E-38	-5.58718E-38	0
97.92	-2.18015E-38	-5.23811E-38	0
97.94	-2.2875E-38	-4.90047E-38	0
97.96	-2.37608E-38	-4.57453E-38	0
97.98	-2.44726E-38	-4.2605E-38	0
98	-2.50235E-38	-3.95853E-38	0
98.02	-2.5426E-38	-3.6687E-38	0
98.04	-2.5692E-38	-3.39103E-38	0
98.06	-2.58329E-38	-3.1255E-38	0
98.08	-2.58598E-38	-2.87204E-38	0
98.1	-2.57827E-38	-2.63054E-38	0
98.12	-2.56117E-38	-2.40086E-38	0
98.14	-2.53558E-38	-2.18282E-38	0
98.16	-2.50239E-38	-1.9762E-38	0
98.18	-2.46242E-38	-1.78078E-38	0
98.2	-2.41645E-38	-1.59629E-38	0
98.22	-2.3652E-38	-1.42246E-38	0
98.24	-2.30937E-38	-1.259E-38	0
98.26	-2.24959E-38	-1.1056E-38	0
98.28	-2.18646E-38	-9.61942E-39	0
98.3	-2.12052E-38	-8.27698E-39	0
98.32	-2.05231E-38	-7.02532E-39	0
98.34	-1.98229E-38	-5.86107E-39	0
98.36	-1.9109E-38	-4.78078E-39	0
98.38	-1.83856E-38	-3.78101E-39	0
98.4	-1.76563E-38	-2.85831E-39	0
98.42	-1.69246E-38	-2.00924E-39	0
98.44	-1.61935E-38	-1.23039E-39	0
98.46	-1.54658E-38	-5.1839E-40	0
98.48	-1.47442E-38	1.30097E-40	0
98.5	-1.4031E-38	7.18347E-40	0
98.52	-1.3328E-38	1.24957E-39	0
98.54	-1.26373E-38	1.72691E-39	0
98.56	-1.19603E-38	2.15344E-39	0
98.58	-1.12985E-38	2.53214E-39	0
98.6	-1.06532E-38	2.86592E-39	0
98.62	-1.00252E-38	3.15759E-39	0
98.64	-9.41562E-39	3.40986E-39	0
98.66	-8.82505E-39	3.62538E-39	0
98.68	-8.2541E-39	3.80666E-39	0
98.7	-7.70322E-39	3.95615E-39	0
98.72	-7.17275E-39	4.07618E-39	0
98.74	-6.6629E-39	4.16898E-39	0
98.76	-6.17378E-39	4.23671E-39	0
98.78	-5.70543E-39	4.2814E-39	0
98.8	-5.25778E-39	4.305E-39	0
98.82	-4.83069E-39	4.30935E-39	0
98.84	-4.42397E-39	4.29623E-39	0
98.86	-4.03734E-39	4.26728E-39	0
98.88	-3.67049E-39	4.22409E-39	0
98.9	-3.32303E-39	4.16814E-39	0
98.92	-2.99456E-39	4.10084E-39	0
98.94	-2.68464E-39	4.02349E-39	0
98.96	-2.39276E-39	3.93733E-39	0
98.98	-2.11843E-39	3.84351E-39	0
99	-1.86112E-39	3.74313E-39	0
99.02	-1.62026E-39	3.63717E-39	0
99.04	-1.39531E-39	3.52659E-39	0
99.06	-1.18567E-39	3.41224E-39	0
99.08	-9.90772E-40	3.29493E-39	0
99.1	-8.10021E-40	3.17539E-39	0
99.12	-6.42826E-40	3.05432E-39	0
99.14	-4.88599E-40	2.93233E-39	0
99.16	-3.46752E-40	2.81E-39	0
99.18	-2.16702E-40	2.68784E-39	0
99.2	-9.78755E-41	2.56632E-39	0
99.22	1.02954E-41	2.44587E-39	0
99.24	1.08367E-40	2.32687E-39	0
99.26	1.96885E-40	2.20965E-39	0
99.28	2.76383E-40	2.09453E-39	0
99.3	3.47381E-40	1.98176E-39	0
99.32	4.10383E-40	1.87158E-39	0
99.34	4.65882E-40	1.76418E-39	0
99.36	5.14351E-40	1.65974E-39	0
99.38	5.56251E-40	1.55839E-39	0
99.4	5.92024E-40	1.46026E-39	0
99.42	6.22096E-40	1.36544E-39	0
99.44	6.46877E-40	1.274E-39	0
99.46	6.66761E-40	1.18599E-39	0
99.48	6.82122E-40	1.10144E-39	0
99.5	6.9332E-40	1.02037E-39	0
99.52	7.00697E-40	9.42786E-40	0
99.54	7.0458E-40	8.68665E-40	0
99.56	7.05279E-40	7.97984E-40	0
99.58	7.03086E-40	7.30708E-40	0
99.6	6.9828E-40	6.66787E-40	0
99.62	6.91123E-40	6.06165E-40	0
99.64	6.81864E-40	5.48778E-40	0
99.66	6.70735E-40	4.94554E-40	0
99.68	6.57955E-40	4.43416E-40	0
99.7	6.4373E-40	3.95281E-40	0
99.72	6.28251E-40	3.50063E-40	0
99.74	6.11697E-40	3.0767E-40	0
99.76	5.94235E-40	2.68009E-40	0
99.78	5.7602E-40	2.30984E-40	0
99.8	5.57196E-40	1.96498E-40	0
99.82	5.37894E-40	1.64453E-40	0
99.84	5.18238E-40	1.34749E-40	0
99.86	4.98338E-40	1.07286E-40	0
99.88	4.78299E-40	8.19664E-41	0
99.9	4.58213E-40	5.86908E-41	0
99.92	4.38166E-40	3.73621E-41	0
99.94	4.18235E-40	1.78838E-41	0
99.96	3.98489E-40	1.61334E-43	0
99.98	3.78991E-40	-1.58983E-41	0
100	3.59795E-40	-3.0386E-41	0
100.02	3.40951E-40	-4.33905E-41	0
100.04	3.22501E-40	-5.49985E-41	0
100.06	3.04484E-40	-6.52938E-41	0
100.08	2.86932E-40	-7.4358E-41	0
100.1	2.6987E-40	-8.22699E-41	0
100.12	2.53324E-40	-8.91055E-41	0
100.14	2.3731E-40	-9.49383E-41	0
100.16	2.21844E-40	-9.98386E-41	0
100.18	2.06936E-40	-1.03874E-40	0
100.2	1.92595E-40	-1.0711E-40	0
100.22	1.78825E-40	-1.09608E-40	0
100.24	1.65629E-40	-1.11427E-40	0
100.26	1.53005E-40	-1.12624E-40	0
100.28	1.40951E-40	-1.13252E-40	0
100.3	1.29463E-40	-1.13363E-40	0
100.32	1.18533E-40	-1.13004E-40	0
100.34	1.08154E-40	-1.12221E-40	0
100.36	9.83147E-41	-1.11056E-40	0
100.38	8.90055E-41	-1.09552E-40	0
100.4	8.02139E-41	-1.07745E-40	0
100.42	7.19267E-41	-1.05672E-40	0
100.44	6.413E-41	-1.03365E-40	0
100.46	5.68094E-41	-1.00857E-40	0
100.48	4.99496E-41	-9.81768E-41	0
100.5	4.35351E-41	-9.53507E-41	0
100.52	3.755E-41	-9.24043E-41	0
100.54	3.1978E-41	-8.9361E-41	0
100.56	2.6803E-41	-8.62422E-41	0
100.58	2.20084E-41	-8.30678E-41	0
100.6	1.75779E-41	-7.98558E-41	0
100.62	1.34951E-41	-7.66229E-41	0
100.64	9.74386E-42	-7.33841E-41	0
100.66	6.30809E-42	-7.01533E-41	0
100.68	3.17199E-42	-6.69427E-41	0
100.7	3.20032E-43	-6.37636E-41	0
100.72	-2.26302E-42	-6.06259E-41	0
100.74	-4.59205E-42	-5.75385E-41	0
100.76	-6.68159E-42	-5.45092E-41	0
100.78	-8.54575E-42	-5.15449E-41	0
100.8	-1.01983E-41	-4.86514E-41	0
100.82	-1.16524E-41	-4.58339E-41	0
100.84	-1.2921E-41	-4.30967E-41	0
100.86	-1.40164E-41	-4.04433E-41	0
100.88	-1.49506E-41	-3.78767E-41	0
100.9	-1.5735E-41	-3.53991E-41	0
100.92	-1.63806E-41	-3.30122E-41	0
100.94	-1.68979E-41	-3.07171E-41	0
100.96	-1.7297E-41	-2.85145E-41	0
100.98	-1.75874E-41	-2.64047E-41	0
101	-1.77782E-41	-2.43874E-41	0
101.02	-1.78782E-41	-2.24622E-41	0
101.04	-1.78954E-41	-2.06282E-41	0
101.06	-1.78377E-41	-1.88842E-41	0
101.08	-1.77125E-41	-1.72289E-41	0
101.1	-1.75266E-41	-1.56606E-41	0
101.12	-1.72866E-41	-1.41774E-41	0
101.14	-1.69985E-41	-1.27774E-41	0
101.16	-1.66683E-41	-1.14583E-41	0
101.18	-1.63011E-41	-1.0218E-41	0
101.2	-1.5902E-41	-9.05395E-42	0
101.22	-1.54757E-41	-7.96373E-42	0
101.24	-1.50266E-41	-6.94478E-42	0
101.26	-1.45586E-41	-5.99452E-42	0
101.28	-1.40754E-41	-5.11029E-42	0
101.3	-1.35805E-41	-4.28945E-42	0
101.32	-1.3077E-41	-3.52934E-42	0
101.34	-1.25678E-41	-2.8273E-42	0
101.36	-1.20556E-41	-2.18068E-42	0
101.38	-1.15427E-41	-1.58686E-42	0
101.4	-1.10314E-41	-1.04326E-42	0
101.42	-1.05235E-41	-5.47317E-43	0
101.44	-1.00208E-41	-9.65344E-44	0
101.46	-9.52492E-42	3.11539E-43	0
101.48	-9.03723E-42	6.79297E-43	0
101.5	-8.55896E-42	1.00907E-42	0
101.52	-8.09117E-42	1.30313E-42	0
101.54	-7.6348E-42	1.56366E-42	0
101.56	-7.19064E-42	1.7928E-42	0
101.58	-6.75934E-42	1.9926E-42	0
101.6	-6.34147E-42	2.16503E-42	0
101.62	-5.93745E-42	2.31201E-42	0
101.64	-5.54764E-42	2.43535E-42	0
101.66	-5.17228E-42	2.53681E-42	0
101.68	-4.81154E-42	2.61806E-42	0
101.7	-4.46552E-42	2.68069E-42	0
101.72	-4.13423E-42	2.72624E-42	0
101.74	-3.81763E-42	2.75614E-42	0
101.76	-3.51563E-42	2.77176E-42	0
101.78	-3.22807E-42	2.77442E-42	0
101.8	-2.95477E-42	2.76534E-42	0
101.82	-2.69549E-42	2.74568E-42	0
101.84	-2.44995E-42	2.71654E-42	0
101.86	-2.21787E-42	2.67895E-42	0
101.88	-1.9989E-42	2.63387E-42	0
101.9	-1.79269E-42	2.5822E-42	0
101.92	-1.59889E-42	2.5248E-42	0
101.94	-1.4171E-42	2.46245E-42	0
101.96	-1.24692E-42	2.39588E-42	0
101.98	-1.08795E-42	2.32577E-42	0
102	-9.3976E-43	2.25276E-42	0
102.02	-8.0194E-43	2.17743E-42	0
102.04	-6.74064E-43	2.1003E-42	0
102.06	-5.55706E-43	2.02189E-42	0
102.08	-4.46445E-43	1.94262E-42	0
102.1	-3.45859E-43	1.86292E-42	0
102.12	-2.53532E-43	1.78315E-42	0
102.14	-1.69054E-43	1.70366E-42	0
102.16	-9.2021E-44	1.62475E-42	0
102.18	-2.20376E-44	1.54669E-42	0
102.2	4.12838E-44	1.46973E-42	0
102.22	9.83208E-44	1.39407E-42	0
102.24	1.49441E-43	1.31991E-42	0
102.26	1.95002E-43	1.24741E-42	0
102.28	2.35348E-43	1.17672E-42	0
102.3	2.70815E-43	1.10795E-42	0
102.32	3.01725E-43	1.04121E-42	0
102.34	3.28387E-43	9.76573E-43	0
102.36	3.51101E-43	9.14112E-43	0
102.38	3.70153E-43	8.53877E-43	0
102.4	3.85816E-43	7.95905E-43	0
102.42	3.98352E-43	7.40217E-43	0
102.44	4.0801E-43	6.86828E-43	0
102.46	4.15028E-43	6.35736E-43	0
102.48	4.19631E-43	5.86935E-43	0
102.5	4.22034E-43	5.40407E-43	0
102.52	4.22439E-43	4.96126E-43	0
102.54	4.21037E-43	4.5406E-43	0
102.56	4.18009E-43	4.14172E-43	0
102.58	4.13524E-43	3.76417E-43	0
102.6	4.07743E-43	3.40748E-43	0
102.62	4.00814E-43	3.07111E-43	0
102.64	3.92879E-43	2.75451E-43	0
102.66	3.84066E-43	2.4571E-43	0
102.68	3.74499E-43	2.17825E-43	0
102.7	3.64291E-43	1.91734E-43	0
102.72	3.53546E-43	1.67374E-43	0
102.74	3.42361E-43	1.44677E-43	0
102.76	3.30825E-43	1.23579E-43	0
102.78	3.19022E-43	1.04012E-43	0
102.8	3.07027E-43	8.59107E-44	0
102.82	2.94908E-43	6.92087E-44	0
102.84	2.82729E-43	5.38405E-44	0
102.86	2.70546E-43	3.97411E-44	0
102.88	2.58411E-43	2.68467E-44	0
102.9	2.46371E-43	1.50944E-44	0
102.92	2.34466E-43	4.42287E-45	0
102.94	2.22733E-43	-5.22804E-45	0
102.96	2.11206E-43	-1.39169E-44	0
102.98	1.99913E-43	-2.17005E-44	0
103	1.88878E-43	-2.86342E-44	0
103.02	1.78123E-43	-3.47713E-44	0
103.04	1.67666E-43	-4.01635E-44	0
103.06	1.57522E-43	-4.48605E-44	0
103.08	1.47704E-43	-4.89101E-44	0
103.1	1.3822E-43	-5.23583E-44	0
103.12	1.29079E-43	-5.5249E-44	0
103.14	1.20285E-43	-5.76243E-44	0
103.16	1.11842E-43	-5.95244E-44	0
103.18	1.03751E-43	-6.09875E-44	0
103.2	9.60127E-44	-6.20501E-44	0
103.22	8.86247E-44	-6.27466E-44	0
103.24	8.15842E-44	-6.31098E-44	0
103.26	7.4887E-44	-6.31707E-44	0
103.28	6.8528E-44	-6.29585E-44	0
103.3	6.25011E-44	-6.25006E-44	0
103.32	5.67993E-44	-6.18231E-44	0
103.34	5.14151E-44	-6.09502E-44	0
103.36	4.63402E-44	-5.99046E-44	0
103.38	4.15659E-44	-5.87077E-44	0
103.4	3.70831E-44	-5.73793E-44	0
103.42	3.28822E-44	-5.59378E-44	0
103.44	2.89535E-44	-5.44004E-44	0
103.46	2.5287E-44	-5.2783E-44	0
103.48	2.18727E-44	-5.11003E-44	0
103.5	1.87004E-44	-4.93658E-44	0
103.52	1.57598E-44	-4.75918E-44	0
103.54	1.30408E-44	-4.57898E-44	0
103.56	1.05332E-44	-4.39702E-44	0
103.58	8.22692E-45	-4.21424E-44	0
103.6	6.11211E-45	-4.0315E-44	0
103.62	4.17898E-45	-3.84956E-44	0
103.64	2.41795E-45	-3.66913E-44	0
103.66	8.19637E-46	-3.49082E-44	0
103.68	-6.2511E-46	-3.31518E-44	0
103.7	-1.9252E-45	-3.14269E-44	0
103.72	-3.08928E-45	-2.97379E-44	0
103.74	-4.12574E-45	-2.80883E-44	0
103.76	-5.04268E-45	-2.64814E-44	0
103.78	-5.84794E-45	-2.49197E-44	0
103.8	-6.54903E-45	-2.34056E-44	0
103.82	-7.15319E-45	-2.19406E-44	0
103.84	-7.66738E-45	-2.05264E-44	0
103.86	-8.09823E-45	-1.91639E-44	0
103.88	-8.45209E-45	-1.78538E-44	0
103.9	-8.73501E-45	-1.65966E-44	0
103.92	-8.95277E-45	-1.53925E-44	0
103.94	-9.11083E-45	-1.42413E-44	0
103.96	-9.2144E-45	-1.31428E-44	0
103.98	-9.26838E-45	-1.20965E-44	0
104	-9.27742E-45	-1.11016E-44	0
104.02	-9.24591E-45	-1.01575E-44	0
104.04	-9.17798E-45	-9.26314E-45	0
104.06	-9.07748E-45	-8.41742E-45	0
104.08	-8.94808E-45	-7.61918E-45	0
104.1	-8.79315E-45	-6.86718E-45	0
104.12	-8.61588E-45	-6.16005E-45	0
104.14	-8.41923E-45	-5.49642E-45	0
104.16	-8.20595E-45	-4.87483E-45	0
104.18	-7.97859E-45	-4.2938E-45	0
104.2	-7.73952E-45	-3.75182E-45	0
104.22	-7.49091E-45	-3.24735E-45	0
104.24	-7.23476E-45	-2.77886E-45	0
104.26	-6.97292E-45	-2.34481E-45	0
104.28	-6.70708E-45	-1.94365E-45	0
104.3	-6.43876E-45	-1.57387E-45	0
104.32	-6.16937E-45	-1.23395E-45	0
104.34	-5.90016E-45	-9.22388E-46	0
104.36	-5.63228E-45	-6.37733E-46	0
104.38	-5.36673E-45	-3.78545E-46	0
104.4	-5.10444E-45	-1.43419E-46	0
104.42	-4.8462E-45	6.90127E-47	0
104.44	-4.59272E-45	2.60083E-46	0
104.46	-4.34463E-45	4.31082E-46	0
104.48	-4.10245E-45	5.83261E-46	0
104.5	-3.86664E-45	7.17827E-46	0
104.52	-3.63759E-45	8.35946E-46	0
104.54	-3.41561E-45	9.38737E-46	0
104.56	-3.20096E-45	1.02728E-45	0
104.58	-2.99383E-45	1.10259E-45	0
104.6	-2.79437E-45	1.16567E-45	0
104.62	-2.60269E-45	1.21746E-45	0
104.64	-2.41883E-45	1.25884E-45	0
104.66	-2.24281E-45	1.29068E-45	0
104.68	-2.07462E-45	1.31378E-45	0
104.7	-1.91421E-45	1.32892E-45	0
104.72	-1.76148E-45	1.3368E-45	0
104.74	-1.61635E-45	1.33813E-45	0
104.76	-1.47867E-45	1.33354E-45	0
104.78	-1.34832E-45	1.32365E-45	0
104.8	-1.22511E-45	1.30902E-45	0
104.82	-1.10888E-45	1.29018E-45	0
104.84	-9.99438E-46	1.26764E-45	0
104.86	-8.96574E-46	1.24186E-45	0
104.88	-8.00084E-46	1.21327E-45	0
104.9	-7.0975E-46	1.18229E-45	0
104.92	-6.25351E-46	1.14927E-45	0
104.94	-5.46662E-46	1.11456E-45	0
104.96	-4.73455E-46	1.07849E-45	0
104.98	-4.05502E-46	1.04134E-45	0
105	-3.42575E-46	1.00339E-45	0
105.02	-2.84444E-46	9.64873E-46	0
105.04	-2.30886E-46	9.26017E-46	0
105.06	-1.81675E-46	8.87023E-46	0
105.08	-1.36594E-46	8.48075E-46	0
105.1	-9.54242E-47	8.09337E-46	0
105.12	-5.7956E-47	7.70956E-46	0
105.14	-2.39825E-47	7.33063E-46	0
105.16	6.69739E-48	6.95774E-46	0
105.18	3.42789E-47	6.5919E-46	0
105.2	5.89515E-47	6.23401E-46	0
105.22	8.08982E-47	5.88481E-46	0
105.24	1.00296E-46	5.54497E-46	0
105.26	1.17315E-46	5.21502E-46	0
105.28	1.32118E-46	4.89541E-46	0
105.3	1.44863E-46	4.58651E-46	0
105.32	1.557E-46	4.28857E-46	0
105.34	1.64772E-46	4.00181E-46	0
105.36	1.72216E-46	3.72636E-46	0
105.38	1.78163E-46	3.46227E-46	0
105.4	1.82737E-46	3.20958E-46	0
105.42	1.86054E-46	2.96823E-46	0
105.44	1.88227E-46	2.73815E-46	0
105.46	1.8936E-46	2.51922E-46	0
105.48	1.89552E-46	2.31126E-46	0
105.5	1.88897E-46	2.11409E-46	0
105.52	1.87483E-46	1.92748E-46	0
105.54	1.85392E-46	1.7512E-46	0
105.56	1.827E-46	1.58498E-46	0
105.58	1.79479E-46	1.42854E-46	0
105.6	1.75798E-46	1.28157E-46	0
105.62	1.71717E-46	1.14378E-46	0
105.64	1.67296E-46	1.01484E-46	0
105.66	1.62587E-46	8.94432E-47	0
105.68	1.5764E-46	7.82222E-47	0
105.7	1.525E-46	6.77881E-47	0
105.72	1.47209E-46	5.81074E-47	0
105.74	1.41806E-46	4.91469E-47	0
105.76	1.36326E-46	4.08735E-47	0
105.78	1.308E-46	3.32544E-47	0
105.8	1.25257E-46	2.62572E-47	0
105.82	1.19723E-46	1.98501E-47	0
105.84	1.14222E-46	1.40018E-47	0
105.86	1.08773E-46	8.68185E-48	0
105.88	1.03397E-46	3.86035E-48	0
105.9	9.81089E-47	-4.91665E-49	0
105.92	9.29233E-47	-4.40234E-48	0
105.94	8.78526E-47	-7.89892E-48	0
105.96	8.29077E-47	-1.10077E-47	0
105.98	7.80975E-47	-1.37542E-47	0
106	7.34295E-47	-1.61628E-47	0
106.02	6.89101E-47	-1.82568E-47	0
106.04	6.4544E-47	-2.00589E-47	0
106.06	6.03351E-47	-2.15905E-47	0
106.08	5.62859E-47	-2.28722E-47	0
106.1	5.23983E-47	-2.39235E-47	0
106.12	4.8673E-47	-2.4763E-47	0
106.14	4.511E-47	-2.54084E-47	0
106.16	4.17087E-47	-2.58765E-47	0
106.18	3.84677E-47	-2.6183E-47	0
106.2	3.53851E-47	-2.6343E-47	0
106.22	3.24585E-47	-2.63705E-47	0
106.24	2.96851E-47	-2.62789E-47	0
106.26	2.70615E-47	-2.60804E-47	0
106.28	2.45844E-47	-2.57869E-47	0
106.3	2.22496E-47	-2.54092E-47	0
106.32	2.00533E-47	-2.49575E-47	0
106.34	1.7991E-47	-2.44412E-47	0
106.36	1.60584E-47	-2.38692E-47	0
106.38	1.42508E-47	-2.32497E-47	0
106.4	1.25636E-47	-2.25902E-47	0
106.42	1.0992E-47	-2.18976E-47	0
106.44	9.53134E-48	-2.11784E-47	0
106.46	8.1768E-48	-2.04385E-47	0
106.48	6.92362E-48	-1.96831E-47	0
106.5	5.76709E-48	-1.89173E-47	0
106.52	4.70253E-48	-1.81455E-47	0
106.54	3.72532E-48	-1.73716E-47	0
106.56	2.83095E-48	-1.65994E-47	0
106.58	2.01497E-48	-1.58321E-47	0
106.6	1.27305E-48	-1.50726E-47	0
106.62	6.00963E-49	-1.43234E-47	0
106.64	-5.39755E-51	-1.35869E-47	0
106.66	-5.50013E-49	-1.2865E-47	0
106.68	-1.03674E-48	-1.21595E-47	0
106.7	-1.46929E-48	-1.14718E-47	0
106.72	-1.85124E-48	-1.08031E-47	0
106.74	-2.18606E-48	-1.01545E-47	0
106.76	-2.47702E-48	-9.52683E-48	0
106.78	-2.72731E-48	-8.92077E-48	0
106.8	-2.93995E-48	-8.33679E-48	0
106.82	-3.11781E-48	-7.77526E-48	0
106.84	-3.26365E-48	-7.23638E-48	0
106.86	-3.38007E-48	-6.72024E-48	0
106.88	-3.46954E-48	-6.22684E-48	0
106.9	-3.53443E-48	-5.75604E-48	0
106.92	-3.57693E-48	-5.30765E-48	0
106.94	-3.59914E-48	-4.88139E-48	0
106.96	-3.60303E-48	-4.47688E-48	0
106.98	-3.59044E-48	-4.09373E-48	0
107	-3.56312E-48	-3.73146E-48	0
107.02	-3.52268E-48	-3.38957E-48	0
107.04	-3.47064E-48	-3.06748E-48	0
107.06	-3.40842E-48	-2.76464E-48	0
107.08	-3.33733E-48	-2.48041E-48	0
107.1	-3.2586E-48	-2.21418E-48	0
107.12	-3.17336E-48	-1.96529E-48	0
107.14	-3.08265E-48	-1.73309E-48	0
107.16	-2.98744E-48	-1.51691E-48	0
107.18	-2.88861E-48	-1.31608E-48	0
107.2	-2.78697E-48	-1.12993E-48	0
107.22	-2.68327E-48	-9.57786E-49	0
107.24	-2.57817E-48	-7.98996E-49	0
107.26	-2.4723E-48	-6.52903E-49	0
107.28	-2.3662E-48	-5.18861E-49	0
107.3	-2.26038E-48	-3.96238E-49	0
107.32	-2.15528E-48	-2.84416E-49	0
107.34	-2.05129E-48	-1.8279E-49	0
107.36	-1.94877E-48	-9.0773E-50	0
107.38	-1.84802E-48	-7.7929E-51	0
107.4	-1.74932E-48	6.67032E-50	0
107.42	-1.65291E-48	1.3325E-49	0
107.44	-1.55897E-48	1.92363E-49	0
107.46	-1.46768E-48	2.4454E-49	0
107.48	-1.37917E-48	2.90255E-49	0
107.5	-1.29356E-48	3.29967E-49	0
107.52	-1.21093E-48	3.64113E-49	0
107.54	-1.13136E-48	3.9311E-49	0
107.56	-1.05487E-48	4.17356E-49	0
107.58	-9.81513E-49	4.37229E-49	0
107.6	-9.11281E-49	4.53089E-49	0
107.62	-8.44174E-49	4.65276E-49	0
107.64	-7.80173E-49	4.74113E-49	0
107.66	-7.19247E-49	4.79903E-49	0
107.68	-6.61354E-49	4.82934E-49	0
107.7	-6.06443E-49	4.83476E-49	0
107.72	-5.54455E-49	4.81781E-49	0
107.74	-5.05324E-49	4.78088E-49	0
107.76	-4.58978E-49	4.72618E-49	0
107.78	-4.15339E-49	4.65579E-49	0
107.8	-3.74326E-49	4.57164E-49	0
107.82	-3.35852E-49	4.47553E-49	0
107.84	-2.99832E-49	4.36911E-49	0
107.86	-2.66174E-49	4.25393E-49	0
107.88	-2.34787E-49	4.13142E-49	0
107.9	-2.0558E-49	4.00287E-49	0
107.92	-1.78459E-49	3.8695E-49	0
107.94	-1.53332E-49	3.7324E-49	0
107.96	-1.30108E-49	3.59257E-49	0
107.98	-1.08695E-49	3.45094E-49	0
108	-8.90032E-50	3.30832E-49	0
108.02	-7.09444E-50	3.16546E-49	0
108.04	-5.44317E-50	3.02303E-49	0
108.06	-3.93805E-50	2.88164E-49	0
108.08	-2.5708E-50	2.74181E-49	0
108.1	-1.33339E-50	2.60402E-49	0
108.12	-2.18015E-51	2.46869E-49	0
108.14	7.82866E-51	2.33616E-49	0
108.16	1.67654E-50	2.20676E-49	0
108.18	2.47004E-50	2.08074E-49	0
108.2	3.17011E-50	1.95833E-49	0
108.22	3.78323E-50	1.83971E-49	0
108.24	4.31562E-50	1.72503E-49	0
108.26	4.77319E-50	1.6144E-49	0
108.28	5.16161E-50	1.5079E-49	0
108.3	5.48627E-50	1.40559E-49	0
108.32	5.7523E-50	1.3075E-49	0
108.34	5.96454E-50	1.21364E-49	0
108.36	6.12761E-50	1.124E-49	0
108.38	6.24585E-50	1.03855E-49	0
108.4	6.32337E-50	9.57242E-50	0
108.42	6.36404E-50	8.80019E-50	0
108.44	6.37148E-50	8.06809E-50	0
108.46	6.34911E-50	7.37529E-50	0
108.48	6.30012E-50	6.72088E-50	0
108.5	6.22749E-50	6.10384E-50	0
108.52	6.134E-50	5.52312E-50	0
108.54	6.02225E-50	4.9776E-50	0
108.56	5.89463E-50	4.46611E-50	0
108.58	5.75338E-50	3.98745E-50	0
108.6	5.60056E-50	3.5404E-50	0
108.62	5.43806E-50	3.12371E-50	0
108.64	5.26763E-50	2.73614E-50	0
108.66	5.09087E-50	2.37642E-50	0
108.68	4.90925E-50	2.04332E-50	0
108.7	4.7241E-50	1.73557E-50	0
108.72	4.53663E-50	1.45196E-50	0
108.74	4.34795E-50	1.19126E-50	0
108.76	4.15904E-50	9.52301E-51	0
108.78	3.97078E-50	7.33898E-51	0
108.8	3.78398E-50	5.34916E-51	0
108.82	3.59933E-50	3.54244E-51	0
108.84	3.41745E-50	1.90804E-51	0
108.86	3.2389E-50	4.355E-52	0
108.88	3.06413E-50	-8.85295E-52	0
108.9	2.89357E-50	-2.0641E-51	0
108.92	2.72754E-50	-3.1103E-51	0
108.94	2.56634E-50	-4.03292E-51	0
108.96	2.41021E-50	-4.84061E-51	0
108.98	2.25933E-50	-5.54166E-51	0
109	2.11384E-50	-6.14395E-51	0
109.02	1.97386E-50	-6.65503E-51	0
109.04	1.83945E-50	-7.08207E-51	0
109.06	1.71064E-50	-7.43188E-51	0
109.08	1.58745E-50	-7.71091E-51	0
109.1	1.46985E-50	-7.92526E-51	0
109.12	1.35779E-50	-8.08071E-51	0
109.14	1.25122E-50	-8.18268E-51	0
109.16	1.15006E-50	-8.23631E-51	0
109.18	1.05419E-50	-8.24639E-51	0
109.2	9.63515E-51	-8.21743E-51	0
109.22	8.77902E-51	-8.15364E-51	0
109.24	7.97219E-51	-8.05896E-51	0
109.26	7.2132E-51	-7.93705E-51	0
109.28	6.50055E-51	-7.79132E-51	0
109.3	5.83267E-51	-7.62494E-51	0
109.32	5.20795E-51	-7.44083E-51	0
109.34	4.62476E-51	-7.2417E-51	0
109.36	4.08143E-51	-7.03004E-51	0
109.38	3.57631E-51	-6.80814E-51	0
109.4	3.10771E-51	-6.57809E-51	0
109.42	2.67397E-51	-6.34181E-51	0
109.44	2.27344E-51	-6.10104E-51	0
109.46	1.9045E-51	-5.85737E-51	0
109.48	1.56553E-51	-5.61221E-51	0
109.5	1.25495E-51	-5.36687E-51	0
109.52	9.71228E-52	-5.1225E-51	0
109.54	7.12853E-52	-4.88012E-51	0
109.56	4.7836E-52	-4.64064E-51	0
109.58	2.66327E-52	-4.40487E-51	0
109.6	7.53787E-53	-4.17351E-51	0
109.62	-9.58167E-53	-3.94717E-51	0
109.64	-2.48541E-52	-3.72636E-51	0
109.66	-3.84027E-52	-3.51154E-51	0
109.68	-5.03458E-52	-3.30305E-51	0
109.7	-6.07969E-52	-3.10122E-51	0
109.72	-6.98643E-52	-2.90626E-51	0
109.74	-7.76516E-52	-2.71836E-51	0
109.76	-8.42571E-52	-2.53766E-51	0
109.78	-8.97747E-52	-2.36422E-51	0
109.8	-9.42931E-52	-2.1981E-51	0
109.82	-9.78966E-52	-2.03929E-51	0
109.84	-1.00665E-51	-1.88776E-51	0
109.86	-1.02672E-51	-1.74345E-51	0
109.88	-1.03991E-51	-1.60626E-51	0
109.9	-1.04686E-51	-1.47609E-51	0
109.92	-1.0482E-51	-1.3528E-51	0
109.94	-1.04453E-51	-1.23624E-51	0
109.96	-1.03637E-51	-1.12624E-51	0
109.98	-1.02426E-51	-1.02262E-51	0
110	-1.00865E-51	-9.25194E-52	0
110.02	-9.89989E-52	-8.33757E-52	0
110.04	-9.68688E-52	-7.48104E-52	0
110.06	-9.45123E-52	-6.68024E-52	0
110.08	-9.19644E-52	-5.93302E-52	0
110.1	-8.9257E-52	-5.23721E-52	0
110.12	-8.64196E-52	-4.59061E-52	0
110.14	-8.34793E-52	-3.99105E-52	0
110.16	-8.04605E-52	-3.43636E-52	0
110.18	-7.73856E-52	-2.92437E-52	0
110.2	-7.4275E-52	-2.45298E-52	0
110.22	-7.11469E-52	-2.02007E-52	0
110.24	-6.80178E-52	-1.62362E-52	0
110.26	-6.49024E-52	-1.2616E-52	0
110.28	-6.18137E-52	-9.32081E-53	0
110.3	-5.87635E-52	-6.33153E-53	0
110.32	-5.57618E-52	-3.62978E-53	0
110.34	-5.28177E-52	-1.19776E-53	0
110.36	-4.99386E-52	9.81715E-54	0
110.38	-4.71313E-52	2.92519E-53	0
110.4	-4.44013E-52	4.64857E-53	0
110.42	-4.17532E-52	6.16711E-53	0
110.44	-3.91906E-52	7.49539E-53	0
110.46	-3.67165E-52	8.64737E-53	0
110.48	-3.43332E-52	9.63635E-53	0
110.5	-3.20421E-52	1.0475E-52	0
110.52	-2.98442E-52	1.11752E-52	0
110.54	-2.774E-52	1.17485E-52	0
110.56	-2.57294E-52	1.22057E-52	0
110.58	-2.38118E-52	1.25568E-52	0
110.6	-2.19864E-52	1.28116E-52	0
110.62	-2.0252E-52	1.29791E-52	0
110.64	-1.8607E-52	1.30676E-52	0
110.66	-1.70497E-52	1.30853E-52	0
110.68	-1.55781E-52	1.30396E-52	0
110.7	-1.419E-52	1.29373E-52	0
110.72	-1.2883E-52	1.27851E-52	0
110.74	-1.16547E-52	1.25888E-52	0
110.76	-1.05024E-52	1.23542E-52	0
110.78	-9.42354E-53	1.20864E-52	0
110.8	-8.41534E-53	1.17903E-52	0
110.82	-7.47504E-53	1.14701E-52	0
110.84	-6.59983E-53	1.113E-52	0
110.86	-5.78691E-53	1.07737E-52	0
110.88	-5.03347E-53	1.04047E-52	0
110.9	-4.33673E-53	1.00259E-52	0
110.92	-3.69394E-53	9.64025E-53	0
110.94	-3.10237E-53	9.25029E-53	0
110.96	-2.55936E-53	8.8583E-53	0
110.98	-2.06229E-53	8.46635E-53	0
111	-1.60861E-53	8.07629E-53	0
111.02	-1.19584E-53	7.68975E-53	0
111.04	-8.21557E-54	7.30819E-53	0
111.06	-4.83426E-54	6.93288E-53	0
111.08	-1.79185E-54	6.56492E-53	0
111.1	9.33452E-55	6.20527E-53	0
111.12	3.36261E-54	5.85474E-53	0
111.14	5.51577E-54	5.51401E-53	0
111.16	7.41222E-54	5.18365E-53	0
111.18	9.07042E-54	4.86412E-53	0
111.2	1.0508E-53	4.55576E-53	0
111.22	1.17417E-53	4.25885E-53	0
111.24	1.27875E-53	3.97357E-53	0
111.26	1.36605E-53	3.70002E-53	0
111.28	1.4375E-53	3.43825E-53	0
111.3	1.49448E-53	3.18823E-53	0
111.32	1.53824E-53	2.9499E-53	0
111.34	1.57E-53	2.72313E-53	0
111.36	1.5909E-53	2.50777E-53	0
111.38	1.60199E-53	2.3036E-53	0
111.4	1.60428E-53	2.11041E-53	0
111.42	1.5987E-53	1.92794E-53	0
111.44	1.58611E-53	1.75589E-53	0
111.46	1.56733E-53	1.59398E-53	0
111.48	1.54311E-53	1.44188E-53	0
111.5	1.51414E-53	1.29927E-53	0
111.52	1.48109E-53	1.1658E-53	0
111.54	1.44453E-53	1.04113E-53	0
111.56	1.40502E-53	9.24916E-54	0
111.58	1.36307E-53	8.16794E-54	0
111.6	1.31914E-53	7.16413E-54	0
111.62	1.27364E-53	6.2342E-54	0
111.64	1.22697E-53	5.37465E-54	0
111.66	1.17947E-53	4.58201E-54	0
111.68	1.13146E-53	3.85287E-54	0
111.7	1.08322E-53	3.18389E-54	0
111.72	1.035E-53	2.57178E-54	0
111.74	9.87041E-54	2.01336E-54	0
111.76	9.39533E-54	1.50551E-54	0
111.78	8.92658E-54	1.04522E-54	0
111.8	8.4657E-54	6.29573E-55	0
111.82	8.01406E-54	2.55748E-55	0
111.84	7.57281E-54	-7.89694E-56	0
111.86	7.14295E-54	-3.7719E-55	0
111.88	6.7253E-54	-6.41417E-55	0
111.9	6.32055E-54	-8.74049E-55	0
111.92	5.92924E-54	-1.07738E-54	0
111.94	5.55179E-54	-1.25358E-54	0
111.96	5.18852E-54	-1.40475E-54	0
111.98	4.83964E-54	-1.53285E-54	0
112	4.50526E-54	-1.63976E-54	0
112.02	4.18542E-54	-1.72725E-54	0
112.04	3.88009E-54	-1.79699E-54	0
112.06	3.58917E-54	-1.85057E-54	0
112.08	3.31248E-54	-1.88948E-54	0
112.1	3.04984E-54	-1.9151E-54	0
112.12	2.80097E-54	-1.92876E-54	0
112.14	2.56558E-54	-1.93167E-54	0
112.16	2.34335E-54	-1.92499E-54	0
112.18	2.13392E-54	-1.90978E-54	0
112.2	1.93692E-54	-1.88704E-54	0
112.22	1.75194E-54	-1.85768E-54	0
112.24	1.57858E-54	-1.82257E-54	0
112.26	1.41642E-54	-1.7825E-54	0
112.28	1.26501E-54	-1.73819E-54	0
112.3	1.12394E-54	-1.69032E-54	0
112.32	9.92748E-55	-1.6395E-54	0
112.34	8.71007E-55	-1.5863E-54	0
112.36	7.58278E-55	-1.53123E-54	0
112.38	6.54128E-55	-1.47475E-54	0
112.4	5.58129E-55	-1.41729E-54	0
112.42	4.69861E-55	-1.35924E-54	0
112.44	3.88911E-55	-1.30093E-54	0
112.46	3.14877E-55	-1.24268E-54	0
112.48	2.47366E-55	-1.18476E-54	0
112.5	1.85997E-55	-1.12742E-54	0
112.52	1.304E-55	-1.07086E-54	0
112.54	8.02159E-56	-1.01528E-54	0
112.56	3.51012E-56	-9.60834E-55	0
112.58	-5.27679E-57	-9.07667E-55	0
112.6	-4.1237E-56	-8.55895E-55	0
112.62	-7.30854E-56	-8.05618E-55	0
112.64	-1.01114E-55	-7.56914E-55	0
112.66	-1.25603E-55	-7.09849E-55	0
112.68	-1.46818E-55	-6.64473E-55	0
112.7	-1.65012E-55	-6.20821E-55	0
112.72	-1.80425E-55	-5.78917E-55	0
112.74	-1.93284E-55	-5.38774E-55	0
112.76	-2.03807E-55	-5.00394E-55	0
112.78	-2.12194E-55	-4.63772E-55	0
112.8	-2.18638E-55	-4.28894E-55	0
112.82	-2.2332E-55	-3.95739E-55	0
112.84	-2.26407E-55	-3.6428E-55	0
112.86	-2.2806E-55	-3.34484E-55	0
112.88	-2.28425E-55	-3.06317E-55	0
112.9	-2.27641E-55	-2.79736E-55	0
112.92	-2.25837E-55	-2.54697E-55	0
112.94	-2.23133E-55	-2.31156E-55	0
112.96	-2.1964E-55	-2.09061E-55	0
112.98	-2.15461E-55	-1.88364E-55	0
113	-2.10691E-55	-1.69012E-55	0
113.02	-2.05417E-55	-1.50953E-55	0
113.04	-1.99721E-55	-1.34133E-55	0
113.06	-1.93676E-55	-1.18499E-55	0
113.08	-1.87348E-55	-1.03997E-55	0
113.1	-1.80801E-55	-9.05756E-56	0
113.12	-1.74089E-55	-7.81809E-56	0
113.14	-1.67264E-55	-6.67615E-56	0
113.16	-1.6037E-55	-5.62663E-56	0
113.18	-1.53449E-55	-4.66457E-56	0
113.2	-1.46538E-55	-3.7851E-56	0
113.22	-1.39669E-55	-2.98347E-56	0
113.24	-1.32871E-55	-2.25508E-56	0
113.26	-1.26169E-55	-1.59549E-56	0
113.28	-1.19586E-55	-1.00038E-56	0
113.3	-1.1314E-55	-4.65607E-57	0
113.32	-1.06849E-55	1.28153E-58	0
113.34	-1.00725E-55	4.38719E-57	0
113.36	-9.47805E-56	8.15771E-57	0
113.38	-8.90248E-56	1.14748E-56	0
113.4	-8.34654E-56	1.43718E-56	0
113.42	-7.81078E-56	1.68806E-56	0
113.44	-7.29561E-56	1.90314E-56	0
113.46	-6.8013E-56	2.0853E-56	0
113.48	-6.32798E-56	2.23725E-56	0
113.5	-5.87566E-56	2.36156E-56	0
113.52	-5.44425E-56	2.46065E-56	0
113.54	-5.03358E-56	2.53679E-56	0
113.56	-4.64337E-56	2.59213E-56	0
113.58	-4.27329E-56	2.62868E-56	0
113.6	-3.92295E-56	2.64833E-56	0
113.62	-3.5919E-56	2.65282E-56	0
113.64	-3.27964E-56	2.64381E-56	0
113.66	-2.98563E-56	2.62282E-56	0
113.68	-2.70933E-56	2.59125E-56	0
113.7	-2.45013E-56	2.55044E-56	0
113.72	-2.20744E-56	2.5016E-56	0
113.74	-1.98062E-56	2.44585E-56	0
113.76	-1.76905E-56	2.38421E-56	0
113.78	-1.5721E-56	2.31765E-56	0
113.8	-1.38911E-56	2.24702E-56	0
113.82	-1.21946E-56	2.17312E-56	0
113.84	-1.0625E-56	2.09668E-56	0
113.86	-9.17627E-57	2.01835E-56	0
113.88	-7.8421E-57	1.93872E-56	0
113.9	-6.61647E-57	1.85833E-56	0
113.92	-5.49347E-57	1.77765E-56	0
113.94	-4.46732E-57	1.69712E-56	0
113.96	-3.53241E-57	1.61712E-56	0
113.98	-2.6833E-57	1.53797E-56	0
114	-1.91471E-57	1.45998E-56	0
114.02	-1.22157E-57	1.3834E-56	0
114.04	-5.98958E-58	1.30846E-56	0
114.06	-4.21836E-59	1.23533E-56	0
114.08	4.53269E-58	1.16419E-56	0
114.1	8.9172E-58	1.09517E-56	0
114.12	1.27729E-57	1.02837E-56	0
114.14	1.61392E-57	9.63871E-57	0
114.16	1.90534E-57	9.01745E-57	0
114.18	2.15509E-57	8.42033E-57	0
114.2	2.36656E-57	7.84766E-57	0
114.22	2.54292E-57	7.29954E-57	0
114.24	2.68717E-57	6.77599E-57	0
114.26	2.80216E-57	6.27687E-57	0
114.28	2.89054E-57	5.80195E-57	0
114.3	2.95481E-57	5.35091E-57	0
114.32	2.99733E-57	4.92334E-57	0
114.34	3.02029E-57	4.51875E-57	0
114.36	3.02573E-57	4.13661E-57	0
114.38	3.01557E-57	3.77633E-57	0
114.4	2.99159E-57	3.43728E-57	0
114.42	2.95542E-57	3.11877E-57	0
114.44	2.90861E-57	2.82013E-57	0
114.46	2.85255E-57	2.54063E-57	0
114.48	2.78855E-57	2.27953E-57	0
114.5	2.71781E-57	2.0361E-57	0
114.52	2.64143E-57	1.80957E-57	0
114.54	2.5604E-57	1.59922E-57	0
114.56	2.47565E-57	1.40428E-57	0
114.58	2.38801E-57	1.22401E-57	0
114.6	2.29823E-57	1.05769E-57	0
114.62	2.20699E-57	9.04596E-58	0
114.64	2.11492E-57	7.64018E-58	0
114.66	2.02256E-57	6.35268E-58	0
114.68	1.9304E-57	5.17674E-58	0
114.7	1.83889E-57	4.10583E-58	0
114.72	1.74839E-57	3.13362E-58	0
114.74	1.65925E-57	2.25398E-58	0
114.76	1.57177E-57	1.46102E-58	0
114.78	1.48619E-57	7.49049E-59	0
114.8	1.40272E-57	1.12625E-59	0
114.82	1.32156E-57	-4.53478E-59	0
114.84	1.24285E-57	-9.54256E-59	0
114.86	1.1667E-57	-1.39447E-58	0
114.88	1.09321E-57	-1.77867E-58	0
114.9	1.02246E-57	-2.11116E-58	0
114.92	9.54485E-58	-2.39603E-58	0
114.94	8.89324E-58	-2.63717E-58	0
114.96	8.26985E-58	-2.83822E-58	0
114.98	7.67468E-58	-3.00266E-58	0
115	7.10753E-58	-3.13374E-58	0
115.02	6.56814E-58	-3.23451E-58	0
115.04	6.05609E-58	-3.30784E-58	0
115.06	5.57091E-58	-3.35644E-58	0
115.08	5.11202E-58	-3.3828E-58	0
115.1	4.67879E-58	-3.38928E-58	0
115.12	4.27053E-58	-3.37806E-58	0
115.14	3.88649E-58	-3.35117E-58	0
115.16	3.5259E-58	-3.31048E-58	0
115.18	3.18795E-58	-3.25775E-58	0
115.2	2.8718E-58	-3.19458E-58	0
115.22	2.5766E-58	-3.12245E-58	0
115.24	2.3015E-58	-3.04272E-58	0
115.26	2.04563E-58	-2.95664E-58	0
115.28	1.80812E-58	-2.86536E-58	0
115.3	1.58812E-58	-2.7699E-58	0
115.32	1.38478E-58	-2.67121E-58	0
115.34	1.19724E-58	-2.57016E-58	0
115.36	1.0247E-58	-2.4675E-58	0
115.38	8.6633E-59	-2.36394E-58	0
115.4	7.21352E-59	-2.2601E-58	0
115.42	5.88994E-59	-2.15653E-58	0
115.44	4.68509E-59	-2.05372E-58	0
115.46	3.59176E-59	-1.9521E-58	0
115.48	2.60296E-59	-1.85204E-58	0
115.5	1.71197E-59	-1.75389E-58	0
115.52	9.12309E-60	-1.65791E-58	0
115.54	1.97791E-60	-1.56435E-58	0
115.56	-4.37527E-60	-1.4734E-58	0
115.58	-9.99317E-60	-1.38524E-58	0
115.6	-1.49299E-59	-1.29999E-58	0
115.62	-1.92368E-59	-1.21776E-58	0
115.64	-2.29629E-59	-1.13862E-58	0
115.66	-2.61544E-59	-1.06263E-58	0
115.68	-2.88552E-59	-9.8981E-59	0
115.7	-3.11068E-59	-9.20178E-59	0
115.72	-3.2948E-59	-8.53727E-59	0
115.74	-3.44158E-59	-7.90434E-59	0
115.76	-3.55445E-59	-7.30265E-59	0
115.78	-3.63666E-59	-6.73174E-59	0
115.8	-3.69122E-59	-6.19101E-59	0
115.82	-3.72097E-59	-5.67983E-59	0
115.84	-3.72855E-59	-5.19745E-59	0
115.86	-3.7164E-59	-4.74308E-59	0
115.88	-3.68681E-59	-4.31586E-59	0
115.9	-3.64188E-59	-3.91491E-59	0
115.92	-3.58356E-59	-3.5393E-59	0
115.94	-3.51366E-59	-3.18808E-59	0
115.96	-3.43383E-59	-2.86028E-59	0
115.98	-3.34559E-59	-2.55494E-59	0
116	-3.25033E-59	-2.27107E-59	0
116.02	-3.14933E-59	-2.0077E-59	0
116.04	-3.04374E-59	-1.76384E-59	0
116.06	-2.93462E-59	-1.53855E-59	0
116.08	-2.82291E-59	-1.33087E-59	0
116.1	-2.70948E-59	-1.13987E-59	0
116.12	-2.59509E-59	-9.64643E-60	0
116.14	-2.48043E-59	-8.04302E-60	0
116.16	-2.36611E-59	-6.57981E-60	0
116.18	-2.25268E-59	-5.24844E-60	0
116.2	-2.14061E-59	-4.04081E-60	0
116.22	-2.03031E-59	-2.9491E-60	0
116.24	-1.92215E-59	-1.96579E-60	0
116.26	-1.81644E-59	-1.08363E-60	0
116.28	-1.71343E-59	-2.95719E-61	0
116.3	-1.61335E-59	4.04587E-61	0
116.32	-1.51638E-59	1.02361E-60	0
116.34	-1.42264E-59	1.56737E-60	0
116.36	-1.33227E-59	2.04161E-60	0
116.38	-1.24534E-59	2.45176E-60	0
116.4	-1.16189E-59	2.80296E-60	0
116.42	-1.08197E-59	3.1001E-60	0
116.44	-1.00558E-59	3.34777E-60	0
116.46	-9.32715E-60	3.55029E-60	0
116.48	-8.63344E-60	3.71174E-60	0
116.5	-7.97425E-60	3.83593E-60	0
116.52	-7.34906E-60	3.92646E-60	0
116.54	-6.75721E-60	3.98665E-60	0
116.56	-6.19794E-60	4.01965E-60	0
116.58	-5.67042E-60	4.02835E-60	0
116.6	-5.17376E-60	4.01547E-60	0
116.62	-4.70699E-60	3.98351E-60	0
116.64	-4.26912E-60	3.93479E-60	0
116.66	-3.8591E-60	3.87147E-60	0
116.68	-3.47588E-60	3.79552E-60	0
116.7	-3.11839E-60	3.70876E-60	0
116.72	-2.78553E-60	3.61285E-60	0
116.74	-2.47622E-60	3.50933E-60	0
116.76	-2.18937E-60	3.39959E-60	0
116.78	-1.92389E-60	3.2849E-60	0
116.8	-1.67874E-60	3.1664E-60	0
116.82	-1.45284E-60	3.04513E-60	0
116.84	-1.24519E-60	2.92203E-60	0
116.86	-1.05477E-60	2.79794E-60	0
116.88	-8.80594E-61	2.6736E-60	0
116.9	-7.21721E-61	2.54968E-60	0
116.92	-5.77225E-61	2.42678E-60	0
116.94	-4.46214E-61	2.30539E-60	0
116.96	-3.27828E-61	2.18598E-60	0
116.98	-2.21241E-61	2.06894E-60	0
117	-1.25658E-61	1.95458E-60	0
117.02	-4.03197E-62	1.84321E-60	0
117.04	3.55004E-62	1.73504E-60	0
117.06	1.02495E-61	1.63027E-60	0
117.08	1.61324E-61	1.52906E-60	0
117.1	2.12614E-61	1.43151E-60	0
117.12	2.56958E-61	1.33772E-60	0
117.14	2.9492E-61	1.24774E-60	0
117.16	3.2703E-61	1.16159E-60	0
117.18	3.5379E-61	1.07928E-60	0
117.2	3.7567E-61	1.00081E-60	0
117.22	3.93115E-61	9.26132E-61	0
117.24	4.06539E-61	8.55205E-61	0
117.26	4.16332E-61	7.87966E-61	0
117.28	4.22857E-61	7.2434E-61	0
117.3	4.26452E-61	6.64245E-61	0
117.32	4.27435E-61	6.07588E-61	0
117.34	4.26096E-61	5.54268E-61	0
117.36	4.22708E-61	5.0418E-61	0
117.38	4.17523E-61	4.57213E-61	0
117.4	4.10772E-61	4.13255E-61	0
117.42	4.02669E-61	3.72189E-61	0
117.44	3.93409E-61	3.33896E-61	0
117.46	3.83174E-61	2.98258E-61	0
117.48	3.72126E-61	2.65156E-61	0
117.5	3.60417E-61	2.34471E-61	0
117.52	3.48182E-61	2.06086E-61	0
117.54	3.35544E-61	1.79884E-61	0
117.56	3.22616E-61	1.55753E-61	0
117.58	3.09496E-61	1.33579E-61	0
117.6	2.96276E-61	1.13254E-61	0
117.62	2.83034E-61	9.46717E-62	0
117.64	2.69842E-61	7.7729E-62	0
117.66	2.56763E-61	6.2326E-62	0
117.68	2.43852E-61	4.83664E-62	0
117.7	2.31155E-61	3.57573E-62	0
117.72	2.18715E-61	2.44094E-62	0
117.74	2.06567E-61	1.42373E-62	0
117.76	1.94739E-61	5.15895E-63	0
117.78	1.83258E-61	-2.90376E-63	0
117.8	1.72142E-61	-1.00254E-62	0
117.82	1.61408E-61	-1.62768E-62	0
117.84	1.51068E-61	-2.17252E-62	0
117.86	1.41129E-61	-2.64344E-62	0
117.88	1.31599E-61	-3.04648E-62	0
117.9	1.22479E-61	-3.38731E-62	0
117.92	1.13769E-61	-3.67131E-62	0
117.94	1.05469E-61	-3.90352E-62	0
117.96	9.75738E-62	-4.08868E-62	0
117.98	9.00785E-62	-4.23122E-62	0
118	8.2976E-62	-4.33529E-62	0
118.02	7.62584E-62	-4.40477E-62	0
118.04	6.99163E-62	-4.44328E-62	0
118.06	6.39397E-62	-4.45416E-62	0
118.08	5.83177E-62	-4.44054E-62	0
118.1	5.30388E-62	-4.4053E-62	0
118.12	4.80912E-62	-4.35112E-62	0
118.14	4.34625E-62	-4.28045E-62	0
118.16	3.91403E-62	-4.19555E-62	0
118.18	3.51117E-62	-4.09852E-62	0
118.2	3.13642E-62	-3.99124E-62	0
118.22	2.78849E-62	-3.87546E-62	0
118.24	2.4661E-62	-3.75277E-62	0
118.26	2.16801E-62	-3.62459E-62	0
118.28	1.89298E-62	-3.49224E-62	0
118.3	1.63978E-62	-3.35688E-62	0
118.32	1.40722E-62	-3.21956E-62	0
118.34	1.19415E-62	-3.08124E-62	0
118.36	9.99436E-63	-2.94274E-62	0
118.38	8.21974E-63	-2.80483E-62	0
118.4	6.60708E-63	-2.66814E-62	0
118.42	5.14615E-63	-2.53325E-62	0
118.44	3.82709E-63	-2.40067E-62	0
118.46	2.64046E-63	-2.27082E-62	0
118.48	1.5772E-63	-2.14407E-62	0
118.5	6.28637E-64	-2.02072E-62	0
118.52	-2.1349E-64	-1.90103E-62	0
118.54	-9.57052E-64	-1.7852E-62	0
118.56	-1.60953E-63	-1.6734E-62	0
118.58	-2.17802E-63	-1.56574E-62	0
118.6	-2.66923E-63	-1.46232E-62	0
118.62	-3.08953E-63	-1.36318E-62	0
118.64	-3.44489E-63	-1.26835E-62	0
118.66	-3.74095E-63	-1.17784E-62	0
118.68	-3.98302E-63	-1.09162E-62	0
118.7	-4.17606E-63	-1.00964E-62	0
118.72	-4.32474E-63	-9.31843E-63	0
118.74	-4.43339E-63	-8.58161E-63	0
118.76	-4.50608E-63	-7.88501E-63	0
118.78	-4.5466E-63	-7.22766E-63	0
118.8	-4.55844E-63	-6.60846E-63	0
118.82	-4.54487E-63	-6.02626E-63	0
118.84	-4.50889E-63	-5.47985E-63	0
118.86	-4.45331E-63	-4.96795E-63	0
118.88	-4.38067E-63	-4.48926E-63	0
118.9	-4.29334E-63	-4.04246E-63	0
118.92	-4.19348E-63	-3.62622E-63	0
118.94	-4.08308E-63	-3.23917E-63	0
118.96	-3.96392E-63	-2.87999E-63	0
118.98	-3.83767E-63	-2.54733E-63	0
119	-3.7058E-63	-2.23987E-63	0
119.02	-3.56967E-63	-1.95631E-63	0
119.04	-3.43049E-63	-1.69539E-63	0
119.06	-3.28935E-63	-1.45584E-63	0
119.08	-3.14721E-63	-1.23646E-63	0
119.1	-3.00496E-63	-1.03605E-63	0
119.12	-2.86335E-63	-8.5349E-64	0
119.14	-2.72305E-63	-6.87657E-64	0
119.16	-2.58467E-63	-5.37489E-64	0
119.18	-2.4487E-63	-4.0196E-64	0
119.2	-2.31558E-63	-2.80086E-64	0
119.22	-2.1857E-63	-1.70926E-64	0
119.24	-2.05936E-63	-7.35784E-65	0
119.26	-1.93681E-63	1.28135E-65	0
119.28	-1.81828E-63	8.90665E-65	0
119.3	-1.70391E-63	1.55956E-64	0
119.32	-1.59383E-63	2.14217E-64	0
119.34	-1.48812E-63	2.64544E-64	0
119.36	-1.38684E-63	3.07595E-64	0
119.38	-1.29001E-63	3.43987E-64	0
119.4	-1.19762E-63	3.74304E-64	0
119.42	-1.10965E-63	3.99091E-64	0
119.44	-1.02605E-63	4.18861E-64	0
119.46	-9.4675E-64	4.34094E-64	0
119.48	-8.71676E-64	4.45238E-64	0
119.5	-8.00732E-64	4.52709E-64	0
119.52	-7.33814E-64	4.56897E-64	0
119.54	-6.70809E-64	4.58162E-64	0
119.56	-6.11595E-64	4.56839E-64	0
119.58	-5.56045E-64	4.53235E-64	0
119.6	-5.04027E-64	4.47637E-64	0
119.62	-4.55406E-64	4.40307E-64	0
119.64	-4.10045E-64	4.31486E-64	0
119.66	-3.67803E-64	4.21395E-64	0
119.68	-3.28543E-64	4.10236E-64	0
119.7	-2.92124E-64	3.98194E-64	0
119.72	-2.5841E-64	3.85436E-64	0
119.74	-2.27264E-64	3.72113E-64	0
119.76	-1.98552E-64	3.58363E-64	0
119.78	-1.72142E-64	3.44308E-64	0
119.8	-1.47907E-64	3.3006E-64	0
119.82	-1.25722E-64	3.15717E-64	0
119.84	-1.05464E-64	3.01367E-64	0
119.86	-8.70176E-65	2.87087E-64	0
119.88	-7.02687E-65	2.72946E-64	0
119.9	-5.51081E-65	2.59002E-64	0
119.92	-4.1431E-65	2.45307E-64	0
119.94	-2.91369E-65	2.31905E-64	0
119.96	-1.81295E-65	2.18834E-64	0
119.98	-8.31706E-66	2.06125E-64	0
120	3.87899E-67	1.93803E-64	0