6000
0.02	-4.19182E-06	0.0	0.0
0.04	-9.11937E-06	0.0	0.0
0.06	-1.47906E-05	0.0	0.0
0.08	-2.12108E-05	0.0	0.0
0.1	-2.83821E-05	0.0	0.0
0.12	-3.63037E-05	0.0	0.0
0.14	-4.49715E-05	0.0	0.0
0.16	-5.43784E-05	0.0	0.0
0.18	-6.45134E-05	0.0	0.0
0.2	-7.53623E-05	0.0	0.0
0.22	-8.6907E-05	0.0	0.0
0.24	-9.91259E-05	0.0	0.0
0.26	-0.000111994	0.0	0.0
0.28	-0.00012548	0.0	0.0
0.3	-0.000139553	0.0	0.0
0.32	-0.000154174	0.0	0.0
0.34	-0.000169301	0.0	0.0
0.36	-0.00018489	0.0	0.0
0.38	-0.000200889	0.0	0.0
0.4	-0.000217246	0.0	0.0
0.42	-0.000233902	0.0	0.0
0.44	-0.000250795	0.0	0.0
0.46	-0.000267858	0.0	0.0
0.48	-0.00028502	0.0	0.0
0.5	-0.000302208	0.0	0.0
0.52	-0.00030706	0.0	0.0
0.54	-0.000311426	0.0	0.0
0.56	-0.000315283	0.0	0.0
0.58	-0.000318604	0.0	0.0
0.6	-0.000321366	0.0	0.0
0.62	-0.000323545	0.0	0.0
0.64	-0.000325117	0.0	0.0
0.66	-0.000326059	0.0	0.0
0.68	-0.000326349	0.0	0.0
0.7	-0.000325965	0.0	0.0
0.72	-0.000324887	0.0	0.0
0.74	-0.000323093	0.0	0.0
0.76	-0.000320566	0.0	0.0
0.78	-0.000317286	0.0	0.0
0.8	-0.000313237	0.0	0.0
0.82	-0.000308401	0.0	0.0
0.84	-0.000302765	0.0	0.0
0.86	-0.000296314	0.0	0.0
0.88	-0.000289036	0.0	0.0
0.9	-0.00028092	0.0	0.0
0.92	-0.000271956	0.0	0.0
0.94	-0.000262135	0.0	0.0
0.96	-0.000251451	0.0	0.0
0.98	-0.0002399	0.0	0.0
1	-0.000227477	0.0	0.0
1.02	-0.000214182	0.0	0.0
1.04	-0.000200013	0.0	0.0
1.06	-0.000184974	0.0	0.0
1.08	-0.000169069	0.0	0.0
1.1	-0.000152303	0.0	0.0
1.12	-0.000134684	0.0	0.0
1.14	-0.000116223	0.0	0.0
1.16	-9.69307E-05	0.0	0.0
1.18	-7.68226E-05	0.0	0.0
1.2	-5.59147E-05	0.0	0.0
1.22	-3.42257E-05	0.0	0.0
1.24	-1.17766E-05	0.0	0.0
1.26	1.14095E-05	0.0	0.0
1.28	3.5307E-05	0.0	0.0
1.3	5.98881E-05	0.0	0.0
1.32	8.51229E-05	0.0	0.0
1.34	0.000110979	0.0	0.0
1.36	0.000137421	0.0	0.0
1.38	0.000164412	0.0	0.0
1.4	0.000191914	0.0	0.0
1.42	0.000219883	0.0	0.0
1.44	0.000248277	0.0	0.0
1.46	0.000277048	0.0	0.0
1.48	0.000306149	0.0	0.0
1.5	0.000335528	0.0	0.0
1.52	0.000365134	0.0	0.0
1.54	0.000394909	0.0	0.0
1.56	0.000424799	0.0	0.0
1.58	0.000454743	0.0	0.0
1.6	0.000484681	0.0	0.0
1.62	0.000514549	0.0	0.0
1.64	0.000544284	0.0	0.0
1.66	0.000573818	0.0	0.0
1.68	0.000603084	0.0	0.0
1.7	0.000632013	0.0	0.0
1.72	0.000660532	0.0	0.0
1.74	0.000688571	0.0	0.0
1.76	0.000716055	0.0	0.0
1.78	0.00074291	0.0	0.0
1.8	0.00076906	0.0	0.0
1.82	0.00079443	0.0	0.0
1.84	0.000818942	0.0	0.0
1.86	0.000842518	0.0	0.0
1.88	0.000865081	0.0	0.0
1.9	0.000886552	0.0	0.0
1.92	0.000906854	0.0	0.0
1.94	0.000925908	0.0	0.0
1.96	0.000943636	0.0	0.0
1.98	0.00095996	0.0	0.0
2	0.000974804	0.0	0.0
2.02	0.000988091	0.0	0.0
2.04	0.000999747	0.0	0.0
2.06	0.001009697	0.0	0.0
2.08	0.001017869	0.0	0.0
2.1	0.001024192	0.0	0.0
2.12	0.001028595	0.0	0.0
2.14	0.001031013	0.0	0.0
2.16	0.001031379	0.0	0.0
2.18	0.001029631	0.0	0.0
2.2	0.001025708	0.0	0.0
2.22	0.001019553	0.0	0.0
2.24	0.00101111	0.0	0.0
2.26	0.00100033	0.0	0.0
2.28	0.000987162	0.0	0.0
2.3	0.000971564	0.0	0.0
2.32	0.000953493	0.0	0.0
2.34	0.000932914	0.0	0.0
2.36	0.000909793	0.0	0.0
2.38	0.000884103	0.0	0.0
2.4	0.000855819	0.0	0.0
2.42	0.000824923	0.0	0.0
2.44	0.0007914	0.0	0.0
2.46	0.000755241	0.0	0.0
2.48	0.000716443	0.0	0.0
2.5	0.000675008	0.0	0.0
2.52	0.000630942	0.0	0.0
2.54	0.000584258	0.0	0.0
2.56	0.000534976	0.0	0.0
2.58	0.00048312	0.0	0.0
2.6	0.000428722	0.0	0.0
2.62	0.000371817	0.0	0.0
2.64	0.000312451	0.0	0.0
2.66	0.000250673	0.0	0.0
2.68	0.000186538	0.0	0.0
2.7	0.000120112	0.0	0.0
2.72	5.14621E-05	0.0	0.0
2.74	-1.93338E-05	0.0	0.0
2.76	-9.21929E-05	0.0	0.0
2.78	-0.000167025	0.0	0.0
2.8	-0.000243735	0.0	0.0
2.82	-0.000322217	0.0	0.0
2.84	-0.000402362	0.0	0.0
2.86	-0.000484054	0.0	0.0
2.88	-0.000567169	0.0	0.0
2.9	-0.000651576	0.0	0.0
2.92	-0.000737139	0.0	0.0
2.94	-0.000823716	0.0	0.0
2.96	-0.000911157	0.0	0.0
2.98	-0.000999306	0.0	0.0
3	-0.001088003	0.0	0.0
3.02	-0.001177081	0.0	0.0
3.04	-0.001266366	0.0	0.0
3.06	-0.00135568	0.0	0.0
3.08	-0.00144484	0.0	0.0
3.1	-0.001533658	0.0	0.0
3.12	-0.001621941	0.0	0.0
3.14	-0.00170949	0.0	0.0
3.16	-0.001796104	0.0	0.0
3.18	-0.001881578	0.0	0.0
3.2	-0.001965702	0.0	0.0
3.22	-0.002048265	0.0	0.0
3.24	-0.00212905	0.0	0.0
3.26	-0.002207841	0.0	0.0
3.28	-0.002284418	0.0	0.0
3.3	-0.002358558	0.0	0.0
3.32	-0.00243004	0.0	0.0
3.34	-0.00249864	0.0	0.0
3.36	-0.002564134	0.0	0.0
3.38	-0.002626299	0.0	0.0
3.4	-0.00268491	0.0	0.0
3.42	-0.002739747	0.0	0.0
3.44	-0.002790587	0.0	0.0
3.46	-0.002837213	0.0	0.0
3.48	-0.002879407	0.0	0.0
3.5	-0.002916958	0.0	0.0
3.52	-0.002949656	0.0	0.0
3.54	-0.002977294	0.0	0.0
3.56	-0.002999674	0.0	0.0
3.58	-0.003016599	0.0	0.0
3.6	-0.003027879	0.0	0.0
3.62	-0.003033331	0.0	0.0
3.64	-0.00303278	0.0	0.0
3.66	-0.003026056	0.0	0.0
3.68	-0.003012999	0.0	0.0
3.7	-0.002993455	0.0	0.0
3.72	-0.002967284	0.0	0.0
3.74	-0.00293435	0.0	0.0
3.76	-0.002894531	0.0	0.0
3.78	-0.002847714	0.0	0.0
3.8	-0.0027938	0.0	0.0
3.82	-0.002732699	0.0	0.0
3.84	-0.002664334	0.0	0.0
3.86	-0.002588642	0.0	0.0
3.88	-0.002505572	0.0	0.0
3.9	-0.002415089	0.0	0.0
3.92	-0.002317169	0.0	0.0
3.94	-0.002211805	0.0	0.0
3.96	-0.002099007	0.0	0.0
3.98	-0.001978795	0.0	0.0
4	-0.001851211	0.0	0.0
4.02	-0.00171631	0.0	0.0
4.04	-0.001574164	0.0	0.0
4.06	-0.001424863	0.0	0.0
4.08	-0.001268513	0.0	0.0
4.1	-0.001105238	0.0	0.0
4.12	-0.00093518	0.0	0.0
4.14	-0.000758498	0.0	0.0
4.16	-0.000575371	0.0	0.0
4.18	-0.000385994	0.0	0.0
4.2	-0.000190582	0.0	0.0
4.22	1.06342E-05	0.0	0.0
4.24	0.000217402	0.0	0.0
4.26	0.000429454	0.0	0.0
4.28	0.000646501	0.0	0.0
4.3	0.000868239	0.0	0.0
4.32	0.001094344	0.0	0.0
4.34	0.001324475	0.0	0.0
4.36	0.001558272	0.0	0.0
4.38	0.00179536	0.0	0.0
4.4	0.002035346	0.0	0.0
4.42	0.00227782	0.0	0.0
4.44	0.002522356	0.0	0.0
4.46	0.002768512	0.0	0.0
4.48	0.00301583	0.0	0.0
4.5	0.00326384	0.0	0.0
4.52	0.003512056	0.0	0.0
4.54	0.003759977	0.0	0.0
4.56	0.004007092	0.0	0.0
4.58	0.004252876	0.0	0.0
4.6	0.004496794	0.0	0.0
4.62	0.004738298	0.0	0.0
4.64	0.004976834	0.0	0.0
4.66	0.005211835	0.0	0.0
4.68	0.00544273	0.0	0.0
4.7	0.005668939	0.0	0.0
4.72	0.005889876	0.0	0.0
4.74	0.00610495	0.0	0.0
4.76	0.006313569	0.0	0.0
4.78	0.006515136	0.0	0.0
4.8	0.006709052	0.0	0.0
4.82	0.006894719	0.0	0.0
4.84	0.00707154	0.0	0.0
4.86	0.00723892	0.0	0.0
4.88	0.007396269	0.0	0.0
4.9	0.007542999	0.0	0.0
4.92	0.007678531	0.0	0.0
4.94	0.007802291	0.0	0.0
4.96	0.007913717	0.0	0.0
4.98	0.008012256	0.0	0.0
5	0.008097366	0.0	0.0
5.02	0.008168519	0.0	0.0
5.04	0.008225201	0.0	0.0
5.06	0.008266916	0.0	0.0
5.08	0.008293185	0.0	0.0
5.1	0.008303545	0.0	0.0
5.12	0.008297559	0.0	0.0
5.14	0.008274806	0.0	0.0
5.16	0.008234893	0.0	0.0
5.18	0.008177449	0.0	0.0
5.2	0.00810213	0.0	0.0
5.22	0.008008621	0.0	0.0
5.24	0.007896634	0.0	0.0
5.26	0.007765912	0.0	0.0
5.28	0.00761623	0.0	0.0
5.3	0.007447394	0.0	0.0
5.32	0.007259247	0.0	0.0
5.34	0.007051666	0.0	0.0
5.36	0.006824564	0.0	0.0
5.38	0.006577892	0.0	0.0
5.4	0.00631164	0.0	0.0
5.42	0.006025837	0.0	0.0
5.44	0.005720553	0.0	0.0
5.46	0.0053959	0.0	0.0
5.48	0.005052032	0.0	0.0
5.5	0.004689146	0.0	0.0
5.52	0.004307483	0.0	0.0
5.54	0.003907328	0.0	0.0
5.56	0.003489011	0.0	0.0
5.58	0.003052909	0.0	0.0
5.6	0.002599443	0.0	0.0
5.62	0.002129081	0.0	0.0
5.64	0.001642337	0.0	0.0
5.66	0.001139771	0.0	0.0
5.68	0.000621991	0.0	0.0
5.7	8.96507E-05	0.0	0.0
5.72	-0.000456551	0.0	0.0
5.74	-0.001015868	0.0	0.0
5.76	-0.00158751	0.0	0.0
5.78	-0.002170639	0.0	0.0
5.8	-0.002764375	0.0	0.0
5.82	-0.003367794	0.0	0.0
5.84	-0.003979928	0.0	0.0
5.86	-0.004599767	0.0	0.0
5.88	-0.00522626	0.0	0.0
5.9	-0.005858316	0.0	0.0
5.92	-0.006494806	0.0	0.0
5.94	-0.007134564	0.0	0.0
5.96	-0.007776385	0.0	0.0
5.98	-0.008419035	0.0	0.0
6	-0.009061241	0.0	0.0
6.02	-0.009701705	0.0	0.0
6.04	-0.010339097	0.0	0.0
6.06	-0.01097206	0.0	0.0
6.08	-0.011599214	0.0	0.0
6.1	-0.012219154	0.0	0.0
6.12	-0.012830457	0.0	0.0
6.14	-0.013431681	0.0	0.0
6.16	-0.014021368	0.0	0.0
6.18	-0.01459805	0.0	0.0
6.2	-0.015160245	0.0	0.0
6.22	-0.015706468	0.0	0.0
6.24	-0.016235226	0.0	0.0
6.26	-0.016745027	0.0	0.0
6.28	-0.01723438	0.0	0.0
6.3	-0.017701798	0.0	0.0
6.32	-0.018145802	0.0	0.0
6.34	-0.018564926	0.0	0.0
6.36	-0.018957715	0.0	0.0
6.38	-0.019322734	0.0	0.0
6.4	-0.01965857	0.0	0.0
6.42	-0.019963831	0.0	0.0
6.44	-0.020237156	0.0	0.0
6.46	-0.020477215	0.0	0.0
6.48	-0.020682711	0.0	0.0
6.5	-0.020852386	0.0	0.0
6.52	-0.020985025	0.0	0.0
6.54	-0.021079458	0.0	0.0
6.56	-0.021134563	0.0	0.0
6.58	-0.021149271	0.0	0.0
6.6	-0.021122568	0.0	0.0
6.62	-0.0210535	0.0	0.0
6.64	-0.020941175	0.0	0.0
6.66	-0.020784766	0.0	0.0
6.68	-0.020583517	0.0	0.0
6.7	-0.020336743	0.0	0.0
6.72	-0.020043834	0.0	0.0
6.74	-0.019704261	0.0	0.0
6.76	-0.019317572	0.0	0.0
6.78	-0.018883404	0.0	0.0
6.8	-0.018401477	0.0	0.0
6.82	-0.017871604	0.0	0.0
6.84	-0.017293689	0.0	0.0
6.86	-0.016667728	0.0	0.0
6.88	-0.015993818	0.0	0.0
6.9	-0.015272152	0.0	0.0
6.92	-0.014503025	0.0	0.0
6.94	-0.013686834	0.0	0.0
6.96	-0.012824081	0.0	0.0
6.98	-0.011915374	0.0	0.0
7	-0.010961426	0.0	0.0
7.02	-0.00996306	0.0	0.0
7.04	-0.008921207	0.0	0.0
7.06	-0.007836907	0.0	0.0
7.08	-0.00671131	0.0	0.0
7.1	-0.005545678	0.0	0.0
7.12	-0.004341382	0.0	0.0
7.14	-0.003099902	0.0	0.0
7.16	-0.001822828	0.0	0.0
7.18	-0.00051186	0.0	0.0
7.2	0.000831194	0.0	0.0
7.22	0.002204422	0.0	0.0
7.24	0.003605803	0.0	0.0
7.26	0.005033216	0.0	0.0
7.28	0.006484434	0.0	0.0
7.3	0.007957133	0.0	0.0
7.32	0.009448892	0.0	0.0
7.34	0.010957195	0.0	0.0
7.36	0.012479434	0.0	0.0
7.38	0.014012913	0.0	0.0
7.4	0.01555485	0.0	0.0
7.42	0.017102383	0.0	0.0
7.44	0.018652573	0.0	0.0
7.46	0.020202406	0.0	0.0
7.48	0.021748801	0.0	0.0
7.5	0.023288612	0.0	0.0
7.52	0.024818634	0.0	0.0
7.54	0.026335608	0.0	0.0
7.56	0.027836228	0.0	0.0
7.58	0.029317143	0.0	0.0
7.6	0.030774965	0.0	0.0
7.62	0.032206275	0.0	0.0
7.64	0.03360763	0.0	0.0
7.66	0.034975568	0.0	0.0
7.68	0.036306615	0.0	0.0
7.7	0.03759729	0.0	0.0
7.72	0.038844118	0.0	0.0
7.74	0.040043629	0.0	0.0
7.76	0.041192371	0.0	0.0
7.78	0.042286914	0.0	0.0
7.8	0.04332386	0.0	0.0
7.82	0.04429985	0.0	0.0
7.84	0.045211569	0.0	0.0
7.86	0.046055758	0.0	0.0
7.88	0.046829218	0.0	0.0
7.9	0.047528822	0.0	0.0
7.92	0.048151516	0.0	0.0
7.94	0.048694337	0.0	0.0
7.96	0.04915441	0.0	0.0
7.98	0.049528964	0.0	0.0
8	0.049815335	0.0	0.0
8.02	0.050010978	0.0	0.0
8.04	0.050113471	0.0	0.0
8.06	0.050120524	0.0	0.0
8.08	0.050029987	0.0	0.0
8.1	0.049839857	0.0	0.0
8.12	0.049548284	0.0	0.0
8.14	0.049153583	0.0	0.0
8.16	0.048654233	0.0	0.0
8.18	0.048048891	0.0	0.0
8.2	0.047336396	0.0	0.0
8.22	0.046515772	0.0	0.0
8.24	0.045586242	0.0	0.0
8.26	0.044547224	0.0	0.0
8.28	0.043398346	0.0	0.0
8.3	0.042139443	0.0	0.0
8.32	0.040770567	0.0	0.0
8.34	0.039291992	0.0	0.0
8.36	0.037704213	0.0	0.0
8.38	0.036007958	0.0	0.0
8.4	0.034204183	0.0	0.0
8.42	0.03229408	0.0	0.0
8.44	0.03027908	0.0	0.0
8.46	0.028160852	0.0	0.0
8.48	0.025941309	0.0	0.0
8.5	0.023622604	0.0	0.0
8.52	0.021207137	0.0	0.0
8.54	0.01869755	0.0	0.0
8.56	0.016096732	0.0	0.0
8.58	0.013407814	0.0	0.0
8.6	0.010634169	0.0	0.0
8.62	0.007779413	0.0	0.0
8.64	0.004847401	0.0	0.0
8.66	0.001842221	0.0	0.0
8.68	-0.001231801	0.0	0.0
8.7	-0.004370113	0.0	0.0
8.72	-0.007567936	0.0	0.0
8.74	-0.010820273	0.0	0.0
8.76	-0.014121909	0.0	0.0
8.78	-0.017467422	0.0	0.0
8.8	-0.020851186	0.0	0.0
8.82	-0.024267382	0.0	0.0
8.84	-0.02771	0.0	0.0
8.86	-0.031172851	0.0	0.0
8.88	-0.034649576	0.0	0.0
8.9	-0.038133653	0.0	0.0
8.92	-0.041618407	0.0	0.0
8.94	-0.045097022	0.0	0.0
8.96	-0.048562549	0.0	0.0
8.98	-0.052007921	0.0	0.0
9	-0.055425959	0.0	0.0
9.02	-0.058809392	0.0	0.0
9.04	-0.06215086	0.0	0.0
9.06	-0.065442937	0.0	0.0
9.08	-0.068678134	0.0	0.0
9.1	-0.071848924	0.0	0.0
9.12	-0.074947746	0.0	0.0
9.14	-0.077967027	0.0	0.0
9.16	-0.080899192	0.0	0.0
9.18	-0.083736683	0.0	0.0
9.2	-0.086471969	0.0	0.0
9.22	-0.089097569	0.0	0.0
9.24	-0.091606063	0.0	0.0
9.26	-0.093990108	0.0	0.0
9.28	-0.096242457	0.0	0.0
9.3	-0.098355974	0.0	0.0
9.32	-0.10032365	0.0	0.0
9.34	-0.10213862	0.0	0.0
9.36	-0.103794181	0.0	0.0
9.38	-0.105283807	0.0	0.0
9.4	-0.106601167	0.0	0.0
9.42	-0.10774014	0.0	0.0
9.44	-0.108694832	0.0	0.0
9.46	-0.109459595	0.0	0.0
9.48	-0.110029039	0.0	0.0
9.5	-0.11039805	0.0	0.0
9.52	-0.110561809	0.0	0.0
9.54	-0.110515801	0.0	0.0
9.56	-0.110255836	0.0	0.0
9.58	-0.109778059	0.0	0.0
9.6	-0.10907897	0.0	0.0
9.62	-0.108155433	0.0	0.0
9.64	-0.107004693	0.0	0.0
9.66	-0.105624387	0.0	0.0
9.68	-0.104012558	0.0	0.0
9.7	-0.102167666	0.0	0.0
9.72	-0.1000886	0.0	0.0
9.74	-0.097774688	0.0	0.0
9.76	-0.095225709	0.0	0.0
9.78	-0.0924419	0.0	0.0
9.8	-0.089423966	0.0	0.0
9.82	-0.086173087	0.0	0.0
9.84	-0.082690926	0.0	0.0
9.86	-0.078979636	0.0	0.0
9.88	-0.075041862	0.0	0.0
9.9	-0.070880749	0.0	0.0
9.92	-0.066499945	0.0	0.0
9.94	-0.0619036	0.0	0.0
9.96	-0.057096373	0.0	0.0
9.98	-0.052083431	0.0	0.0
10	-0.046870443	0.0	0.0
10.02	-0.041463589	0.0	0.0
10.04	-0.035869547	0.0	0.0
10.06	-0.030095499	0.0	0.0
10.08	-0.024149119	0.0	0.0
10.1	-0.01803857	0.0	0.0
10.12	-0.011772498	0.0	0.0
10.14	-0.005360026	0.0	0.0
10.16	0.001189262	0.0	0.0
10.18	0.007865323	0.0	0.0
10.2	0.01465767	0.0	0.0
10.22	0.021555385	0.0	0.0
10.24	0.02854713	0.0	0.0
10.26	0.035621165	0.0	0.0
10.28	0.042765358	0.0	0.0
10.3	0.049967209	0.0	0.0
10.32	0.05721386	0.0	0.0
10.34	0.06449212	0.0	0.0
10.36	0.071788481	0.0	0.0
10.38	0.079089141	0.0	0.0
10.4	0.086380025	0.0	0.0
10.42	0.093646807	0.0	0.0
10.44	0.100874934	0.0	0.0
10.46	0.108049653	0.0	0.0
10.48	0.115156034	0.0	0.0
10.5	0.122178994	0.0	0.0
10.52	0.129103331	0.0	0.0
10.54	0.135913746	0.0	0.0
10.56	0.142594872	0.0	0.0
10.58	0.149131306	0.0	0.0
10.6	0.155507639	0.0	0.0
10.62	0.161708482	0.0	0.0
10.64	0.167718501	0.0	0.0
10.66	0.173522448	0.0	0.0
10.68	0.179105192	0.0	0.0
10.7	0.18445175	0.0	0.0
10.72	0.189547322	0.0	0.0
10.74	0.194377322	0.0	0.0
10.76	0.198927413	0.0	0.0
10.78	0.203183536	0.0	0.0
10.8	0.207131946	0.0	0.0
10.82	0.210759247	0.0	0.0
10.84	0.21405242	0.0	0.0
10.86	0.216998859	0.0	0.0
10.88	0.219586403	0.0	0.0
10.9	0.221803367	0.0	0.0
10.92	0.223638578	0.0	0.0
10.94	0.225081401	0.0	0.0
10.96	0.226121772	0.0	0.0
10.98	0.226750231	0.0	0.0
11	0.226957948	0.0	0.0
11.02	0.226736755	0.0	0.0
11.04	0.226079171	0.0	0.0
11.06	0.224978431	0.0	0.0
11.08	0.223428515	0.0	0.0
11.1	0.221424169	0.0	0.0
11.12	0.218960931	0.0	0.0
11.14	0.216035155	0.0	0.0
11.16	0.212644031	0.0	0.0
11.18	0.208785609	0.0	0.0
11.2	0.204458814	0.0	0.0
11.22	0.199663469	0.0	0.0
11.24	0.194400304	0.0	0.0
11.26	0.18867098	0.0	0.0
11.28	0.182478094	0.0	0.0
11.3	0.175825198	0.0	0.0
11.32	0.168716802	0.0	0.0
11.34	0.161158387	0.0	0.0
11.36	0.153156411	0.0	0.0
11.38	0.144718311	0.0	0.0
11.4	0.135852508	0.0	0.0
11.42	0.126568406	0.0	0.0
11.44	0.116876394	0.0	0.0
11.46	0.10678784	0.0	0.0
11.48	0.096315084	0.0	0.0
11.5	0.085471439	0.0	0.0
11.52	0.07427117	0.0	0.0
11.54	0.062729494	0.0	0.0
11.56	0.050862558	0.0	0.0
11.58	0.038687428	0.0	0.0
11.6	0.026222073	0.0	0.0
11.62	0.013485338	0.0	0.0
11.64	0.00049693	0.0	0.0
11.66	-0.012722609	0.0	0.0
11.68	-0.02615193	0.0	0.0
11.7	-0.039768902	0.0	0.0
11.72	-0.053550642	0.0	0.0
11.74	-0.06747355	0.0	0.0
11.76	-0.081513341	0.0	0.0
11.78	-0.095645081	0.0	0.0
11.8	-0.109843225	0.0	0.0
11.82	-0.124081657	0.0	0.0
11.84	-0.138333733	0.0	0.0
11.86	-0.152572322	0.0	0.0
11.88	-0.166769852	0.0	0.0
11.9	-0.180898357	0.0	0.0
11.92	-0.194929527	0.0	0.0
11.94	-0.208834755	0.0	0.0
11.96	-0.222585187	0.0	0.0
11.98	-0.236151781	0.0	0.0
12	-0.249505354	0.0	0.0
12.02	-0.262616641	0.0	0.0
12.04	-0.27545635	0.0	0.0
12.06	-0.287995219	0.0	0.0
12.08	-0.300204074	0.0	0.0
12.1	-0.312053889	0.0	0.0
12.12	-0.323515843	0.0	0.0
12.14	-0.334561382	0.0	0.0
12.16	-0.345162282	0.0	0.0
12.18	-0.355290704	0.0	0.0
12.2	-0.36491926	0.0	0.0
12.22	-0.374021072	0.0	0.0
12.24	-0.382569834	0.0	0.0
12.26	-0.390539873	0.0	0.0
12.28	-0.397906213	0.0	0.0
12.3	-0.404644627	0.0	0.0
12.32	-0.410731709	0.0	0.0
12.34	-0.416144921	0.0	0.0
12.36	-0.420862663	0.0	0.0
12.38	-0.424864323	0.0	0.0
12.4	-0.428130335	0.0	0.0
12.42	-0.430642239	0.0	0.0
12.44	-0.432382729	0.0	0.0
12.46	-0.43333571	0.0	0.0
12.48	-0.43348635	0.0	0.0
12.5	-0.432821125	0.0	0.0
12.52	-0.431327871	0.0	0.0
12.54	-0.428995831	0.0	0.0
12.56	-0.425815692	0.0	0.0
12.58	-0.421779634	0.0	0.0
12.6	-0.416881368	0.0	0.0
12.62	-0.411116168	0.0	0.0
12.64	-0.404480914	0.0	0.0
12.66	-0.396974114	0.0	0.0
12.68	-0.388595942	0.0	0.0
12.7	-0.37934826	0.0	0.0
12.72	-0.36923464	0.0	0.0
12.74	-0.358260389	0.0	0.0
12.76	-0.346432561	0.0	0.0
12.78	-0.333759976	0.0	0.0
12.8	-0.320253228	0.0	0.0
12.82	-0.305924691	0.0	0.0
12.84	-0.290788527	0.0	0.0
12.86	-0.274860683	0.0	0.0
12.88	-0.258158892	0.0	0.0
12.9	-0.24070266	0.0	0.0
12.92	-0.222513264	0.0	0.0
12.94	-0.20361373	0.0	0.0
12.96	-0.184028823	0.0	0.0
12.98	-0.163785018	0.0	0.0
13	-0.142910483	0.0	0.0
13.02	-0.121435044	0.0	0.0
13.04	-0.099390156	0.0	0.0
13.06	-0.076808867	0.0	0.0
13.08	-0.053725774	0.0	0.0
13.1	-0.030176984	0.0	0.0
13.12	-0.006200067	0.0	0.0
13.14	0.018166	0.0	0.0
13.16	0.042880881	0.0	0.0
13.18	0.067902943	0.0	0.0
13.2	0.093189318	0.0	0.0
13.22	0.118695964	0.0	0.0
13.24	0.144377735	0.0	0.0
13.26	0.170188454	0.0	0.0
13.28	0.196080983	0.0	0.0
13.3	0.222007307	0.0	0.0
13.32	0.247918607	0.0	0.0
13.34	0.273765349	0.0	0.0
13.36	0.299497366	0.0	0.0
13.38	0.325063949	0.0	0.0
13.4	0.350413936	0.0	0.0
13.42	0.375495804	0.0	0.0
13.44	0.400257769	0.0	0.0
13.46	0.424647877	0.0	0.0
13.48	0.448614106	0.0	0.0
13.5	0.472104468	0.0	0.0
13.52	0.495067106	0.0	0.0
13.54	0.517450401	0.0	0.0
13.56	0.539203076	0.0	0.0
13.58	0.560274299	0.0	0.0
13.6	0.580613791	0.0	0.0
13.62	0.600171931	0.0	0.0
13.64	0.618899861	0.0	0.0
13.66	0.636749596	0.0	0.0
13.68	0.653674127	0.0	0.0
13.7	0.66962753	0.0	0.0
13.72	0.684565068	0.0	0.0
13.74	0.698443299	0.0	0.0
13.76	0.711220177	0.0	0.0
13.78	0.722855155	0.0	0.0
13.8	0.733309286	0.0	0.0
13.82	0.742545325	0.0	0.0
13.84	0.75052782	0.0	0.0
13.86	0.757223212	0.0	0.0
13.88	0.762599926	0.0	0.0
13.9	0.766628463	0.0	0.0
13.92	0.769281483	0.0	0.0
13.94	0.770533894	0.0	0.0
13.96	0.770362933	0.0	0.0
13.98	0.768748238	0.0	0.0
14	0.765671929	0.0	0.0
14.02	0.761118675	0.0	0.0
14.04	0.75507576	0.0	0.0
14.06	0.747533146	0.0	0.0
14.08	0.738483531	0.0	0.0
14.1	0.727922399	0.0	0.0
14.12	0.715848074	0.0	0.0
14.14	0.702261757	0.0	0.0
14.16	0.687167569	0.0	0.0
14.18	0.670572582	0.0	0.0
14.2	0.652486848	0.0	0.0
14.22	0.632923418	0.0	0.0
14.24	0.611898366	0.0	0.0
14.26	0.589430791	0.0	0.0
14.28	0.56554283	0.0	0.0
14.3	0.54025965	0.0	0.0
14.32	0.51360945	0.0	0.0
14.34	0.48562344	0.0	0.0
14.36	0.456335826	0.0	0.0
14.38	0.425783787	0.0	0.0
14.4	0.39400744	0.0	0.0
14.42	0.361049804	0.0	0.0
14.44	0.326956758	0.0	0.0
14.46	0.291776989	0.0	0.0
14.48	0.255561937	0.0	0.0
14.5	0.218365734	0.0	0.0
14.52	0.180245134	0.0	0.0
14.54	0.141259438	0.0	0.0
14.56	0.101470416	0.0	0.0
14.58	0.060942219	0.0	0.0
14.6	0.019741289	0.0	0.0
14.62	-0.022063742	0.0	0.0
14.64	-0.064402154	0.0	0.0
14.66	-0.107201247	0.0	0.0
14.68	-0.150386458	0.0	0.0
14.7	-0.193881476	0.0	0.0
14.72	-0.237608371	0.0	0.0
14.74	-0.281487722	0.0	0.0
14.76	-0.325438751	0.0	0.0
14.78	-0.369379458	0.0	0.0
14.8	-0.413226771	0.0	0.0
14.82	-0.456896686	0.0	0.0
14.84	-0.500304419	0.0	0.0
14.86	-0.543364564	0.0	0.0
14.88	-0.585991243	0.0	0.0
14.9	-0.628098273	0.0	0.0
14.92	-0.669599325	0.0	0.0
14.94	-0.71040809	0.0	0.0
14.96	-0.750438447	0.0	0.0
14.98	-0.78960463	0.0	0.0
15	-0.827821402	0.0	0.0
15.02	-0.865004226	0.0	0.0
15.04	-0.901069433	0.0	0.0
15.06	-0.935934404	0.0	0.0
15.08	-0.969517733	0.0	0.0
15.1	-1.001739411	0.0	0.0
15.12	-1.032520989	0.0	0.0
15.14	-1.061785755	0.0	0.0
15.16	-1.089458906	0.0	0.0
15.18	-1.115467712	0.0	0.0
15.2	-1.139741686	0.0	0.0
15.22	-1.162212752	0.0	0.0
15.24	-1.182815399	0.0	0.0
15.26	-1.20148685	0.0	0.0
15.28	-1.218167209	0.0	0.0
15.3	-1.232799621	0.0	0.0
15.32	-1.245330414	0.0	0.0
15.34	-1.255709246	0.0	0.0
15.36	-1.263889244	0.0	0.0
15.38	-1.269827137	0.0	0.0
15.4	-1.273483385	0.0	0.0
15.42	-1.274822303	0.0	0.0
15.44	-1.273812175	0.0	0.0
15.46	-1.270425369	0.0	0.0
15.48	-1.264638437	0.0	0.0
15.5	-1.256432214	0.0	0.0
15.52	-1.245791908	0.0	0.0
15.54	-1.23270718	0.0	0.0
15.56	-1.217172224	0.0	0.0
15.58	-1.199185828	0.0	0.0
15.6	-1.178751436	0.0	0.0
15.62	-1.155877197	0.0	0.0
15.64	-1.130576008	0.0	0.0
15.66	-1.102865545	0.0	0.0
15.68	-1.072768288	0.0	0.0
15.7	-1.040311535	0.0	0.0
15.72	-1.00552741	0.0	0.0
15.74	-0.968452856	0.0	0.0
15.76	-0.929129624	0.0	0.0
15.78	-0.887604248	0.0	0.0
15.8	-0.843928016	0.0	0.0
15.82	-0.798156925	0.0	0.0
15.84	-0.750351629	0.0	0.0
15.86	-0.700577383	0.0	0.0
15.88	-0.648903962	0.0	0.0
15.9	-0.595405589	0.0	0.0
15.92	-0.540160842	0.0	0.0
15.94	-0.48325255	0.0	0.0
15.96	-0.424767689	0.0	0.0
15.98	-0.364797261	0.0	0.0
16	-0.303436164	0.0	0.0
16.02	-0.240783058	0.0	0.0
16.04	-0.176940216	0.0	0.0
16.06	-0.112013372	0.0	0.0
16.08	-0.046111553	0.0	0.0
16.1	0.020653086	0.0	0.0
16.12	0.088165448	0.0	0.0
16.14	0.156307681	0.0	0.0
16.16	0.224959367	0.0	0.0
16.18	0.293997732	0.0	0.0
16.2	0.363297853	0.0	0.0
16.22	0.43273287	0.0	0.0
16.24	0.502174213	0.0	0.0
16.26	0.571491828	0.0	0.0
16.28	0.64055441	0.0	0.0
16.3	0.709229642	0.0	0.0
16.32	0.777384439	0.0	0.0
16.34	0.844885194	0.0	0.0
16.36	0.911598028	0.0	0.0
16.38	0.977389049	0.0	0.0
16.4	1.042124604	0.0	0.0
16.42	1.105671542	0.0	0.0
16.44	1.167897476	0.0	0.0
16.46	1.228671042	0.0	0.0
16.48	1.287862169	0.0	0.0
16.5	1.345342337	0.0	0.0
16.52	1.400984848	0.0	0.0
16.54	1.454665082	0.0	0.0
16.56	1.506260767	0.0	0.0
16.58	1.555652234	0.0	0.0
16.6	1.602722677	0.0	0.0
16.62	1.647358411	0.0	0.0
16.64	1.689449122	0.0	0.0
16.66	1.728888115	0.0	0.0
16.68	1.765572562	0.0	0.0
16.7	1.799403736	0.0	0.0
16.72	1.830287249	0.0	0.0
16.74	1.858133279	0.0	0.0
16.76	1.88285679	0.0	0.0
16.78	1.904377748	0.0	0.0
16.8	1.922621327	0.0	0.0
16.82	1.937518111	0.0	0.0
16.84	1.949004281	0.0	0.0
16.86	1.957021798	0.0	0.0
16.88	1.961518577	0.0	0.0
16.9	1.962448649	0.0	0.0
16.92	1.959772312	0.0	0.0
16.94	1.953456277	0.0	0.0
16.96	1.943473793	0.0	0.0
16.98	1.929804773	0.0	0.0
17	1.912435898	0.0	0.0
17.02	1.891360714	0.0	0.0
17.04	1.866579714	0.0	0.0
17.06	1.838100413	0.0	0.0
17.08	1.805937401	0.0	0.0
17.1	1.770112393	0.0	0.0
17.12	1.730654256	0.0	0.0
17.14	1.687599028	0.0	0.0
17.16	1.640989923	0.0	0.0
17.18	1.590877323	0.0	0.0
17.2	1.53731875	0.0	0.0
17.22	1.480378832	0.0	0.0
17.24	1.420129247	0.0	0.0
17.26	1.356648661	0.0	0.0
17.28	1.290022645	0.0	0.0
17.3	1.22034358	0.0	0.0
17.32	1.147710551	0.0	0.0
17.34	1.072229219	0.0	0.0
17.36	0.994011688	0.0	0.0
17.38	0.913176355	0.0	0.0
17.4	0.829847742	0.0	0.0
17.42	0.744156318	0.0	0.0
17.44	0.656238312	0.0	0.0
17.46	0.566235506	0.0	0.0
17.48	0.474295014	0.0	0.0
17.5	0.380569061	0.0	0.0
17.52	0.285214734	0.0	0.0
17.54	0.188393731	0.0	0.0
17.56	0.090272097	0.0	0.0
17.58	-0.008980052	0.0	0.0
17.6	-0.109188819	0.0	0.0
17.62	-0.210176817	0.0	0.0
17.64	-0.311763478	0.0	0.0
17.66	-0.413765367	0.0	0.0
17.68	-0.515996508	0.0	0.0
17.7	-0.618268713	0.0	0.0
17.72	-0.720391923	0.0	0.0
17.74	-0.822174552	0.0	0.0
17.76	-0.923423841	0.0	0.0
17.78	-1.023946215	0.0	0.0
17.8	-1.123547643	0.0	0.0
17.82	-1.222034011	0.0	0.0
17.84	-1.319211486	0.0	0.0
17.86	-1.414886893	0.0	0.0
17.88	-1.50886809	0.0	0.0
17.9	-1.600964343	0.0	0.0
17.92	-1.690986707	0.0	0.0
17.94	-1.778748399	0.0	0.0
17.96	-1.864065181	0.0	0.0
17.98	-1.946755729	0.0	0.0
18	-2.02664201	0.0	0.0
18.02	-2.103549653	0.0	0.0
18.04	-2.177308313	0.0	0.0
18.06	-2.247752032	0.0	0.0
18.08	-2.314719599	0.0	0.0
18.1	-2.3780549	0.0	0.0
18.12	-2.437607259	0.0	0.0
18.14	-2.493231776	0.0	0.0
18.16	-2.544789659	0.0	0.0
18.18	-2.592148538	0.0	0.0
18.2	-2.635182776	0.0	0.0
18.22	-2.67377377	0.0	0.0
18.24	-2.70781024	0.0	0.0
18.26	-2.737188503	0.0	0.0
18.28	-2.761812738	0.0	0.0
18.3	-2.781595242	0.0	0.0
18.32	-2.796456662	0.0	0.0
18.34	-2.806326222	0.0	0.0
18.36	-2.811141932	0.0	0.0
18.38	-2.810850782	0.0	0.0
18.4	-2.805408921	0.0	0.0
18.42	-2.794781819	0.0	0.0
18.44	-2.77894441	0.0	0.0
18.46	-2.757881226	0.0	0.0
18.48	-2.731586501	0.0	0.0
18.5	-2.700064271	0.0	0.0
18.52	-2.663328444	0.0	0.0
18.54	-2.621402861	0.0	0.0
18.56	-2.574321329	0.0	0.0
18.58	-2.522127643	0.0	0.0
18.6	-2.464875586	0.0	0.0
18.62	-2.402628907	0.0	0.0
18.64	-2.335461285	0.0	0.0
18.66	-2.263456269	0.0	0.0
18.68	-2.186707198	0.0	0.0
18.7	-2.10531711	0.0	0.0
18.72	-2.019398615	0.0	0.0
18.74	-1.929073767	0.0	0.0
18.76	-1.834473905	0.0	0.0
18.78	-1.735739478	0.0	0.0
18.8	-1.633019848	0.0	0.0
18.82	-1.526473082	0.0	0.0
18.84	-1.41626572	0.0	0.0
18.86	-1.302572521	0.0	0.0
18.88	-1.1855762	0.0	0.0
18.9	-1.065467142	0.0	0.0
18.92	-0.942443097	0.0	0.0
18.94	-0.816708867	0.0	0.0
18.96	-0.688475967	0.0	0.0
18.98	-0.557962276	0.0	0.0
19	-0.425391673	0.0	0.0
19.02	-0.290993654	0.0	0.0
19.04	-0.155002942	0.0	0.0
19.06	-0.01765908	0.0	0.0
19.08	0.120793992	0.0	0.0
19.1	0.26010836	0.0	0.0
19.12	0.400032585	0.0	0.0
19.14	0.540312153	0.0	0.0
19.16	0.680689933	0.0	0.0
19.18	0.82090665	0.0	0.0
19.2	0.96070136	0.0	0.0
19.22	1.099811937	0.0	0.0
19.24	1.23797556	0.0	0.0
19.26	1.374929209	0.0	0.0
19.28	1.510410167	0.0	0.0
19.3	1.644156518	0.0	0.0
19.32	1.775907653	0.0	0.0
19.34	1.905404776	0.0	0.0
19.36	2.032391409	0.0	0.0
19.38	2.156613899	0.0	0.0
19.4	2.277821916	0.0	0.0
19.42	2.395768961	0.0	0.0
19.44	2.510212857	0.0	0.0
19.46	2.620916242	0.0	0.0
19.48	2.727647055	0.0	0.0
19.5	2.830179019	0.0	0.0
19.52	2.928292107	0.0	0.0
19.54	3.021773008	0.0	0.0
19.56	3.110415581	0.0	0.0
19.58	3.194021296	0.0	0.0
19.6	3.272399665	0.0	0.0
19.62	3.345368662	0.0	0.0
19.64	3.412755128	0.0	0.0
19.66	3.47439516	0.0	0.0
19.68	3.530134489	0.0	0.0
19.7	3.579828838	0.0	0.0
19.72	3.623344268	0.0	0.0
19.74	3.6605575	0.0	0.0
19.76	3.691356224	0.0	0.0
19.78	3.715639386	0.0	0.0
19.8	3.733317459	0.0	0.0
19.82	3.744312687	0.0	0.0
19.84	3.748559317	0.0	0.0
19.86	3.746003798	0.0	0.0
19.88	3.73660497	0.0	0.0
19.9	3.720334222	0.0	0.0
19.92	3.69717563	0.0	0.0
19.94	3.667126071	0.0	0.0
19.96	3.630195311	0.0	0.0
19.98	3.586406077	0.0	0.0
20	3.53579409	0.0	0.0
20.02	3.478408088	0.0	0.0
20.04	3.414309816	0.0	0.0
20.06	3.343573991	0.0	0.0
20.08	3.266288243	0.0	0.0
20.1	3.182553037	0.0	0.0
20.12	3.092481556	0.0	0.0
20.14	2.996199572	0.0	0.0
20.16	2.893845284	0.0	0.0
20.18	2.785569136	0.0	0.0
20.2	2.671533608	0.0	0.0
20.22	2.55191298	0.0	0.0
20.24	2.426893078	0.0	0.0
20.26	2.296670989	0.0	0.0
20.28	2.161454761	0.0	0.0
20.3	2.021463072	0.0	0.0
20.32	1.876924879	0.0	0.0
20.34	1.728079051	0.0	0.0
20.36	1.57517397	0.0	0.0
20.38	1.418467123	0.0	0.0
20.4	1.258224662	0.0	0.0
20.42	1.094720955	0.0	0.0
20.44	0.928238115	0.0	0.0
20.46	0.759065506	0.0	0.0
20.48	0.587499243	0.0	0.0
20.5	0.413841667	0.0	0.0
20.52	0.238400805	0.0	0.0
20.54	0.061489825	0.0	0.0
20.56	-0.116573531	0.0	0.0
20.58	-0.295467525	0.0	0.0
20.6	-0.474867007	0.0	0.0
20.62	-0.654444012	0.0	0.0
20.64	-0.833868371	0.0	0.0
20.66	-1.012808317	0.0	0.0
20.68	-1.19093111	0.0	0.0
20.7	-1.367903661	0.0	0.0
20.72	-1.543393159	0.0	0.0
20.74	-1.71706771	0.0	0.0
20.76	-1.888596963	0.0	0.0
20.78	-2.057652751	0.0	0.0
20.8	-2.22390972	0.0	0.0
20.82	-2.387045967	0.0	0.0
20.84	-2.546743662	0.0	0.0
20.86	-2.702689676	0.0	0.0
20.88	-2.854576202	0.0	0.0
20.9	-3.002101362	0.0	0.0
20.92	-3.14496981	0.0	0.0
20.94	-3.282893334	0.0	0.0
20.96	-3.415591431	0.0	0.0
20.98	-3.542791883	0.0	0.0
21	-3.664231315	0.0	0.0
21.02	-3.779655742	0.0	0.0
21.04	-3.888821096	0.0	0.0
21.06	-3.991493739	0.0	0.0
21.08	-4.087450963	0.0	0.0
21.1	-4.176481462	0.0	0.0
21.12	-4.258385796	0.0	0.0
21.14	-4.332976822	0.0	0.0
21.16	-4.400080117	0.0	0.0
21.18	-4.459534365	0.0	0.0
21.2	-4.511191734	0.0	0.0
21.22	-4.554918217	0.0	0.0
21.24	-4.590593959	0.0	0.0
21.26	-4.618113547	0.0	0.0
21.28	-4.637386285	0.0	0.0
21.3	-4.648336436	0.0	0.0
21.32	-4.650903436	0.0	0.0
21.34	-4.64504208	0.0	0.0
21.36	-4.630722685	0.0	0.0
21.38	-4.607931215	0.0	0.0
21.4	-4.576669385	0.0	0.0
21.42	-4.53695473	0.0	0.0
21.44	-4.488820644	0.0	0.0
21.46	-4.432316393	0.0	0.0
21.48	-4.367507094	0.0	0.0
21.5	-4.294473663	0.0	0.0
21.52	-4.213312736	0.0	0.0
21.54	-4.124136555	0.0	0.0
21.56	-4.027072828	0.0	0.0
21.58	-3.922264557	0.0	0.0
21.6	-3.809869832	0.0	0.0
21.62	-3.690061602	0.0	0.0
21.64	-3.563027413	0.0	0.0
21.66	-3.428969117	0.0	0.0
21.68	-3.288102549	0.0	0.0
21.7	-3.140657185	0.0	0.0
21.72	-2.986875761	0.0	0.0
21.74	-2.827013876	0.0	0.0
21.76	-2.661339557	0.0	0.0
21.78	-2.490132811	0.0	0.0
21.8	-2.31368514	0.0	0.0
21.82	-2.132299041	0.0	0.0
21.84	-1.94628748	0.0	0.0
21.86	-1.755973342	0.0	0.0
21.88	-1.561688859	0.0	0.0
21.9	-1.363775023	0.0	0.0
21.92	-1.162580978	0.0	0.0
21.94	-0.958463386	0.0	0.0
21.96	-0.751785792	0.0	0.0
21.98	-0.542917954	0.0	0.0
22	-0.332235178	0.0	0.0
22.02	-0.120117622	0.0	0.0
22.04	0.093050397	0.0	0.0
22.06	0.306881119	0.0	0.0
22.08	0.520984054	0.0	0.0
22.1	0.734966719	0.0	0.0
22.12	0.948435362	0.0	0.0
22.14	1.160995709	0.0	0.0
22.16	1.372253704	0.0	0.0
22.18	1.581816254	0.0	0.0
22.2	1.789291976	0.0	0.0
22.22	1.994291943	0.0	0.0
22.24	2.19643043	0.0	0.0
22.26	2.395325648	0.0	0.0
22.28	2.590600486	0.0	0.0
22.3	2.781883237	0.0	0.0
22.32	2.96880832	0.0	0.0
22.34	3.151016991	0.0	0.0
22.36	3.328158045	0.0	0.0
22.38	3.499888506	0.0	0.0
22.4	3.665874302	0.0	0.0
22.42	3.825790928	0.0	0.0
22.44	3.979324088	0.0	0.0
22.46	4.126170327	0.0	0.0
22.48	4.266037635	0.0	0.0
22.5	4.39864604	0.0	0.0
22.52	4.523728176	0.0	0.0
22.54	4.641029824	0.0	0.0
22.56	4.750310441	0.0	0.0
22.58	4.851343654	0.0	0.0
22.6	4.943917732	0.0	0.0
22.62	5.027836033	0.0	0.0
22.64	5.10291742	0.0	0.0
22.66	5.168996655	0.0	0.0
22.68	5.225924755	0.0	0.0
22.7	5.273569326	0.0	0.0
22.72	5.311814859	0.0	0.0
22.74	5.340563004	0.0	0.0
22.76	5.359732801	0.0	0.0
22.78	5.369260884	0.0	0.0
22.8	5.369101657	0.0	0.0
22.82	5.359227425	0.0	0.0
22.84	5.3396285	0.0	0.0
22.86	5.310313271	0.0	0.0
22.88	5.271308236	0.0	0.0
22.9	5.222658006	0.0	0.0
22.92	5.164425267	0.0	0.0
22.94	5.096690712	0.0	0.0
22.96	5.019552938	0.0	0.0
22.98	4.933128307	0.0	0.0
23	4.837550775	0.0	0.0
23.02	4.73297168	0.0	0.0
23.04	4.619559509	0.0	0.0
23.06	4.497499619	0.0	0.0
23.08	4.366993932	0.0	0.0
23.1	4.228260593	0.0	0.0
23.12	4.081533604	0.0	0.0
23.14	3.927062417	0.0	0.0
23.16	3.765111501	0.0	0.0
23.18	3.595959882	0.0	0.0
23.2	3.419900651	0.0	0.0
23.22	3.237240442	0.0	0.0
23.24	3.048298887	0.0	0.0
23.26	2.853408041	0.0	0.0
23.28	2.652911787	0.0	0.0
23.3	2.447165212	0.0	0.0
23.32	2.236533963	0.0	0.0
23.34	2.02139358	0.0	0.0
23.36	1.802128809	0.0	0.0
23.38	1.579132898	0.0	0.0
23.4	1.35280687	0.0	0.0
23.42	1.123558788	0.0	0.0
23.44	0.891802995	0.0	0.0
23.46	0.657959348	0.0	0.0
23.48	0.422452436	0.0	0.0
23.5	0.185710793	0.0	0.0
23.52	-0.051833909	0.0	0.0
23.54	-0.289747662	0.0	0.0
23.56	-0.52759494	0.0	0.0
23.58	-0.764939515	0.0	0.0
23.6	-1.001345279	0.0	0.0
23.62	-1.236377065	0.0	0.0
23.64	-1.469601472	0.0	0.0
23.66	-1.700587684	0.0	0.0
23.68	-1.928908286	0.0	0.0
23.7	-2.154140076	0.0	0.0
23.72	-2.375864871	0.0	0.0
23.74	-2.593670303	0.0	0.0
23.76	-2.807150606	0.0	0.0
23.78	-3.015907392	0.0	0.0
23.8	-3.219550414	0.0	0.0
23.82	-3.417698315	0.0	0.0
23.84	-3.609979358	0.0	0.0
23.86	-3.796032147	0.0	0.0
23.88	-3.975506317	0.0	0.0
23.9	-4.148063215	0.0	0.0
23.92	-4.313376555	0.0	0.0
23.94	-4.47113305	0.0	0.0
23.96	-4.62103302	0.0	0.0
23.98	-4.762790977	0.0	0.0
24	-4.896136181	0.0	0.0
24.02	-5.020813171	0.0	0.0
24.04	-5.136582264	0.0	0.0
24.06	-5.243220031	0.0	0.0
24.08	-5.340519735	0.0	0.0
24.1	-5.428291739	0.0	0.0
24.12	-5.506363891	0.0	0.0
24.14	-5.574581862	0.0	0.0
24.16	-5.63280946	0.0	0.0
24.18	-5.680928908	0.0	0.0
24.2	-5.718841083	0.0	0.0
24.22	-5.746465726	0.0	0.0
24.24	-5.76374161	0.0	0.0
24.26	-5.770626678	0.0	0.0
24.28	-5.767098139	0.0	0.0
24.3	-5.753152529	0.0	0.0
24.32	-5.728805736	0.0	0.0
24.34	-5.694092991	0.0	0.0
24.36	-5.649068814	0.0	0.0
24.38	-5.593806931	0.0	0.0
24.4	-5.528400152	0.0	0.0
24.42	-5.452960206	0.0	0.0
24.44	-5.367617554	0.0	0.0
24.46	-5.272521149	0.0	0.0
24.48	-5.167838175	0.0	0.0
24.5	-5.053753743	0.0	0.0
24.52	-4.930470553	0.0	0.0
24.54	-4.798208526	0.0	0.0
24.56	-4.6572044	0.0	0.0
24.58	-4.507711294	0.0	0.0
24.6	-4.34999824	0.0	0.0
24.62	-4.184349687	0.0	0.0
24.64	-4.011064969	0.0	0.0
24.66	-3.830457758	0.0	0.0
24.68	-3.642855467	0.0	0.0
24.7	-3.448598652	0.0	0.0
24.72	-3.248040367	0.0	0.0
24.74	-3.04154551	0.0	0.0
24.76	-2.829490137	0.0	0.0
24.78	-2.612260759	0.0	0.0
24.8	-2.390253617	0.0	0.0
24.82	-2.163873938	0.0	0.0
24.84	-1.933535176	0.0	0.0
24.86	-1.699658235	0.0	0.0
24.88	-1.462670676	0.0	0.0
24.9	-1.223005915	0.0	0.0
24.92	-0.981102407	0.0	0.0
24.94	-0.737402824	0.0	0.0
24.96	-0.492353217	0.0	0.0
24.98	-0.246402178	0.0	0.0
25	-5.4729E-12	0.0	0.0
25.02	0.246402178	0.0	0.0
25.04	0.492353217	0.0	0.0
25.06	0.737402824	0.0	0.0
25.08	0.981102407	0.0	0.0
25.1	1.223005915	0.0	0.0
25.12	1.462670676	0.0	0.0
25.14	1.699658235	0.0	0.0
25.16	1.933535176	0.0	0.0
25.18	2.163873938	0.0	0.0
25.2	2.390253617	0.0	0.0
25.22	2.612260759	0.0	0.0
25.24	2.829490137	0.0	0.0
25.26	3.04154551	0.0	0.0
25.28	3.248040367	0.0	0.0
25.3	3.448598651	0.0	0.0
25.32	3.642855467	0.0	0.0
25.34	3.830457758	0.0	0.0
25.36	4.011064969	0.0	0.0
25.38	4.184349687	0.0	0.0
25.4	4.34999824	0.0	0.0
25.42	4.507711294	0.0	0.0
25.44	4.6572044	0.0	0.0
25.46	4.798208526	0.0	0.0
25.48	4.930470553	0.0	0.0
25.5	5.053753743	0.0	0.0
25.52	5.167838175	0.0	0.0
25.54	5.272521149	0.0	0.0
25.56	5.367617554	0.0	0.0
25.58	5.452960206	0.0	0.0
25.6	5.528400152	0.0	0.0
25.62	5.593806931	0.0	0.0
25.64	5.649068814	0.0	0.0
25.66	5.694092991	0.0	0.0
25.68	5.728805736	0.0	0.0
25.7	5.753152529	0.0	0.0
25.72	5.767098139	0.0	0.0
25.74	5.770626678	0.0	0.0
25.76	5.76374161	0.0	0.0
25.78	5.746465726	0.0	0.0
25.8	5.718841083	0.0	0.0
25.82	5.680928908	0.0	0.0
25.84	5.63280946	0.0	0.0
25.86	5.574581862	0.0	0.0
25.88	5.506363891	0.0	0.0
25.9	5.428291739	0.0	0.0
25.92	5.340519735	0.0	0.0
25.94	5.243220031	0.0	0.0
25.96	5.136582264	0.0	0.0
25.98	5.020813171	0.0	0.0
26	4.896136181	0.0	0.0
26.02	4.762790977	0.0	0.0
26.04	4.62103302	0.0	0.0
26.06	4.47113305	0.0	0.0
26.08	4.313376555	0.0	0.0
26.1	4.148063215	0.0	0.0
26.12	3.975506317	0.0	0.0
26.14	3.796032147	0.0	0.0
26.16	3.609979358	0.0	0.0
26.18	3.417698315	0.0	0.0
26.2	3.219550414	0.0	0.0
26.22	3.015907392	0.0	0.0
26.24	2.807150606	0.0	0.0
26.26	2.593670303	0.0	0.0
26.28	2.375864871	0.0	0.0
26.3	2.154140076	0.0	0.0
26.32	1.928908286	0.0	0.0
26.34	1.700587684	0.0	0.0
26.36	1.469601472	0.0	0.0
26.38	1.236377065	0.0	0.0
26.4	1.001345279	0.0	0.0
26.42	0.764939515	0.0	0.0
26.44	0.52759494	0.0	0.0
26.46	0.289747662	0.0	0.0
26.48	0.051833909	0.0	0.0
26.5	-0.185710793	0.0	0.0
26.52	-0.422452436	0.0	0.0
26.54	-0.657959348	0.0	0.0
26.56	-0.891802995	0.0	0.0
26.58	-1.123558788	0.0	0.0
26.6	-1.35280687	0.0	0.0
26.62	-1.579132898	0.0	0.0
26.64	-1.802128809	0.0	0.0
26.66	-2.02139358	0.0	0.0
26.68	-2.236533963	0.0	0.0
26.7	-2.447165212	0.0	0.0
26.72	-2.652911786	0.0	0.0
26.74	-2.853408041	0.0	0.0
26.76	-3.048298887	0.0	0.0
26.78	-3.237240442	0.0	0.0
26.8	-3.419900651	0.0	0.0
26.82	-3.595959882	0.0	0.0
26.84	-3.765111501	0.0	0.0
26.86	-3.927062417	0.0	0.0
26.88	-4.081533604	0.0	0.0
26.9	-4.228260593	0.0	0.0
26.92	-4.366993932	0.0	0.0
26.94	-4.497499619	0.0	0.0
26.96	-4.619559509	0.0	0.0
26.98	-4.73297168	0.0	0.0
27	-4.837550775	0.0	0.0
27.02	-4.933128307	0.0	0.0
27.04	-5.019552938	0.0	0.0
27.06	-5.096690712	0.0	0.0
27.08	-5.164425267	0.0	0.0
27.1	-5.222658006	0.0	0.0
27.12	-5.271308236	0.0	0.0
27.14	-5.310313271	0.0	0.0
27.16	-5.3396285	0.0	0.0
27.18	-5.359227425	0.0	0.0
27.2	-5.369101657	0.0	0.0
27.22	-5.369260884	0.0	0.0
27.24	-5.359732801	0.0	0.0
27.26	-5.340563004	0.0	0.0
27.28	-5.311814859	0.0	0.0
27.3	-5.273569326	0.0	0.0
27.32	-5.225924755	0.0	0.0
27.34	-5.168996655	0.0	0.0
27.36	-5.10291742	0.0	0.0
27.38	-5.027836033	0.0	0.0
27.4	-4.943917732	0.0	0.0
27.42	-4.851343654	0.0	0.0
27.44	-4.750310441	0.0	0.0
27.46	-4.641029824	0.0	0.0
27.48	-4.523728176	0.0	0.0
27.5	-4.39864604	0.0	0.0
27.52	-4.266037635	0.0	0.0
27.54	-4.126170327	0.0	0.0
27.56	-3.979324088	0.0	0.0
27.58	-3.825790928	0.0	0.0
27.6	-3.665874302	0.0	0.0
27.62	-3.499888506	0.0	0.0
27.64	-3.328158045	0.0	0.0
27.66	-3.151016991	0.0	0.0
27.68	-2.96880832	0.0	0.0
27.7	-2.781883237	0.0	0.0
27.72	-2.590600486	0.0	0.0
27.74	-2.395325648	0.0	0.0
27.76	-2.19643043	0.0	0.0
27.78	-1.994291943	0.0	0.0
27.8	-1.789291976	0.0	0.0
27.82	-1.581816254	0.0	0.0
27.84	-1.372253704	0.0	0.0
27.86	-1.160995709	0.0	0.0
27.88	-0.948435362	0.0	0.0
27.9	-0.734966719	0.0	0.0
27.92	-0.520984054	0.0	0.0
27.94	-0.306881119	0.0	0.0
27.96	-0.093050397	0.0	0.0
27.98	0.120117622	0.0	0.0
28	0.332235178	0.0	0.0
28.02	0.542917954	0.0	0.0
28.04	0.751785792	0.0	0.0
28.06	0.958463386	0.0	0.0
28.08	1.162580978	0.0	0.0
28.1	1.363775023	0.0	0.0
28.12	1.561688859	0.0	0.0
28.14	1.755973342	0.0	0.0
28.16	1.94628748	0.0	0.0
28.18	2.132299041	0.0	0.0
28.2	2.31368514	0.0	0.0
28.22	2.490132811	0.0	0.0
28.24	2.661339557	0.0	0.0
28.26	2.827013876	0.0	0.0
28.28	2.986875761	0.0	0.0
28.3	3.140657185	0.0	0.0
28.32	3.288102549	0.0	0.0
28.34	3.428969117	0.0	0.0
28.36	3.563027413	0.0	0.0
28.38	3.690061602	0.0	0.0
28.4	3.809869832	0.0	0.0
28.42	3.922264557	0.0	0.0
28.44	4.027072828	0.0	0.0
28.46	4.124136555	0.0	0.0
28.48	4.213312736	0.0	0.0
28.5	4.294473663	0.0	0.0
28.52	4.367507094	0.0	0.0
28.54	4.432316393	0.0	0.0
28.56	4.488820644	0.0	0.0
28.58	4.53695473	0.0	0.0
28.6	4.576669385	0.0	0.0
28.62	4.607931215	0.0	0.0
28.64	4.630722685	0.0	0.0
28.66	4.64504208	0.0	0.0
28.68	4.650903436	0.0	0.0
28.7	4.648336436	0.0	0.0
28.72	4.637386285	0.0	0.0
28.74	4.618113547	0.0	0.0
28.76	4.590593959	0.0	0.0
28.78	4.554918217	0.0	0.0
28.8	4.511191734	0.0	0.0
28.82	4.459534365	0.0	0.0
28.84	4.400080117	0.0	0.0
28.86	4.332976822	0.0	0.0
28.88	4.258385796	0.0	0.0
28.9	4.176481462	0.0	0.0
28.92	4.087450963	0.0	0.0
28.94	3.991493739	0.0	0.0
28.96	3.888821096	0.0	0.0
28.98	3.779655742	0.0	0.0
29	3.664231315	0.0	0.0
29.02	3.542791883	0.0	0.0
29.04	3.415591431	0.0	0.0
29.06	3.282893334	0.0	0.0
29.08	3.14496981	0.0	0.0
29.1	3.002101362	0.0	0.0
29.12	2.854576202	0.0	0.0
29.14	2.702689676	0.0	0.0
29.16	2.546743662	0.0	0.0
29.18	2.387045967	0.0	0.0
29.2	2.22390972	0.0	0.0
29.22	2.057652751	0.0	0.0
29.24	1.888596963	0.0	0.0
29.26	1.71706771	0.0	0.0
29.28	1.543393159	0.0	0.0
29.3	1.367903661	0.0	0.0
29.32	1.19093111	0.0	0.0
29.34	1.012808317	0.0	0.0
29.36	0.833868371	0.0	0.0
29.38	0.654444013	0.0	0.0
29.4	0.474867007	0.0	0.0
29.42	0.295467525	0.0	0.0
29.44	0.116573531	0.0	0.0
29.46	-0.061489825	0.0	0.0
29.48	-0.238400805	0.0	0.0
29.5	-0.413841667	0.0	0.0
29.52	-0.587499243	0.0	0.0
29.54	-0.759065506	0.0	0.0
29.56	-0.928238115	0.0	0.0
29.58	-1.094720955	0.0	0.0
29.6	-1.258224662	0.0	0.0
29.62	-1.418467123	0.0	0.0
29.64	-1.57517397	0.0	0.0
29.66	-1.728079051	0.0	0.0
29.68	-1.876924879	0.0	0.0
29.7	-2.021463072	0.0	0.0
29.72	-2.161454761	0.0	0.0
29.74	-2.296670989	0.0	0.0
29.76	-2.426893078	0.0	0.0
29.78	-2.55191298	0.0	0.0
29.8	-2.671533608	0.0	0.0
29.82	-2.785569136	0.0	0.0
29.84	-2.893845284	0.0	0.0
29.86	-2.996199572	0.0	0.0
29.88	-3.092481556	0.0	0.0
29.9	-3.182553037	0.0	0.0
29.92	-3.266288243	0.0	0.0
29.94	-3.343573991	0.0	0.0
29.96	-3.414309816	0.0	0.0
29.98	-3.478408088	0.0	0.0
30	-3.53579409	0.0	0.0
30.02	-3.586406077	0.0	0.0
30.04	-3.630195311	0.0	0.0
30.06	-3.667126071	0.0	0.0
30.08	-3.69717563	0.0	0.0
30.1	-3.720334222	0.0	0.0
30.12	-3.73660497	0.0	0.0
30.14	-3.746003798	0.0	0.0
30.16	-3.748559317	0.0	0.0
30.18	-3.744312687	0.0	0.0
30.2	-3.733317459	0.0	0.0
30.22	-3.715639386	0.0	0.0
30.24	-3.691356224	0.0	0.0
30.26	-3.6605575	0.0	0.0
30.28	-3.623344268	0.0	0.0
30.3	-3.579828838	0.0	0.0
30.32	-3.530134489	0.0	0.0
30.34	-3.47439516	0.0	0.0
30.36	-3.412755128	0.0	0.0
30.38	-3.345368662	0.0	0.0
30.4	-3.272399665	0.0	0.0
30.42	-3.194021296	0.0	0.0
30.44	-3.110415581	0.0	0.0
30.46	-3.021773008	0.0	0.0
30.48	-2.928292107	0.0	0.0
30.5	-2.830179019	0.0	0.0
30.52	-2.727647055	0.0	0.0
30.54	-2.620916242	0.0	0.0
30.56	-2.510212857	0.0	0.0
30.58	-2.395768961	0.0	0.0
30.6	-2.277821916	0.0	0.0
30.62	-2.156613899	0.0	0.0
30.64	-2.032391409	0.0	0.0
30.66	-1.905404776	0.0	0.0
30.68	-1.775907653	0.0	0.0
30.7	-1.644156518	0.0	0.0
30.72	-1.510410167	0.0	0.0
30.74	-1.374929209	0.0	0.0
30.76	-1.23797556	0.0	0.0
30.78	-1.099811937	0.0	0.0
30.8	-0.96070136	0.0	0.0
30.82	-0.82090665	0.0	0.0
30.84	-0.680689934	0.0	0.0
30.86	-0.540312153	0.0	0.0
30.88	-0.400032585	0.0	0.0
30.9	-0.26010836	0.0	0.0
30.92	-0.120793992	0.0	0.0
30.94	0.01765908	0.0	0.0
30.96	0.155002942	0.0	0.0
30.98	0.290993654	0.0	0.0
31	0.425391673	0.0	0.0
31.02	0.557962276	0.0	0.0
31.04	0.688475967	0.0	0.0
31.06	0.816708867	0.0	0.0
31.08	0.942443097	0.0	0.0
31.1	1.065467142	0.0	0.0
31.12	1.1855762	0.0	0.0
31.14	1.302572521	0.0	0.0
31.16	1.41626572	0.0	0.0
31.18	1.526473082	0.0	0.0
31.2	1.633019848	0.0	0.0
31.22	1.735739478	0.0	0.0
31.24	1.834473905	0.0	0.0
31.26	1.929073767	0.0	0.0
31.28	2.019398615	0.0	0.0
31.3	2.10531711	0.0	0.0
31.32	2.186707198	0.0	0.0
31.34	2.263456269	0.0	0.0
31.36	2.335461285	0.0	0.0
31.38	2.402628907	0.0	0.0
31.4	2.464875586	0.0	0.0
31.42	2.522127643	0.0	0.0
31.44	2.574321329	0.0	0.0
31.46	2.621402861	0.0	0.0
31.48	2.663328444	0.0	0.0
31.5	2.700064271	0.0	0.0
31.52	2.731586501	0.0	0.0
31.54	2.757881226	0.0	0.0
31.56	2.77894441	0.0	0.0
31.58	2.794781819	0.0	0.0
31.6	2.805408921	0.0	0.0
31.62	2.810850782	0.0	0.0
31.64	2.811141932	0.0	0.0
31.66	2.806326222	0.0	0.0
31.68	2.796456662	0.0	0.0
31.7	2.781595242	0.0	0.0
31.72	2.761812738	0.0	0.0
31.74	2.737188503	0.0	0.0
31.76	2.70781024	0.0	0.0
31.78	2.67377377	0.0	0.0
31.8	2.635182776	0.0	0.0
31.82	2.592148538	0.0	0.0
31.84	2.544789659	0.0	0.0
31.86	2.493231776	0.0	0.0
31.88	2.437607259	0.0	0.0
31.9	2.3780549	0.0	0.0
31.92	2.314719599	0.0	0.0
31.94	2.247752032	0.0	0.0
31.96	2.177308313	0.0	0.0
31.98	2.103549653	0.0	0.0
32	2.02664201	0.0	0.0
32.02	1.946755729	0.0	0.0
32.04	1.864065181	0.0	0.0
32.06	1.778748399	0.0	0.0
32.08	1.690986707	0.0	0.0
32.1	1.600964343	0.0	0.0
32.12	1.50886809	0.0	0.0
32.14	1.414886893	0.0	0.0
32.16	1.319211486	0.0	0.0
32.18	1.222034011	0.0	0.0
32.2	1.123547643	0.0	0.0
32.22	1.023946215	0.0	0.0
32.24	0.923423841	0.0	0.0
32.26	0.822174552	0.0	0.0
32.28	0.720391923	0.0	0.0
32.3	0.618268713	0.0	0.0
32.32	0.515996508	0.0	0.0
32.34	0.413765367	0.0	0.0
32.36	0.311763478	0.0	0.0
32.38	0.210176817	0.0	0.0
32.4	0.109188819	0.0	0.0
32.42	0.008980052	0.0	0.0
32.44	-0.090272097	0.0	0.0
32.46	-0.188393731	0.0	0.0
32.48	-0.285214734	0.0	0.0
32.5	-0.380569061	0.0	0.0
32.52	-0.474295014	0.0	0.0
32.54	-0.566235506	0.0	0.0
32.56	-0.656238312	0.0	0.0
32.58	-0.744156318	0.0	0.0
32.6	-0.829847742	0.0	0.0
32.62	-0.913176355	0.0	0.0
32.64	-0.994011688	0.0	0.0
32.66	-1.072229219	0.0	0.0
32.68	-1.147710551	0.0	0.0
32.7	-1.22034358	0.0	0.0
32.72	-1.290022645	0.0	0.0
32.74	-1.356648661	0.0	0.0
32.76	-1.420129247	0.0	0.0
32.78	-1.480378832	0.0	0.0
32.8	-1.53731875	0.0	0.0
32.82	-1.590877323	0.0	0.0
32.84	-1.640989923	0.0	0.0
32.86	-1.687599028	0.0	0.0
32.88	-1.730654256	0.0	0.0
32.9	-1.770112393	0.0	0.0
32.92	-1.805937401	0.0	0.0
32.94	-1.838100413	0.0	0.0
32.96	-1.866579714	0.0	0.0
32.98	-1.891360714	0.0	0.0
33	-1.912435898	0.0	0.0
33.02	-1.929804773	0.0	0.0
33.04	-1.943473793	0.0	0.0
33.06	-1.953456277	0.0	0.0
33.08	-1.959772312	0.0	0.0
33.1	-1.962448649	0.0	0.0
33.12	-1.961518577	0.0	0.0
33.14	-1.957021798	0.0	0.0
33.16	-1.949004281	0.0	0.0
33.18	-1.937518111	0.0	0.0
33.2	-1.922621327	0.0	0.0
33.22	-1.904377748	0.0	0.0
33.24	-1.88285679	0.0	0.0
33.26	-1.858133279	0.0	0.0
33.28	-1.830287249	0.0	0.0
33.3	-1.799403736	0.0	0.0
33.32	-1.765572562	0.0	0.0
33.34	-1.728888115	0.0	0.0
33.36	-1.689449122	0.0	0.0
33.38	-1.647358411	0.0	0.0
33.4	-1.602722677	0.0	0.0
33.42	-1.555652234	0.0	0.0
33.44	-1.506260767	0.0	0.0
33.46	-1.454665082	0.0	0.0
33.48	-1.400984848	0.0	0.0
33.5	-1.345342337	0.0	0.0
33.52	-1.287862169	0.0	0.0
33.54	-1.228671042	0.0	0.0
33.56	-1.167897476	0.0	0.0
33.58	-1.105671542	0.0	0.0
33.6	-1.042124604	0.0	0.0
33.62	-0.977389049	0.0	0.0
33.64	-0.911598028	0.0	0.0
33.66	-0.844885194	0.0	0.0
33.68	-0.777384439	0.0	0.0
33.7	-0.709229642	0.0	0.0
33.72	-0.64055441	0.0	0.0
33.74	-0.571491828	0.0	0.0
33.76	-0.502174213	0.0	0.0
33.78	-0.43273287	0.0	0.0
33.8	-0.363297853	0.0	0.0
33.82	-0.293997732	0.0	0.0
33.84	-0.224959367	0.0	0.0
33.86	-0.156307681	0.0	0.0
33.88	-0.088165449	0.0	0.0
33.9	-0.020653086	0.0	0.0
33.92	0.046111553	0.0	0.0
33.94	0.112013372	0.0	0.0
33.96	0.176940216	0.0	0.0
33.98	0.240783058	0.0	0.0
34	0.303436164	0.0	0.0
34.02	0.364797261	0.0	0.0
34.04	0.424767689	0.0	0.0
34.06	0.48325255	0.0	0.0
34.08	0.540160842	0.0	0.0
34.1	0.595405589	0.0	0.0
34.12	0.648903962	0.0	0.0
34.14	0.700577383	0.0	0.0
34.16	0.750351629	0.0	0.0
34.18	0.798156924	0.0	0.0
34.2	0.843928016	0.0	0.0
34.22	0.887604248	0.0	0.0
34.24	0.929129624	0.0	0.0
34.26	0.968452856	0.0	0.0
34.28	1.00552741	0.0	0.0
34.3	1.040311535	0.0	0.0
34.32	1.072768288	0.0	0.0
34.34	1.102865545	0.0	0.0
34.36	1.130576008	0.0	0.0
34.38	1.155877197	0.0	0.0
34.4	1.178751436	0.0	0.0
34.42	1.199185828	0.0	0.0
34.44	1.217172224	0.0	0.0
34.46	1.23270718	0.0	0.0
34.48	1.245791908	0.0	0.0
34.5	1.256432214	0.0	0.0
34.52	1.264638437	0.0	0.0
34.54	1.270425369	0.0	0.0
34.56	1.273812175	0.0	0.0
34.58	1.274822303	0.0	0.0
34.6	1.273483385	0.0	0.0
34.62	1.269827137	0.0	0.0
34.64	1.263889244	0.0	0.0
34.66	1.255709246	0.0	0.0
34.68	1.245330414	0.0	0.0
34.7	1.232799621	0.0	0.0
34.72	1.218167209	0.0	0.0
34.74	1.20148685	0.0	0.0
34.76	1.182815399	0.0	0.0
34.78	1.162212752	0.0	0.0
34.8	1.139741686	0.0	0.0
34.82	1.115467712	0.0	0.0
34.84	1.089458906	0.0	0.0
34.86	1.061785755	0.0	0.0
34.88	1.032520989	0.0	0.0
34.9	1.001739411	0.0	0.0
34.92	0.969517733	0.0	0.0
34.94	0.935934404	0.0	0.0
34.96	0.901069433	0.0	0.0
34.98	0.865004226	0.0	0.0
35	0.827821402	0.0	0.0
35.02	0.78960463	0.0	0.0
35.04	0.750438447	0.0	0.0
35.06	0.71040809	0.0	0.0
35.08	0.669599325	0.0	0.0
35.1	0.628098273	0.0	0.0
35.12	0.585991243	0.0	0.0
35.14	0.543364564	0.0	0.0
35.16	0.500304419	0.0	0.0
35.18	0.456896686	0.0	0.0
35.2	0.413226771	0.0	0.0
35.22	0.369379458	0.0	0.0
35.24	0.325438751	0.0	0.0
35.26	0.281487722	0.0	0.0
35.28	0.237608371	0.0	0.0
35.3	0.193881476	0.0	0.0
35.32	0.150386458	0.0	0.0
35.34	0.107201247	0.0	0.0
35.36	0.064402154	0.0	0.0
35.38	0.022063742	0.0	0.0
35.4	-0.019741289	0.0	0.0
35.42	-0.060942219	0.0	0.0
35.44	-0.101470416	0.0	0.0
35.46	-0.141259438	0.0	0.0
35.48	-0.180245134	0.0	0.0
35.5	-0.218365734	0.0	0.0
35.52	-0.255561937	0.0	0.0
35.54	-0.291776989	0.0	0.0
35.56	-0.326956758	0.0	0.0
35.58	-0.361049804	0.0	0.0
35.6	-0.39400744	0.0	0.0
35.62	-0.425783787	0.0	0.0
35.64	-0.456335826	0.0	0.0
35.66	-0.48562344	0.0	0.0
35.68	-0.51360945	0.0	0.0
35.7	-0.54025965	0.0	0.0
35.72	-0.56554283	0.0	0.0
35.74	-0.589430791	0.0	0.0
35.76	-0.611898366	0.0	0.0
35.78	-0.632923418	0.0	0.0
35.8	-0.652486848	0.0	0.0
35.82	-0.670572582	0.0	0.0
35.84	-0.687167569	0.0	0.0
35.86	-0.702261757	0.0	0.0
35.88	-0.715848074	0.0	0.0
35.9	-0.727922399	0.0	0.0
35.92	-0.738483531	0.0	0.0
35.94	-0.747533146	0.0	0.0
35.96	-0.75507576	0.0	0.0
35.98	-0.761118675	0.0	0.0
36	-0.765671929	0.0	0.0
36.02	-0.768748238	0.0	0.0
36.04	-0.770362933	0.0	0.0
36.06	-0.770533894	0.0	0.0
36.08	-0.769281483	0.0	0.0
36.1	-0.766628463	0.0	0.0
36.12	-0.762599926	0.0	0.0
36.14	-0.757223212	0.0	0.0
36.16	-0.75052782	0.0	0.0
36.18	-0.742545325	0.0	0.0
36.2	-0.733309286	0.0	0.0
36.22	-0.722855155	0.0	0.0
36.24	-0.711220177	0.0	0.0
36.26	-0.698443299	0.0	0.0
36.28	-0.684565068	0.0	0.0
36.3	-0.66962753	0.0	0.0
36.32	-0.653674127	0.0	0.0
36.34	-0.636749596	0.0	0.0
36.36	-0.618899861	0.0	0.0
36.38	-0.600171931	0.0	0.0
36.4	-0.580613791	0.0	0.0
36.42	-0.560274299	0.0	0.0
36.44	-0.539203076	0.0	0.0
36.46	-0.517450401	0.0	0.0
36.48	-0.495067106	0.0	0.0
36.5	-0.472104468	0.0	0.0
36.52	-0.448614106	0.0	0.0
36.54	-0.424647877	0.0	0.0
36.56	-0.400257769	0.0	0.0
36.58	-0.375495804	0.0	0.0
36.6	-0.350413936	0.0	0.0
36.62	-0.325063949	0.0	0.0
36.64	-0.299497366	0.0	0.0
36.66	-0.273765349	0.0	0.0
36.68	-0.247918607	0.0	0.0
36.7	-0.222007307	0.0	0.0
36.72	-0.196080983	0.0	0.0
36.74	-0.170188454	0.0	0.0
36.76	-0.144377735	0.0	0.0
36.78	-0.118695964	0.0	0.0
36.8	-0.093189318	0.0	0.0
36.82	-0.067902943	0.0	0.0
36.84	-0.042880881	0.0	0.0
36.86	-0.018166	0.0	0.0
36.88	0.006200067	0.0	0.0
36.9	0.030176984	0.0	0.0
36.92	0.053725774	0.0	0.0
36.94	0.076808867	0.0	0.0
36.96	0.099390156	0.0	0.0
36.98	0.121435044	0.0	0.0
37	0.142910483	0.0	0.0
37.02	0.163785018	0.0	0.0
37.04	0.184028823	0.0	0.0
37.06	0.20361373	0.0	0.0
37.08	0.222513264	0.0	0.0
37.1	0.24070266	0.0	0.0
37.12	0.258158892	0.0	0.0
37.14	0.274860683	0.0	0.0
37.16	0.290788527	0.0	0.0
37.18	0.305924691	0.0	0.0
37.2	0.320253228	0.0	0.0
37.22	0.333759976	0.0	0.0
37.24	0.346432561	0.0	0.0
37.26	0.358260389	0.0	0.0
37.28	0.36923464	0.0	0.0
37.3	0.37934826	0.0	0.0
37.32	0.388595942	0.0	0.0
37.34	0.396974114	0.0	0.0
37.36	0.404480914	0.0	0.0
37.38	0.411116168	0.0	0.0
37.4	0.416881368	0.0	0.0
37.42	0.421779634	0.0	0.0
37.44	0.425815692	0.0	0.0
37.46	0.428995831	0.0	0.0
37.48	0.431327871	0.0	0.0
37.5	0.432821125	0.0	0.0
37.52	0.43348635	0.0	0.0
37.54	0.43333571	0.0	0.0
37.56	0.432382729	0.0	0.0
37.58	0.430642239	0.0	0.0
37.6	0.428130335	0.0	0.0
37.62	0.424864323	0.0	0.0
37.64	0.420862663	0.0	0.0
37.66	0.416144921	0.0	0.0
37.68	0.410731709	0.0	0.0
37.7	0.404644627	0.0	0.0
37.72	0.397906213	0.0	0.0
37.74	0.390539873	0.0	0.0
37.76	0.382569834	0.0	0.0
37.78	0.374021072	0.0	0.0
37.8	0.36491926	0.0	0.0
37.82	0.355290704	0.0	0.0
37.84	0.345162282	0.0	0.0
37.86	0.334561382	0.0	0.0
37.88	0.323515843	0.0	0.0
37.9	0.312053889	0.0	0.0
37.92	0.300204074	0.0	0.0
37.94	0.287995219	0.0	0.0
37.96	0.27545635	0.0	0.0
37.98	0.262616641	0.0	0.0
38	0.249505354	0.0	0.0
38.02	0.236151781	0.0	0.0
38.04	0.222585187	0.0	0.0
38.06	0.208834755	0.0	0.0
38.08	0.194929527	0.0	0.0
38.1	0.180898357	0.0	0.0
38.12	0.166769852	0.0	0.0
38.14	0.152572322	0.0	0.0
38.16	0.138333733	0.0	0.0
38.18	0.124081657	0.0	0.0
38.2	0.109843225	0.0	0.0
38.22	0.095645081	0.0	0.0
38.24	0.081513341	0.0	0.0
38.26	0.06747355	0.0	0.0
38.28	0.053550642	0.0	0.0
38.3	0.039768902	0.0	0.0
38.32	0.02615193	0.0	0.0
38.34	0.012722609	0.0	0.0
38.36	-0.00049693	0.0	0.0
38.38	-0.013485338	0.0	0.0
38.4	-0.026222073	0.0	0.0
38.42	-0.038687428	0.0	0.0
38.44	-0.050862558	0.0	0.0
38.46	-0.062729494	0.0	0.0
38.48	-0.07427117	0.0	0.0
38.5	-0.085471439	0.0	0.0
38.52	-0.096315084	0.0	0.0
38.54	-0.10678784	0.0	0.0
38.56	-0.116876394	0.0	0.0
38.58	-0.126568406	0.0	0.0
38.6	-0.135852508	0.0	0.0
38.62	-0.144718311	0.0	0.0
38.64	-0.153156411	0.0	0.0
38.66	-0.161158387	0.0	0.0
38.68	-0.168716802	0.0	0.0
38.7	-0.175825198	0.0	0.0
38.72	-0.182478094	0.0	0.0
38.74	-0.18867098	0.0	0.0
38.76	-0.194400304	0.0	0.0
38.78	-0.199663469	0.0	0.0
38.8	-0.204458814	0.0	0.0
38.82	-0.208785609	0.0	0.0
38.84	-0.212644031	0.0	0.0
38.86	-0.216035155	0.0	0.0
38.88	-0.218960931	0.0	0.0
38.9	-0.221424169	0.0	0.0
38.92	-0.223428515	0.0	0.0
38.94	-0.224978431	0.0	0.0
38.96	-0.226079171	0.0	0.0
38.98	-0.226736755	0.0	0.0
39	-0.226957948	0.0	0.0
39.02	-0.226750231	0.0	0.0
39.04	-0.226121772	0.0	0.0
39.06	-0.225081401	0.0	0.0
39.08	-0.223638578	0.0	0.0
39.1	-0.221803367	0.0	0.0
39.12	-0.219586403	0.0	0.0
39.14	-0.216998859	0.0	0.0
39.16	-0.21405242	0.0	0.0
39.18	-0.210759247	0.0	0.0
39.2	-0.207131946	0.0	0.0
39.22	-0.203183536	0.0	0.0
39.24	-0.198927413	0.0	0.0
39.26	-0.194377322	0.0	0.0
39.28	-0.189547322	0.0	0.0
39.3	-0.18445175	0.0	0.0
39.32	-0.179105192	0.0	0.0
39.34	-0.173522448	0.0	0.0
39.36	-0.167718501	0.0	0.0
39.38	-0.161708482	0.0	0.0
39.4	-0.155507639	0.0	0.0
39.42	-0.149131306	0.0	0.0
39.44	-0.142594872	0.0	0.0
39.46	-0.135913746	0.0	0.0
39.48	-0.129103331	0.0	0.0
39.5	-0.122178994	0.0	0.0
39.52	-0.115156034	0.0	0.0
39.54	-0.108049653	0.0	0.0
39.56	-0.100874934	0.0	0.0
39.58	-0.093646807	0.0	0.0
39.6	-0.086380025	0.0	0.0
39.62	-0.079089141	0.0	0.0
39.64	-0.071788481	0.0	0.0
39.66	-0.06449212	0.0	0.0
39.68	-0.05721386	0.0	0.0
39.7	-0.049967209	0.0	0.0
39.72	-0.042765358	0.0	0.0
39.74	-0.035621165	0.0	0.0
39.76	-0.02854713	0.0	0.0
39.78	-0.021555385	0.0	0.0
39.8	-0.01465767	0.0	0.0
39.82	-0.007865323	0.0	0.0
39.84	-0.001189262	0.0	0.0
39.86	0.005360026	0.0	0.0
39.88	0.011772498	0.0	0.0
39.9	0.01803857	0.0	0.0
39.92	0.024149119	0.0	0.0
39.94	0.030095499	0.0	0.0
39.96	0.035869547	0.0	0.0
39.98	0.041463589	0.0	0.0
40	0.046870443	0.0	0.0
40.02	0.052083431	0.0	0.0
40.04	0.057096373	0.0	0.0
40.06	0.0619036	0.0	0.0
40.08	0.066499945	0.0	0.0
40.1	0.070880749	0.0	0.0
40.12	0.075041862	0.0	0.0
40.14	0.078979636	0.0	0.0
40.16	0.082690926	0.0	0.0
40.18	0.086173087	0.0	0.0
40.2	0.089423966	0.0	0.0
40.22	0.0924419	0.0	0.0
40.24	0.095225709	0.0	0.0
40.26	0.097774688	0.0	0.0
40.28	0.1000886	0.0	0.0
40.3	0.102167666	0.0	0.0
40.32	0.104012558	0.0	0.0
40.34	0.105624387	0.0	0.0
40.36	0.107004693	0.0	0.0
40.38	0.108155433	0.0	0.0
40.4	0.10907897	0.0	0.0
40.42	0.109778059	0.0	0.0
40.44	0.110255836	0.0	0.0
40.46	0.110515801	0.0	0.0
40.48	0.110561809	0.0	0.0
40.5	0.11039805	0.0	0.0
40.52	0.110029039	0.0	0.0
40.54	0.109459595	0.0	0.0
40.56	0.108694832	0.0	0.0
40.58	0.10774014	0.0	0.0
40.6	0.106601167	0.0	0.0
40.62	0.105283807	0.0	0.0
40.64	0.103794181	0.0	0.0
40.66	0.10213862	0.0	0.0
40.68	0.10032365	0.0	0.0
40.7	0.098355974	0.0	0.0
40.72	0.096242457	0.0	0.0
40.74	0.093990108	0.0	0.0
40.76	0.091606063	0.0	0.0
40.78	0.089097569	0.0	0.0
40.8	0.086471969	0.0	0.0
40.82	0.083736683	0.0	0.0
40.84	0.080899192	0.0	0.0
40.86	0.077967027	0.0	0.0
40.88	0.074947746	0.0	0.0
40.9	0.071848924	0.0	0.0
40.92	0.068678134	0.0	0.0
40.94	0.065442937	0.0	0.0
40.96	0.06215086	0.0	0.0
40.98	0.058809392	0.0	0.0
41	0.055425959	0.0	0.0
41.02	0.052007921	0.0	0.0
41.04	0.048562549	0.0	0.0
41.06	0.045097022	0.0	0.0
41.08	0.041618407	0.0	0.0
41.1	0.038133653	0.0	0.0
41.12	0.034649576	0.0	0.0
41.14	0.031172851	0.0	0.0
41.16	0.02771	0.0	0.0
41.18	0.024267382	0.0	0.0
41.2	0.020851186	0.0	0.0
41.22	0.017467422	0.0	0.0
41.24	0.014121909	0.0	0.0
41.26	0.010820273	0.0	0.0
41.28	0.007567936	0.0	0.0
41.3	0.004370113	0.0	0.0
41.32	0.001231801	0.0	0.0
41.34	-0.001842221	0.0	0.0
41.36	-0.004847401	0.0	0.0
41.38	-0.007779413	0.0	0.0
41.4	-0.010634169	0.0	0.0
41.42	-0.013407814	0.0	0.0
41.44	-0.016096732	0.0	0.0
41.46	-0.01869755	0.0	0.0
41.48	-0.021207137	0.0	0.0
41.5	-0.023622604	0.0	0.0
41.52	-0.025941309	0.0	0.0
41.54	-0.028160852	0.0	0.0
41.56	-0.03027908	0.0	0.0
41.58	-0.03229408	0.0	0.0
41.6	-0.034204183	0.0	0.0
41.62	-0.036007958	0.0	0.0
41.64	-0.037704213	0.0	0.0
41.66	-0.039291992	0.0	0.0
41.68	-0.040770567	0.0	0.0
41.7	-0.042139443	0.0	0.0
41.72	-0.043398346	0.0	0.0
41.74	-0.044547224	0.0	0.0
41.76	-0.045586242	0.0	0.0
41.78	-0.046515772	0.0	0.0
41.8	-0.047336396	0.0	0.0
41.82	-0.048048891	0.0	0.0
41.84	-0.048654233	0.0	0.0
41.86	-0.049153583	0.0	0.0
41.88	-0.049548284	0.0	0.0
41.9	-0.049839857	0.0	0.0
41.92	-0.050029987	0.0	0.0
41.94	-0.050120524	0.0	0.0
41.96	-0.050113471	0.0	0.0
41.98	-0.050010978	0.0	0.0
42	-0.049815335	0.0	0.0
42.02	-0.049528964	0.0	0.0
42.04	-0.04915441	0.0	0.0
42.06	-0.048694337	0.0	0.0
42.08	-0.048151516	0.0	0.0
42.1	-0.047528822	0.0	0.0
42.12	-0.046829218	0.0	0.0
42.14	-0.046055758	0.0	0.0
42.16	-0.045211569	0.0	0.0
42.18	-0.04429985	0.0	0.0
42.2	-0.04332386	0.0	0.0
42.22	-0.042286914	0.0	0.0
42.24	-0.041192371	0.0	0.0
42.26	-0.040043629	0.0	0.0
42.28	-0.038844118	0.0	0.0
42.3	-0.03759729	0.0	0.0
42.32	-0.036306615	0.0	0.0
42.34	-0.034975568	0.0	0.0
42.36	-0.03360763	0.0	0.0
42.38	-0.032206275	0.0	0.0
42.4	-0.030774965	0.0	0.0
42.42	-0.029317143	0.0	0.0
42.44	-0.027836228	0.0	0.0
42.46	-0.026335608	0.0	0.0
42.48	-0.024818634	0.0	0.0
42.5	-0.023288612	0.0	0.0
42.52	-0.021748801	0.0	0.0
42.54	-0.020202406	0.0	0.0
42.56	-0.018652573	0.0	0.0
42.58	-0.017102383	0.0	0.0
42.6	-0.01555485	0.0	0.0
42.62	-0.014012913	0.0	0.0
42.64	-0.012479434	0.0	0.0
42.66	-0.010957195	0.0	0.0
42.68	-0.009448892	0.0	0.0
42.7	-0.007957133	0.0	0.0
42.72	-0.006484434	0.0	0.0
42.74	-0.005033216	0.0	0.0
42.76	-0.003605803	0.0	0.0
42.78	-0.002204422	0.0	0.0
42.8	-0.000831194	0.0	0.0
42.82	0.00051186	0.0	0.0
42.84	0.001822828	0.0	0.0
42.86	0.003099902	0.0	0.0
42.88	0.004341382	0.0	0.0
42.9	0.005545678	0.0	0.0
42.92	0.00671131	0.0	0.0
42.94	0.007836907	0.0	0.0
42.96	0.008921207	0.0	0.0
42.98	0.00996306	0.0	0.0
43	0.010961426	0.0	0.0
43.02	0.011915374	0.0	0.0
43.04	0.012824081	0.0	0.0
43.06	0.013686834	0.0	0.0
43.08	0.014503025	0.0	0.0
43.1	0.015272152	0.0	0.0
43.12	0.015993818	0.0	0.0
43.14	0.016667728	0.0	0.0
43.16	0.017293689	0.0	0.0
43.18	0.017871604	0.0	0.0
43.2	0.018401477	0.0	0.0
43.22	0.018883404	0.0	0.0
43.24	0.019317572	0.0	0.0
43.26	0.019704261	0.0	0.0
43.28	0.020043834	0.0	0.0
43.3	0.020336743	0.0	0.0
43.32	0.020583517	0.0	0.0
43.34	0.020784766	0.0	0.0
43.36	0.020941175	0.0	0.0
43.38	0.0210535	0.0	0.0
43.4	0.021122568	0.0	0.0
43.42	0.021149271	0.0	0.0
43.44	0.021134563	0.0	0.0
43.46	0.021079458	0.0	0.0
43.48	0.020985025	0.0	0.0
43.5	0.020852386	0.0	0.0
43.52	0.020682711	0.0	0.0
43.54	0.020477215	0.0	0.0
43.56	0.020237156	0.0	0.0
43.58	0.019963831	0.0	0.0
43.6	0.01965857	0.0	0.0
43.62	0.019322734	0.0	0.0
43.64	0.018957715	0.0	0.0
43.66	0.018564926	0.0	0.0
43.68	0.018145802	0.0	0.0
43.7	0.017701798	0.0	0.0
43.72	0.01723438	0.0	0.0
43.74	0.016745027	0.0	0.0
43.76	0.016235226	0.0	0.0
43.78	0.015706468	0.0	0.0
43.8	0.015160245	0.0	0.0
43.82	0.01459805	0.0	0.0
43.84	0.014021368	0.0	0.0
43.86	0.013431681	0.0	0.0
43.88	0.012830457	0.0	0.0
43.9	0.012219154	0.0	0.0
43.92	0.011599214	0.0	0.0
43.94	0.01097206	0.0	0.0
43.96	0.010339097	0.0	0.0
43.98	0.009701705	0.0	0.0
44	0.009061241	0.0	0.0
44.02	0.008419035	0.0	0.0
44.04	0.007776385	0.0	0.0
44.06	0.007134564	0.0	0.0
44.08	0.006494806	0.0	0.0
44.1	0.005858316	0.0	0.0
44.12	0.00522626	0.0	0.0
44.14	0.004599767	0.0	0.0
44.16	0.003979928	0.0	0.0
44.18	0.003367794	0.0	0.0
44.2	0.002764375	0.0	0.0
44.22	0.002170639	0.0	0.0
44.24	0.00158751	0.0	0.0
44.26	0.001015868	0.0	0.0
44.28	0.000456551	0.0	0.0
44.3	-8.96507E-05	0.0	0.0
44.32	-0.000621991	0.0	0.0
44.34	-0.001139771	0.0	0.0
44.36	-0.001642337	0.0	0.0
44.38	-0.002129081	0.0	0.0
44.4	-0.002599443	0.0	0.0
44.42	-0.003052909	0.0	0.0
44.44	-0.003489011	0.0	0.0
44.46	-0.003907328	0.0	0.0
44.48	-0.004307483	0.0	0.0
44.5	-0.004689146	0.0	0.0
44.52	-0.005052032	0.0	0.0
44.54	-0.0053959	0.0	0.0
44.56	-0.005720553	0.0	0.0
44.58	-0.006025837	0.0	0.0
44.6	-0.00631164	0.0	0.0
44.62	-0.006577892	0.0	0.0
44.64	-0.006824564	0.0	0.0
44.66	-0.007051666	0.0	0.0
44.68	-0.007259247	0.0	0.0
44.7	-0.007447394	0.0	0.0
44.72	-0.00761623	0.0	0.0
44.74	-0.007765912	0.0	0.0
44.76	-0.007896634	0.0	0.0
44.78	-0.008008621	0.0	0.0
44.8	-0.00810213	0.0	0.0
44.82	-0.008177449	0.0	0.0
44.84	-0.008234893	0.0	0.0
44.86	-0.008274806	0.0	0.0
44.88	-0.008297559	0.0	0.0
44.9	-0.008303545	0.0	0.0
44.92	-0.008293185	0.0	0.0
44.94	-0.008266916	0.0	0.0
44.96	-0.008225201	0.0	0.0
44.98	-0.008168519	0.0	0.0
45	-0.008097366	0.0	0.0
45.02	-0.008012256	0.0	0.0
45.04	-0.007913717	0.0	0.0
45.06	-0.007802291	0.0	0.0
45.08	-0.007678531	0.0	0.0
45.1	-0.007542999	0.0	0.0
45.12	-0.007396269	0.0	0.0
45.14	-0.00723892	0.0	0.0
45.16	-0.00707154	0.0	0.0
45.18	-0.006894719	0.0	0.0
45.2	-0.006709052	0.0	0.0
45.22	-0.006515136	0.0	0.0
45.24	-0.006313569	0.0	0.0
45.26	-0.00610495	0.0	0.0
45.28	-0.005889876	0.0	0.0
45.3	-0.005668939	0.0	0.0
45.32	-0.00544273	0.0	0.0
45.34	-0.005211835	0.0	0.0
45.36	-0.004976834	0.0	0.0
45.38	-0.004738298	0.0	0.0
45.4	-0.004496794	0.0	0.0
45.42	-0.004252876	0.0	0.0
45.44	-0.004007092	0.0	0.0
45.46	-0.003759977	0.0	0.0
45.48	-0.003512056	0.0	0.0
45.5	-0.00326384	0.0	0.0
45.52	-0.00301583	0.0	0.0
45.54	-0.002768512	0.0	0.0
45.56	-0.002522356	0.0	0.0
45.58	-0.00227782	0.0	0.0
45.6	-0.002035346	0.0	0.0
45.62	-0.00179536	0.0	0.0
45.64	-0.001558272	0.0	0.0
45.66	-0.001324475	0.0	0.0
45.68	-0.001094344	0.0	0.0
45.7	-0.000868239	0.0	0.0
45.72	-0.000646501	0.0	0.0
45.74	-0.000429454	0.0	0.0
45.76	-0.000217402	0.0	0.0
45.78	-1.06342E-05	0.0	0.0
45.8	0.000190582	0.0	0.0
45.82	0.000385994	0.0	0.0
45.84	0.000575371	0.0	0.0
45.86	0.000758498	0.0	0.0
45.88	0.00093518	0.0	0.0
45.9	0.001105238	0.0	0.0
45.92	0.001268513	0.0	0.0
45.94	0.001424863	0.0	0.0
45.96	0.001574164	0.0	0.0
45.98	0.00171631	0.0	0.0
46	0.001851211	0.0	0.0
46.02	0.001978795	0.0	0.0
46.04	0.002099007	0.0	0.0
46.06	0.002211805	0.0	0.0
46.08	0.002317169	0.0	0.0
46.1	0.002415089	0.0	0.0
46.12	0.002505572	0.0	0.0
46.14	0.002588642	0.0	0.0
46.16	0.002664334	0.0	0.0
46.18	0.002732699	0.0	0.0
46.2	0.0027938	0.0	0.0
46.22	0.002847714	0.0	0.0
46.24	0.002894531	0.0	0.0
46.26	0.00293435	0.0	0.0
46.28	0.002967284	0.0	0.0
46.3	0.002993455	0.0	0.0
46.32	0.003012999	0.0	0.0
46.34	0.003026056	0.0	0.0
46.36	0.00303278	0.0	0.0
46.38	0.003033331	0.0	0.0
46.4	0.003027879	0.0	0.0
46.42	0.003016599	0.0	0.0
46.44	0.002999674	0.0	0.0
46.46	0.002977294	0.0	0.0
46.48	0.002949656	0.0	0.0
46.5	0.002916958	0.0	0.0
46.52	0.002879407	0.0	0.0
46.54	0.002837213	0.0	0.0
46.56	0.002790587	0.0	0.0
46.58	0.002739747	0.0	0.0
46.6	0.00268491	0.0	0.0
46.62	0.002626299	0.0	0.0
46.64	0.002564134	0.0	0.0
46.66	0.00249864	0.0	0.0
46.68	0.00243004	0.0	0.0
46.7	0.002358558	0.0	0.0
46.72	0.002284418	0.0	0.0
46.74	0.002207841	0.0	0.0
46.76	0.00212905	0.0	0.0
46.78	0.002048265	0.0	0.0
46.8	0.001965702	0.0	0.0
46.82	0.001881578	0.0	0.0
46.84	0.001796104	0.0	0.0
46.86	0.00170949	0.0	0.0
46.88	0.001621941	0.0	0.0
46.9	0.001533658	0.0	0.0
46.92	0.00144484	0.0	0.0
46.94	0.00135568	0.0	0.0
46.96	0.001266366	0.0	0.0
46.98	0.001177081	0.0	0.0
47	0.001088003	0.0	0.0
47.02	0.000999306	0.0	0.0
47.04	0.000911157	0.0	0.0
47.06	0.000823716	0.0	0.0
47.08	0.000737139	0.0	0.0
47.1	0.000651576	0.0	0.0
47.12	0.000567169	0.0	0.0
47.14	0.000484054	0.0	0.0
47.16	0.000402362	0.0	0.0
47.18	0.000322217	0.0	0.0
47.2	0.000243735	0.0	0.0
47.22	0.000167025	0.0	0.0
47.24	9.21929E-05	0.0	0.0
47.26	1.93338E-05	0.0	0.0
47.28	-5.14621E-05	0.0	0.0
47.3	-0.000120112	0.0	0.0
47.32	-0.000186538	0.0	0.0
47.34	-0.000250673	0.0	0.0
47.36	-0.000312451	0.0	0.0
47.38	-0.000371817	0.0	0.0
47.4	-0.000428722	0.0	0.0
47.42	-0.00048312	0.0	0.0
47.44	-0.000534976	0.0	0.0
47.46	-0.000584258	0.0	0.0
47.48	-0.000630942	0.0	0.0
47.5	-0.000675008	0.0	0.0
47.52	-0.000716443	0.0	0.0
47.54	-0.000755241	0.0	0.0
47.56	-0.0007914	0.0	0.0
47.58	-0.000824923	0.0	0.0
47.6	-0.000855819	0.0	0.0
47.62	-0.000884103	0.0	0.0
47.64	-0.000909793	0.0	0.0
47.66	-0.000932914	0.0	0.0
47.68	-0.000953493	0.0	0.0
47.7	-0.000971564	0.0	0.0
47.72	-0.000987162	0.0	0.0
47.74	-0.00100033	0.0	0.0
47.76	-0.00101111	0.0	0.0
47.78	-0.001019553	0.0	0.0
47.8	-0.001025708	0.0	0.0
47.82	-0.001029631	0.0	0.0
47.84	-0.001031379	0.0	0.0
47.86	-0.001031013	0.0	0.0
47.88	-0.001028595	0.0	0.0
47.9	-0.001024192	0.0	0.0
47.92	-0.001017869	0.0	0.0
47.94	-0.001009697	0.0	0.0
47.96	-0.000999747	0.0	0.0
47.98	-0.000988091	0.0	0.0
48	-0.000974804	0.0	0.0
48.02	-0.00095996	0.0	0.0
48.04	-0.000943636	0.0	0.0
48.06	-0.000925908	0.0	0.0
48.08	-0.000906854	0.0	0.0
48.1	-0.000886552	0.0	0.0
48.12	-0.000865081	0.0	0.0
48.14	-0.000842518	0.0	0.0
48.16	-0.000818942	0.0	0.0
48.18	-0.00079443	0.0	0.0
48.2	-0.00076906	0.0	0.0
48.22	-0.00074291	0.0	0.0
48.24	-0.000716055	0.0	0.0
48.26	-0.000688571	0.0	0.0
48.28	-0.000660532	0.0	0.0
48.3	-0.000632013	0.0	0.0
48.32	-0.000603084	0.0	0.0
48.34	-0.000573818	0.0	0.0
48.36	-0.000544284	0.0	0.0
48.38	-0.000514549	0.0	0.0
48.4	-0.000484681	0.0	0.0
48.42	-0.000454743	0.0	0.0
48.44	-0.000424799	0.0	0.0
48.46	-0.000394909	0.0	0.0
48.48	-0.000365134	0.0	0.0
48.5	-0.000335528	0.0	0.0
48.52	-0.000306149	0.0	0.0
48.54	-0.000277048	0.0	0.0
48.56	-0.000248277	0.0	0.0
48.58	-0.000219883	0.0	0.0
48.6	-0.000191914	0.0	0.0
48.62	-0.000164412	0.0	0.0
48.64	-0.000137421	0.0	0.0
48.66	-0.000110979	0.0	0.0
48.68	-8.51229E-05	0.0	0.0
48.7	-5.98881E-05	0.0	0.0
48.72	-3.5307E-05	0.0	0.0
48.74	-1.14095E-05	0.0	0.0
48.76	1.17766E-05	0.0	0.0
48.78	3.42257E-05	0.0	0.0
48.8	5.59147E-05	0.0	0.0
48.82	7.68226E-05	0.0	0.0
48.84	9.69307E-05	0.0	0.0
48.86	0.000116223	0.0	0.0
48.88	0.000134684	0.0	0.0
48.9	0.000152303	0.0	0.0
48.92	0.000169069	0.0	0.0
48.94	0.000184974	0.0	0.0
48.96	0.000200013	0.0	0.0
48.98	0.000214182	0.0	0.0
49	0.000227477	0.0	0.0
49.02	0.0002399	0.0	0.0
49.04	0.000251451	0.0	0.0
49.06	0.000262135	0.0	0.0
49.08	0.000271956	0.0	0.0
49.1	0.00028092	0.0	0.0
49.12	0.000289036	0.0	0.0
49.14	0.000296314	0.0	0.0
49.16	0.000302765	0.0	0.0
49.18	0.000308401	0.0	0.0
49.2	0.000313237	0.0	0.0
49.22	0.000317286	0.0	0.0
49.24	0.000320566	0.0	0.0
49.26	0.000323093	0.0	0.0
49.28	0.000324887	0.0	0.0
49.3	0.000325965	0.0	0.0
49.32	0.000326349	0.0	0.0
49.34	0.000326059	0.0	0.0
49.36	0.000325117	0.0	0.0
49.38	0.000323545	0.0	0.0
49.4	0.000321366	0.0	0.0
49.42	0.000318604	0.0	0.0
49.44	0.000315283	0.0	0.0
49.46	0.000311426	0.0	0.0
49.48	0.00030706	0.0	0.0
49.5	0.000302208	0.0	0.0
49.52	0.000296896	0.0	0.0
49.54	0.00029115	0.0	0.0
49.56	0.000284994	0.0	0.0
49.58	0.000278455	0.0	0.0
49.6	0.000271558	0.0	0.0
49.62	0.000264328	0.0	0.0
49.64	0.000256791	0.0	0.0
49.66	0.000248972	0.0	0.0
49.68	0.000240896	0.0	0.0
49.7	0.000232588	0.0	0.0
49.72	0.000224072	0.0	0.0
49.74	0.000215372	0.0	0.0
49.76	0.000206512	0.0	0.0
49.78	0.000197516	0.0	0.0
49.8	0.000188406	0.0	0.0
49.82	0.000179204	0.0	0.0
49.84	0.000169932	0.0	0.0
49.86	0.000160613	0.0	0.0
49.88	0.000151265	0.0	0.0
49.9	0.00014191	0.0	0.0
49.92	0.000132567	0.0	0.0
49.94	0.000123255	0.0	0.0
49.96	0.000113992	0.0	0.0
49.98	0.000104796	0.0	0.0
50	9.56824E-05	0.0	0.0
50.02	8.66685E-05	0.0	0.0
50.04	7.77695E-05	0.0	0.0
50.06	6.89999E-05	0.0	0.0
50.08	6.03737E-05	0.0	0.0
50.1	5.1904E-05	0.0	0.0
50.12	4.36033E-05	0.0	0.0
50.14	3.54831E-05	0.0	0.0
50.16	2.75545E-05	0.0	0.0
50.18	1.98275E-05	0.0	0.0
50.2	1.23117E-05	0.0	0.0
50.22	5.01564E-06	0.0	0.0
50.24	-2.05268E-06	0.0	0.0
50.26	-8.88606E-06	0.0	0.0
50.28	-1.5478E-05	0.0	0.0
50.3	-2.18228E-05	0.0	0.0
50.32	-2.79153E-05	0.0	0.0
50.34	-3.37511E-05	0.0	0.0
50.36	-3.93265E-05	0.0	0.0
50.38	-4.46386E-05	0.0	0.0
50.4	-4.96849E-05	0.0	0.0
50.42	-5.44636E-05	0.0	0.0
50.44	-5.89736E-05	0.0	0.0
50.46	-6.32143E-05	0.0	0.0
50.48	-6.71858E-05	0.0	0.0
50.5	-7.08887E-05	0.0	0.0
50.52	-7.43241E-05	0.0	0.0
50.54	-7.74936E-05	0.0	0.0
50.56	-8.03995E-05	0.0	0.0
50.58	-8.30443E-05	0.0	0.0
50.6	-8.54311E-05	0.0	0.0
50.62	-8.75636E-05	0.0	0.0
50.64	-8.94456E-05	0.0	0.0
50.66	-9.10815E-05	0.0	0.0
50.68	-9.24761E-05	0.0	0.0
50.7	-9.36343E-05	0.0	0.0
50.72	-9.45616E-05	0.0	0.0
50.74	-9.52636E-05	0.0	0.0
50.76	-9.57465E-05	0.0	0.0
50.78	-9.60164E-05	0.0	0.0
50.8	-9.60798E-05	0.0	0.0
50.82	-9.59434E-05	0.0	0.0
50.84	-9.56142E-05	0.0	0.0
50.86	-9.50992E-05	0.0	0.0
50.88	-9.44057E-05	0.0	0.0
50.9	-9.3541E-05	0.0	0.0
50.92	-9.25126E-05	0.0	0.0
50.94	-9.13282E-05	0.0	0.0
50.96	-8.99953E-05	0.0	0.0
50.98	-8.85217E-05	0.0	0.0
51	-8.69152E-05	0.0	0.0
51.02	-8.51836E-05	0.0	0.0
51.04	-8.33345E-05	0.0	0.0
51.06	-8.13758E-05	0.0	0.0
51.08	-7.93153E-05	0.0	0.0
51.1	-7.71606E-05	0.0	0.0
51.12	-7.49194E-05	0.0	0.0
51.14	-7.25992E-05	0.0	0.0
51.16	-7.02076E-05	0.0	0.0
51.18	-6.77519E-05	0.0	0.0
51.2	-6.52394E-05	0.0	0.0
51.22	-6.26772E-05	0.0	0.0
51.24	-6.00724E-05	0.0	0.0
51.26	-5.74317E-05	0.0	0.0
51.28	-5.4762E-05	0.0	0.0
51.3	-5.20698E-05	0.0	0.0
51.32	-4.93615E-05	0.0	0.0
51.34	-4.66432E-05	0.0	0.0
51.36	-4.39209E-05	0.0	0.0
51.38	-4.12005E-05	0.0	0.0
51.4	-3.84876E-05	0.0	0.0
51.42	-3.57877E-05	0.0	0.0
51.44	-3.31058E-05	0.0	0.0
51.46	-3.0447E-05	0.0	0.0
51.48	-2.78161E-05	0.0	0.0
51.5	-2.52176E-05	0.0	0.0
51.52	-2.26558E-05	0.0	0.0
51.54	-2.01349E-05	0.0	0.0
51.56	-1.76587E-05	0.0	0.0
51.58	-1.52308E-05	0.0	0.0
51.6	-1.28548E-05	0.0	0.0
51.62	-1.05338E-05	0.0	0.0
51.64	-8.27082E-06	0.0	0.0
51.66	-6.06854E-06	0.0	0.0
51.68	-3.92954E-06	0.0	0.0
51.7	-1.85612E-06	0.0	0.0
51.72	1.49619E-07	0.0	0.0
51.74	2.0858E-06	0.0	0.0
51.76	3.95076E-06	0.0	0.0
51.78	5.74302E-06	0.0	0.0
51.8	7.46134E-06	0.0	0.0
51.82	9.10466E-06	0.0	0.0
51.84	1.06721E-05	0.0	0.0
51.86	1.2163E-05	0.0	0.0
51.88	1.35769E-05	0.0	0.0
51.9	1.49134E-05	0.0	0.0
51.92	1.61725E-05	0.0	0.0
51.94	1.73541E-05	0.0	0.0
51.96	1.84585E-05	0.0	0.0
51.98	1.9486E-05	0.0	0.0
52	2.04371E-05	0.0	0.0
52.02	2.13125E-05	0.0	0.0
52.04	2.21129E-05	0.0	0.0
52.06	2.28393E-05	0.0	0.0
52.08	2.34927E-05	0.0	0.0
52.1	2.40743E-05	0.0	0.0
52.12	2.45853E-05	0.0	0.0
52.14	2.50272E-05	0.0	0.0
52.16	2.54014E-05	0.0	0.0
52.18	2.57095E-05	0.0	0.0
52.2	2.59531E-05	0.0	0.0
52.22	2.61341E-05	0.0	0.0
52.24	2.62541E-05	0.0	0.0
52.26	2.6315E-05	0.0	0.0
52.28	2.63189E-05	0.0	0.0
52.3	2.62677E-05	0.0	0.0
52.32	2.61634E-05	0.0	0.0
52.34	2.60081E-05	0.0	0.0
52.36	2.5804E-05	0.0	0.0
52.38	2.55531E-05	0.0	0.0
52.4	2.52577E-05	0.0	0.0
52.42	2.49199E-05	0.0	0.0
52.44	2.45419E-05	0.0	0.0
52.46	2.4126E-05	0.0	0.0
52.48	2.36744E-05	0.0	0.0
52.5	2.31892E-05	0.0	0.0
52.52	2.26728E-05	0.0	0.0
52.54	2.21272E-05	0.0	0.0
52.56	2.15547E-05	0.0	0.0
52.58	2.09574E-05	0.0	0.0
52.6	2.03375E-05	0.0	0.0
52.62	1.9697E-05	0.0	0.0
52.64	1.90381E-05	0.0	0.0
52.66	1.83628E-05	0.0	0.0
52.68	1.76732E-05	0.0	0.0
52.7	1.69711E-05	0.0	0.0
52.72	1.62585E-05	0.0	0.0
52.74	1.55373E-05	0.0	0.0
52.76	1.48094E-05	0.0	0.0
52.78	1.40764E-05	0.0	0.0
52.8	1.33402E-05	0.0	0.0
52.82	1.26024E-05	0.0	0.0
52.84	1.18646E-05	0.0	0.0
52.86	1.11284E-05	0.0	0.0
52.88	1.03954E-05	0.0	0.0
52.9	9.66682E-06	0.0	0.0
52.92	8.9442E-06	0.0	0.0
52.94	8.22882E-06	0.0	0.0
52.96	7.52194E-06	0.0	0.0
52.98	6.82476E-06	0.0	0.0
53	6.1384E-06	0.0	0.0
53.02	5.46393E-06	0.0	0.0
53.04	4.80236E-06	0.0	0.0
53.06	4.15463E-06	0.0	0.0
53.08	3.52161E-06	0.0	0.0
53.1	2.90412E-06	0.0	0.0
53.12	2.30292E-06	0.0	0.0
53.14	1.71868E-06	0.0	0.0
53.16	1.15205E-06	0.0	0.0
53.18	6.03585E-07	0.0	0.0
53.2	7.37983E-08	0.0	0.0
53.22	-4.36859E-07	0.0	0.0
53.24	-9.27992E-07	0.0	0.0
53.26	-1.39926E-06	0.0	0.0
53.28	-1.85039E-06	0.0	0.0
53.3	-2.28115E-06	0.0	0.0
53.32	-2.69135E-06	0.0	0.0
53.34	-3.08088E-06	0.0	0.0
53.36	-3.44965E-06	0.0	0.0
53.38	-3.79764E-06	0.0	0.0
53.4	-4.12485E-06	0.0	0.0
53.42	-4.43135E-06	0.0	0.0
53.44	-4.71725E-06	0.0	0.0
53.46	-4.98267E-06	0.0	0.0
53.48	-5.22781E-06	0.0	0.0
53.5	-5.45288E-06	0.0	0.0
53.52	-5.65813E-06	0.0	0.0
53.54	-5.84385E-06	0.0	0.0
53.56	-6.01037E-06	0.0	0.0
53.58	-6.15802E-06	0.0	0.0
53.6	-6.28719E-06	0.0	0.0
53.62	-6.39827E-06	0.0	0.0
53.64	-6.4917E-06	0.0	0.0
53.66	-6.56792E-06	0.0	0.0
53.68	-6.6274E-06	0.0	0.0
53.7	-6.67063E-06	0.0	0.0
53.72	-6.69811E-06	0.0	0.0
53.74	-6.71037E-06	0.0	0.0
53.76	-6.70794E-06	0.0	0.0
53.78	-6.69137E-06	0.0	0.0
53.8	-6.66122E-06	0.0	0.0
53.82	-6.61804E-06	0.0	0.0
53.84	-6.56242E-06	0.0	0.0
53.86	-6.49494E-06	0.0	0.0
53.88	-6.41617E-06	0.0	0.0
53.9	-6.32671E-06	0.0	0.0
53.92	-6.22714E-06	0.0	0.0
53.94	-6.11805E-06	0.0	0.0
53.96	-6.00003E-06	0.0	0.0
53.98	-5.87366E-06	0.0	0.0
54	-5.73952E-06	0.0	0.0
54.02	-5.59819E-06	0.0	0.0
54.04	-5.45024E-06	0.0	0.0
54.06	-5.29624E-06	0.0	0.0
54.08	-5.13674E-06	0.0	0.0
54.1	-4.97228E-06	0.0	0.0
54.12	-4.80341E-06	0.0	0.0
54.14	-4.63065E-06	0.0	0.0
54.16	-4.45452E-06	0.0	0.0
54.18	-4.27552E-06	0.0	0.0
54.2	-4.09415E-06	0.0	0.0
54.22	-3.91088E-06	0.0	0.0
54.24	-3.72618E-06	0.0	0.0
54.26	-3.5405E-06	0.0	0.0
54.28	-3.35428E-06	0.0	0.0
54.3	-3.16793E-06	0.0	0.0
54.32	-2.98187E-06	0.0	0.0
54.34	-2.79647E-06	0.0	0.0
54.36	-2.61212E-06	0.0	0.0
54.38	-2.42917E-06	0.0	0.0
54.4	-2.24797E-06	0.0	0.0
54.42	-2.06884E-06	0.0	0.0
54.44	-1.89208E-06	0.0	0.0
54.46	-1.71799E-06	0.0	0.0
54.48	-1.54684E-06	0.0	0.0
54.5	-1.37889E-06	0.0	0.0
54.52	-1.21438E-06	0.0	0.0
54.54	-1.05354E-06	0.0	0.0
54.56	-8.96572E-07	0.0	0.0
54.58	-7.43667E-07	0.0	0.0
54.6	-5.95004E-07	0.0	0.0
54.62	-4.50742E-07	0.0	0.0
54.64	-3.11025E-07	0.0	0.0
54.66	-1.75982E-07	0.0	0.0
54.68	-4.5728E-08	0.0	0.0
54.7	7.96388E-08	0.0	0.0
54.72	2.00033E-07	0.0	0.0
54.74	3.15385E-07	0.0	0.0
54.76	4.25636E-07	0.0	0.0
54.78	5.30743E-07	0.0	0.0
54.8	6.30675E-07	0.0	0.0
54.82	7.25413E-07	0.0	0.0
54.84	8.14952E-07	0.0	0.0
54.86	8.99295E-07	0.0	0.0
54.88	9.7846E-07	0.0	0.0
54.9	1.05247E-06	0.0	0.0
54.92	1.12137E-06	0.0	0.0
54.94	1.1852E-06	0.0	0.0
54.96	1.24402E-06	0.0	0.0
54.98	1.29789E-06	0.0	0.0
55	1.34689E-06	0.0	0.0
55.02	1.3911E-06	0.0	0.0
55.04	1.4306E-06	0.0	0.0
55.06	1.4655E-06	0.0	0.0
55.08	1.49589E-06	0.0	0.0
55.1	1.52188E-06	0.0	0.0
55.12	1.54358E-06	0.0	0.0
55.14	1.56112E-06	0.0	0.0
55.16	1.57461E-06	0.0	0.0
55.18	1.58418E-06	0.0	0.0
55.2	1.58997E-06	0.0	0.0
55.22	1.59211E-06	0.0	0.0
55.24	1.59073E-06	0.0	0.0
55.26	1.58597E-06	0.0	0.0
55.28	1.57798E-06	0.0	0.0
55.3	1.56689E-06	0.0	0.0
55.32	1.55286E-06	0.0	0.0
55.34	1.53602E-06	0.0	0.0
55.36	1.51653E-06	0.0	0.0
55.38	1.49452E-06	0.0	0.0
55.4	1.47014E-06	0.0	0.0
55.42	1.44355E-06	0.0	0.0
55.44	1.41488E-06	0.0	0.0
55.46	1.38427E-06	0.0	0.0
55.48	1.35188E-06	0.0	0.0
55.5	1.31783E-06	0.0	0.0
55.52	1.28227E-06	0.0	0.0
55.54	1.24534E-06	0.0	0.0
55.56	1.20716E-06	0.0	0.0
55.58	1.16788E-06	0.0	0.0
55.6	1.12762E-06	0.0	0.0
55.62	1.0865E-06	0.0	0.0
55.64	1.04465E-06	0.0	0.0
55.66	1.00219E-06	0.0	0.0
55.68	9.59236E-07	0.0	0.0
55.7	9.15903E-07	0.0	0.0
55.72	8.72298E-07	0.0	0.0
55.74	8.28528E-07	0.0	0.0
55.76	7.84695E-07	0.0	0.0
55.78	7.40897E-07	0.0	0.0
55.8	6.97229E-07	0.0	0.0
55.82	6.53781E-07	0.0	0.0
55.84	6.1064E-07	0.0	0.0
55.86	5.67887E-07	0.0	0.0
55.88	5.256E-07	0.0	0.0
55.9	4.83855E-07	0.0	0.0
55.92	4.4272E-07	0.0	0.0
55.94	4.02263E-07	0.0	0.0
55.96	3.62543E-07	0.0	0.0
55.98	3.2362E-07	0.0	0.0
56	2.85547E-07	0.0	0.0
56.02	2.48374E-07	0.0	0.0
56.04	2.12146E-07	0.0	0.0
56.06	1.76905E-07	0.0	0.0
56.08	1.42689E-07	0.0	0.0
56.1	1.09533E-07	0.0	0.0
56.12	7.74665E-08	0.0	0.0
56.14	4.65173E-08	0.0	0.0
56.16	1.67083E-08	0.0	0.0
56.18	-1.19404E-08	0.0	0.0
56.2	-3.94122E-08	0.0	0.0
56.22	-6.56939E-08	0.0	0.0
56.24	-9.07752E-08	0.0	0.0
56.26	-1.14649E-07	0.0	0.0
56.28	-1.37311E-07	0.0	0.0
56.3	-1.58761E-07	0.0	0.0
56.32	-1.78999E-07	0.0	0.0
56.34	-1.9803E-07	0.0	0.0
56.36	-2.1586E-07	0.0	0.0
56.38	-2.32498E-07	0.0	0.0
56.4	-2.47956E-07	0.0	0.0
56.42	-2.62246E-07	0.0	0.0
56.44	-2.75385E-07	0.0	0.0
56.46	-2.8739E-07	0.0	0.0
56.48	-2.9828E-07	0.0	0.0
56.5	-3.08076E-07	0.0	0.0
56.52	-3.168E-07	0.0	0.0
56.54	-3.24477E-07	0.0	0.0
56.56	-3.31132E-07	0.0	0.0
56.58	-3.36792E-07	0.0	0.0
56.6	-3.41483E-07	0.0	0.0
56.62	-3.45236E-07	0.0	0.0
56.64	-3.4808E-07	0.0	0.0
56.66	-3.50045E-07	0.0	0.0
56.68	-3.51163E-07	0.0	0.0
56.7	-3.51465E-07	0.0	0.0
56.72	-3.50984E-07	0.0	0.0
56.74	-3.49753E-07	0.0	0.0
56.76	-3.47805E-07	0.0	0.0
56.78	-3.45173E-07	0.0	0.0
56.8	-3.41892E-07	0.0	0.0
56.82	-3.37994E-07	0.0	0.0
56.84	-3.33514E-07	0.0	0.0
56.86	-3.28485E-07	0.0	0.0
56.88	-3.22941E-07	0.0	0.0
56.9	-3.16914E-07	0.0	0.0
56.92	-3.10439E-07	0.0	0.0
56.94	-3.03547E-07	0.0	0.0
56.96	-2.96272E-07	0.0	0.0
56.98	-2.88644E-07	0.0	0.0
57	-2.80695E-07	0.0	0.0
57.02	-2.72456E-07	0.0	0.0
57.04	-2.63957E-07	0.0	0.0
57.06	-2.55228E-07	0.0	0.0
57.08	-2.46297E-07	0.0	0.0
57.1	-2.37192E-07	0.0	0.0
57.12	-2.27941E-07	0.0	0.0
57.14	-2.1857E-07	0.0	0.0
57.16	-2.09106E-07	0.0	0.0
57.18	-1.99572E-07	0.0	0.0
57.2	-1.89993E-07	0.0	0.0
57.22	-1.80393E-07	0.0	0.0
57.24	-1.70792E-07	0.0	0.0
57.26	-1.61213E-07	0.0	0.0
57.28	-1.51676E-07	0.0	0.0
57.3	-1.42201E-07	0.0	0.0
57.32	-1.32806E-07	0.0	0.0
57.34	-1.23508E-07	0.0	0.0
57.36	-1.14324E-07	0.0	0.0
57.38	-1.05271E-07	0.0	0.0
57.4	-9.63617E-08	0.0	0.0
57.42	-8.76114E-08	0.0	0.0
57.44	-7.90324E-08	0.0	0.0
57.46	-7.0637E-08	0.0	0.0
57.48	-6.2436E-08	0.0	0.0
57.5	-5.44398E-08	0.0	0.0
57.52	-4.66575E-08	0.0	0.0
57.54	-3.90978E-08	0.0	0.0
57.56	-3.17681E-08	0.0	0.0
57.58	-2.46752E-08	0.0	0.0
57.6	-1.78251E-08	0.0	0.0
57.62	-1.1223E-08	0.0	0.0
57.64	-4.87314E-09	0.0	0.0
57.66	1.22074E-09	0.0	0.0
57.68	7.05574E-09	0.0	0.0
57.7	1.26297E-08	0.0	0.0
57.72	1.7941E-08	0.0	0.0
57.74	2.29888E-08	0.0	0.0
57.76	2.77729E-08	0.0	0.0
57.78	3.22937E-08	0.0	0.0
57.8	3.6552E-08	0.0	0.0
57.82	4.05493E-08	0.0	0.0
57.84	4.42877E-08	0.0	0.0
57.86	4.77697E-08	0.0	0.0
57.88	5.09983E-08	0.0	0.0
57.9	5.39769E-08	0.0	0.0
57.92	5.67093E-08	0.0	0.0
57.94	5.91998E-08	0.0	0.0
57.96	6.1453E-08	0.0	0.0
57.98	6.34739E-08	0.0	0.0
58	6.52678E-08	0.0	0.0
58.02	6.68401E-08	0.0	0.0
58.04	6.81968E-08	0.0	0.0
58.06	6.93439E-08	0.0	0.0
58.08	7.02877E-08	0.0	0.0
58.1	7.10346E-08	0.0	0.0
58.12	7.15914E-08	0.0	0.0
58.14	7.19649E-08	0.0	0.0
58.16	7.21619E-08	0.0	0.0
58.18	7.21895E-08	0.0	0.0
58.2	7.20549E-08	0.0	0.0
58.22	7.17652E-08	0.0	0.0
58.24	7.13277E-08	0.0	0.0
58.26	7.07496E-08	0.0	0.0
58.28	7.00382E-08	0.0	0.0
58.3	6.92009E-08	0.0	0.0
58.32	6.82448E-08	0.0	0.0
58.34	6.71771E-08	0.0	0.0
58.36	6.6005E-08	0.0	0.0
58.38	6.47357E-08	0.0	0.0
58.4	6.33761E-08	0.0	0.0
58.42	6.19331E-08	0.0	0.0
58.44	6.04136E-08	0.0	0.0
58.46	5.88242E-08	0.0	0.0
58.48	5.71715E-08	0.0	0.0
58.5	5.5462E-08	0.0	0.0
58.52	5.37019E-08	0.0	0.0
58.54	5.18974E-08	0.0	0.0
58.56	5.00544E-08	0.0	0.0
58.58	4.81789E-08	0.0	0.0
58.6	4.62763E-08	0.0	0.0
58.62	4.43521E-08	0.0	0.0
58.64	4.24117E-08	0.0	0.0
58.66	4.04601E-08	0.0	0.0
58.68	3.85022E-08	0.0	0.0
58.7	3.65427E-08	0.0	0.0
58.72	3.4586E-08	0.0	0.0
58.74	3.26366E-08	0.0	0.0
58.76	3.06984E-08	0.0	0.0
58.78	2.87755E-08	0.0	0.0
58.8	2.68713E-08	0.0	0.0
58.82	2.49896E-08	0.0	0.0
58.84	2.31335E-08	0.0	0.0
58.86	2.13062E-08	0.0	0.0
58.88	1.95105E-08	0.0	0.0
58.9	1.77492E-08	0.0	0.0
58.92	1.60247E-08	0.0	0.0
58.94	1.43393E-08	0.0	0.0
58.96	1.26952E-08	0.0	0.0
58.98	1.10944E-08	0.0	0.0
59	9.53846E-09	0.0	0.0
59.02	8.02909E-09	0.0	0.0
59.04	6.56764E-09	0.0	0.0
59.06	5.15537E-09	0.0	0.0
59.08	3.79332E-09	0.0	0.0
59.1	2.48241E-09	0.0	0.0
59.12	1.22338E-09	0.0	0.0
59.14	1.68203E-11	0.0	0.0
59.16	-1.13681E-09	0.0	0.0
59.18	-2.23719E-09	0.0	0.0
59.2	-3.28417E-09	0.0	0.0
59.22	-4.27769E-09	0.0	0.0
59.24	-5.21782E-09	0.0	0.0
59.26	-6.10478E-09	0.0	0.0
59.28	-6.93886E-09	0.0	0.0
59.3	-7.7205E-09	0.0	0.0
59.32	-8.4502E-09	0.0	0.0
59.34	-9.12859E-09	0.0	0.0
59.36	-9.75638E-09	0.0	0.0
59.38	-1.03343E-08	0.0	0.0
59.4	-1.08634E-08	0.0	0.0
59.42	-1.13444E-08	0.0	0.0
59.44	-1.17785E-08	0.0	0.0
59.46	-1.21666E-08	0.0	0.0
59.48	-1.251E-08	0.0	0.0
59.5	-1.28098E-08	0.0	0.0
59.52	-1.30673E-08	0.0	0.0
59.54	-1.32837E-08	0.0	0.0
59.56	-1.34604E-08	0.0	0.0
59.58	-1.35986E-08	0.0	0.0
59.6	-1.36999E-08	0.0	0.0
59.62	-1.37656E-08	0.0	0.0
59.64	-1.37971E-08	0.0	0.0
59.66	-1.37959E-08	0.0	0.0
59.68	-1.37633E-08	0.0	0.0
59.7	-1.3701E-08	0.0	0.0
59.72	-1.36103E-08	0.0	0.0
59.74	-1.34927E-08	0.0	0.0
59.76	-1.33497E-08	0.0	0.0
59.78	-1.31827E-08	0.0	0.0
59.8	-1.29932E-08	0.0	0.0
59.82	-1.27826E-08	0.0	0.0
59.84	-1.25523E-08	0.0	0.0
59.86	-1.23037E-08	0.0	0.0
59.88	-1.20383E-08	0.0	0.0
59.9	-1.17574E-08	0.0	0.0
59.92	-1.14622E-08	0.0	0.0
59.94	-1.11542E-08	0.0	0.0
59.96	-1.08346E-08	0.0	0.0
59.98	-1.05047E-08	0.0	0.0
60	-1.01656E-08	0.0	0.0
60.02	-9.81864E-09	0.0	0.0
60.04	-9.46485E-09	0.0	0.0
60.06	-9.10539E-09	0.0	0.0
60.08	-8.74134E-09	0.0	0.0
60.1	-8.37375E-09	0.0	0.0
60.12	-8.0036E-09	0.0	0.0
60.14	-7.63188E-09	0.0	0.0
60.16	-7.25951E-09	0.0	0.0
60.18	-6.88737E-09	0.0	0.0
60.2	-6.5163E-09	0.0	0.0
60.22	-6.14712E-09	0.0	0.0
60.24	-5.78059E-09	0.0	0.0
60.26	-5.41742E-09	0.0	0.0
60.28	-5.05832E-09	0.0	0.0
60.3	-4.70391E-09	0.0	0.0
60.32	-4.35481E-09	0.0	0.0
60.34	-4.01158E-09	0.0	0.0
60.36	-3.67474E-09	0.0	0.0
60.38	-3.34479E-09	0.0	0.0
60.4	-3.02217E-09	0.0	0.0
60.42	-2.70729E-09	0.0	0.0
60.44	-2.40054E-09	0.0	0.0
60.46	-2.10225E-09	0.0	0.0
60.48	-1.81272E-09	0.0	0.0
60.5	-1.53223E-09	0.0	0.0
60.52	-1.26102E-09	0.0	0.0
60.54	-9.9929E-10	0.0	0.0
60.56	-7.47214E-10	0.0	0.0
60.58	-5.04937E-10	0.0	0.0
60.6	-2.72573E-10	0.0	0.0
60.62	-5.021E-11	0.0	0.0
60.64	1.62094E-10	0.0	0.0
60.66	3.64305E-10	0.0	0.0
60.68	5.56416E-10	0.0	0.0
60.7	7.38441E-10	0.0	0.0
60.72	9.1042E-10	0.0	0.0
60.74	1.07241E-09	0.0	0.0
60.76	1.2245E-09	0.0	0.0
60.78	1.36678E-09	0.0	0.0
60.8	1.49938E-09	0.0	0.0
60.82	1.62242E-09	0.0	0.0
60.84	1.73606E-09	0.0	0.0
60.86	1.84048E-09	0.0	0.0
60.88	1.93583E-09	0.0	0.0
60.9	2.02233E-09	0.0	0.0
60.92	2.10018E-09	0.0	0.0
60.94	2.16959E-09	0.0	0.0
60.96	2.23079E-09	0.0	0.0
60.98	2.28401E-09	0.0	0.0
61	2.3295E-09	0.0	0.0
61.02	2.36751E-09	0.0	0.0
61.04	2.39829E-09	0.0	0.0
61.06	2.4221E-09	0.0	0.0
61.08	2.43921E-09	0.0	0.0
61.1	2.44989E-09	0.0	0.0
61.12	2.45441E-09	0.0	0.0
61.14	2.45304E-09	0.0	0.0
61.16	2.44606E-09	0.0	0.0
61.18	2.43375E-09	0.0	0.0
61.2	2.41637E-09	0.0	0.0
61.22	2.39421E-09	0.0	0.0
61.24	2.36753E-09	0.0	0.0
61.26	2.33661E-09	0.0	0.0
61.28	2.30171E-09	0.0	0.0
61.3	2.26311E-09	0.0	0.0
61.32	2.22106E-09	0.0	0.0
61.34	2.17581E-09	0.0	0.0
61.36	2.12764E-09	0.0	0.0
61.38	2.07678E-09	0.0	0.0
61.4	2.02347E-09	0.0	0.0
61.42	1.96796E-09	0.0	0.0
61.44	1.91047E-09	0.0	0.0
61.46	1.85124E-09	0.0	0.0
61.48	1.79048E-09	0.0	0.0
61.5	1.7284E-09	0.0	0.0
61.52	1.66522E-09	0.0	0.0
61.54	1.60113E-09	0.0	0.0
61.56	1.53632E-09	0.0	0.0
61.58	1.47098E-09	0.0	0.0
61.6	1.40529E-09	0.0	0.0
61.62	1.33941E-09	0.0	0.0
61.64	1.27352E-09	0.0	0.0
61.66	1.20775E-09	0.0	0.0
61.68	1.14227E-09	0.0	0.0
61.7	1.07721E-09	0.0	0.0
61.72	1.01271E-09	0.0	0.0
61.74	9.4889E-10	0.0	0.0
61.76	8.85866E-10	0.0	0.0
61.78	8.2375E-10	0.0	0.0
61.8	7.62645E-10	0.0	0.0
61.82	7.02647E-10	0.0	0.0
61.84	6.43846E-10	0.0	0.0
61.86	5.86322E-10	0.0	0.0
61.88	5.30151E-10	0.0	0.0
61.9	4.75401E-10	0.0	0.0
61.92	4.22134E-10	0.0	0.0
61.94	3.70404E-10	0.0	0.0
61.96	3.20262E-10	0.0	0.0
61.98	2.71749E-10	0.0	0.0
62	2.24904E-10	0.0	0.0
62.02	1.79757E-10	0.0	0.0
62.04	1.36335E-10	0.0	0.0
62.06	9.46574E-11	0.0	0.0
62.08	5.47409E-11	0.0	0.0
62.1	1.65958E-11	0.0	0.0
62.12	-1.97719E-11	0.0	0.0
62.14	-5.43609E-11	0.0	0.0
62.16	-8.71739E-11	0.0	0.0
62.18	-1.18218E-10	0.0	0.0
62.2	-1.47503E-10	0.0	0.0
62.22	-1.75045E-10	0.0	0.0
62.24	-2.00861E-10	0.0	0.0
62.26	-2.24971E-10	0.0	0.0
62.28	-2.47401E-10	0.0	0.0
62.3	-2.68178E-10	0.0	0.0
62.32	-2.8733E-10	0.0	0.0
62.34	-3.0489E-10	0.0	0.0
62.36	-3.20893E-10	0.0	0.0
62.38	-3.35375E-10	0.0	0.0
62.4	-3.48374E-10	0.0	0.0
62.42	-3.5993E-10	0.0	0.0
62.44	-3.70085E-10	0.0	0.0
62.46	-3.78881E-10	0.0	0.0
62.48	-3.86364E-10	0.0	0.0
62.5	-3.92578E-10	0.0	0.0
62.52	-3.97568E-10	0.0	0.0
62.54	-4.01382E-10	0.0	0.0
62.56	-4.04068E-10	0.0	0.0
62.58	-4.05672E-10	0.0	0.0
62.6	-4.06243E-10	0.0	0.0
62.62	-4.05829E-10	0.0	0.0
62.64	-4.04478E-10	0.0	0.0
62.66	-4.02239E-10	0.0	0.0
62.68	-3.99159E-10	0.0	0.0
62.7	-3.95286E-10	0.0	0.0
62.72	-3.90668E-10	0.0	0.0
62.74	-3.85351E-10	0.0	0.0
62.76	-3.79382E-10	0.0	0.0
62.78	-3.72806E-10	0.0	0.0
62.8	-3.65668E-10	0.0	0.0
62.82	-3.58012E-10	0.0	0.0
62.84	-3.49882E-10	0.0	0.0
62.86	-3.41319E-10	0.0	0.0
62.88	-3.32364E-10	0.0	0.0
62.9	-3.23059E-10	0.0	0.0
62.92	-3.13442E-10	0.0	0.0
62.94	-3.0355E-10	0.0	0.0
62.96	-2.93422E-10	0.0	0.0
62.98	-2.83092E-10	0.0	0.0
63	-2.72595E-10	0.0	0.0
63.02	-2.61963E-10	0.0	0.0
63.04	-2.51229E-10	0.0	0.0
63.06	-2.40424E-10	0.0	0.0
63.08	-2.29576E-10	0.0	0.0
63.1	-2.18713E-10	0.0	0.0
63.12	-2.07863E-10	0.0	0.0
63.14	-1.9705E-10	0.0	0.0
63.16	-1.86298E-10	0.0	0.0
63.18	-1.7563E-10	0.0	0.0
63.2	-1.65067E-10	0.0	0.0
63.22	-1.5463E-10	0.0	0.0
63.24	-1.44337E-10	0.0	0.0
63.26	-1.34205E-10	0.0	0.0
63.28	-1.24252E-10	0.0	0.0
63.3	-1.14492E-10	0.0	0.0
63.32	-1.04939E-10	0.0	0.0
63.34	-9.56063E-11	0.0	0.0
63.36	-8.65046E-11	0.0	0.0
63.38	-7.76448E-11	0.0	0.0
63.4	-6.90361E-11	0.0	0.0
63.42	-6.06869E-11	0.0	0.0
63.44	-5.26045E-11	0.0	0.0
63.46	-4.47952E-11	0.0	0.0
63.48	-3.72642E-11	0.0	0.0
63.5	-3.0016E-11	0.0	0.0
63.52	-2.3054E-11	0.0	0.0
63.54	-1.63808E-11	0.0	0.0
63.56	-9.9984E-12	0.0	0.0
63.58	-3.90764E-12	0.0	0.0
63.6	1.89117E-12	0.0	0.0
63.62	7.39849E-12	0.0	0.0
63.64	1.26154E-11	0.0	0.0
63.66	1.75438E-11	0.0	0.0
63.68	2.2186E-11	0.0	0.0
63.7	2.6545E-11	0.0	0.0
63.72	3.06242E-11	0.0	0.0
63.74	3.44277E-11	0.0	0.0
63.76	3.796E-11	0.0	0.0
63.78	4.1226E-11	0.0	0.0
63.8	4.42309E-11	0.0	0.0
63.82	4.69805E-11	0.0	0.0
63.84	4.94808E-11	0.0	0.0
63.86	5.17381E-11	0.0	0.0
63.88	5.37591E-11	0.0	0.0
63.9	5.55504E-11	0.0	0.0
63.92	5.71194E-11	0.0	0.0
63.94	5.84731E-11	0.0	0.0
63.96	5.9619E-11	0.0	0.0
63.98	6.05648E-11	0.0	0.0
64	6.13179E-11	0.0	0.0
64.02	6.18863E-11	0.0	0.0
64.04	6.22776E-11	0.0	0.0
64.06	6.24999E-11	0.0	0.0
64.08	6.25609E-11	0.0	0.0
64.1	6.24686E-11	0.0	0.0
64.12	6.22308E-11	0.0	0.0
64.14	6.18554E-11	0.0	0.0
64.16	6.135E-11	0.0	0.0
64.18	6.07225E-11	0.0	0.0
64.2	5.99805E-11	0.0	0.0
64.22	5.91314E-11	0.0	0.0
64.24	5.81826E-11	0.0	0.0
64.26	5.71415E-11	0.0	0.0
64.28	5.60152E-11	0.0	0.0
64.3	5.48107E-11	0.0	0.0
64.32	5.35348E-11	0.0	0.0
64.34	5.21942E-11	0.0	0.0
64.36	5.07953E-11	0.0	0.0
64.38	4.93446E-11	0.0	0.0
64.4	4.7848E-11	0.0	0.0
64.42	4.63116E-11	0.0	0.0
64.44	4.4741E-11	0.0	0.0
64.46	4.31418E-11	0.0	0.0
64.48	4.15193E-11	0.0	0.0
64.5	3.98786E-11	0.0	0.0
64.52	3.82247E-11	0.0	0.0
64.54	3.65621E-11	0.0	0.0
64.56	3.48954E-11	0.0	0.0
64.58	3.32289E-11	0.0	0.0
64.6	3.15665E-11	0.0	0.0
64.62	2.99121E-11	0.0	0.0
64.64	2.82693E-11	0.0	0.0
64.66	2.66415E-11	0.0	0.0
64.68	2.5032E-11	0.0	0.0
64.7	2.34436E-11	0.0	0.0
64.72	2.18793E-11	0.0	0.0
64.74	2.03416E-11	0.0	0.0
64.76	1.88329E-11	0.0	0.0
64.78	1.73554E-11	0.0	0.0
64.8	1.59111E-11	0.0	0.0
64.82	1.45019E-11	0.0	0.0
64.84	1.31293E-11	0.0	0.0
64.86	1.1795E-11	0.0	0.0
64.88	1.05002E-11	0.0	0.0
64.9	9.24602E-12	0.0	0.0
64.92	8.03351E-12	0.0	0.0
64.94	6.8635E-12	0.0	0.0
64.96	5.73667E-12	0.0	0.0
64.98	4.65358E-12	0.0	0.0
65	3.61464E-12	0.0	0.0
65.02	2.62015E-12	0.0	0.0
65.04	1.67026E-12	0.0	0.0
65.06	7.65031E-13	0.0	0.0
65.08	-9.56114E-14	0.0	0.0
65.1	-9.11838E-13	0.0	0.0
65.12	-1.68392E-12	0.0	0.0
65.14	-2.41223E-12	0.0	0.0
65.16	-3.09722E-12	0.0	0.0
65.18	-3.73942E-12	0.0	0.0
65.2	-4.33946E-12	0.0	0.0
65.22	-4.89803E-12	0.0	0.0
65.24	-5.41588E-12	0.0	0.0
65.26	-5.89384E-12	0.0	0.0
65.28	-6.33277E-12	0.0	0.0
65.3	-6.7336E-12	0.0	0.0
65.32	-7.0973E-12	0.0	0.0
65.34	-7.4249E-12	0.0	0.0
65.36	-7.71743E-12	0.0	0.0
65.38	-7.97599E-12	0.0	0.0
65.4	-8.20169E-12	0.0	0.0
65.42	-8.39566E-12	0.0	0.0
65.44	-8.55907E-12	0.0	0.0
65.46	-8.69308E-12	0.0	0.0
65.48	-8.79888E-12	0.0	0.0
65.5	-8.87767E-12	0.0	0.0
65.52	-8.93064E-12	0.0	0.0
65.54	-8.95899E-12	0.0	0.0
65.56	-8.96394E-12	0.0	0.0
65.58	-8.94667E-12	0.0	0.0
65.6	-8.90838E-12	0.0	0.0
65.62	-8.85024E-12	0.0	0.0
65.64	-8.77343E-12	0.0	0.0
65.66	-8.6791E-12	0.0	0.0
65.68	-8.5684E-12	0.0	0.0
65.7	-8.44244E-12	0.0	0.0
65.72	-8.30232E-12	0.0	0.0
65.74	-8.14913E-12	0.0	0.0
65.76	-7.98392E-12	0.0	0.0
65.78	-7.80772E-12	0.0	0.0
65.8	-7.62154E-12	0.0	0.0
65.82	-7.42636E-12	0.0	0.0
65.84	-7.22312E-12	0.0	0.0
65.86	-7.01274E-12	0.0	0.0
65.88	-6.79613E-12	0.0	0.0
65.9	-6.57413E-12	0.0	0.0
65.92	-6.34758E-12	0.0	0.0
65.94	-6.11728E-12	0.0	0.0
65.96	-5.88398E-12	0.0	0.0
65.98	-5.64842E-12	0.0	0.0
66	-5.41131E-12	0.0	0.0
66.02	-5.17331E-12	0.0	0.0
66.04	-4.93506E-12	0.0	0.0
66.06	-4.69716E-12	0.0	0.0
66.08	-4.46018E-12	0.0	0.0
66.1	-4.22465E-12	0.0	0.0
66.12	-3.9911E-12	0.0	0.0
66.14	-3.75999E-12	0.0	0.0
66.16	-3.53176E-12	0.0	0.0
66.18	-3.30684E-12	0.0	0.0
66.2	-3.08561E-12	0.0	0.0
66.22	-2.86842E-12	0.0	0.0
66.24	-2.6556E-12	0.0	0.0
66.26	-2.44745E-12	0.0	0.0
66.28	-2.24424E-12	0.0	0.0
66.3	-2.04622E-12	0.0	0.0
66.32	-1.8536E-12	0.0	0.0
66.34	-1.66658E-12	0.0	0.0
66.36	-1.48533E-12	0.0	0.0
66.38	-1.30999E-12	0.0	0.0
66.4	-1.1407E-12	0.0	0.0
66.42	-9.77553E-13	0.0	0.0
66.44	-8.2063E-13	0.0	0.0
66.46	-6.69996E-13	0.0	0.0
66.48	-5.25692E-13	0.0	0.0
66.5	-3.87745E-13	0.0	0.0
66.52	-2.56162E-13	0.0	0.0
66.54	-1.30935E-13	0.0	0.0
66.56	-1.20391E-14	0.0	0.0
66.58	1.00563E-13	0.0	0.0
66.6	2.06925E-13	0.0	0.0
66.62	3.0711E-13	0.0	0.0
66.64	4.01197E-13	0.0	0.0
66.66	4.89274E-13	0.0	0.0
66.68	5.7144E-13	0.0	0.0
66.7	6.47803E-13	0.0	0.0
66.72	7.1848E-13	0.0	0.0
66.74	7.83597E-13	0.0	0.0
66.76	8.43286E-13	0.0	0.0
66.78	8.97687E-13	0.0	0.0
66.8	9.46944E-13	0.0	0.0
66.82	9.91209E-13	0.0	0.0
66.84	1.03064E-12	0.0	0.0
66.86	1.06538E-12	0.0	0.0
66.88	1.09562E-12	0.0	0.0
66.9	1.1215E-12	0.0	0.0
66.92	1.14319E-12	0.0	0.0
66.94	1.16087E-12	0.0	0.0
66.96	1.17471E-12	0.0	0.0
66.98	1.18487E-12	0.0	0.0
67	1.19153E-12	0.0	0.0
67.02	1.19485E-12	0.0	0.0
67.04	1.19501E-12	0.0	0.0
67.06	1.19218E-12	0.0	0.0
67.08	1.18652E-12	0.0	0.0
67.1	1.17819E-12	0.0	0.0
67.12	1.16737E-12	0.0	0.0
67.14	1.15422E-12	0.0	0.0
67.16	1.13888E-12	0.0	0.0
67.18	1.12152E-12	0.0	0.0
67.2	1.10229E-12	0.0	0.0
67.22	1.08134E-12	0.0	0.0
67.24	1.05881E-12	0.0	0.0
67.26	1.03484E-12	0.0	0.0
67.28	1.00958E-12	0.0	0.0
67.3	9.83153E-13	0.0	0.0
67.32	9.5569E-13	0.0	0.0
67.34	9.27316E-13	0.0	0.0
67.36	8.98153E-13	0.0	0.0
67.38	8.68316E-13	0.0	0.0
67.4	8.37917E-13	0.0	0.0
67.42	8.07062E-13	0.0	0.0
67.44	7.75854E-13	0.0	0.0
67.46	7.44391E-13	0.0	0.0
67.48	7.12766E-13	0.0	0.0
67.5	6.81068E-13	0.0	0.0
67.52	6.4938E-13	0.0	0.0
67.54	6.17781E-13	0.0	0.0
67.56	5.86348E-13	0.0	0.0
67.58	5.55151E-13	0.0	0.0
67.6	5.24254E-13	0.0	0.0
67.62	4.93721E-13	0.0	0.0
67.64	4.63609E-13	0.0	0.0
67.66	4.33971E-13	0.0	0.0
67.68	4.04856E-13	0.0	0.0
67.7	3.76309E-13	0.0	0.0
67.72	3.48373E-13	0.0	0.0
67.74	3.21084E-13	0.0	0.0
67.76	2.94476E-13	0.0	0.0
67.78	2.68581E-13	0.0	0.0
67.8	2.43424E-13	0.0	0.0
67.82	2.19029E-13	0.0	0.0
67.84	1.95416E-13	0.0	0.0
67.86	1.72604E-13	0.0	0.0
67.88	1.50605E-13	0.0	0.0
67.9	1.29432E-13	0.0	0.0
67.92	1.09093E-13	0.0	0.0
67.94	8.95943E-14	0.0	0.0
67.96	7.09393E-14	0.0	0.0
67.98	5.31295E-14	0.0	0.0
68	3.61638E-14	0.0	0.0
68.02	2.00392E-14	0.0	0.0
68.04	4.75076E-15	0.0	0.0
68.06	-9.70854E-15	0.0	0.0
68.08	-2.33473E-14	0.0	0.0
68.1	-3.61758E-14	0.0	0.0
68.12	-4.82057E-14	0.0	0.0
68.14	-5.94504E-14	0.0	0.0
68.16	-6.99241E-14	0.0	0.0
68.18	-7.96426E-14	0.0	0.0
68.2	-8.86226E-14	0.0	0.0
68.22	-9.68817E-14	0.0	0.0
68.24	-1.04439E-13	0.0	0.0
68.26	-1.11313E-13	0.0	0.0
68.28	-1.17524E-13	0.0	0.0
68.3	-1.23092E-13	0.0	0.0
68.32	-1.2804E-13	0.0	0.0
68.34	-1.32389E-13	0.0	0.0
68.36	-1.36159E-13	0.0	0.0
68.38	-1.39375E-13	0.0	0.0
68.4	-1.42057E-13	0.0	0.0
68.42	-1.44229E-13	0.0	0.0
68.44	-1.45914E-13	0.0	0.0
68.46	-1.47133E-13	0.0	0.0
68.48	-1.4791E-13	0.0	0.0
68.5	-1.48266E-13	0.0	0.0
68.52	-1.48225E-13	0.0	0.0
68.54	-1.47809E-13	0.0	0.0
68.56	-1.47038E-13	0.0	0.0
68.58	-1.45936E-13	0.0	0.0
68.6	-1.44522E-13	0.0	0.0
68.62	-1.42819E-13	0.0	0.0
68.64	-1.40846E-13	0.0	0.0
68.66	-1.38623E-13	0.0	0.0
68.68	-1.3617E-13	0.0	0.0
68.7	-1.33506E-13	0.0	0.0
68.72	-1.3065E-13	0.0	0.0
68.74	-1.27619E-13	0.0	0.0
68.76	-1.24431E-13	0.0	0.0
68.78	-1.21104E-13	0.0	0.0
68.8	-1.17652E-13	0.0	0.0
68.82	-1.14093E-13	0.0	0.0
68.84	-1.10441E-13	0.0	0.0
68.86	-1.06711E-13	0.0	0.0
68.88	-1.02916E-13	0.0	0.0
68.9	-9.90706E-14	0.0	0.0
68.92	-9.51869E-14	0.0	0.0
68.94	-9.12772E-14	0.0	0.0
68.96	-8.73529E-14	0.0	0.0
68.98	-8.34249E-14	0.0	0.0
69	-7.95037E-14	0.0	0.0
69.02	-7.55988E-14	0.0	0.0
69.04	-7.17195E-14	0.0	0.0
69.06	-6.78744E-14	0.0	0.0
69.08	-6.40713E-14	0.0	0.0
69.1	-6.03178E-14	0.0	0.0
69.12	-5.66208E-14	0.0	0.0
69.14	-5.29866E-14	0.0	0.0
69.16	-4.94211E-14	0.0	0.0
69.18	-4.59296E-14	0.0	0.0
69.2	-4.2517E-14	0.0	0.0
69.22	-3.91877E-14	0.0	0.0
69.24	-3.59456E-14	0.0	0.0
69.26	-3.27942E-14	0.0	0.0
69.28	-2.97365E-14	0.0	0.0
69.3	-2.67751E-14	0.0	0.0
69.32	-2.39123E-14	0.0	0.0
69.34	-2.115E-14	0.0	0.0
69.36	-1.84895E-14	0.0	0.0
69.38	-1.59321E-14	0.0	0.0
69.4	-1.34786E-14	0.0	0.0
69.42	-1.11295E-14	0.0	0.0
69.44	-8.8849E-15	0.0	0.0
69.46	-6.74477E-15	0.0	0.0
69.48	-4.70875E-15	0.0	0.0
69.5	-2.77623E-15	0.0	0.0
69.52	-9.46379E-16	0.0	0.0
69.54	7.81877E-16	0.0	0.0
69.56	2.4098E-15	0.0	0.0
69.58	3.93885E-15	0.0	0.0
69.6	5.37065E-15	0.0	0.0
69.62	6.707E-15	0.0	0.0
69.64	7.94984E-15	0.0	0.0
69.66	9.10125E-15	0.0	0.0
69.68	1.01634E-14	0.0	0.0
69.7	1.11387E-14	0.0	0.0
69.72	1.20294E-14	0.0	0.0
69.74	1.2838E-14	0.0	0.0
69.76	1.35672E-14	0.0	0.0
69.78	1.42195E-14	0.0	0.0
69.8	1.47976E-14	0.0	0.0
69.82	1.53043E-14	0.0	0.0
69.84	1.57422E-14	0.0	0.0
69.86	1.61142E-14	0.0	0.0
69.88	1.64231E-14	0.0	0.0
69.9	1.66716E-14	0.0	0.0
69.92	1.68625E-14	0.0	0.0
69.94	1.69986E-14	0.0	0.0
69.96	1.70828E-14	0.0	0.0
69.98	1.71177E-14	0.0	0.0
70	1.7106E-14	0.0	0.0
70.02	1.70506E-14	0.0	0.0
70.04	1.69539E-14	0.0	0.0
70.06	1.68186E-14	0.0	0.0
70.08	1.66474E-14	0.0	0.0
70.1	1.64426E-14	0.0	0.0
70.12	1.62068E-14	0.0	0.0
70.14	1.59423E-14	0.0	0.0
70.16	1.56515E-14	0.0	0.0
70.18	1.53367E-14	0.0	0.0
70.2	1.5E-14	0.0	0.0
70.22	1.46436E-14	0.0	0.0
70.24	1.42696E-14	0.0	0.0
70.26	1.38799E-14	0.0	0.0
70.28	1.34765E-14	0.0	0.0
70.3	1.30612E-14	0.0	0.0
70.32	1.26358E-14	0.0	0.0
70.34	1.22019E-14	0.0	0.0
70.36	1.17613E-14	0.0	0.0
70.38	1.13155E-14	0.0	0.0
70.4	1.08658E-14	0.0	0.0
70.42	1.04138E-14	0.0	0.0
70.44	9.96079E-15	0.0	0.0
70.46	9.50794E-15	0.0	0.0
70.48	9.05647E-15	0.0	0.0
70.5	8.60749E-15	0.0	0.0
70.52	8.16203E-15	0.0	0.0
70.54	7.72106E-15	0.0	0.0
70.56	7.28548E-15	0.0	0.0
70.58	6.85612E-15	0.0	0.0
70.6	6.43376E-15	0.0	0.0
70.62	6.0191E-15	0.0	0.0
70.64	5.61279E-15	0.0	0.0
70.66	5.21541E-15	0.0	0.0
70.68	4.82749E-15	0.0	0.0
70.7	4.4495E-15	0.0	0.0
70.72	4.08187E-15	0.0	0.0
70.74	3.72496E-15	0.0	0.0
70.76	3.3791E-15	0.0	0.0
70.78	3.04454E-15	0.0	0.0
70.8	2.72153E-15	0.0	0.0
70.82	2.41023E-15	0.0	0.0
70.84	2.11079E-15	0.0	0.0
70.86	1.82331E-15	0.0	0.0
70.88	1.54785E-15	0.0	0.0
70.9	1.28444E-15	0.0	0.0
70.92	1.03307E-15	0.0	0.0
70.94	7.93715E-16	0.0	0.0
70.96	5.66295E-16	0.0	0.0
70.98	3.50718E-16	0.0	0.0
71	1.46864E-16	0.0	0.0
71.02	-4.54121E-17	0.0	0.0
71.04	-2.26279E-16	0.0	0.0
71.06	-3.95923E-16	0.0	0.0
71.08	-5.54553E-16	0.0	0.0
71.1	-7.02391E-16	0.0	0.0
71.12	-8.39678E-16	0.0	0.0
71.14	-9.66668E-16	0.0	0.0
71.16	-1.08363E-15	0.0	0.0
71.18	-1.19083E-15	0.0	0.0
71.2	-1.28857E-15	0.0	0.0
71.22	-1.37714E-15	0.0	0.0
71.24	-1.45685E-15	0.0	0.0
71.26	-1.52799E-15	0.0	0.0
71.28	-1.59089E-15	0.0	0.0
71.3	-1.64586E-15	0.0	0.0
71.32	-1.69323E-15	0.0	0.0
71.34	-1.7333E-15	0.0	0.0
71.36	-1.76642E-15	0.0	0.0
71.38	-1.79289E-15	0.0	0.0
71.4	-1.81304E-15	0.0	0.0
71.42	-1.82719E-15	0.0	0.0
71.44	-1.83565E-15	0.0	0.0
71.46	-1.83874E-15	0.0	0.0
71.48	-1.83676E-15	0.0	0.0
71.5	-1.83002E-15	0.0	0.0
71.52	-1.81881E-15	0.0	0.0
71.54	-1.80344E-15	0.0	0.0
71.56	-1.78419E-15	0.0	0.0
71.58	-1.76134E-15	0.0	0.0
71.6	-1.73515E-15	0.0	0.0
71.62	-1.70591E-15	0.0	0.0
71.64	-1.67387E-15	0.0	0.0
71.66	-1.63928E-15	0.0	0.0
71.68	-1.60238E-15	0.0	0.0
71.7	-1.56341E-15	0.0	0.0
71.72	-1.52259E-15	0.0	0.0
71.74	-1.48015E-15	0.0	0.0
71.76	-1.43629E-15	0.0	0.0
71.78	-1.39122E-15	0.0	0.0
71.8	-1.34513E-15	0.0	0.0
71.82	-1.2982E-15	0.0	0.0
71.84	-1.2506E-15	0.0	0.0
71.86	-1.20251E-15	0.0	0.0
71.88	-1.15408E-15	0.0	0.0
71.9	-1.10547E-15	0.0	0.0
71.92	-1.05681E-15	0.0	0.0
71.94	-1.00824E-15	0.0	0.0
71.96	-9.59874E-16	0.0	0.0
71.98	-9.11841E-16	0.0	0.0
72	-8.64247E-16	0.0	0.0
72.02	-8.17193E-16	0.0	0.0
72.04	-7.70773E-16	0.0	0.0
72.06	-7.25073E-16	0.0	0.0
72.08	-6.80175E-16	0.0	0.0
72.1	-6.36149E-16	0.0	0.0
72.12	-5.93063E-16	0.0	0.0
72.14	-5.50976E-16	0.0	0.0
72.16	-5.09942E-16	0.0	0.0
72.18	-4.70007E-16	0.0	0.0
72.2	-4.31214E-16	0.0	0.0
72.22	-3.93598E-16	0.0	0.0
72.24	-3.57191E-16	0.0	0.0
72.26	-3.22017E-16	0.0	0.0
72.28	-2.88098E-16	0.0	0.0
72.3	-2.55449E-16	0.0	0.0
72.32	-2.24083E-16	0.0	0.0
72.34	-1.94007E-16	0.0	0.0
72.36	-1.65224E-16	0.0	0.0
72.38	-1.37735E-16	0.0	0.0
72.4	-1.11536E-16	0.0	0.0
72.42	-8.66193E-17	0.0	0.0
72.44	-6.29759E-17	0.0	0.0
72.46	-4.05928E-17	0.0	0.0
72.48	-1.94546E-17	0.0	0.0
72.5	4.56735E-19	0.0	0.0
72.52	1.91612E-17	0.0	0.0
72.54	3.6681E-17	0.0	0.0
72.56	5.30403E-17	0.0	0.0
72.58	6.82648E-17	0.0	0.0
72.6	8.23819E-17	0.0	0.0
72.62	9.54201E-17	0.0	0.0
72.64	1.07409E-16	0.0	0.0
72.66	1.18381E-16	0.0	0.0
72.68	1.28366E-16	0.0	0.0
72.7	1.37397E-16	0.0	0.0
72.72	1.45509E-16	0.0	0.0
72.74	1.52733E-16	0.0	0.0
72.76	1.59105E-16	0.0	0.0
72.78	1.64659E-16	0.0	0.0
72.8	1.6943E-16	0.0	0.0
72.82	1.73451E-16	0.0	0.0
72.84	1.76758E-16	0.0	0.0
72.86	1.79384E-16	0.0	0.0
72.88	1.81365E-16	0.0	0.0
72.9	1.82733E-16	0.0	0.0
72.92	1.83522E-16	0.0	0.0
72.94	1.83766E-16	0.0	0.0
72.96	1.83497E-16	0.0	0.0
72.98	1.82747E-16	0.0	0.0
73	1.81547E-16	0.0	0.0
73.02	1.79927E-16	0.0	0.0
73.04	1.77918E-16	0.0	0.0
73.06	1.75549E-16	0.0	0.0
73.08	1.72849E-16	0.0	0.0
73.1	1.69844E-16	0.0	0.0
73.12	1.66562E-16	0.0	0.0
73.14	1.63028E-16	0.0	0.0
73.16	1.59268E-16	0.0	0.0
73.18	1.55305E-16	0.0	0.0
73.2	1.51163E-16	0.0	0.0
73.22	1.46864E-16	0.0	0.0
73.24	1.4243E-16	0.0	0.0
73.26	1.3788E-16	0.0	0.0
73.28	1.33234E-16	0.0	0.0
73.3	1.28512E-16	0.0	0.0
73.32	1.23729E-16	0.0	0.0
73.34	1.18904E-16	0.0	0.0
73.36	1.14051E-16	0.0	0.0
73.38	1.09187E-16	0.0	0.0
73.4	1.04324E-16	0.0	0.0
73.42	9.9477E-17	0.0	0.0
73.44	9.4657E-17	0.0	0.0
73.46	8.9876E-17	0.0	0.0
73.48	8.51447E-17	0.0	0.0
73.5	8.04729E-17	0.0	0.0
73.52	7.58698E-17	0.0	0.0
73.54	7.13438E-17	0.0	0.0
73.56	6.69026E-17	0.0	0.0
73.58	6.25531E-17	0.0	0.0
73.6	5.83016E-17	0.0	0.0
73.62	5.41537E-17	0.0	0.0
73.64	5.01145E-17	0.0	0.0
73.66	4.61883E-17	0.0	0.0
73.68	4.23789E-17	0.0	0.0
73.7	3.86896E-17	0.0	0.0
73.72	3.51231E-17	0.0	0.0
73.74	3.16816E-17	0.0	0.0
73.76	2.83669E-17	0.0	0.0
73.78	2.51803E-17	0.0	0.0
73.8	2.21225E-17	0.0	0.0
73.82	1.91941E-17	0.0	0.0
73.84	1.6395E-17	0.0	0.0
73.86	1.3725E-17	0.0	0.0
73.88	1.11835E-17	0.0	0.0
73.9	8.76947E-18	0.0	0.0
73.92	6.48166E-18	0.0	0.0
73.94	4.31856E-18	0.0	0.0
73.96	2.2784E-18	0.0	0.0
73.98	3.59184E-19	0.0	0.0
74	-1.44131E-18	0.0	0.0
74.02	-3.12549E-18	0.0	0.0
74.04	-4.69594E-18	0.0	0.0
74.06	-6.15537E-18	0.0	0.0
74.08	-7.50668E-18	0.0	0.0
74.1	-8.75284E-18	0.0	0.0
74.12	-9.89697E-18	0.0	0.0
74.14	-1.09422E-17	0.0	0.0
74.16	-1.18919E-17	0.0	0.0
74.18	-1.27494E-17	0.0	0.0
74.2	-1.35179E-17	0.0	0.0
74.22	-1.4201E-17	0.0	0.0
74.24	-1.48021E-17	0.0	0.0
74.26	-1.53246E-17	0.0	0.0
74.28	-1.5772E-17	0.0	0.0
74.3	-1.61478E-17	0.0	0.0
74.32	-1.64553E-17	0.0	0.0
74.34	-1.6698E-17	0.0	0.0
74.36	-1.68793E-17	0.0	0.0
74.38	-1.70025E-17	0.0	0.0
74.4	-1.70709E-17	0.0	0.0
74.42	-1.70877E-17	0.0	0.0
74.44	-1.70562E-17	0.0	0.0
74.46	-1.69794E-17	0.0	0.0
74.48	-1.68604E-17	0.0	0.0
74.5	-1.67022E-17	0.0	0.0
74.52	-1.65076E-17	0.0	0.0
74.54	-1.62795E-17	0.0	0.0
74.56	-1.60207E-17	0.0	0.0
74.58	-1.57337E-17	0.0	0.0
74.6	-1.54212E-17	0.0	0.0
74.62	-1.50856E-17	0.0	0.0
74.64	-1.47293E-17	0.0	0.0
74.66	-1.43546E-17	0.0	0.0
74.68	-1.39637E-17	0.0	0.0
74.7	-1.35587E-17	0.0	0.0
74.72	-1.31417E-17	0.0	0.0
74.74	-1.27145E-17	0.0	0.0
74.76	-1.22789E-17	0.0	0.0
74.78	-1.18368E-17	0.0	0.0
74.8	-1.13898E-17	0.0	0.0
74.82	-1.09394E-17	0.0	0.0
74.84	-1.04871E-17	0.0	0.0
74.86	-1.00342E-17	0.0	0.0
74.88	-9.58215E-18	0.0	0.0
74.9	-9.13207E-18	0.0	0.0
74.92	-8.68512E-18	0.0	0.0
74.94	-8.24235E-18	0.0	0.0
74.96	-7.80472E-18	0.0	0.0
74.98	-7.37314E-18	0.0	0.0
75	-6.94843E-18	0.0	0.0
75.02	-6.53134E-18	0.0	0.0
75.04	-6.12256E-18	0.0	0.0
75.06	-5.72271E-18	0.0	0.0
75.08	-5.33234E-18	0.0	0.0
75.1	-4.95195E-18	0.0	0.0
75.12	-4.58196E-18	0.0	0.0
75.14	-4.22275E-18	0.0	0.0
75.16	-3.87464E-18	0.0	0.0
75.18	-3.53792E-18	0.0	0.0
75.2	-3.21279E-18	0.0	0.0
75.22	-2.89943E-18	0.0	0.0
75.24	-2.59798E-18	0.0	0.0
75.26	-2.30852E-18	0.0	0.0
75.28	-2.0311E-18	0.0	0.0
75.3	-1.76573E-18	0.0	0.0
75.32	-1.5124E-18	0.0	0.0
75.34	-1.27104E-18	0.0	0.0
75.36	-1.04158E-18	0.0	0.0
75.38	-8.23897E-19	0.0	0.0
75.4	-6.17854E-19	0.0	0.0
75.42	-4.23289E-19	0.0	0.0
75.44	-2.40016E-19	0.0	0.0
75.46	-6.78293E-20	0.0	0.0
75.48	9.34938E-20	0.0	0.0
75.5	2.44194E-19	0.0	0.0
75.52	3.84525E-19	0.0	0.0
75.54	5.14755E-19	0.0	0.0
75.56	6.35163E-19	0.0	0.0
75.58	7.46039E-19	0.0	0.0
75.6	8.4768E-19	0.0	0.0
75.62	9.40391E-19	0.0	0.0
75.64	1.02448E-18	0.0	0.0
75.66	1.10027E-18	0.0	0.0
75.68	1.16807E-18	0.0	0.0
75.7	1.22821E-18	0.0	0.0
75.72	1.28101E-18	0.0	0.0
75.74	1.32678E-18	0.0	0.0
75.76	1.36586E-18	0.0	0.0
75.78	1.39856E-18	0.0	0.0
75.8	1.4252E-18	0.0	0.0
75.82	1.44609E-18	0.0	0.0
75.84	1.46155E-18	0.0	0.0
75.86	1.47187E-18	0.0	0.0
75.88	1.47737E-18	0.0	0.0
75.9	1.47833E-18	0.0	0.0
75.92	1.47505E-18	0.0	0.0
75.94	1.46781E-18	0.0	0.0
75.96	1.45689E-18	0.0	0.0
75.98	1.44255E-18	0.0	0.0
76	1.42505E-18	0.0	0.0
76.02	1.40465E-18	0.0	0.0
76.04	1.3816E-18	0.0	0.0
76.06	1.35613E-18	0.0	0.0
76.08	1.32846E-18	0.0	0.0
76.1	1.29883E-18	0.0	0.0
76.12	1.26744E-18	0.0	0.0
76.14	1.23449E-18	0.0	0.0
76.16	1.20018E-18	0.0	0.0
76.18	1.1647E-18	0.0	0.0
76.2	1.12822E-18	0.0	0.0
76.22	1.0909E-18	0.0	0.0
76.24	1.05292E-18	0.0	0.0
76.26	1.01442E-18	0.0	0.0
76.28	9.75551E-19	0.0	0.0
76.3	9.36438E-19	0.0	0.0
76.32	8.97213E-19	0.0	0.0
76.34	8.57993E-19	0.0	0.0
76.36	8.18892E-19	0.0	0.0
76.38	7.80013E-19	0.0	0.0
76.4	7.41453E-19	0.0	0.0
76.42	7.033E-19	0.0	0.0
76.44	6.65637E-19	0.0	0.0
76.46	6.28541E-19	0.0	0.0
76.48	5.92079E-19	0.0	0.0
76.5	5.56315E-19	0.0	0.0
76.52	5.21306E-19	0.0	0.0
76.54	4.87102E-19	0.0	0.0
76.56	4.53749E-19	0.0	0.0
76.58	4.21286E-19	0.0	0.0
76.6	3.89749E-19	0.0	0.0
76.62	3.59167E-19	0.0	0.0
76.64	3.29566E-19	0.0	0.0
76.66	3.00966E-19	0.0	0.0
76.68	2.73383E-19	0.0	0.0
76.7	2.46831E-19	0.0	0.0
76.72	2.21317E-19	0.0	0.0
76.74	1.96848E-19	0.0	0.0
76.76	1.73424E-19	0.0	0.0
76.78	1.51045E-19	0.0	0.0
76.8	1.29706E-19	0.0	0.0
76.82	1.09401E-19	0.0	0.0
76.84	9.01194E-20	0.0	0.0
76.86	7.18501E-20	0.0	0.0
76.88	5.45791E-20	0.0	0.0
76.9	3.82904E-20	0.0	0.0
76.92	2.29664E-20	0.0	0.0
76.94	8.58769E-21	0.0	0.0
76.96	-4.86641E-21	0.0	0.0
76.98	-1.7418E-20	0.0	0.0
77	-2.90903E-20	0.0	0.0
77.02	-3.99076E-20	0.0	0.0
77.04	-4.9895E-20	0.0	0.0
77.06	-5.90783E-20	0.0	0.0
77.08	-6.74842E-20	0.0	0.0
77.1	-7.51395E-20	0.0	0.0
77.12	-8.20716E-20	0.0	0.0
77.14	-8.83084E-20	0.0	0.0
77.16	-9.38776E-20	0.0	0.0
77.18	-9.88073E-20	0.0	0.0
77.2	-1.03125E-19	0.0	0.0
77.22	-1.0686E-19	0.0	0.0
77.24	-1.10038E-19	0.0	0.0
77.26	-1.12689E-19	0.0	0.0
77.28	-1.14838E-19	0.0	0.0
77.3	-1.16513E-19	0.0	0.0
77.32	-1.1774E-19	0.0	0.0
77.34	-1.18546E-19	0.0	0.0
77.36	-1.18956E-19	0.0	0.0
77.38	-1.18995E-19	0.0	0.0
77.4	-1.18688E-19	0.0	0.0
77.42	-1.18058E-19	0.0	0.0
77.44	-1.17129E-19	0.0	0.0
77.46	-1.15923E-19	0.0	0.0
77.48	-1.14462E-19	0.0	0.0
77.5	-1.12767E-19	0.0	0.0
77.52	-1.10859E-19	0.0	0.0
77.54	-1.08757E-19	0.0	0.0
77.56	-1.0648E-19	0.0	0.0
77.58	-1.04047E-19	0.0	0.0
77.6	-1.01475E-19	0.0	0.0
77.62	-9.87812E-20	0.0	0.0
77.64	-9.59807E-20	0.0	0.0
77.66	-9.30891E-20	0.0	0.0
77.68	-9.01208E-20	0.0	0.0
77.7	-8.70897E-20	0.0	0.0
77.72	-8.40087E-20	0.0	0.0
77.74	-8.08901E-20	0.0	0.0
77.76	-7.77455E-20	0.0	0.0
77.78	-7.45858E-20	0.0	0.0
77.8	-7.14211E-20	0.0	0.0
77.82	-6.82611E-20	0.0	0.0
77.84	-6.51146E-20	0.0	0.0
77.86	-6.19899E-20	0.0	0.0
77.88	-5.88947E-20	0.0	0.0
77.9	-5.58359E-20	0.0	0.0
77.92	-5.28201E-20	0.0	0.0
77.94	-4.98533E-20	0.0	0.0
77.96	-4.69407E-20	0.0	0.0
77.98	-4.40872E-20	0.0	0.0
78	-4.12973E-20	0.0	0.0
78.02	-3.85747E-20	0.0	0.0
78.04	-3.59231E-20	0.0	0.0
78.06	-3.33452E-20	0.0	0.0
78.08	-3.08438E-20	0.0	0.0
78.1	-2.8421E-20	0.0	0.0
78.12	-2.60785E-20	0.0	0.0
78.14	-2.3818E-20	0.0	0.0
78.16	-2.16404E-20	0.0	0.0
78.18	-1.95466E-20	0.0	0.0
78.2	-1.75371E-20	0.0	0.0
78.22	-1.56121E-20	0.0	0.0
78.24	-1.37715E-20	0.0	0.0
78.26	-1.20151E-20	0.0	0.0
78.28	-1.03423E-20	0.0	0.0
78.3	-8.7524E-21	0.0	0.0
78.32	-7.24449E-21	0.0	0.0
78.34	-5.81747E-21	0.0	0.0
78.36	-4.47006E-21	0.0	0.0
78.38	-3.20085E-21	0.0	0.0
78.4	-2.00828E-21	0.0	0.0
78.42	-8.90697E-22	0.0	0.0
78.44	1.53693E-22	0.0	0.0
78.46	1.12676E-21	0.0	0.0
78.48	2.03047E-21	0.0	0.0
78.5	2.86685E-21	0.0	0.0
78.52	3.638E-21	0.0	0.0
78.54	4.34605E-21	0.0	0.0
78.56	4.9932E-21	0.0	0.0
78.58	5.58166E-21	0.0	0.0
78.6	6.11368E-21	0.0	0.0
78.62	6.59151E-21	0.0	0.0
78.64	7.01742E-21	0.0	0.0
78.66	7.39367E-21	0.0	0.0
78.68	7.72253E-21	0.0	0.0
78.7	8.00623E-21	0.0	0.0
78.72	8.24701E-21	0.0	0.0
78.74	8.44707E-21	0.0	0.0
78.76	8.60859E-21	0.0	0.0
78.78	8.7337E-21	0.0	0.0
78.8	8.82452E-21	0.0	0.0
78.82	8.88311E-21	0.0	0.0
78.84	8.91148E-21	0.0	0.0
78.86	8.91162E-21	0.0	0.0
78.88	8.88543E-21	0.0	0.0
78.9	8.83479E-21	0.0	0.0
78.92	8.76153E-21	0.0	0.0
78.94	8.66738E-21	0.0	0.0
78.96	8.55407E-21	0.0	0.0
78.98	8.42322E-21	0.0	0.0
79	8.27643E-21	0.0	0.0
79.02	8.11522E-21	0.0	0.0
79.04	7.94105E-21	0.0	0.0
79.06	7.75532E-21	0.0	0.0
79.08	7.55937E-21	0.0	0.0
79.1	7.35448E-21	0.0	0.0
79.12	7.14187E-21	0.0	0.0
79.14	6.9227E-21	0.0	0.0
79.16	6.69807E-21	0.0	0.0
79.18	6.46902E-21	0.0	0.0
79.2	6.23653E-21	0.0	0.0
79.22	6.00153E-21	0.0	0.0
79.24	5.76489E-21	0.0	0.0
79.26	5.52743E-21	0.0	0.0
79.28	5.2899E-21	0.0	0.0
79.3	5.05302E-21	0.0	0.0
79.32	4.81746E-21	0.0	0.0
79.34	4.58381E-21	0.0	0.0
79.36	4.35265E-21	0.0	0.0
79.38	4.12449E-21	0.0	0.0
79.4	3.89981E-21	0.0	0.0
79.42	3.67903E-21	0.0	0.0
79.44	3.46255E-21	0.0	0.0
79.46	3.25071E-21	0.0	0.0
79.48	3.04383E-21	0.0	0.0
79.5	2.84219E-21	0.0	0.0
79.52	2.64602E-21	0.0	0.0
79.54	2.45553E-21	0.0	0.0
79.56	2.27091E-21	0.0	0.0
79.58	2.09229E-21	0.0	0.0
79.6	1.91981E-21	0.0	0.0
79.62	1.75354E-21	0.0	0.0
79.64	1.59356E-21	0.0	0.0
79.66	1.43991E-21	0.0	0.0
79.68	1.29262E-21	0.0	0.0
79.7	1.15168E-21	0.0	0.0
79.72	1.01708E-21	0.0	0.0
79.74	8.8879E-22	0.0	0.0
79.76	7.66749E-22	0.0	0.0
79.78	6.50892E-22	0.0	0.0
79.8	5.4114E-22	0.0	0.0
79.82	4.37399E-22	0.0	0.0
79.84	3.39563E-22	0.0	0.0
79.86	2.47517E-22	0.0	0.0
79.88	1.61135E-22	0.0	0.0
79.9	8.02846E-23	0.0	0.0
79.92	4.82428E-24	0.0	0.0
79.94	-6.53932E-23	0.0	0.0
79.96	-1.30521E-22	0.0	0.0
79.98	-1.90716E-22	0.0	0.0
80	-2.46141E-22	0.0	0.0
80.02	-2.9696E-22	0.0	0.0
80.04	-3.43341E-22	0.0	0.0
80.06	-3.85452E-22	0.0	0.0
80.08	-4.23464E-22	0.0	0.0
80.1	-4.57548E-22	0.0	0.0
80.12	-4.87874E-22	0.0	0.0
80.14	-5.14613E-22	0.0	0.0
80.16	-5.37934E-22	0.0	0.0
80.18	-5.58005E-22	0.0	0.0
80.2	-5.74991E-22	0.0	0.0
80.22	-5.89057E-22	0.0	0.0
80.24	-6.00364E-22	0.0	0.0
80.26	-6.09071E-22	0.0	0.0
80.28	-6.15332E-22	0.0	0.0
80.3	-6.19299E-22	0.0	0.0
80.32	-6.21121E-22	0.0	0.0
80.34	-6.20941E-22	0.0	0.0
80.36	-6.18901E-22	0.0	0.0
80.38	-6.15137E-22	0.0	0.0
80.4	-6.0978E-22	0.0	0.0
80.42	-6.02959E-22	0.0	0.0
80.44	-5.94795E-22	0.0	0.0
80.46	-5.85409E-22	0.0	0.0
80.48	-5.74913E-22	0.0	0.0
80.5	-5.63419E-22	0.0	0.0
80.52	-5.51029E-22	0.0	0.0
80.54	-5.37845E-22	0.0	0.0
80.56	-5.23962E-22	0.0	0.0
80.58	-5.09471E-22	0.0	0.0
80.6	-4.94459E-22	0.0	0.0
80.62	-4.79009E-22	0.0	0.0
80.64	-4.63197E-22	0.0	0.0
80.66	-4.47096E-22	0.0	0.0
80.68	-4.30778E-22	0.0	0.0
80.7	-4.14305E-22	0.0	0.0
80.72	-3.97739E-22	0.0	0.0
80.74	-3.81136E-22	0.0	0.0
80.76	-3.64551E-22	0.0	0.0
80.78	-3.48031E-22	0.0	0.0
80.8	-3.31623E-22	0.0	0.0
80.82	-3.15369E-22	0.0	0.0
80.84	-2.99307E-22	0.0	0.0
80.86	-2.83472E-22	0.0	0.0
80.88	-2.67897E-22	0.0	0.0
80.9	-2.52611E-22	0.0	0.0
80.92	-2.3764E-22	0.0	0.0
80.94	-2.23007E-22	0.0	0.0
80.96	-2.08733E-22	0.0	0.0
80.98	-1.94836E-22	0.0	0.0
81	-1.81333E-22	0.0	0.0
81.02	-1.68235E-22	0.0	0.0
81.04	-1.55555E-22	0.0	0.0
81.06	-1.43301E-22	0.0	0.0
81.08	-1.31482E-22	0.0	0.0
81.1	-1.20102E-22	0.0	0.0
81.12	-1.09164E-22	0.0	0.0
81.14	-9.86717E-23	0.0	0.0
81.16	-8.86247E-23	0.0	0.0
81.18	-7.90224E-23	0.0	0.0
81.2	-6.98624E-23	0.0	0.0
81.22	-6.11415E-23	0.0	0.0
81.24	-5.28552E-23	0.0	0.0
81.26	-4.49981E-23	0.0	0.0
81.28	-3.75636E-23	0.0	0.0
81.3	-3.05445E-23	0.0	0.0
81.32	-2.39328E-23	0.0	0.0
81.34	-1.77198E-23	0.0	0.0
81.36	-1.18963E-23	0.0	0.0
81.38	-6.45223E-24	0.0	0.0
81.4	-1.37744E-24	0.0	0.0
81.42	3.33884E-24	0.0	0.0
81.44	7.70766E-24	0.0	0.0
81.46	1.17404E-23	0.0	0.0
81.48	1.54485E-23	0.0	0.0
81.5	1.88438E-23	0.0	0.0
81.52	2.19383E-23	0.0	0.0
81.54	2.47437E-23	0.0	0.0
81.56	2.72721E-23	0.0	0.0
81.58	2.95356E-23	0.0	0.0
81.6	3.15461E-23	0.0	0.0
81.62	3.33154E-23	0.0	0.0
81.64	3.48553E-23	0.0	0.0
81.66	3.61776E-23	0.0	0.0
81.68	3.72936E-23	0.0	0.0
81.7	3.82148E-23	0.0	0.0
81.72	3.89522E-23	0.0	0.0
81.74	3.95166E-23	0.0	0.0
81.76	3.99188E-23	0.0	0.0
81.78	4.01691E-23	0.0	0.0
81.8	4.02777E-23	0.0	0.0
81.82	4.02542E-23	0.0	0.0
81.84	4.01084E-23	0.0	0.0
81.86	3.98494E-23	0.0	0.0
81.88	3.94861E-23	0.0	0.0
81.9	3.90271E-23	0.0	0.0
81.92	3.84808E-23	0.0	0.0
81.94	3.78551E-23	0.0	0.0
81.96	3.71575E-23	0.0	0.0
81.98	3.63956E-23	0.0	0.0
82	3.55761E-23	0.0	0.0
82.02	3.47059E-23	0.0	0.0
82.04	3.37912E-23	0.0	0.0
82.06	3.28381E-23	0.0	0.0
82.08	3.18523E-23	0.0	0.0
82.1	3.08392E-23	0.0	0.0
82.12	2.98039E-23	0.0	0.0
82.14	2.87512E-23	0.0	0.0
82.16	2.76856E-23	0.0	0.0
82.18	2.66115E-23	0.0	0.0
82.2	2.55326E-23	0.0	0.0
82.22	2.44528E-23	0.0	0.0
82.24	2.33754E-23	0.0	0.0
82.26	2.23036E-23	0.0	0.0
82.28	2.12403E-23	0.0	0.0
82.3	2.01883E-23	0.0	0.0
82.32	1.91499E-23	0.0	0.0
82.34	1.81274E-23	0.0	0.0
82.36	1.71229E-23	0.0	0.0
82.38	1.61381E-23	0.0	0.0
82.4	1.51747E-23	0.0	0.0
82.42	1.42342E-23	0.0	0.0
82.44	1.33179E-23	0.0	0.0
82.46	1.24267E-23	0.0	0.0
82.48	1.15617E-23	0.0	0.0
82.5	1.07237E-23	0.0	0.0
82.52	9.91334E-24	0.0	0.0
82.54	9.13112E-24	0.0	0.0
82.56	8.37745E-24	0.0	0.0
82.58	7.65261E-24	0.0	0.0
82.6	6.95676E-24	0.0	0.0
82.62	6.28997E-24	0.0	0.0
82.64	5.65222E-24	0.0	0.0
82.66	5.04338E-24	0.0	0.0
82.68	4.46325E-24	0.0	0.0
82.7	3.91156E-24	0.0	0.0
82.72	3.38796E-24	0.0	0.0
82.74	2.89205E-24	0.0	0.0
82.76	2.42335E-24	0.0	0.0
82.78	1.98136E-24	0.0	0.0
82.8	1.56551E-24	0.0	0.0
82.82	1.1752E-24	0.0	0.0
82.84	8.09792E-25	0.0	0.0
82.86	4.68606E-25	0.0	0.0
82.88	1.50949E-25	0.0	0.0
82.9	-1.43903E-25	0.0	0.0
82.92	-4.16688E-25	0.0	0.0
82.94	-6.68164E-25	0.0	0.0
82.96	-8.99098E-25	0.0	0.0
82.98	-1.11027E-24	0.0	0.0
83	-1.30245E-24	0.0	0.0
83.02	-1.47644E-24	0.0	0.0
83.04	-1.63302E-24	0.0	0.0
83.06	-1.77296E-24	0.0	0.0
83.08	-1.89705E-24	0.0	0.0
83.1	-2.00606E-24	0.0	0.0
83.12	-2.10075E-24	0.0	0.0
83.14	-2.18187E-24	0.0	0.0
83.16	-2.25016E-24	0.0	0.0
83.18	-2.30635E-24	0.0	0.0
83.2	-2.35115E-24	0.0	0.0
83.22	-2.38525E-24	0.0	0.0
83.24	-2.40932E-24	0.0	0.0
83.26	-2.42404E-24	0.0	0.0
83.28	-2.43004E-24	0.0	0.0
83.3	-2.42794E-24	0.0	0.0
83.32	-2.41835E-24	0.0	0.0
83.34	-2.40184E-24	0.0	0.0
83.36	-2.37898E-24	0.0	0.0
83.38	-2.35031E-24	0.0	0.0
83.4	-2.31634E-24	0.0	0.0
83.42	-2.27757E-24	0.0	0.0
83.44	-2.23448E-24	0.0	0.0
83.46	-2.18752E-24	0.0	0.0
83.48	-2.13713E-24	0.0	0.0
83.5	-2.08371E-24	0.0	0.0
83.52	-2.02767E-24	0.0	0.0
83.54	-1.96937E-24	0.0	0.0
83.56	-1.90915E-24	0.0	0.0
83.58	-1.84737E-24	0.0	0.0
83.6	-1.78431E-24	0.0	0.0
83.62	-1.72029E-24	0.0	0.0
83.64	-1.65557E-24	0.0	0.0
83.66	-1.59041E-24	0.0	0.0
83.68	-1.52505E-24	0.0	0.0
83.7	-1.45971E-24	0.0	0.0
83.72	-1.3946E-24	0.0	0.0
83.74	-1.3299E-24	0.0	0.0
83.76	-1.2658E-24	0.0	0.0
83.78	-1.20245E-24	0.0	0.0
83.8	-1.13999E-24	0.0	0.0
83.82	-1.07856E-24	0.0	0.0
83.84	-1.01828E-24	0.0	0.0
83.86	-9.59254E-25	0.0	0.0
83.88	-9.01575E-25	0.0	0.0
83.9	-8.45329E-25	0.0	0.0
83.92	-7.90587E-25	0.0	0.0
83.94	-7.37413E-25	0.0	0.0
83.96	-6.85858E-25	0.0	0.0
83.98	-6.35967E-25	0.0	0.0
84	-5.87775E-25	0.0	0.0
84.02	-5.41309E-25	0.0	0.0
84.04	-4.96589E-25	0.0	0.0
84.06	-4.53627E-25	0.0	0.0
84.08	-4.1243E-25	0.0	0.0
84.1	-3.72998E-25	0.0	0.0
84.12	-3.35325E-25	0.0	0.0
84.14	-2.994E-25	0.0	0.0
84.16	-2.65208E-25	0.0	0.0
84.18	-2.32729E-25	0.0	0.0
84.2	-2.01938E-25	0.0	0.0
84.22	-1.72809E-25	0.0	0.0
84.24	-1.45309E-25	0.0	0.0
84.26	-1.19407E-25	0.0	0.0
84.28	-9.50643E-26	0.0	0.0
84.3	-7.22432E-26	0.0	0.0
84.32	-5.0903E-26	0.0	0.0
84.34	-3.10013E-26	0.0	0.0
84.36	-1.24943E-26	0.0	0.0
84.38	4.66314E-27	0.0	0.0
84.4	2.05169E-26	0.0	0.0
84.42	3.51139E-26	0.0	0.0
84.44	4.85013E-26	0.0	0.0
84.46	6.07267E-26	0.0	0.0
84.48	7.18381E-26	0.0	0.0
84.5	8.18832E-26	0.0	0.0
84.52	9.09098E-26	0.0	0.0
84.54	9.89652E-26	0.0	0.0
84.56	1.06096E-25	0.0	0.0
84.58	1.1235E-25	0.0	0.0
84.6	1.17771E-25	0.0	0.0
84.62	1.22406E-25	0.0	0.0
84.64	1.26298E-25	0.0	0.0
84.66	1.2949E-25	0.0	0.0
84.68	1.32025E-25	0.0	0.0
84.7	1.33945E-25	0.0	0.0
84.72	1.35288E-25	0.0	0.0
84.74	1.36095E-25	0.0	0.0
84.76	1.36403E-25	0.0	0.0
84.78	1.36248E-25	0.0	0.0
84.8	1.35666E-25	0.0	0.0
84.82	1.34692E-25	0.0	0.0
84.84	1.33357E-25	0.0	0.0
84.86	1.31693E-25	0.0	0.0
84.88	1.2973E-25	0.0	0.0
84.9	1.27498E-25	0.0	0.0
84.92	1.25023E-25	0.0	0.0
84.94	1.22333E-25	0.0	0.0
84.96	1.19451E-25	0.0	0.0
84.98	1.16402E-25	0.0	0.0
85	1.13209E-25	0.0	0.0
85.02	1.09892E-25	0.0	0.0
85.04	1.06471E-25	0.0	0.0
85.06	1.02966E-25	0.0	0.0
85.08	9.93943E-26	0.0	0.0
85.1	9.57722E-26	0.0	0.0
85.12	9.21155E-26	0.0	0.0
85.14	8.84385E-26	0.0	0.0
85.16	8.47548E-26	0.0	0.0
85.18	8.10768E-26	0.0	0.0
85.2	7.7416E-26	0.0	0.0
85.22	7.37829E-26	0.0	0.0
85.24	7.01872E-26	0.0	0.0
85.26	6.66378E-26	0.0	0.0
85.28	6.31426E-26	0.0	0.0
85.3	5.9709E-26	0.0	0.0
85.32	5.63432E-26	0.0	0.0
85.34	5.30513E-26	0.0	0.0
85.36	4.98381E-26	0.0	0.0
85.38	4.67083E-26	0.0	0.0
85.4	4.36655E-26	0.0	0.0
85.42	4.07132E-26	0.0	0.0
85.44	3.7854E-26	0.0	0.0
85.46	3.50901E-26	0.0	0.0
85.48	3.24233E-26	0.0	0.0
85.5	2.98548E-26	0.0	0.0
85.52	2.73856E-26	0.0	0.0
85.54	2.50161E-26	0.0	0.0
85.56	2.27465E-26	0.0	0.0
85.58	2.05764E-26	0.0	0.0
85.6	1.85055E-26	0.0	0.0
85.62	1.65329E-26	0.0	0.0
85.64	1.46575E-26	0.0	0.0
85.66	1.2878E-26	0.0	0.0
85.68	1.11929E-26	0.0	0.0
85.7	9.60054E-27	0.0	0.0
85.72	8.09897E-27	0.0	0.0
85.74	6.68619E-27	0.0	0.0
85.76	5.36002E-27	0.0	0.0
85.78	4.11816E-27	0.0	0.0
85.8	2.95823E-27	0.0	0.0
85.82	1.87775E-27	0.0	0.0
85.84	8.74182E-28	0.0	0.0
85.86	-5.50927E-29	0.0	0.0
85.88	-9.12718E-28	0.0	0.0
85.9	-1.70138E-27	0.0	0.0
85.92	-2.42377E-27	0.0	0.0
85.94	-3.08262E-27	0.0	0.0
85.96	-3.68063E-27	0.0	0.0
85.98	-4.22052E-27	0.0	0.0
86	-4.70497E-27	0.0	0.0
86.02	-5.13665E-27	0.0	0.0
86.04	-5.5182E-27	0.0	0.0
86.06	-5.85222E-27	0.0	0.0
86.08	-6.14126E-27	0.0	0.0
86.1	-6.38783E-27	0.0	0.0
86.12	-6.59439E-27	0.0	0.0
86.14	-6.76334E-27	0.0	0.0
86.16	-6.89701E-27	0.0	0.0
86.18	-6.99768E-27	0.0	0.0
86.2	-7.06757E-27	0.0	0.0
86.22	-7.10881E-27	0.0	0.0
86.24	-7.12347E-27	0.0	0.0
86.26	-7.11355E-27	0.0	0.0
86.28	-7.08099E-27	0.0	0.0
86.3	-7.02763E-27	0.0	0.0
86.32	-6.95526E-27	0.0	0.0
86.34	-6.86558E-27	0.0	0.0
86.36	-6.76022E-27	0.0	0.0
86.38	-6.64074E-27	0.0	0.0
86.4	-6.50863E-27	0.0	0.0
86.42	-6.36529E-27	0.0	0.0
86.44	-6.21208E-27	0.0	0.0
86.46	-6.05025E-27	0.0	0.0
86.48	-5.88101E-27	0.0	0.0
86.5	-5.70549E-27	0.0	0.0
86.52	-5.52476E-27	0.0	0.0
86.54	-5.33982E-27	0.0	0.0
86.56	-5.15161E-27	0.0	0.0
86.58	-4.96099E-27	0.0	0.0
86.6	-4.7688E-27	0.0	0.0
86.62	-4.57578E-27	0.0	0.0
86.64	-4.38264E-27	0.0	0.0
86.66	-4.19003E-27	0.0	0.0
86.68	-3.99854E-27	0.0	0.0
86.7	-3.80873E-27	0.0	0.0
86.72	-3.62109E-27	0.0	0.0
86.74	-3.43608E-27	0.0	0.0
86.76	-3.2541E-27	0.0	0.0
86.78	-3.07553E-27	0.0	0.0
86.8	-2.90068E-27	0.0	0.0
86.82	-2.72986E-27	0.0	0.0
86.84	-2.56331E-27	0.0	0.0
86.86	-2.40126E-27	0.0	0.0
86.88	-2.24389E-27	0.0	0.0
86.9	-2.09137E-27	0.0	0.0
86.92	-1.94382E-27	0.0	0.0
86.94	-1.80135E-27	0.0	0.0
86.96	-1.66403E-27	0.0	0.0
86.98	-1.53192E-27	0.0	0.0
87	-1.40505E-27	0.0	0.0
87.02	-1.28344E-27	0.0	0.0
87.04	-1.16708E-27	0.0	0.0
87.06	-1.05595E-27	0.0	0.0
87.08	-9.50011E-28	0.0	0.0
87.1	-8.49211E-28	0.0	0.0
87.12	-7.53484E-28	0.0	0.0
87.14	-6.62754E-28	0.0	0.0
87.16	-5.76933E-28	0.0	0.0
87.18	-4.95922E-28	0.0	0.0
87.2	-4.19617E-28	0.0	0.0
87.22	-3.47904E-28	0.0	0.0
87.24	-2.80662E-28	0.0	0.0
87.26	-2.17767E-28	0.0	0.0
87.28	-1.59089E-28	0.0	0.0
87.3	-1.04492E-28	0.0	0.0
87.32	-5.38411E-29	0.0	0.0
87.34	-6.99492E-30	0.0	0.0
87.36	3.61878E-29	0.0	0.0
87.38	7.58497E-29	0.0	0.0
87.4	1.12134E-28	0.0	0.0
87.42	1.45185E-28	0.0	0.0
87.44	1.75146E-28	0.0	0.0
87.46	2.02158E-28	0.0	0.0
87.48	2.26363E-28	0.0	0.0
87.5	2.479E-28	0.0	0.0
87.52	2.66906E-28	0.0	0.0
87.54	2.83518E-28	0.0	0.0
87.56	2.97867E-28	0.0	0.0
87.58	3.10083E-28	0.0	0.0
87.6	3.20294E-28	0.0	0.0
87.62	3.28622E-28	0.0	0.0
87.64	3.35188E-28	0.0	0.0
87.66	3.40109E-28	0.0	0.0
87.68	3.43498E-28	0.0	0.0
87.7	3.45464E-28	0.0	0.0
87.72	3.46112E-28	0.0	0.0
87.74	3.45545E-28	0.0	0.0
87.76	3.43861E-28	0.0	0.0
87.78	3.41152E-28	0.0	0.0
87.8	3.3751E-28	0.0	0.0
87.82	3.33019E-28	0.0	0.0
87.84	3.27763E-28	0.0	0.0
87.86	3.21819E-28	0.0	0.0
87.88	3.15262E-28	0.0	0.0
87.9	3.08163E-28	0.0	0.0
87.92	3.00587E-28	0.0	0.0
87.94	2.92599E-28	0.0	0.0
87.96	2.84258E-28	0.0	0.0
87.98	2.75621E-28	0.0	0.0
88	2.66739E-28	0.0	0.0
88.02	2.57662E-28	0.0	0.0
88.04	2.48436E-28	0.0	0.0
88.06	2.39105E-28	0.0	0.0
88.08	2.29708E-28	0.0	0.0
88.1	2.20282E-28	0.0	0.0
88.12	2.10862E-28	0.0	0.0
88.14	2.01478E-28	0.0	0.0
88.16	1.9216E-28	0.0	0.0
88.18	1.82934E-28	0.0	0.0
88.2	1.73824E-28	0.0	0.0
88.22	1.64852E-28	0.0	0.0
88.24	1.56037E-28	0.0	0.0
88.26	1.47396E-28	0.0	0.0
88.28	1.38945E-28	0.0	0.0
88.3	1.30697E-28	0.0	0.0
88.32	1.22665E-28	0.0	0.0
88.34	1.14858E-28	0.0	0.0
88.36	1.07285E-28	0.0	0.0
88.38	9.99536E-29	0.0	0.0
88.4	9.28685E-29	0.0	0.0
88.42	8.60346E-29	0.0	0.0
88.44	7.9455E-29	0.0	0.0
88.46	7.3132E-29	0.0	0.0
88.48	6.70664E-29	0.0	0.0
88.5	6.12584E-29	0.0	0.0
88.52	5.57073E-29	0.0	0.0
88.54	5.04113E-29	0.0	0.0
88.56	4.53682E-29	0.0	0.0
88.58	4.0575E-29	0.0	0.0
88.6	3.60279E-29	0.0	0.0
88.62	3.17229E-29	0.0	0.0
88.64	2.76552E-29	0.0	0.0
88.66	2.38198E-29	0.0	0.0
88.68	2.0211E-29	0.0	0.0
88.7	1.68233E-29	0.0	0.0
88.72	1.36502E-29	0.0	0.0
88.74	1.06857E-29	0.0	0.0
88.76	7.92294E-30	0.0	0.0
88.78	5.35532E-30	0.0	0.0
88.8	2.97597E-30	0.0	0.0
88.82	7.77904E-31	0.0	0.0
88.84	-1.24589E-30	0.0	0.0
88.86	-3.10247E-30	0.0	0.0
88.88	-4.7989E-30	0.0	0.0
88.9	-6.34224E-30	0.0	0.0
88.92	-7.73949E-30	0.0	0.0
88.94	-8.9976E-30	0.0	0.0
88.96	-1.01234E-29	0.0	0.0
88.98	-1.11238E-29	0.0	0.0
89	-1.20053E-29	0.0	0.0
89.02	-1.27745E-29	0.0	0.0
89.04	-1.34378E-29	0.0	0.0
89.06	-1.40014E-29	0.0	0.0
89.08	-1.44715E-29	0.0	0.0
89.1	-1.48539E-29	0.0	0.0
89.12	-1.51544E-29	0.0	0.0
89.14	-1.53785E-29	0.0	0.0
89.16	-1.55317E-29	0.0	0.0
89.18	-1.56192E-29	0.0	0.0
89.2	-1.56459E-29	0.0	0.0
89.22	-1.56166E-29	0.0	0.0
89.24	-1.5536E-29	0.0	0.0
89.26	-1.54084E-29	0.0	0.0
89.28	-1.52382E-29	0.0	0.0
89.3	-1.50293E-29	0.0	0.0
89.32	-1.47856E-29	0.0	0.0
89.34	-1.45107E-29	0.0	0.0
89.36	-1.42082E-29	0.0	0.0
89.38	-1.38812E-29	0.0	0.0
89.4	-1.35329E-29	0.0	0.0
89.42	-1.31662E-29	0.0	0.0
89.44	-1.27839E-29	0.0	0.0
89.46	-1.23885E-29	0.0	0.0
89.48	-1.19825E-29	0.0	0.0
89.5	-1.15682E-29	0.0	0.0
89.52	-1.11475E-29	0.0	0.0
89.54	-1.07226E-29	0.0	0.0
89.56	-1.02952E-29	0.0	0.0
89.58	-9.86702E-30	0.0	0.0
89.6	-9.43956E-30	0.0	0.0
89.62	-9.01427E-30	0.0	0.0
89.64	-8.59243E-30	0.0	0.0
89.66	-8.17523E-30	0.0	0.0
89.68	-7.76373E-30	0.0	0.0
89.7	-7.3589E-30	0.0	0.0
89.72	-6.9616E-30	0.0	0.0
89.74	-6.57259E-30	0.0	0.0
89.76	-6.19254E-30	0.0	0.0
89.78	-5.82205E-30	0.0	0.0
89.8	-5.46162E-30	0.0	0.0
89.82	-5.11168E-30	0.0	0.0
89.84	-4.77259E-30	0.0	0.0
89.86	-4.44465E-30	0.0	0.0
89.88	-4.12809E-30	0.0	0.0
89.9	-3.82308E-30	0.0	0.0
89.92	-3.52973E-30	0.0	0.0
89.94	-3.24813E-30	0.0	0.0
89.96	-2.97827E-30	0.0	0.0
89.98	-2.72016E-30	0.0	0.0
90	-2.47372E-30	0.0	0.0
90.02	-2.23887E-30	0.0	0.0
90.04	-2.01546E-30	0.0	0.0
90.06	-1.80336E-30	0.0	0.0
90.08	-1.60236E-30	0.0	0.0
90.1	-1.41227E-30	0.0	0.0
90.12	-1.23285E-30	0.0	0.0
90.14	-1.06385E-30	0.0	0.0
90.16	-9.05025E-31	0.0	0.0
90.18	-7.56082E-31	0.0	0.0
90.2	-6.16734E-31	0.0	0.0
90.22	-4.86684E-31	0.0	0.0
90.24	-3.65622E-31	0.0	0.0
90.26	-2.53236E-31	0.0	0.0
90.28	-1.49208E-31	0.0	0.0
90.3	-5.32156E-32	0.0	0.0
90.32	3.50645E-32	0.0	0.0
90.34	1.15956E-31	0.0	0.0
90.36	1.89782E-31	0.0	0.0
90.38	2.56865E-31	0.0	0.0
90.4	3.17523E-31	0.0	0.0
90.42	3.72071E-31	0.0	0.0
90.44	4.2082E-31	0.0	0.0
90.46	4.64076E-31	0.0	0.0
90.48	5.02139E-31	0.0	0.0
90.5	5.35302E-31	0.0	0.0
90.52	5.63852E-31	0.0	0.0
90.54	5.88069E-31	0.0	0.0
90.56	6.08223E-31	0.0	0.0
90.58	6.24579E-31	0.0	0.0
90.6	6.37392E-31	0.0	0.0
90.62	6.46908E-31	0.0	0.0
90.64	6.53366E-31	0.0	0.0
90.66	6.56995E-31	0.0	0.0
90.68	6.58016E-31	0.0	0.0
90.7	6.5664E-31	0.0	0.0
90.72	6.53069E-31	0.0	0.0
90.74	6.47497E-31	0.0	0.0
90.76	6.40108E-31	0.0	0.0
90.78	6.3108E-31	0.0	0.0
90.8	6.20578E-31	0.0	0.0
90.82	6.08762E-31	0.0	0.0
90.84	5.95782E-31	0.0	0.0
90.86	5.81779E-31	0.0	0.0
90.88	5.66888E-31	0.0	0.0
90.9	5.51234E-31	0.0	0.0
90.92	5.34935E-31	0.0	0.0
90.94	5.18104E-31	0.0	0.0
90.96	5.00842E-31	0.0	0.0
90.98	4.83247E-31	0.0	0.0
91	4.65408E-31	0.0	0.0
91.02	4.47408E-31	0.0	0.0
91.04	4.29325E-31	0.0	0.0
91.06	4.11229E-31	0.0	0.0
91.08	3.93185E-31	0.0	0.0
91.1	3.75253E-31	0.0	0.0
91.12	3.57486E-31	0.0	0.0
91.14	3.39934E-31	0.0	0.0
91.16	3.22641E-31	0.0	0.0
91.18	3.05647E-31	0.0	0.0
91.2	2.88987E-31	0.0	0.0
91.22	2.72693E-31	0.0	0.0
91.24	2.56791E-31	0.0	0.0
91.26	2.41306E-31	0.0	0.0
91.28	2.26257E-31	0.0	0.0
91.3	2.11662E-31	0.0	0.0
91.32	1.97535E-31	0.0	0.0
91.34	1.83887E-31	0.0	0.0
91.36	1.70726E-31	0.0	0.0
91.38	1.58059E-31	0.0	0.0
91.4	1.45889E-31	0.0	0.0
91.42	1.34219E-31	0.0	0.0
91.44	1.23047E-31	0.0	0.0
91.46	1.12373E-31	0.0	0.0
91.48	1.02193E-31	0.0	0.0
91.5	9.25011E-32	0.0	0.0
91.52	8.32917E-32	0.0	0.0
91.54	7.45573E-32	0.0	0.0
91.56	6.62892E-32	0.0	0.0
91.58	5.84779E-32	0.0	0.0
91.6	5.11132E-32	0.0	0.0
91.62	4.41838E-32	0.0	0.0
91.64	3.76782E-32	0.0	0.0
91.66	3.15841E-32	0.0	0.0
91.68	2.58888E-32	0.0	0.0
91.7	2.05792E-32	0.0	0.0
91.72	1.5642E-32	0.0	0.0
91.74	1.10637E-32	0.0	0.0
91.76	6.83056E-33	0.0	0.0
91.78	2.92878E-33	0.0	0.0
91.8	-6.55456E-34	0.0	0.0
91.82	-3.93595E-33	0.0	0.0
91.84	-6.92645E-33	0.0	0.0
91.86	-9.64056E-33	0.0	0.0
91.88	-1.20918E-32	0.0	0.0
91.9	-1.42934E-32	0.0	0.0
91.92	-1.62584E-32	0.0	0.0
91.94	-1.79997E-32	0.0	0.0
91.96	-1.95299E-32	0.0	0.0
91.98	-2.08611E-32	0.0	0.0
92	-2.20054E-32	0.0	0.0
92.02	-2.29742E-32	0.0	0.0
92.04	-2.3779E-32	0.0	0.0
92.06	-2.44307E-32	0.0	0.0
92.08	-2.49396E-32	0.0	0.0
92.1	-2.53162E-32	0.0	0.0
92.12	-2.557E-32	0.0	0.0
92.14	-2.57106E-32	0.0	0.0
92.16	-2.5747E-32	0.0	0.0
92.18	-2.56879E-32	0.0	0.0
92.2	-2.55414E-32	0.0	0.0
92.22	-2.53155E-32	0.0	0.0
92.24	-2.50176E-32	0.0	0.0
92.26	-2.4655E-32	0.0	0.0
92.28	-2.42344E-32	0.0	0.0
92.3	-2.37622E-32	0.0	0.0
92.32	-2.32444E-32	0.0	0.0
92.34	-2.26868E-32	0.0	0.0
92.36	-2.20948E-32	0.0	0.0
92.38	-2.14733E-32	0.0	0.0
92.4	-2.08271E-32	0.0	0.0
92.42	-2.01606E-32	0.0	0.0
92.44	-1.9478E-32	0.0	0.0
92.46	-1.8783E-32	0.0	0.0
92.48	-1.80792E-32	0.0	0.0
92.5	-1.737E-32	0.0	0.0
92.52	-1.66582E-32	0.0	0.0
92.54	-1.59468E-32	0.0	0.0
92.56	-1.52382E-32	0.0	0.0
92.58	-1.45348E-32	0.0	0.0
92.6	-1.38386E-32	0.0	0.0
92.62	-1.31516E-32	0.0	0.0
92.64	-1.24755E-32	0.0	0.0
92.66	-1.18118E-32	0.0	0.0
92.68	-1.11619E-32	0.0	0.0
92.7	-1.05268E-32	0.0	0.0
92.72	-9.90779E-33	0.0	0.0
92.74	-9.30559E-33	0.0	0.0
92.76	-8.72098E-33	0.0	0.0
92.78	-8.15461E-33	0.0	0.0
92.8	-7.60696E-33	0.0	0.0
92.82	-7.07844E-33	0.0	0.0
92.84	-6.56932E-33	0.0	0.0
92.86	-6.07982E-33	0.0	0.0
92.88	-5.61004E-33	0.0	0.0
92.9	-5.16E-33	0.0	0.0
92.92	-4.72966E-33	0.0	0.0
92.94	-4.3189E-33	0.0	0.0
92.96	-3.92755E-33	0.0	0.0
92.98	-3.55538E-33	0.0	0.0
93	-3.20211E-33	0.0	0.0
93.02	-2.8674E-33	0.0	0.0
93.04	-2.5509E-33	0.0	0.0
93.06	-2.2522E-33	0.0	0.0
93.08	-1.97087E-33	0.0	0.0
93.1	-1.70645E-33	0.0	0.0
93.12	-1.45847E-33	0.0	0.0
93.14	-1.22642E-33	0.0	0.0
93.16	-1.00978E-33	0.0	0.0
93.18	-8.0804E-34	0.0	0.0
93.2	-6.20648E-34	0.0	0.0
93.22	-4.47065E-34	0.0	0.0
93.24	-2.86743E-34	0.0	0.0
93.26	-1.39134E-34	0.0	0.0
93.28	-3.68919E-36	0.0	0.0
93.3	1.20139E-34	0.0	0.0
93.32	2.32892E-34	0.0	0.0
93.34	3.35106E-34	0.0	0.0
93.36	4.2731E-34	0.0	0.0
93.38	5.10026E-34	0.0	0.0
93.4	5.83763E-34	0.0	0.0
93.42	6.49021E-34	0.0	0.0
93.44	7.06289E-34	0.0	0.0
93.46	7.56043E-34	0.0	0.0
93.48	7.98745E-34	0.0	0.0
93.5	8.34844E-34	0.0	0.0
93.52	8.64774E-34	0.0	0.0
93.54	8.88955E-34	0.0	0.0
93.56	9.07793E-34	0.0	0.0
93.58	9.21678E-34	0.0	0.0
93.6	9.30984E-34	0.0	0.0
93.62	9.3607E-34	0.0	0.0
93.64	9.37282E-34	0.0	0.0
93.66	9.34947E-34	0.0	0.0
93.68	9.29379E-34	0.0	0.0
93.7	9.20878E-34	0.0	0.0
93.72	9.09726E-34	0.0	0.0
93.74	8.96194E-34	0.0	0.0
93.76	8.80535E-34	0.0	0.0
93.78	8.62991E-34	0.0	0.0
93.8	8.43788E-34	0.0	0.0
93.82	8.23141E-34	0.0	0.0
93.84	8.01249E-34	0.0	0.0
93.86	7.78301E-34	0.0	0.0
93.88	7.54472E-34	0.0	0.0
93.9	7.29926E-34	0.0	0.0
93.92	7.04816E-34	0.0	0.0
93.94	6.79283E-34	0.0	0.0
93.96	6.53456E-34	0.0	0.0
93.98	6.27458E-34	0.0	0.0
94	6.01399E-34	0.0	0.0
94.02	5.75379E-34	0.0	0.0
94.04	5.49492E-34	0.0	0.0
94.06	5.23822E-34	0.0	0.0
94.08	4.98445E-34	0.0	0.0
94.1	4.7343E-34	0.0	0.0
94.12	4.48836E-34	0.0	0.0
94.14	4.2472E-34	0.0	0.0
94.16	4.01128E-34	0.0	0.0
94.18	3.78102E-34	0.0	0.0
94.2	3.5568E-34	0.0	0.0
94.22	3.3389E-34	0.0	0.0
94.24	3.12759E-34	0.0	0.0
94.26	2.92309E-34	0.0	0.0
94.28	2.72556E-34	0.0	0.0
94.3	2.53512E-34	0.0	0.0
94.32	2.35187E-34	0.0	0.0
94.34	2.17586E-34	0.0	0.0
94.36	2.00711E-34	0.0	0.0
94.38	1.84563E-34	0.0	0.0
94.4	1.69137E-34	0.0	0.0
94.42	1.54428E-34	0.0	0.0
94.44	1.4043E-34	0.0	0.0
94.46	1.2713E-34	0.0	0.0
94.48	1.1452E-34	0.0	0.0
94.5	1.02584E-34	0.0	0.0
94.52	9.13096E-35	0.0	0.0
94.54	8.06802E-35	0.0	0.0
94.56	7.06795E-35	0.0	0.0
94.58	6.12898E-35	0.0	0.0
94.6	5.24929E-35	0.0	0.0
94.62	4.42698E-35	0.0	0.0
94.64	3.66011E-35	0.0	0.0
94.66	2.9467E-35	0.0	0.0
94.68	2.28476E-35	0.0	0.0
94.7	1.67224E-35	0.0	0.0
94.72	1.10714E-35	0.0	0.0
94.74	5.87399E-36	0.0	0.0
94.76	1.11013E-36	0.0	0.0
94.78	-3.24035E-36	0.0	0.0
94.8	-7.1973E-36	0.0	0.0
94.82	-1.07804E-35	0.0	0.0
94.84	-1.40088E-35	0.0	0.0
94.86	-1.69017E-35	0.0	0.0
94.88	-1.94774E-35	0.0	0.0
94.9	-2.17542E-35	0.0	0.0
94.92	-2.37496E-35	0.0	0.0
94.94	-2.54809E-35	0.0	0.0
94.96	-2.69647E-35	0.0	0.0
94.98	-2.82171E-35	0.0	0.0
95	-2.92538E-35	0.0	0.0
95.02	-3.00897E-35	0.0	0.0
95.04	-3.07392E-35	0.0	0.0
95.06	-3.12164E-35	0.0	0.0
95.08	-3.15346E-35	0.0	0.0
95.1	-3.17064E-35	0.0	0.0
95.12	-3.17441E-35	0.0	0.0
95.14	-3.16594E-35	0.0	0.0
95.16	-3.14633E-35	0.0	0.0
95.18	-3.11663E-35	0.0	0.0
95.2	-3.07784E-35	0.0	0.0
95.22	-3.03091E-35	0.0	0.0
95.24	-2.97672E-35	0.0	0.0
95.26	-2.91612E-35	0.0	0.0
95.28	-2.8499E-35	0.0	0.0
95.3	-2.7788E-35	0.0	0.0
95.32	-2.70353E-35	0.0	0.0
95.34	-2.62472E-35	0.0	0.0
95.36	-2.543E-35	0.0	0.0
95.38	-2.45892E-35	0.0	0.0
95.4	-2.373E-35	0.0	0.0
95.42	-2.28574E-35	0.0	0.0
95.44	-2.19758E-35	0.0	0.0
95.46	-2.10893E-35	0.0	0.0
95.48	-2.02017E-35	0.0	0.0
95.5	-1.93164E-35	0.0	0.0
95.52	-1.84366E-35	0.0	0.0
95.54	-1.75651E-35	0.0	0.0
95.56	-1.67045E-35	0.0	0.0
95.58	-1.5857E-35	0.0	0.0
95.6	-1.50247E-35	0.0	0.0
95.62	-1.42094E-35	0.0	0.0
95.64	-1.34127E-35	0.0	0.0
95.66	-1.26359E-35	0.0	0.0
95.68	-1.18803E-35	0.0	0.0
95.7	-1.11467E-35	0.0	0.0
95.72	-1.04361E-35	0.0	0.0
95.74	-9.74905E-36	0.0	0.0
95.76	-9.0861E-36	0.0	0.0
95.78	-8.44763E-36	0.0	0.0
95.8	-7.83388E-36	0.0	0.0
95.82	-7.24499E-36	0.0	0.0
95.84	-6.68099E-36	0.0	0.0
95.86	-6.14181E-36	0.0	0.0
95.88	-5.62729E-36	0.0	0.0
95.9	-5.1372E-36	0.0	0.0
95.92	-4.67123E-36	0.0	0.0
95.94	-4.22901E-36	0.0	0.0
95.96	-3.81011E-36	0.0	0.0
95.98	-3.41405E-36	0.0	0.0
96	-3.04031E-36	0.0	0.0
96.02	-2.68831E-36	0.0	0.0
96.04	-2.35748E-36	0.0	0.0
96.06	-2.04718E-36	0.0	0.0
96.08	-1.75677E-36	0.0	0.0
96.1	-1.48559E-36	0.0	0.0
96.12	-1.23295E-36	0.0	0.0
96.14	-9.98172E-37	0.0	0.0
96.16	-7.80557E-37	0.0	0.0
96.18	-5.79405E-37	0.0	0.0
96.2	-3.94017E-37	0.0	0.0
96.22	-2.23695E-37	0.0	0.0
96.24	-6.77468E-38	0.0	0.0
96.26	7.45152E-38	0.0	0.0
96.28	2.03768E-37	0.0	0.0
96.3	3.20679E-37	0.0	0.0
96.32	4.25902E-37	0.0	0.0
96.34	5.20079E-37	0.0	0.0
96.36	6.03835E-37	0.0	0.0
96.38	6.77782E-37	0.0	0.0
96.4	7.42512E-37	0.0	0.0
96.42	7.98602E-37	0.0	0.0
96.44	8.46609E-37	0.0	0.0
96.46	8.87071E-37	0.0	0.0
96.48	9.20508E-37	0.0	0.0
96.5	9.47421E-37	0.0	0.0
96.52	9.6829E-37	0.0	0.0
96.54	9.83575E-37	0.0	0.0
96.56	9.93719E-37	0.0	0.0
96.58	9.99141E-37	0.0	0.0
96.6	1.00025E-36	0.0	0.0
96.62	9.97413E-37	0.0	0.0
96.64	9.91008E-37	0.0	0.0
96.66	9.81374E-37	0.0	0.0
96.68	9.68839E-37	0.0	0.0
96.7	9.53711E-37	0.0	0.0
96.72	9.3628E-37	0.0	0.0
96.74	9.16819E-37	0.0	0.0
96.76	8.95586E-37	0.0	0.0
96.78	8.72821E-37	0.0	0.0
96.8	8.4875E-37	0.0	0.0
96.82	8.23581E-37	0.0	0.0
96.84	7.97511E-37	0.0	0.0
96.86	7.70721E-37	0.0	0.0
96.88	7.43378E-37	0.0	0.0
96.9	7.15638E-37	0.0	0.0
96.92	6.87643E-37	0.0	0.0
96.94	6.59523E-37	0.0	0.0
96.96	6.31399E-37	0.0	0.0
96.98	6.03379E-37	0.0	0.0
97	5.75562E-37	0.0	0.0
97.02	5.48037E-37	0.0	0.0
97.04	5.20883E-37	0.0	0.0
97.06	4.94172E-37	0.0	0.0
97.08	4.67967E-37	0.0	0.0
97.1	4.42324E-37	0.0	0.0
97.12	4.17291E-37	0.0	0.0
97.14	3.9291E-37	0.0	0.0
97.16	3.69216E-37	0.0	0.0
97.18	3.46239E-37	0.0	0.0
97.2	3.24002E-37	0.0	0.0
97.22	3.02526E-37	0.0	0.0
97.24	2.81824E-37	0.0	0.0
97.26	2.61907E-37	0.0	0.0
97.28	2.4278E-37	0.0	0.0
97.3	2.24447E-37	0.0	0.0
97.32	2.06907E-37	0.0	0.0
97.34	1.90155E-37	0.0	0.0
97.36	1.74186E-37	0.0	0.0
97.38	1.58991E-37	0.0	0.0
97.4	1.44558E-37	0.0	0.0
97.42	1.30875E-37	0.0	0.0
97.44	1.17927E-37	0.0	0.0
97.46	1.05697E-37	0.0	0.0
97.48	9.41675E-38	0.0	0.0
97.5	8.33204E-38	0.0	0.0
97.52	7.31357E-38	0.0	0.0
97.54	6.3593E-38	0.0	0.0
97.56	5.46711E-38	0.0	0.0
97.58	4.63484E-38	0.0	0.0
97.6	3.86028E-38	0.0	0.0
97.62	3.14122E-38	0.0	0.0
97.64	2.47542E-38	0.0	0.0
97.66	1.86062E-38	0.0	0.0
97.68	1.29459E-38	0.0	0.0
97.7	7.75113E-39	0.0	0.0
97.72	2.99969E-39	0.0	0.0
97.74	-1.33015E-39	0.0	0.0
97.76	-5.25986E-39	0.0	0.0
97.78	-8.81049E-39	0.0	0.0
97.8	-1.20027E-38	0.0	0.0
97.82	-1.48566E-38	0.0	0.0
97.84	-1.73919E-38	0.0	0.0
97.86	-1.96277E-38	0.0	0.0
97.88	-2.15825E-38	0.0	0.0
97.9	-2.32744E-38	0.0	0.0
97.92	-2.47205E-38	0.0	0.0
97.94	-2.59378E-38	0.0	0.0
97.96	-2.69422E-38	0.0	0.0
97.98	-2.77494E-38	0.0	0.0
98	-2.8374E-38	0.0	0.0
98.02	-2.88303E-38	0.0	0.0
98.04	-2.91319E-38	0.0	0.0
98.06	-2.92918E-38	0.0	0.0
98.08	-2.93222E-38	0.0	0.0
98.1	-2.92349E-38	0.0	0.0
98.12	-2.90409E-38	0.0	0.0
98.14	-2.87508E-38	0.0	0.0
98.16	-2.83744E-38	0.0	0.0
98.18	-2.79212E-38	0.0	0.0
98.2	-2.73999E-38	0.0	0.0
98.22	-2.68189E-38	0.0	0.0
98.24	-2.61858E-38	0.0	0.0
98.26	-2.5508E-38	0.0	0.0
98.28	-2.47921E-38	0.0	0.0
98.3	-2.40445E-38	0.0	0.0
98.32	-2.3271E-38	0.0	0.0
98.34	-2.2477E-38	0.0	0.0
98.36	-2.16676E-38	0.0	0.0
98.38	-2.08473E-38	0.0	0.0
98.4	-2.00204E-38	0.0	0.0
98.42	-1.91906E-38	0.0	0.0
98.44	-1.83617E-38	0.0	0.0
98.46	-1.75366E-38	0.0	0.0
98.48	-1.67184E-38	0.0	0.0
98.5	-1.59096E-38	0.0	0.0
98.52	-1.51126E-38	0.0	0.0
98.54	-1.43293E-38	0.0	0.0
98.56	-1.35617E-38	0.0	0.0
98.58	-1.28113E-38	0.0	0.0
98.6	-1.20795E-38	0.0	0.0
98.62	-1.13675E-38	0.0	0.0
98.64	-1.06763E-38	0.0	0.0
98.66	-1.00067E-38	0.0	0.0
98.68	-9.35927E-39	0.0	0.0
98.7	-8.73463E-39	0.0	0.0
98.72	-8.13313E-39	0.0	0.0
98.74	-7.55501E-39	0.0	0.0
98.76	-7.00041E-39	0.0	0.0
98.78	-6.46935E-39	0.0	0.0
98.8	-5.96176E-39	0.0	0.0
98.82	-5.47749E-39	0.0	0.0
98.84	-5.01631E-39	0.0	0.0
98.86	-4.57792E-39	0.0	0.0
98.88	-4.16194E-39	0.0	0.0
98.9	-3.76796E-39	0.0	0.0
98.92	-3.39552E-39	0.0	0.0
98.94	-3.04409E-39	0.0	0.0
98.96	-2.71314E-39	0.0	0.0
98.98	-2.40208E-39	0.0	0.0
99	-2.11031E-39	0.0	0.0
99.02	-1.83721E-39	0.0	0.0
99.04	-1.58213E-39	0.0	0.0
99.06	-1.34443E-39	0.0	0.0
99.08	-1.12343E-39	0.0	0.0
99.1	-9.18477E-40	0.0	0.0
99.12	-7.28896E-40	0.0	0.0
99.14	-5.54019E-40	0.0	0.0
99.16	-3.93179E-40	0.0	0.0
99.18	-2.45717E-40	0.0	0.0
99.2	-1.1098E-40	0.0	0.0
99.22	1.16738E-41	0.0	0.0
99.24	1.22877E-40	0.0	0.0
99.26	2.23247E-40	0.0	0.0
99.28	3.13389E-40	0.0	0.0
99.3	3.93893E-40	0.0	0.0
99.32	4.65331E-40	0.0	0.0
99.34	5.2826E-40	0.0	0.0
99.36	5.83219E-40	0.0	0.0
99.38	6.30729E-40	0.0	0.0
99.4	6.71292E-40	0.0	0.0
99.42	7.0539E-40	0.0	0.0
99.44	7.3349E-40	0.0	0.0
99.46	7.56035E-40	0.0	0.0
99.48	7.73453E-40	0.0	0.0
99.5	7.86151E-40	0.0	0.0
99.52	7.94516E-40	0.0	0.0
99.54	7.98919E-40	0.0	0.0
99.56	7.99711E-40	0.0	0.0
99.58	7.97224E-40	0.0	0.0
99.6	7.91775E-40	0.0	0.0
99.62	7.8366E-40	0.0	0.0
99.64	7.73161E-40	0.0	0.0
99.66	7.60542E-40	0.0	0.0
99.68	7.46051E-40	0.0	0.0
99.7	7.29921E-40	0.0	0.0
99.72	7.1237E-40	0.0	0.0
99.74	6.93599E-40	0.0	0.0
99.76	6.73799E-40	0.0	0.0
99.78	6.53146E-40	0.0	0.0
99.8	6.31801E-40	0.0	0.0
99.82	6.09915E-40	0.0	0.0
99.84	5.87626E-40	0.0	0.0
99.86	5.65063E-40	0.0	0.0
99.88	5.4234E-40	0.0	0.0
99.9	5.19565E-40	0.0	0.0
99.92	4.96834E-40	0.0	0.0
99.94	4.74234E-40	0.0	0.0
99.96	4.51844E-40	0.0	0.0
99.98	4.29735E-40	0.0	0.0
100	4.07969E-40	0.0	0.0
100.02	3.86602E-40	0.0	0.0
100.04	3.65682E-40	0.0	0.0
100.06	3.45253E-40	0.0	0.0
100.08	3.2535E-40	0.0	0.0
100.1	3.06004E-40	0.0	0.0
100.12	2.87242E-40	0.0	0.0
100.14	2.69084E-40	0.0	0.0
100.16	2.51547E-40	0.0	0.0
100.18	2.34643E-40	0.0	0.0
100.2	2.18382E-40	0.0	0.0
100.22	2.02769E-40	0.0	0.0
100.24	1.87805E-40	0.0	0.0
100.26	1.73491E-40	0.0	0.0
100.28	1.59824E-40	0.0	0.0
100.3	1.46797E-40	0.0	0.0
100.32	1.34404E-40	0.0	0.0
100.34	1.22635E-40	0.0	0.0
100.36	1.11478E-40	0.0	0.0
100.38	1.00923E-40	0.0	0.0
100.4	9.0954E-41	0.0	0.0
100.42	8.15572E-41	0.0	0.0
100.44	7.27166E-41	0.0	0.0
100.46	6.44158E-41	0.0	0.0
100.48	5.66375E-41	0.0	0.0
100.5	4.93642E-41	0.0	0.0
100.52	4.25777E-41	0.0	0.0
100.54	3.62597E-41	0.0	0.0
100.56	3.03917E-41	0.0	0.0
100.58	2.49552E-41	0.0	0.0
100.6	1.99315E-41	0.0	0.0
100.62	1.5302E-41	0.0	0.0
100.64	1.10485E-41	0.0	0.0
100.66	7.1527E-42	0.0	0.0
100.68	3.5967E-42	0.0	0.0
100.7	3.62882E-43	0.0	0.0
100.72	-2.56602E-42	0.0	0.0
100.74	-5.2069E-42	0.0	0.0
100.76	-7.57621E-42	0.0	0.0
100.78	-9.68997E-42	0.0	0.0
100.8	-1.15637E-41	0.0	0.0
100.82	-1.32126E-41	0.0	0.0
100.84	-1.4651E-41	0.0	0.0
100.86	-1.58931E-41	0.0	0.0
100.88	-1.69524E-41	0.0	0.0
100.9	-1.78418E-41	0.0	0.0
100.92	-1.85739E-41	0.0	0.0
100.94	-1.91605E-41	0.0	0.0
100.96	-1.9613E-41	0.0	0.0
100.98	-1.99422E-41	0.0	0.0
101	-2.01586E-41	0.0	0.0
101.02	-2.02719E-41	0.0	0.0
101.04	-2.02915E-41	0.0	0.0
101.06	-2.02261E-41	0.0	0.0
101.08	-2.00841E-41	0.0	0.0
101.1	-1.98733E-41	0.0	0.0
101.12	-1.96011E-41	0.0	0.0
101.14	-1.92745E-41	0.0	0.0
101.16	-1.89E-41	0.0	0.0
101.18	-1.84837E-41	0.0	0.0
101.2	-1.80312E-41	0.0	0.0
101.22	-1.75478E-41	0.0	0.0
101.24	-1.70385E-41	0.0	0.0
101.26	-1.65078E-41	0.0	0.0
101.28	-1.596E-41	0.0	0.0
101.3	-1.53988E-41	0.0	0.0
101.32	-1.48279E-41	0.0	0.0
101.34	-1.42506E-41	0.0	0.0
101.36	-1.36698E-41	0.0	0.0
101.38	-1.30882E-41	0.0	0.0
101.4	-1.25084E-41	0.0	0.0
101.42	-1.19325E-41	0.0	0.0
101.44	-1.13625E-41	0.0	0.0
101.46	-1.08002E-41	0.0	0.0
101.48	-1.02473E-41	0.0	0.0
101.5	-9.70495E-42	0.0	0.0
101.52	-9.17453E-42	0.0	0.0
101.54	-8.65705E-42	0.0	0.0
101.56	-8.15342E-42	0.0	0.0
101.58	-7.66438E-42	0.0	0.0
101.6	-7.19055E-42	0.0	0.0
101.62	-6.73244E-42	0.0	0.0
101.64	-6.29043E-42	0.0	0.0
101.66	-5.86482E-42	0.0	0.0
101.68	-5.45578E-42	0.0	0.0
101.7	-5.06342E-42	0.0	0.0
101.72	-4.68777E-42	0.0	0.0
101.74	-4.32879E-42	0.0	0.0
101.76	-3.98635E-42	0.0	0.0
101.78	-3.66029E-42	0.0	0.0
101.8	-3.3504E-42	0.0	0.0
101.82	-3.0564E-42	0.0	0.0
101.84	-2.77799E-42	0.0	0.0
101.86	-2.51482E-42	0.0	0.0
101.88	-2.26654E-42	0.0	0.0
101.9	-2.03272E-42	0.0	0.0
101.92	-1.81297E-42	0.0	0.0
101.94	-1.60684E-42	0.0	0.0
101.96	-1.41388E-42	0.0	0.0
101.98	-1.23362E-42	0.0	0.0
102	-1.06559E-42	0.0	0.0
102.02	-9.09315E-43	0.0	0.0
102.04	-7.64317E-43	0.0	0.0
102.06	-6.30112E-43	0.0	0.0
102.08	-5.06221E-43	0.0	0.0
102.1	-3.92167E-43	0.0	0.0
102.12	-2.87478E-43	0.0	0.0
102.14	-1.91689E-43	0.0	0.0
102.16	-1.04342E-43	0.0	0.0
102.18	-2.49883E-44	0.0	0.0
102.2	4.68114E-44	0.0	0.0
102.22	1.11485E-43	0.0	0.0
102.24	1.6945E-43	0.0	0.0
102.26	2.21111E-43	0.0	0.0
102.28	2.6686E-43	0.0	0.0
102.3	3.07075E-43	0.0	0.0
102.32	3.42123E-43	0.0	0.0
102.34	3.72356E-43	0.0	0.0
102.36	3.98111E-43	0.0	0.0
102.38	4.19714E-43	0.0	0.0
102.4	4.37474E-43	0.0	0.0
102.42	4.51688E-43	0.0	0.0
102.44	4.6264E-43	0.0	0.0
102.46	4.70597E-43	0.0	0.0
102.48	4.75817E-43	0.0	0.0
102.5	4.78542E-43	0.0	0.0
102.52	4.79001E-43	0.0	0.0
102.54	4.77411E-43	0.0	0.0
102.56	4.73977E-43	0.0	0.0
102.58	4.68892E-43	0.0	0.0
102.6	4.62337E-43	0.0	0.0
102.62	4.54481E-43	0.0	0.0
102.64	4.45483E-43	0.0	0.0
102.66	4.3549E-43	0.0	0.0
102.68	4.24642E-43	0.0	0.0
102.7	4.13067E-43	0.0	0.0
102.72	4.00883E-43	0.0	0.0
102.74	3.882E-43	0.0	0.0
102.76	3.75121E-43	0.0	0.0
102.78	3.61737E-43	0.0	0.0
102.8	3.48136E-43	0.0	0.0
102.82	3.34395E-43	0.0	0.0
102.84	3.20584E-43	0.0	0.0
102.86	3.0677E-43	0.0	0.0
102.88	2.93011E-43	0.0	0.0
102.9	2.79358E-43	0.0	0.0
102.92	2.65859E-43	0.0	0.0
102.94	2.52556E-43	0.0	0.0
102.96	2.39485E-43	0.0	0.0
102.98	2.2668E-43	0.0	0.0
103	2.14168E-43	0.0	0.0
103.02	2.01973E-43	0.0	0.0
103.04	1.90116E-43	0.0	0.0
103.06	1.78614E-43	0.0	0.0
103.08	1.6748E-43	0.0	0.0
103.1	1.56727E-43	0.0	0.0
103.12	1.46361E-43	0.0	0.0
103.14	1.3639E-43	0.0	0.0
103.16	1.26817E-43	0.0	0.0
103.18	1.17643E-43	0.0	0.0
103.2	1.08868E-43	0.0	0.0
103.22	1.00491E-43	0.0	0.0
103.24	9.25077E-44	0.0	0.0
103.26	8.49139E-44	0.0	0.0
103.28	7.77035E-44	0.0	0.0
103.3	7.08696E-44	0.0	0.0
103.32	6.44044E-44	0.0	0.0
103.34	5.82993E-44	0.0	0.0
103.36	5.25449E-44	0.0	0.0
103.38	4.71313E-44	0.0	0.0
103.4	4.20483E-44	0.0	0.0
103.42	3.72849E-44	0.0	0.0
103.44	3.28302E-44	0.0	0.0
103.46	2.86728E-44	0.0	0.0
103.48	2.48013E-44	0.0	0.0
103.5	2.12043E-44	0.0	0.0
103.52	1.78699E-44	0.0	0.0
103.54	1.47869E-44	0.0	0.0
103.56	1.19435E-44	0.0	0.0
103.58	9.32845E-45	0.0	0.0
103.6	6.93049E-45	0.0	0.0
103.62	4.73852E-45	0.0	0.0
103.64	2.7417E-45	0.0	0.0
103.66	9.29381E-46	0.0	0.0
103.68	-7.08808E-46	0.0	0.0
103.7	-2.18297E-45	0.0	0.0
103.72	-3.50291E-45	0.0	0.0
103.74	-4.67815E-45	0.0	0.0
103.76	-5.71787E-45	0.0	0.0
103.78	-6.63094E-45	0.0	0.0
103.8	-7.4259E-45	0.0	0.0
103.82	-8.11096E-45	0.0	0.0
103.84	-8.69399E-45	0.0	0.0
103.86	-9.18253E-45	0.0	0.0
103.88	-9.58377E-45	0.0	0.0
103.9	-9.90457E-45	0.0	0.0
103.92	-1.01515E-44	0.0	0.0
103.94	-1.03307E-44	0.0	0.0
103.96	-1.04481E-44	0.0	0.0
103.98	-1.05094E-44	0.0	0.0
104	-1.05196E-44	0.0	0.0
104.02	-1.04839E-44	0.0	0.0
104.04	-1.04068E-44	0.0	0.0
104.06	-1.02929E-44	0.0	0.0
104.08	-1.01462E-44	0.0	0.0
104.1	-9.9705E-45	0.0	0.0
104.12	-9.76949E-45	0.0	0.0
104.14	-9.54651E-45	0.0	0.0
104.16	-9.30468E-45	0.0	0.0
104.18	-9.04688E-45	0.0	0.0
104.2	-8.77579E-45	0.0	0.0
104.22	-8.49389E-45	0.0	0.0
104.24	-8.20345E-45	0.0	0.0
104.26	-7.90655E-45	0.0	0.0
104.28	-7.60511E-45	0.0	0.0
104.3	-7.30087E-45	0.0	0.0
104.32	-6.99541E-45	0.0	0.0
104.34	-6.69016E-45	0.0	0.0
104.36	-6.3864E-45	0.0	0.0
104.38	-6.0853E-45	0.0	0.0
104.4	-5.78789E-45	0.0	0.0
104.42	-5.49507E-45	0.0	0.0
104.44	-5.20766E-45	0.0	0.0
104.46	-4.92634E-45	0.0	0.0
104.48	-4.65174E-45	0.0	0.0
104.5	-4.38436E-45	0.0	0.0
104.52	-4.12464E-45	0.0	0.0
104.54	-3.87294E-45	0.0	0.0
104.56	-3.62954E-45	0.0	0.0
104.58	-3.39468E-45	0.0	0.0
104.6	-3.16852E-45	0.0	0.0
104.62	-2.95117E-45	0.0	0.0
104.64	-2.7427E-45	0.0	0.0
104.66	-2.54311E-45	0.0	0.0
104.68	-2.3524E-45	0.0	0.0
104.7	-2.1705E-45	0.0	0.0
104.72	-1.99733E-45	0.0	0.0
104.74	-1.83276E-45	0.0	0.0
104.76	-1.67666E-45	0.0	0.0
104.78	-1.52885E-45	0.0	0.0
104.8	-1.38915E-45	0.0	0.0
104.82	-1.25736E-45	0.0	0.0
104.84	-1.13326E-45	0.0	0.0
104.86	-1.01662E-45	0.0	0.0
104.88	-9.0721E-46	0.0	0.0
104.9	-8.04781E-46	0.0	0.0
104.92	-7.09081E-46	0.0	0.0
104.94	-6.19856E-46	0.0	0.0
104.96	-5.36848E-46	0.0	0.0
104.98	-4.59796E-46	0.0	0.0
105	-3.88443E-46	0.0	0.0
105.02	-3.2253E-46	0.0	0.0
105.04	-2.618E-46	0.0	0.0
105.06	-2.06001E-46	0.0	0.0
105.08	-1.54882E-46	0.0	0.0
105.1	-1.08201E-46	0.0	0.0
105.12	-6.57159E-47	0.0	0.0
105.14	-2.71936E-47	0.0	0.0
105.16	7.59412E-48	0.0	0.0
105.18	3.88686E-47	0.0	0.0
105.2	6.68447E-47	0.0	0.0
105.22	9.173E-47	0.0	0.0
105.24	1.13725E-46	0.0	0.0
105.26	1.33022E-46	0.0	0.0
105.28	1.49808E-46	0.0	0.0
105.3	1.64259E-46	0.0	0.0
105.32	1.76547E-46	0.0	0.0
105.34	1.86834E-46	0.0	0.0
105.36	1.95275E-46	0.0	0.0
105.38	2.02018E-46	0.0	0.0
105.4	2.07204E-46	0.0	0.0
105.42	2.10966E-46	0.0	0.0
105.44	2.13429E-46	0.0	0.0
105.46	2.14714E-46	0.0	0.0
105.48	2.14932E-46	0.0	0.0
105.5	2.1419E-46	0.0	0.0
105.52	2.12586E-46	0.0	0.0
105.54	2.10214E-46	0.0	0.0
105.56	2.07162E-46	0.0	0.0
105.58	2.03511E-46	0.0	0.0
105.6	1.99336E-46	0.0	0.0
105.62	1.94709E-46	0.0	0.0
105.64	1.89696E-46	0.0	0.0
105.66	1.84356E-46	0.0	0.0
105.68	1.78747E-46	0.0	0.0
105.7	1.72919E-46	0.0	0.0
105.72	1.6692E-46	0.0	0.0
105.74	1.60793E-46	0.0	0.0
105.76	1.54579E-46	0.0	0.0
105.78	1.48313E-46	0.0	0.0
105.8	1.42028E-46	0.0	0.0
105.82	1.35753E-46	0.0	0.0
105.84	1.29515E-46	0.0	0.0
105.86	1.23337E-46	0.0	0.0
105.88	1.17241E-46	0.0	0.0
105.9	1.11245E-46	0.0	0.0
105.92	1.05365E-46	0.0	0.0
105.94	9.96155E-47	0.0	0.0
105.96	9.40085E-47	0.0	0.0
105.98	8.85542E-47	0.0	0.0
106	8.32613E-47	0.0	0.0
106.02	7.81367E-47	0.0	0.0
106.04	7.31861E-47	0.0	0.0
106.06	6.84136E-47	0.0	0.0
106.08	6.38223E-47	0.0	0.0
106.1	5.94141E-47	0.0	0.0
106.12	5.519E-47	0.0	0.0
106.14	5.11499E-47	0.0	0.0
106.16	4.72932E-47	0.0	0.0
106.18	4.36182E-47	0.0	0.0
106.2	4.01229E-47	0.0	0.0
106.22	3.68045E-47	0.0	0.0
106.24	3.36597E-47	0.0	0.0
106.26	3.06849E-47	0.0	0.0
106.28	2.7876E-47	0.0	0.0
106.3	2.52287E-47	0.0	0.0
106.32	2.27383E-47	0.0	0.0
106.34	2.03999E-47	0.0	0.0
106.36	1.82085E-47	0.0	0.0
106.38	1.61589E-47	0.0	0.0
106.4	1.42457E-47	0.0	0.0
106.42	1.24638E-47	0.0	0.0
106.44	1.08075E-47	0.0	0.0
106.46	9.27162E-48	0.0	0.0
106.48	7.85065E-48	0.0	0.0
106.5	6.53927E-48	0.0	0.0
106.52	5.33216E-48	0.0	0.0
106.54	4.22412E-48	0.0	0.0
106.56	3.20999E-48	0.0	0.0
106.58	2.28476E-48	0.0	0.0
106.6	1.4435E-48	0.0	0.0
106.62	6.81428E-49	0.0	0.0
106.64	-6.12025E-51	0.0	0.0
106.66	-6.23656E-49	0.0	0.0
106.68	-1.17555E-48	0.0	0.0
106.7	-1.66601E-48	0.0	0.0
106.72	-2.09911E-48	0.0	0.0
106.74	-2.47875E-48	0.0	0.0
106.76	-2.80868E-48	0.0	0.0
106.78	-3.09248E-48	0.0	0.0
106.8	-3.33359E-48	0.0	0.0
106.82	-3.53526E-48	0.0	0.0
106.84	-3.70063E-48	0.0	0.0
106.86	-3.83263E-48	0.0	0.0
106.88	-3.93409E-48	0.0	0.0
106.9	-4.00766E-48	0.0	0.0
106.92	-4.05586E-48	0.0	0.0
106.94	-4.08104E-48	0.0	0.0
106.96	-4.08545E-48	0.0	0.0
106.98	-4.07118E-48	0.0	0.0
107	-4.04019E-48	0.0	0.0
107.02	-3.99434E-48	0.0	0.0
107.04	-3.93533E-48	0.0	0.0
107.06	-3.86478E-48	0.0	0.0
107.08	-3.78418E-48	0.0	0.0
107.1	-3.69491E-48	0.0	0.0
107.12	-3.59825E-48	0.0	0.0
107.14	-3.4954E-48	0.0	0.0
107.16	-3.38744E-48	0.0	0.0
107.18	-3.27537E-48	0.0	0.0
107.2	-3.16013E-48	0.0	0.0
107.22	-3.04254E-48	0.0	0.0
107.24	-2.92337E-48	0.0	0.0
107.26	-2.80333E-48	0.0	0.0
107.28	-2.68302E-48	0.0	0.0
107.3	-2.56303E-48	0.0	0.0
107.32	-2.44385E-48	0.0	0.0
107.34	-2.32594E-48	0.0	0.0
107.36	-2.20969E-48	0.0	0.0
107.38	-2.09546E-48	0.0	0.0
107.4	-1.98355E-48	0.0	0.0
107.42	-1.87422E-48	0.0	0.0
107.44	-1.7677E-48	0.0	0.0
107.46	-1.66419E-48	0.0	0.0
107.48	-1.56383E-48	0.0	0.0
107.5	-1.46676E-48	0.0	0.0
107.52	-1.37307E-48	0.0	0.0
107.54	-1.28284E-48	0.0	0.0
107.56	-1.19612E-48	0.0	0.0
107.58	-1.11293E-48	0.0	0.0
107.6	-1.0333E-48	0.0	0.0
107.62	-9.57204E-49	0.0	0.0
107.64	-8.84633E-49	0.0	0.0
107.66	-8.15549E-49	0.0	0.0
107.68	-7.49904E-49	0.0	0.0
107.7	-6.87641E-49	0.0	0.0
107.72	-6.28693E-49	0.0	0.0
107.74	-5.72984E-49	0.0	0.0
107.76	-5.20432E-49	0.0	0.0
107.78	-4.7095E-49	0.0	0.0
107.8	-4.24445E-49	0.0	0.0
107.82	-3.80821E-49	0.0	0.0
107.84	-3.39977E-49	0.0	0.0
107.86	-3.01813E-49	0.0	0.0
107.88	-2.66224E-49	0.0	0.0
107.9	-2.33105E-49	0.0	0.0
107.92	-2.02353E-49	0.0	0.0
107.94	-1.73863E-49	0.0	0.0
107.96	-1.47529E-49	0.0	0.0
107.98	-1.23249E-49	0.0	0.0
108	-1.0092E-49	0.0	0.0
108.02	-8.04434E-50	0.0	0.0
108.04	-6.17198E-50	0.0	0.0
108.06	-4.46533E-50	0.0	0.0
108.08	-2.91501E-50	0.0	0.0
108.1	-1.51192E-50	0.0	0.0
108.12	-2.47206E-51	0.0	0.0
108.14	8.87687E-51	0.0	0.0
108.16	1.90102E-50	0.0	0.0
108.18	2.80076E-50	0.0	0.0
108.2	3.59457E-50	0.0	0.0
108.22	4.28978E-50	0.0	0.0
108.24	4.89345E-50	0.0	0.0
108.26	5.41229E-50	0.0	0.0
108.28	5.85272E-50	0.0	0.0
108.3	6.22085E-50	0.0	0.0
108.32	6.52249E-50	0.0	0.0
108.34	6.76315E-50	0.0	0.0
108.36	6.94806E-50	0.0	0.0
108.38	7.08213E-50	0.0	0.0
108.4	7.17003E-50	0.0	0.0
108.42	7.21614E-50	0.0	0.0
108.44	7.22458E-50	0.0	0.0
108.46	7.19921E-50	0.0	0.0
108.48	7.14366E-50	0.0	0.0
108.5	7.0613E-50	0.0	0.0
108.52	6.9553E-50	0.0	0.0
108.54	6.82858E-50	0.0	0.0
108.56	6.68388E-50	0.0	0.0
108.58	6.52372E-50	0.0	0.0
108.6	6.35043E-50	0.0	0.0
108.62	6.16618E-50	0.0	0.0
108.64	5.97293E-50	0.0	0.0
108.66	5.7725E-50	0.0	0.0
108.68	5.56656E-50	0.0	0.0
108.7	5.35662E-50	0.0	0.0
108.72	5.14406E-50	0.0	0.0
108.74	4.93011E-50	0.0	0.0
108.76	4.7159E-50	0.0	0.0
108.78	4.50244E-50	0.0	0.0
108.8	4.29063E-50	0.0	0.0
108.82	4.08125E-50	0.0	0.0
108.84	3.87503E-50	0.0	0.0
108.86	3.67257E-50	0.0	0.0
108.88	3.4744E-50	0.0	0.0
108.9	3.281E-50	0.0	0.0
108.92	3.09274E-50	0.0	0.0
108.94	2.90996E-50	0.0	0.0
108.96	2.73292E-50	0.0	0.0
108.98	2.56184E-50	0.0	0.0
109	2.39687E-50	0.0	0.0
109.02	2.23815E-50	0.0	0.0
109.04	2.08574E-50	0.0	0.0
109.06	1.93969E-50	0.0	0.0
109.08	1.8E-50	0.0	0.0
109.1	1.66665E-50	0.0	0.0
109.12	1.53959E-50	0.0	0.0
109.14	1.41875E-50	0.0	0.0
109.16	1.30404E-50	0.0	0.0
109.18	1.19534E-50	0.0	0.0
109.2	1.09252E-50	0.0	0.0
109.22	9.95448E-51	0.0	0.0
109.24	9.03961E-51	0.0	0.0
109.26	8.179E-51	0.0	0.0
109.28	7.37093E-51	0.0	0.0
109.3	6.61362E-51	0.0	0.0
109.32	5.90526E-51	0.0	0.0
109.34	5.24398E-51	0.0	0.0
109.36	4.62791E-51	0.0	0.0
109.38	4.05515E-51	0.0	0.0
109.4	3.52381E-51	0.0	0.0
109.42	3.032E-51	0.0	0.0
109.44	2.57784E-51	0.0	0.0
109.46	2.1595E-51	0.0	0.0
109.48	1.77514E-51	0.0	0.0
109.5	1.42298E-51	0.0	0.0
109.52	1.10127E-51	0.0	0.0
109.54	8.08299E-52	0.0	0.0
109.56	5.42409E-52	0.0	0.0
109.58	3.01987E-52	0.0	0.0
109.6	8.54714E-53	0.0	0.0
109.62	-1.08646E-52	0.0	0.0
109.64	-2.81819E-52	0.0	0.0
109.66	-4.35445E-52	0.0	0.0
109.68	-5.70868E-52	0.0	0.0
109.7	-6.89372E-52	0.0	0.0
109.72	-7.92187E-52	0.0	0.0
109.74	-8.80486E-52	0.0	0.0
109.76	-9.55386E-52	0.0	0.0
109.78	-1.01795E-51	0.0	0.0
109.8	-1.06918E-51	0.0	0.0
109.82	-1.11004E-51	0.0	0.0
109.84	-1.14143E-51	0.0	0.0
109.86	-1.1642E-51	0.0	0.0
109.88	-1.17914E-51	0.0	0.0
109.9	-1.18702E-51	0.0	0.0
109.92	-1.18855E-51	0.0	0.0
109.94	-1.18438E-51	0.0	0.0
109.96	-1.17514E-51	0.0	0.0
109.98	-1.1614E-51	0.0	0.0
110	-1.1437E-51	0.0	0.0
110.02	-1.12254E-51	0.0	0.0
110.04	-1.09839E-51	0.0	0.0
110.06	-1.07167E-51	0.0	0.0
110.08	-1.04278E-51	0.0	0.0
110.1	-1.01208E-51	0.0	0.0
110.12	-9.79906E-52	0.0	0.0
110.14	-9.46566E-52	0.0	0.0
110.16	-9.12336E-52	0.0	0.0
110.18	-8.77471E-52	0.0	0.0
110.2	-8.422E-52	0.0	0.0
110.22	-8.0673E-52	0.0	0.0
110.24	-7.71249E-52	0.0	0.0
110.26	-7.35924E-52	0.0	0.0
110.28	-7.00902E-52	0.0	0.0
110.3	-6.66315E-52	0.0	0.0
110.32	-6.3228E-52	0.0	0.0
110.34	-5.98896E-52	0.0	0.0
110.36	-5.66251E-52	0.0	0.0
110.38	-5.34419E-52	0.0	0.0
110.4	-5.03464E-52	0.0	0.0
110.42	-4.73436E-52	0.0	0.0
110.44	-4.44379E-52	0.0	0.0
110.46	-4.16326E-52	0.0	0.0
110.48	-3.89302E-52	0.0	0.0
110.5	-3.63323E-52	0.0	0.0
110.52	-3.38402E-52	0.0	0.0
110.54	-3.14542E-52	0.0	0.0
110.56	-2.91744E-52	0.0	0.0
110.58	-2.7E-52	0.0	0.0
110.6	-2.49302E-52	0.0	0.0
110.62	-2.29636E-52	0.0	0.0
110.64	-2.10984E-52	0.0	0.0
110.66	-1.93326E-52	0.0	0.0
110.68	-1.76639E-52	0.0	0.0
110.7	-1.60899E-52	0.0	0.0
110.72	-1.46079E-52	0.0	0.0
110.74	-1.32151E-52	0.0	0.0
110.76	-1.19086E-52	0.0	0.0
110.78	-1.06853E-52	0.0	0.0
110.8	-9.5421E-53	0.0	0.0
110.82	-8.4759E-53	0.0	0.0
110.84	-7.4835E-53	0.0	0.0
110.86	-6.56174E-53	0.0	0.0
110.88	-5.70742E-53	0.0	0.0
110.9	-4.91739E-53	0.0	0.0
110.92	-4.18853E-53	0.0	0.0
110.94	-3.51776E-53	0.0	0.0
110.96	-2.90204E-53	0.0	0.0
110.98	-2.33842E-53	0.0	0.0
111	-1.824E-53	0.0	0.0
111.02	-1.35596E-53	0.0	0.0
111.04	-9.31559E-54	0.0	0.0
111.06	-5.48153E-54	0.0	0.0
111.08	-2.03176E-54	0.0	0.0
111.1	1.05843E-54	0.0	0.0
111.12	3.81284E-54	0.0	0.0
111.14	6.25429E-54	0.0	0.0
111.16	8.40467E-54	0.0	0.0
111.18	1.02849E-53	0.0	0.0
111.2	1.19149E-53	0.0	0.0
111.22	1.33138E-53	0.0	0.0
111.24	1.44996E-53	0.0	0.0
111.26	1.54895E-53	0.0	0.0
111.28	1.62998E-53	0.0	0.0
111.3	1.69458E-53	0.0	0.0
111.32	1.7442E-53	0.0	0.0
111.34	1.78022E-53	0.0	0.0
111.36	1.80391E-53	0.0	0.0
111.38	1.81649E-53	0.0	0.0
111.4	1.81908E-53	0.0	0.0
111.42	1.81275E-53	0.0	0.0
111.44	1.79848E-53	0.0	0.0
111.46	1.77718E-53	0.0	0.0
111.48	1.74972E-53	0.0	0.0
111.5	1.71688E-53	0.0	0.0
111.52	1.67939E-53	0.0	0.0
111.54	1.63794E-53	0.0	0.0
111.56	1.59315E-53	0.0	0.0
111.58	1.54558E-53	0.0	0.0
111.6	1.49576E-53	0.0	0.0
111.62	1.44418E-53	0.0	0.0
111.64	1.39126E-53	0.0	0.0
111.66	1.3374E-53	0.0	0.0
111.68	1.28296E-53	0.0	0.0
111.7	1.22826E-53	0.0	0.0
111.72	1.17358E-53	0.0	0.0
111.74	1.1192E-53	0.0	0.0
111.76	1.06533E-53	0.0	0.0
111.78	1.01218E-53	0.0	0.0
111.8	9.5992E-54	0.0	0.0
111.82	9.08709E-54	0.0	0.0
111.84	8.58676E-54	0.0	0.0
111.86	8.09934E-54	0.0	0.0
111.88	7.62578E-54	0.0	0.0
111.9	7.16683E-54	0.0	0.0
111.92	6.72312E-54	0.0	0.0
111.94	6.29514E-54	0.0	0.0
111.96	5.88323E-54	0.0	0.0
111.98	5.48763E-54	0.0	0.0
112	5.10848E-54	0.0	0.0
112.02	4.74582E-54	0.0	0.0
112.04	4.39961E-54	0.0	0.0
112.06	4.06973E-54	0.0	0.0
112.08	3.756E-54	0.0	0.0
112.1	3.45819E-54	0.0	0.0
112.12	3.176E-54	0.0	0.0
112.14	2.90909E-54	0.0	0.0
112.16	2.65711E-54	0.0	0.0
112.18	2.41964E-54	0.0	0.0
112.2	2.19626E-54	0.0	0.0
112.22	1.98652E-54	0.0	0.0
112.24	1.78995E-54	0.0	0.0
112.26	1.60607E-54	0.0	0.0
112.28	1.43439E-54	0.0	0.0
112.3	1.27443E-54	0.0	0.0
112.32	1.12567E-54	0.0	0.0
112.34	9.8763E-55	0.0	0.0
112.36	8.59807E-55	0.0	0.0
112.38	7.41711E-55	0.0	0.0
112.4	6.32859E-55	0.0	0.0
112.42	5.32772E-55	0.0	0.0
112.44	4.40984E-55	0.0	0.0
112.46	3.57037E-55	0.0	0.0
112.48	2.80487E-55	0.0	0.0
112.5	2.10901E-55	0.0	0.0
112.52	1.47859E-55	0.0	0.0
112.54	9.09563E-56	0.0	0.0
112.56	3.9801E-56	0.0	0.0
112.58	-5.98332E-57	0.0	0.0
112.6	-4.67584E-56	0.0	0.0
112.62	-8.2871E-56	0.0	0.0
112.64	-1.14653E-55	0.0	0.0
112.66	-1.4242E-55	0.0	0.0
112.68	-1.66476E-55	0.0	0.0
112.7	-1.87106E-55	0.0	0.0
112.72	-2.04582E-55	0.0	0.0
112.74	-2.19164E-55	0.0	0.0
112.76	-2.31095E-55	0.0	0.0
112.78	-2.40605E-55	0.0	0.0
112.8	-2.47913E-55	0.0	0.0
112.82	-2.53221E-55	0.0	0.0
112.84	-2.56722E-55	0.0	0.0
112.86	-2.58595E-55	0.0	0.0
112.88	-2.59009E-55	0.0	0.0
112.9	-2.5812E-55	0.0	0.0
112.92	-2.56075E-55	0.0	0.0
112.94	-2.53009E-55	0.0	0.0
112.96	-2.49048E-55	0.0	0.0
112.98	-2.4431E-55	0.0	0.0
113	-2.38901E-55	0.0	0.0
113.02	-2.32922E-55	0.0	0.0
113.04	-2.26462E-55	0.0	0.0
113.06	-2.19607E-55	0.0	0.0
113.08	-2.12433E-55	0.0	0.0
113.1	-2.05009E-55	0.0	0.0
113.12	-1.97399E-55	0.0	0.0
113.14	-1.89659E-55	0.0	0.0
113.16	-1.81843E-55	0.0	0.0
113.18	-1.73995E-55	0.0	0.0
113.2	-1.66159E-55	0.0	0.0
113.22	-1.5837E-55	0.0	0.0
113.24	-1.50661E-55	0.0	0.0
113.26	-1.43062E-55	0.0	0.0
113.28	-1.35598E-55	0.0	0.0
113.3	-1.28289E-55	0.0	0.0
113.32	-1.21155E-55	0.0	0.0
113.34	-1.14211E-55	0.0	0.0
113.36	-1.07471E-55	0.0	0.0
113.38	-1.00945E-55	0.0	0.0
113.4	-9.46408E-56	0.0	0.0
113.42	-8.85659E-56	0.0	0.0
113.44	-8.27245E-56	0.0	0.0
113.46	-7.71195E-56	0.0	0.0
113.48	-7.17526E-56	0.0	0.0
113.5	-6.66237E-56	0.0	0.0
113.52	-6.1732E-56	0.0	0.0
113.54	-5.70754E-56	0.0	0.0
113.56	-5.26508E-56	0.0	0.0
113.58	-4.84546E-56	0.0	0.0
113.6	-4.44821E-56	0.0	0.0
113.62	-4.07283E-56	0.0	0.0
113.64	-3.71876E-56	0.0	0.0
113.66	-3.38539E-56	0.0	0.0
113.68	-3.07209E-56	0.0	0.0
113.7	-2.77819E-56	0.0	0.0
113.72	-2.503E-56	0.0	0.0
113.74	-2.24582E-56	0.0	0.0
113.76	-2.00592E-56	0.0	0.0
113.78	-1.78259E-56	0.0	0.0
113.8	-1.5751E-56	0.0	0.0
113.82	-1.38273E-56	0.0	0.0
113.84	-1.20477E-56	0.0	0.0
113.86	-1.04049E-56	0.0	0.0
113.88	-8.8921E-57	0.0	0.0
113.9	-7.50237E-57	0.0	0.0
113.92	-6.22901E-57	0.0	0.0
113.94	-5.06547E-57	0.0	0.0
113.96	-4.00538E-57	0.0	0.0
113.98	-3.04258E-57	0.0	0.0
114	-2.17108E-57	0.0	0.0
114.02	-1.38513E-57	0.0	0.0
114.04	-6.79154E-58	0.0	0.0
114.06	-4.78317E-59	0.0	0.0
114.08	5.13959E-58	0.0	0.0
114.1	1.01112E-57	0.0	0.0
114.12	1.44831E-57	0.0	0.0
114.14	1.83001E-57	0.0	0.0
114.16	2.16045E-57	0.0	0.0
114.18	2.44365E-57	0.0	0.0
114.2	2.68343E-57	0.0	0.0
114.22	2.8834E-57	0.0	0.0
114.24	3.04697E-57	0.0	0.0
114.26	3.17735E-57	0.0	0.0
114.28	3.27756E-57	0.0	0.0
114.3	3.35044E-57	0.0	0.0
114.32	3.39865E-57	0.0	0.0
114.34	3.42468E-57	0.0	0.0
114.36	3.43086E-57	0.0	0.0
114.38	3.41934E-57	0.0	0.0
114.4	3.39214E-57	0.0	0.0
114.42	3.35113E-57	0.0	0.0
114.44	3.29805E-57	0.0	0.0
114.46	3.23449E-57	0.0	0.0
114.48	3.16192E-57	0.0	0.0
114.5	3.08171E-57	0.0	0.0
114.52	2.9951E-57	0.0	0.0
114.54	2.90322E-57	0.0	0.0
114.56	2.80712E-57	0.0	0.0
114.58	2.70774E-57	0.0	0.0
114.6	2.60594E-57	0.0	0.0
114.62	2.5025E-57	0.0	0.0
114.64	2.3981E-57	0.0	0.0
114.66	2.29337E-57	0.0	0.0
114.68	2.18887E-57	0.0	0.0
114.7	2.0851E-57	0.0	0.0
114.72	1.98249E-57	0.0	0.0
114.74	1.88142E-57	0.0	0.0
114.76	1.78222E-57	0.0	0.0
114.78	1.68518E-57	0.0	0.0
114.8	1.59054E-57	0.0	0.0
114.82	1.49851E-57	0.0	0.0
114.84	1.40925E-57	0.0	0.0
114.86	1.32291E-57	0.0	0.0
114.88	1.23959E-57	0.0	0.0
114.9	1.15936E-57	0.0	0.0
114.92	1.08228E-57	0.0	0.0
114.94	1.0084E-57	0.0	0.0
114.96	9.37713E-58	0.0	0.0
114.98	8.70227E-58	0.0	0.0
115	8.05918E-58	0.0	0.0
115.02	7.44757E-58	0.0	0.0
115.04	6.86696E-58	0.0	0.0
115.06	6.31681E-58	0.0	0.0
115.08	5.79648E-58	0.0	0.0
115.1	5.30525E-58	0.0	0.0
115.12	4.84233E-58	0.0	0.0
115.14	4.40687E-58	0.0	0.0
115.16	3.998E-58	0.0	0.0
115.18	3.6148E-58	0.0	0.0
115.2	3.25632E-58	0.0	0.0
115.22	2.92159E-58	0.0	0.0
115.24	2.60966E-58	0.0	0.0
115.26	2.31953E-58	0.0	0.0
115.28	2.05022E-58	0.0	0.0
115.3	1.80076E-58	0.0	0.0
115.32	1.57019E-58	0.0	0.0
115.34	1.35755E-58	0.0	0.0
115.36	1.1619E-58	0.0	0.0
115.38	9.82326E-59	0.0	0.0
115.4	8.17936E-59	0.0	0.0
115.42	6.67856E-59	0.0	0.0
115.44	5.3124E-59	0.0	0.0
115.46	4.07268E-59	0.0	0.0
115.48	2.95148E-59	0.0	0.0
115.5	1.94119E-59	0.0	0.0
115.52	1.03446E-59	0.0	0.0
115.54	2.24274E-60	0.0	0.0
115.56	-4.96109E-60	0.0	0.0
115.58	-1.13312E-59	0.0	0.0
115.6	-1.69289E-59	0.0	0.0
115.62	-2.18125E-59	0.0	0.0
115.64	-2.60375E-59	0.0	0.0
115.66	-2.96563E-59	0.0	0.0
115.68	-3.27188E-59	0.0	0.0
115.7	-3.52718E-59	0.0	0.0
115.72	-3.73596E-59	0.0	0.0
115.74	-3.90238E-59	0.0	0.0
115.76	-4.03037E-59	0.0	0.0
115.78	-4.12358E-59	0.0	0.0
115.8	-4.18545E-59	0.0	0.0
115.82	-4.21919E-59	0.0	0.0
115.84	-4.22778E-59	0.0	0.0
115.86	-4.21401E-59	0.0	0.0
115.88	-4.18045E-59	0.0	0.0
115.9	-4.1295E-59	0.0	0.0
115.92	-4.06338E-59	0.0	0.0
115.94	-3.98412E-59	0.0	0.0
115.96	-3.8936E-59	0.0	0.0
115.98	-3.79354E-59	0.0	0.0
116	-3.68553E-59	0.0	0.0
116.02	-3.571E-59	0.0	0.0
116.04	-3.45128E-59	0.0	0.0
116.06	-3.32755E-59	0.0	0.0
116.08	-3.20088E-59	0.0	0.0
116.1	-3.07226E-59	0.0	0.0
116.12	-2.94255E-59	0.0	0.0
116.14	-2.81254E-59	0.0	0.0
116.16	-2.68292E-59	0.0	0.0
116.18	-2.5543E-59	0.0	0.0
116.2	-2.42722E-59	0.0	0.0
116.22	-2.30216E-59	0.0	0.0
116.24	-2.17952E-59	0.0	0.0
116.26	-2.05965E-59	0.0	0.0
116.28	-1.94285E-59	0.0	0.0
116.3	-1.82937E-59	0.0	0.0
116.32	-1.71941E-59	0.0	0.0
116.34	-1.61313E-59	0.0	0.0
116.36	-1.51065E-59	0.0	0.0
116.38	-1.41208E-59	0.0	0.0
116.4	-1.31746E-59	0.0	0.0
116.42	-1.22684E-59	0.0	0.0
116.44	-1.14022E-59	0.0	0.0
116.46	-1.0576E-59	0.0	0.0
116.48	-9.7894E-60	0.0	0.0
116.5	-9.04195E-60	0.0	0.0
116.52	-8.33306E-60	0.0	0.0
116.54	-7.66196E-60	0.0	0.0
116.56	-7.02781E-60	0.0	0.0
116.58	-6.42966E-60	0.0	0.0
116.6	-5.86649E-60	0.0	0.0
116.62	-5.33723E-60	0.0	0.0
116.64	-4.84072E-60	0.0	0.0
116.66	-4.37581E-60	0.0	0.0
116.68	-3.94128E-60	0.0	0.0
116.7	-3.53592E-60	0.0	0.0
116.72	-3.1585E-60	0.0	0.0
116.74	-2.80777E-60	0.0	0.0
116.76	-2.48251E-60	0.0	0.0
116.78	-2.18149E-60	0.0	0.0
116.8	-1.90351E-60	0.0	0.0
116.82	-1.64737E-60	0.0	0.0
116.84	-1.41191E-60	0.0	0.0
116.86	-1.19599E-60	0.0	0.0
116.88	-9.985E-61	0.0	0.0
116.9	-8.18355E-61	0.0	0.0
116.92	-6.54512E-61	0.0	0.0
116.94	-5.05959E-61	0.0	0.0
116.96	-3.71722E-61	0.0	0.0
116.98	-2.50863E-61	0.0	0.0
117	-1.42483E-61	0.0	0.0
117.02	-4.57182E-62	0.0	0.0
117.04	4.02537E-62	0.0	0.0
117.06	1.16219E-61	0.0	0.0
117.08	1.82924E-61	0.0	0.0
117.1	2.41081E-61	0.0	0.0
117.12	2.91363E-61	0.0	0.0
117.14	3.34408E-61	0.0	0.0
117.16	3.70817E-61	0.0	0.0
117.18	4.0116E-61	0.0	0.0
117.2	4.2597E-61	0.0	0.0
117.22	4.4575E-61	0.0	0.0
117.24	4.60972E-61	0.0	0.0
117.26	4.72076E-61	0.0	0.0
117.28	4.79474E-61	0.0	0.0
117.3	4.83552E-61	0.0	0.0
117.32	4.84665E-61	0.0	0.0
117.34	4.83147E-61	0.0	0.0
117.36	4.79306E-61	0.0	0.0
117.38	4.73427E-61	0.0	0.0
117.4	4.65772E-61	0.0	0.0
117.42	4.56583E-61	0.0	0.0
117.44	4.46084E-61	0.0	0.0
117.46	4.34478E-61	0.0	0.0
117.48	4.21951E-61	0.0	0.0
117.5	4.08674E-61	0.0	0.0
117.52	3.94801E-61	0.0	0.0
117.54	3.80471E-61	0.0	0.0
117.56	3.65812E-61	0.0	0.0
117.58	3.50936E-61	0.0	0.0
117.6	3.35945E-61	0.0	0.0
117.62	3.2093E-61	0.0	0.0
117.64	3.05973E-61	0.0	0.0
117.66	2.91142E-61	0.0	0.0
117.68	2.76502E-61	0.0	0.0
117.7	2.62105E-61	0.0	0.0
117.72	2.48E-61	0.0	0.0
117.74	2.34225E-61	0.0	0.0
117.76	2.20814E-61	0.0	0.0
117.78	2.07795E-61	0.0	0.0
117.8	1.95191E-61	0.0	0.0
117.82	1.8302E-61	0.0	0.0
117.84	1.71295E-61	0.0	0.0
117.86	1.60026E-61	0.0	0.0
117.88	1.49219E-61	0.0	0.0
117.9	1.38878E-61	0.0	0.0
117.92	1.29002E-61	0.0	0.0
117.94	1.19591E-61	0.0	0.0
117.96	1.10638E-61	0.0	0.0
117.98	1.02139E-61	0.0	0.0
118	9.4086E-62	0.0	0.0
118.02	8.64689E-62	0.0	0.0
118.04	7.92776E-62	0.0	0.0
118.06	7.25008E-62	0.0	0.0
118.08	6.6126E-62	0.0	0.0
118.1	6.01403E-62	0.0	0.0
118.12	5.45303E-62	0.0	0.0
118.14	4.92818E-62	0.0	0.0
118.16	4.43809E-62	0.0	0.0
118.18	3.9813E-62	0.0	0.0
118.2	3.55637E-62	0.0	0.0
118.22	3.16185E-62	0.0	0.0
118.24	2.7963E-62	0.0	0.0
118.26	2.4583E-62	0.0	0.0
118.28	2.14643E-62	0.0	0.0
118.3	1.85933E-62	0.0	0.0
118.32	1.59564E-62	0.0	0.0
118.34	1.35404E-62	0.0	0.0
118.36	1.13325E-62	0.0	0.0
118.38	9.32031E-63	0.0	0.0
118.4	7.49172E-63	0.0	0.0
118.42	5.83518E-63	0.0	0.0
118.44	4.33952E-63	0.0	0.0
118.46	2.99401E-63	0.0	0.0
118.48	1.78838E-63	0.0	0.0
118.5	7.12807E-64	0.0	0.0
118.52	-2.42075E-64	0.0	0.0
118.54	-1.08519E-63	0.0	0.0
118.56	-1.82503E-63	0.0	0.0
118.58	-2.46964E-63	0.0	0.0
118.6	-3.02663E-63	0.0	0.0
118.62	-3.5032E-63	0.0	0.0
118.64	-3.90614E-63	0.0	0.0
118.66	-4.24184E-63	0.0	0.0
118.68	-4.51632E-63	0.0	0.0
118.7	-4.73521E-63	0.0	0.0
118.72	-4.90379E-63	0.0	0.0
118.74	-5.02699E-63	0.0	0.0
118.76	-5.10942E-63	0.0	0.0
118.78	-5.15535E-63	0.0	0.0
118.8	-5.16878E-63	0.0	0.0
118.82	-5.15339E-63	0.0	0.0
118.84	-5.11261E-63	0.0	0.0
118.86	-5.04958E-63	0.0	0.0
118.88	-4.96721E-63	0.0	0.0
118.9	-4.86819E-63	0.0	0.0
118.92	-4.75496E-63	0.0	0.0
118.94	-4.62977E-63	0.0	0.0
118.96	-4.49467E-63	0.0	0.0
118.98	-4.35151E-63	0.0	0.0
119	-4.20199E-63	0.0	0.0
119.02	-4.04763E-63	0.0	0.0
119.04	-3.88981E-63	0.0	0.0
119.06	-3.72977E-63	0.0	0.0
119.08	-3.5686E-63	0.0	0.0
119.1	-3.4073E-63	0.0	0.0
119.12	-3.24673E-63	0.0	0.0
119.14	-3.08765E-63	0.0	0.0
119.16	-2.93074E-63	0.0	0.0
119.18	-2.77656E-63	0.0	0.0
119.2	-2.62563E-63	0.0	0.0
119.22	-2.47835E-63	0.0	0.0
119.24	-2.33509E-63	0.0	0.0
119.26	-2.19614E-63	0.0	0.0
119.28	-2.06173E-63	0.0	0.0
119.3	-1.93205E-63	0.0	0.0
119.32	-1.80723E-63	0.0	0.0
119.34	-1.68737E-63	0.0	0.0
119.36	-1.57253E-63	0.0	0.0
119.38	-1.46273E-63	0.0	0.0
119.4	-1.35798E-63	0.0	0.0
119.42	-1.25823E-63	0.0	0.0
119.44	-1.16343E-63	0.0	0.0
119.46	-1.07351E-63	0.0	0.0
119.48	-9.88387E-64	0.0	0.0
119.5	-9.07944E-64	0.0	0.0
119.52	-8.32067E-64	0.0	0.0
119.54	-7.60626E-64	0.0	0.0
119.56	-6.93484E-64	0.0	0.0
119.58	-6.30496E-64	0.0	0.0
119.6	-5.71513E-64	0.0	0.0
119.62	-5.16382E-64	0.0	0.0
119.64	-4.64947E-64	0.0	0.0
119.66	-4.1705E-64	0.0	0.0
119.68	-3.72533E-64	0.0	0.0
119.7	-3.31238E-64	0.0	0.0
119.72	-2.9301E-64	0.0	0.0
119.74	-2.57693E-64	0.0	0.0
119.76	-2.25137E-64	0.0	0.0
119.78	-1.95191E-64	0.0	0.0
119.8	-1.67711E-64	0.0	0.0
119.82	-1.42555E-64	0.0	0.0
119.84	-1.19585E-64	0.0	0.0
119.86	-9.86687E-65	0.0	0.0
119.88	-7.96772E-65	0.0	0.0
119.9	-6.24867E-65	0.0	0.0
119.92	-4.69783E-65	0.0	0.0
119.94	-3.30381E-65	0.0	0.0
119.96	-2.05569E-65	0.0	0.0
119.98	-9.43066E-66	0.0	0.0
120	4.39836E-67	0.0	0.0